"AESB3.SA.Open","AESB3.SA.High","AESB3.SA.Low","AESB3.SA.Close","AESB3.SA.Volume","AESB3.SA.Adjusted"
16.9512844085693,17.0582637786865,16.1635303497314,16.4552917480469,716478,15.8907308578491
16.4455661773682,17.2041435241699,16.4455661773682,17.2041435241699,824854,16.6138877868652
17.1555156707764,17.1652412414551,16.9221076965332,16.9221076965332,680695,16.3415298461914
16.815128326416,16.815128326416,16.5039176940918,16.5330944061279,986802,15.9658641815186
16.5330944061279,16.5330944061279,16.2899608612061,16.2899608612061,830304,15.731071472168
16.3872146606445,16.3969383239746,15.9203968048096,16.0760021209717,1413522,15.5244541168213
16.0079250335693,16.066276550293,15.7550659179688,15.7550659179688,918116,15.2145290374756
15.7550659179688,15.8523187637329,15.3174247741699,15.5022068023682,923051,14.9703454971313
15.5022068023682,15.5800104141235,15.1812696456909,15.1909961700439,1045206,14.6698112487793
15.1715450286865,15.5411081314087,15.1715450286865,15.3368759155273,574169,14.8106870651245
15.4049530029297,15.4924812316895,15.0840167999268,15.0840167999268,1138879,14.5665035247803
15.0937423706055,15.2201719284058,15.0645656585693,15.0645656585693,656737,14.5477170944214
15.1520938873291,15.2007207870483,14.9284105300903,14.9284105300903,1156976,14.4162349700928
14.9284105300903,15.4146785736084,14.9089603424072,15.4146785736084,1211884,14.8858194351196
15.4633054733276,15.5605592727661,15.2396221160889,15.5216579437256,807066,14.9891290664673
15.5411081314087,15.5508337020874,15.2882490158081,15.2882490158081,1119342,14.7637281417847
15.3952283859253,15.3952283859253,14.8992347717285,14.8992347717285,1332188,14.3880605697632
14.9381370544434,15.2298965454102,14.8506078720093,15.1715450286865,775499,14.6510276794434
15.2687978744507,15.2882490158081,14.9381370544434,14.9673128128052,831846,14.4538021087646
15.0548410415649,15.0548410415649,14.7047281265259,14.7144527435303,1141758,14.2096185684204
14.7144527435303,14.8700590133667,14.6463756561279,14.7047281265259,866292,14.2002258300781
14.6852769851685,14.7533550262451,14.4421443939209,14.4907703399658,1352650,13.9936094284058
14.4907703399658,14.519947052002,13.3529052734375,13.3529052734375,5597536,12.8947830200195
13.9558763504028,14.6269254684448,13.7710952758789,14.6269254684448,2744682,14.125093460083
14.7630796432495,14.8506078720093,14.0142278671265,14.0142278671265,1348948,13.5334167480469
14.0920305252075,14.2087354660034,14.0142278671265,14.2087354660034,520906,13.7212505340576
14.2184610366821,14.4324178695679,14.0628547668457,14.2962627410889,1405296,13.8057765960693
14.519947052002,14.5296716690063,14.2184610366821,14.2476367950439,1758805,13.7588176727295
14.2962627410889,14.4226932525635,13.9072494506836,14.0045032501221,1672947,13.5240259170532
13.7419185638428,13.8975238800049,13.5960378646851,13.8099956512451,2515385,13.4958562850952
13.8099956512451,13.8488969802856,13.6835660934448,13.7127418518066,899710,13.4008159637451
13.7321929931641,13.8780727386475,13.7321929931641,13.8099956512451,1024333,13.4958562850952
13.8197212219238,14.0142278671265,13.8197212219238,13.9072494506836,621879,13.5908975601196
13.8975238800049,14.0725803375244,13.8197212219238,13.9656019210815,1174456,13.6479225158691
13.9558763504028,14.2281856536865,13.9169750213623,14.1601085662842,547332,13.838005065918
14.0628547668457,14.2476367950439,13.8780727386475,14.0142278671265,723264,13.6954431533813
14.0142278671265,14.2087354660034,13.9072494506836,14.0336790084839,702699,13.714451789856
14.0725803375244,14.2476367950439,14.0434036254883,14.2476367950439,339627,13.9235429763794
14.2379112243652,14.5296716690063,14.1990098953247,14.3935165405273,402659,14.0661039352417
14.4713201522827,14.4907703399658,14.3059892654419,14.3935165405273,501678,14.0661039352417
14.4713201522827,14.4713201522827,14.2184610366821,14.3157138824463,591649,13.9900712966919
14.3157138824463,14.3351650238037,14.1017560958862,14.2962627410889,1017855,13.9710636138916
14.2865381240845,14.2865381240845,13.8099956512451,13.8099956512451,2356933,13.4958562850952
13.8294467926025,13.8586225509644,13.5863132476807,13.5863132476807,1734333,13.2772626876831
13.654390335083,14.4324178695679,13.654390335083,14.0434036254883,1429357,13.7239561080933
14.0531301498413,14.2865381240845,13.7516441345215,13.9364261627197,859609,13.6194114685059
13.9266996383667,14.1309328079224,13.8197212219238,14.0628547668457,1006956,13.7429637908936
14.0045032501221,14.1212072372437,13.9266996383667,14.0531301498413,771077,13.7334604263306
14.0628547668457,14.0920305252075,13.8780727386475,13.9850521087646,1102171,13.6669321060181
14.0336790084839,14.1017560958862,13.9072494506836,13.9850521087646,632162,13.6669321060181
14.0239543914795,14.0628547668457,13.8780727386475,13.8780727386475,711439,13.562385559082
13.8780727386475,13.9364261627197,13.7808198928833,13.8975238800049,811076,13.5813941955566
13.9947776794434,14.1698341369629,13.9266996383667,14.1017560958862,632573,13.7809801101685
14.1406583786011,14.1503829956055,13.9753265380859,14.0434036254883,525019,13.7239561080933
14.0531301498413,14.1990098953247,13.8391723632812,13.8780727386475,1120371,13.562385559082
13.9364261627197,14.1017560958862,13.9072494506836,13.9753265380859,679152,13.6574268341064
14.0045032501221,14.0239543914795,13.9072494506836,13.9072494506836,1171885,13.5908975601196
13.9656019210815,14.0920305252075,13.9072494506836,14.0531301498413,536741,13.7334604263306
13.9169750213623,14.0823059082031,13.9169750213623,13.9266996383667,566457,13.6099071502686
13.9656019210815,14.0823059082031,13.9266996383667,13.9266996383667,482450,13.6099071502686
13.9850521087646,14.1503829956055,13.9266996383667,13.9266996383667,466101,13.6099071502686
13.9558763504028,14.0628547668457,13.6932916641235,13.7224683761597,1228953,13.4103202819824
13.7710952758789,13.8294467926025,13.6252136230469,13.6738414764404,938372,13.3627996444702
13.6932916641235,13.7321929931641,13.518235206604,13.5474119186401,1317896,13.2392454147339
13.5571365356445,13.6154890060425,13.518235206604,13.518235206604,845111,13.2107334136963
13.576587677002,13.6057643890381,13.4209823608398,13.4987850189209,870302,13.1917247772217
13.5474119186401,13.576587677002,13.4209823608398,13.4598827362061,737762,13.1537084579468
13.4987850189209,13.6154890060425,13.3334541320801,13.518235206604,519158,13.2107334136963
13.4987850189209,13.5376863479614,13.3723554611206,13.4307069778442,845008,13.1251955032349
13.5668621063232,13.576587677002,13.3820810317993,13.4112567901611,396489,13.1061878204346
13.4015312194824,13.4307069778442,13.2459259033203,13.3042783737183,1491668,13.0016431808472
13.4209823608398,13.4307069778442,13.2848272323608,13.3529052734375,662701,13.0491638183594
13.3529052734375,13.4987850189209,13.3237276077271,13.4598827362061,719357,13.1537084579468
13.4987850189209,13.576587677002,13.3723554611206,13.518235206604,631339,13.2107334136963
13.518235206604,13.8002710342407,13.4404325485229,13.8002710342407,1374346,13.4863529205322
13.8877992630005,14.2962627410889,13.7321929931641,14.2962627410889,1525497,13.9710636138916
14.2962627410889,14.3837919235229,14.1114816665649,14.2962627410889,1158004,13.9710636138916
14.3351650238037,14.3643407821655,13.8780727386475,13.9753265380859,544144,13.6574268341064
14.0045032501221,14.0434036254883,13.8294467926025,13.8488969802856,407388,13.5338726043701
13.8488969802856,13.9850521087646,13.7613687515259,13.8975238800049,523785,13.5813941955566
13.8975238800049,13.9850521087646,13.7127418518066,13.7613687515259,354948,13.448335647583
13.7613687515259,13.7613687515259,13.576587677002,13.6154890060425,431449,13.3057746887207
13.576587677002,13.7419185638428,13.5571365356445,13.5863132476807,491087,13.2772626876831
13.5960378646851,13.8586225509644,13.5960378646851,13.8002710342407,405538,13.4863529205322
13.790545463562,13.9850521087646,13.7419185638428,13.8391723632812,481216,13.5243692398071
13.7613687515259,13.9753265380859,13.4307069778442,13.4890594482422,1026287,13.1822204589844
13.6252136230469,13.9753265380859,13.576587677002,13.7419185638428,1015079,13.429328918457
13.7127418518066,13.8002710342407,13.6154890060425,13.6641159057617,715347,13.3532953262329
13.654390335083,13.9364261627197,13.6154890060425,13.6154890060425,810664,13.3057746887207
13.518235206604,13.5863132476807,13.3626298904419,13.3918056488037,989373,13.08717918396
13.3918056488037,13.3918056488037,13.0611438751221,13.2264747619629,934773,12.9256086349487
13.2070236206055,13.4890594482422,13.1875743865967,13.2945518493652,689332,12.9921379089355
13.2459259033203,13.2459259033203,13.0319681167603,13.0319681167603,739819,12.7921619415283
13.0708694458008,13.0708694458008,12.7596578598022,12.7985601425171,770872,12.5630483627319
12.7985601425171,12.983341217041,12.6721296310425,12.7985601425171,460960,12.5630483627319
12.8860883712769,12.9347152709961,12.711030960083,12.8180103302002,405229,12.5821399688721
12.7499332427979,12.8860883712769,12.5943269729614,12.847186088562,1068136,12.6107797622681
12.7693843841553,13.3820810317993,12.6235027313232,13.1292219161987,1416504,12.8876247406006
13.2362003326416,13.4793338775635,13.1292219161987,13.2751016616821,945364,13.0308208465576
13.1292219161987,13.6154890060425,13.0514192581177,13.6057643890381,1136103,13.3553991317749
13.4696092605591,14.1990098953247,13.4696092605591,14.1795587539673,1190085,13.9186344146729
14.1795587539673,14.2670869827271,14.0628547668457,14.1212072372437,1608682,13.8613567352295
14.1990098953247,14.5102205276489,14.0725803375244,14.4518690109253,1449305,14.1859340667725
14.3837919235229,14.5782985687256,14.3351650238037,14.5102205276489,822901,14.2432117462158
14.4518690109253,14.5588483810425,14.3059892654419,14.3935165405273,924182,14.1286554336548
14.3935165405273,14.8700590133667,14.2768125534058,14.6658267974854,2398988,14.3959550857544
14.6852769851685,14.9770383834839,14.4810447692871,14.7339038848877,1798392,14.462779045105
14.8117065429688,15.2396221160889,14.7436304092407,14.8019819259644,4830469,14.5296039581299
14.8117065429688,15.2201719284058,14.7339038848877,15.0159387588501,2069437,14.7396240234375
14.9673128128052,14.9770383834839,14.5102205276489,14.5102205276489,628049,14.2432117462158
14.5880241394043,14.6658267974854,14.2962627410889,14.5102205276489,1683332,14.2432117462158
14.4032421112061,14.5685729980469,14.2281856536865,14.4421443939209,1080886,14.1763877868652
14.3254404067993,14.5588483810425,14.1212072372437,14.2379112243652,1770219,13.9759140014648
14.1503829956055,14.4324178695679,13.7613687515259,14.1503829956055,1718807,13.8899955749512
14.0336790084839,14.2865381240845,13.9753265380859,14.1406583786011,1257641,13.8804502487183
14.3837919235229,14.5393972396851,14.1212072372437,14.5102205276489,728302,14.2432117462158
14.4907703399658,14.5782985687256,14.2768125534058,14.3254404067993,1323551,14.0618314743042
14.3157138824463,14.3157138824463,13.7030172348022,13.7613687515259,1563234,13.5081396102905
13.6154890060425,13.9266996383667,13.0903196334839,13.2751016616821,4047360,13.0308208465576
13.2070236206055,13.3626298904419,13.1389465332031,13.2264747619629,2343052,12.9830884933472
13.2387828826904,13.6266965866089,13.1393194198608,13.2487297058105,2017997,13.0049343109131
13.3879814147949,13.716215133667,13.2387828826904,13.606803894043,1581260,13.3564195632935
13.6764287948608,15.0291519165039,13.6764287948608,14.4124698638916,3145228,14.1472597122192
14.2931118011475,14.3925771713257,13.8355731964111,13.8355731964111,960438,13.5809783935547
13.7858409881592,13.9449853897095,13.5968570709229,13.6565361022949,859096,13.4052362442017
13.7062692642212,13.7261619567871,13.2984619140625,13.6266965866089,834665,13.3759450912476
13.5471248626709,13.5471248626709,13.2487297058105,13.4078741073608,695119,13.1611499786377
12.4331169128418,12.8110837936401,12.1048831939697,12.612154006958,12969393,12.380072593689
12.5823154449463,12.612154006958,12.1944017410278,12.2142953872681,6238479,11.9895343780518
12.2242412567139,12.6718330383301,12.1347227096558,12.502742767334,2802494,12.2726745605469
12.53258228302,12.53258228302,12.1347227096558,12.3237056732178,1348515,12.0969324111938
12.3734378814697,12.4530096054077,12.1148300170898,12.1844549179077,1756699,11.9602432250977
12.1247758865356,12.1347227096558,11.8064880371094,11.9855251312256,2192832,11.7649745941162
12.0750436782837,12.1446685791016,11.9059534072876,12.1347227096558,2937517,11.9114265441895
12.1446685791016,12.2938671112061,12.1048831939697,12.2142953872681,2055598,11.9895343780518
12.2242412567139,12.5126886367798,12.1446685791016,12.4331169128418,2279295,12.2043294906616
12.3237056732178,12.6618871688843,12.0849895477295,12.1944017410278,3085107,11.9700078964233
12.234188079834,12.3634920120239,12.1148300170898,12.2739744186401,1271402,12.0481157302856
12.313759803772,12.313759803772,12.0452041625977,12.0750436782837,1507063,11.8528461456299
12.0352582931519,12.1944017410278,11.9159002304077,12.0352582931519,1262253,11.8137922286987
12.0054178237915,12.0253114700317,11.7667016983032,11.7865953445435,2924045,11.5697050094604
11.9059534072876,11.9954719543457,11.7667016983032,11.8960065841675,3499423,11.6771030426025
11.7567558288574,11.8263807296753,11.3787889480591,11.508092880249,4646059,11.2963275909424
11.5677719116211,11.5677719116211,10.911304473877,11.3290567398071,2981251,11.1205854415894
11.4185752868652,11.7865953445435,11.3688430786133,11.6175050735474,943749,11.4037265777588
11.6871299743652,11.7269163131714,11.1201801300049,11.1400728225708,1595335,10.935079574585
11.1898059844971,11.4782543182373,11.1699132919312,11.319109916687,1443222,11.110821723938
11.319109916687,11.398681640625,10.9709825515747,11.0605010986328,2143468,10.856972694397
11.130126953125,11.159966468811,10.7819986343384,10.8416776657104,1696175,10.6421747207642
10.9709825515747,11.0406084060669,10.8416776657104,10.911304473877,1416780,10.7105207443237
10.911304473877,11.6473436355591,10.8814640045166,11.508092880249,2167195,11.2963275909424
11.6274509429932,11.6871299743652,11.050555229187,11.0903406143188,1863973,10.8862628936768
11.1500196456909,11.4086294174194,11.1102342605591,11.1500196456909,1207158,10.9448432922363
11.1500196456909,11.4285221099854,11.0903406143188,11.100287437439,715126,10.8960266113281
11.1201801300049,11.4782543182373,11.0903406143188,11.3091640472412,671191,11.1010599136353
11.1400728225708,11.8761138916016,11.1400728225708,11.7567558288574,1835420,11.5404148101807
11.7965421676636,11.9258460998535,11.6373977661133,11.7169704437256,711104,11.5013618469238
11.6970767974854,11.7766494750977,11.3390026092529,11.4882001876831,717237,11.276801109314
11.5279855728149,11.5478792190552,11.179859161377,11.239538192749,1043081,11.0327138900757
11.239538192749,11.4285221099854,11.0406084060669,11.1500196456909,754637,10.9448432922363
11.239538192749,11.4185752868652,11.0903406143188,11.1102342605591,556075,10.9057903289795
11.1102342605591,11.4384679794312,11.1102342605591,11.209698677063,611773,11.0034236907959
11.2494850158691,11.4583606719971,11.0107688903809,11.0306615829468,961946,10.8276824951172
11.130126953125,11.179859161377,10.8914108276367,11.1500196456909,1583774,10.9448432922363
11.100287437439,11.2992172241211,11.0605010986328,11.2693777084351,599708,11.0620050430298
11.2892713546753,11.4882001876831,11.239538192749,11.4882001876831,536570,11.276801109314
11.3390026092529,11.4882001876831,11.159966468811,11.3787889480591,932288,11.1694030761719
11.508092880249,11.5578260421753,11.209698677063,11.209698677063,677324,11.0034236907959
11.1898059844971,11.3489503860474,11.0207147598267,11.239538192749,1571810,11.0327138900757
11.3489503860474,11.5677719116211,11.1898059844971,11.2693777084351,1540040,11.0620050430298
11.4384679794312,11.6075582504272,11.1898059844971,11.1898059844971,1059066,10.9838981628418
11.239538192749,11.5478792190552,11.1997518539429,11.5180397033691,1510582,11.3060913085938
11.508092880249,12.1048831939697,11.508092880249,11.7567558288574,2052683,11.5404148101807
11.9258460998535,11.9656324386597,11.4683065414429,11.4882001876831,1280350,11.276801109314
11.4583606719971,11.8661670684814,11.4484148025513,11.7169704437256,904740,11.5013618469238
11.7070226669312,11.7667016983032,11.4882001876831,11.6373977661133,965666,11.4232530593872
11.6672372817993,11.9357929229736,11.6672372817993,11.7368631362915,976726,11.5208883285522
11.7368631362915,11.8363275527954,11.6373977661133,11.6970767974854,933193,11.4818334579468
11.8164348602295,11.9258460998535,11.2992172241211,11.2992172241211,1729252,11.0912952423096
11.3588962554932,11.3787889480591,11.1400728225708,11.1400728225708,919721,10.935079574585
11.179859161377,11.1997518539429,10.9610357284546,11.0107688903809,1062685,10.8081550598145
11.0207147598267,11.3091640472412,10.7521600723267,10.7521600723267,3546877,10.5543041229248
10.7521600723267,11.050555229187,10.7521600723267,10.7720527648926,1600664,10.5738315582275
10.8516254425049,10.9212503433228,10.7819986343384,10.8814640045166,560498,10.6812295913696
10.9908761978149,11.050555229187,10.6825342178345,10.9610357284546,1250490,10.7593364715576
11.0406084060669,11.1201801300049,10.7422132492065,10.8018922805786,910773,10.6031217575073
10.8516254425049,10.8516254425049,10.6825342178345,10.7819986343384,1161213,10.5835943222046
10.7720527648926,10.9212503433228,10.7521600723267,10.8914108276367,501784,10.690993309021
10.9013566970825,11.0306615829468,10.8217849731445,10.9610357284546,614387,10.7593364715576
10.9610357284546,11.130126953125,10.9013566970825,11.0107688903809,2180165,10.8081550598145
11.0107688903809,11.1102342605591,10.7322673797607,10.8416776657104,851355,10.6421747207642
10.9311971664429,11.0306615829468,10.7223196029663,10.7322673797607,826120,10.5347785949707
10.7422132492065,10.8516254425049,10.4537649154663,10.4537649154663,1083497,10.2614011764526
10.5432844161987,10.5830688476562,10.2946214675903,10.2946214675903,804404,10.105185508728
10.3045682907104,10.3642473220825,10.1454238891602,10.2548351287842,823405,10.0661315917969
10.2647819519043,10.2846746444702,10.1155843734741,10.1852102279663,1067612,9.99778747558594
10.1951560974121,10.6129093170166,10.1951560974121,10.5930156707764,897200,10.3980884552002
10.5532302856445,11.1400728225708,10.5134439468384,10.9709825515747,1496808,10.7691011428833
10.9709825515747,11.0406084060669,10.7919464111328,10.8416776657104,499975,10.6421747207642
10.8516254425049,11.1201801300049,10.8118391036987,11.0306615829468,590961,10.8276824951172
10.9411430358887,11.4185752868652,10.9411430358887,11.159966468811,834665,10.9546070098877
11.159966468811,11.2992172241211,10.9510898590088,10.9510898590088,1072940,10.7495746612549
10.9809293746948,11.1699132919312,10.9311971664429,11.0903406143188,885638,10.8862628936768
11.050555229187,11.4384679794312,11.050555229187,11.2494850158691,1998593,11.0424785614014
11.1201801300049,11.209698677063,11.0406084060669,11.159966468811,560700,10.9546070098877
11.1400728225708,11.1500196456909,10.9709825515747,10.9908761978149,609058,10.788628578186
10.9411430358887,11.6175050735474,10.9411430358887,11.5976123809814,1345197,11.3842000961304
11.5976123809814,11.9159002304077,11.5578260421753,11.6274509429932,896094,11.4134893417358
11.6473436355591,11.7169704437256,11.3390026092529,11.4384679794312,885538,11.2279834747314
11.4882001876831,11.4981470108032,11.319109916687,11.3688430786133,679435,11.1596403121948
11.3787889480591,11.8562211990356,11.3787889480591,11.7468090057373,946564,11.5306510925293
11.7567558288574,11.8960065841675,11.4086294174194,11.4882001876831,995627,11.276801109314
11.4484148025513,11.5180397033691,11.3091640472412,11.4086294174194,588951,11.198694229126
11.4086294174194,11.587664604187,11.3588962554932,11.5379333496094,506610,11.3256187438965
11.5379333496094,11.5478792190552,11.3390026092529,11.4185752868652,493741,11.208456993103
11.4185752868652,11.4882001876831,11.2594308853149,11.2594308853149,668175,11.0522413253784
11.2594308853149,11.3091640472412,10.9809293746948,10.9809293746948,838385,10.7788648605347
10.9908761978149,11.2693777084351,10.9908761978149,11.2693777084351,615593,11.0620050430298
11.2793235778809,11.3887357711792,11.1500196456909,11.2196445465088,548736,11.0131874084473
11.2793235778809,11.3887357711792,11.0207147598267,11.0207147598267,903534,10.8179178237915
11.050555229187,11.239538192749,11.0306615829468,11.159966468811,1427035,10.9546070098877
11.1997518539429,11.319109916687,11.0803937911987,11.0803937911987,1314634,10.8764982223511
11.0903406143188,11.159966468811,10.9013566970825,11.1102342605591,1804957,10.9057903289795
11.1201801300049,11.209698677063,11.0107688903809,11.0107688903809,1417685,10.8081550598145
11.100287437439,11.1699132919312,10.9610357284546,11.0306615829468,1008797,10.8276824951172
11.0306615829468,11.1201801300049,10.9311971664429,10.9809293746948,1039160,10.7788648605347
10.9908761978149,11.1898059844971,10.9908761978149,11.0107688903809,638315,10.8081550598145
11.0107688903809,11.3688430786133,11.0107688903809,11.209698677063,795958,11.0034236907959
11.0207147598267,11.398681640625,10.8914108276367,11.3290567398071,1132258,11.1205854415894
11.4086294174194,11.4583606719971,11.2594308853149,11.4583606719971,943548,11.2475109100342
11.319109916687,11.3688430786133,11.130126953125,11.2793235778809,562610,11.0717678070068
11.2892713546753,11.6274509429932,11.2892713546753,11.4086294174194,712914,11.198694229126
11.1400728225708,11.179859161377,10.9411430358887,11.0406084060669,1818831,10.8374452590942
11.0008220672607,11.0803937911987,10.8715181350708,10.9411430358887,1773087,10.7398109436035
11.0207147598267,11.0605010986328,10.911304473877,10.9510898590088,1598452,10.7495746612549
11.0008220672607,11.4384679794312,10.9709825515747,11.1201801300049,1301463,10.9155521392822
11.050555229187,11.3091640472412,10.9709825515747,11.1898059844971,1121902,10.9838981628418
11.1898059844971,11.4583606719971,11.159966468811,11.1997518539429,1073041,10.9936599731445
11.2196445465088,11.2494850158691,10.8416776657104,10.8516254425049,2298297,10.6519403457642
10.8914108276367,10.9013566970825,10.6626405715942,10.6626405715942,1734279,10.4664335250854
10.7521600723267,10.8615713119507,10.5333366394043,10.7422132492065,2048560,10.5445413589478
10.7521600723267,10.9510898590088,10.6427478790283,10.9510898590088,1579450,10.7495746612549
10.9311971664429,11.3787889480591,10.8615713119507,11.3688430786133,9033232,11.1596403121948
11.5379333496094,11.9556856155396,11.398681640625,11.7567558288574,2114614,11.5404148101807
11.7169704437256,11.9059534072876,11.6373977661133,11.7169704437256,1623989,11.5013618469238
11.7368631362915,11.8462743759155,11.6373977661133,11.7169704437256,1032021,11.5013618469238
11.8263807296753,12.0452041625977,11.6871299743652,11.9556856155396,1785654,11.7356843948364
12.0153646469116,12.4331169128418,12.0153646469116,12.1844549179077,1653547,11.9602432250977
12.1844549179077,12.343599319458,12.1048831939697,12.1048831939697,838687,11.8821363449097
12.2142953872681,12.4032783508301,12.0949373245239,12.4032783508301,1063992,12.1750402450562
12.4132242202759,12.423171043396,12.1446685791016,12.2043476104736,929372,11.9797706604004
12.2043476104736,12.3038129806519,11.9755792617798,11.9755792617798,802292,11.7552108764648
11.9755792617798,12.2242412567139,11.9755792617798,12.2043476104736,735636,11.9797706604004
12.2043476104736,12.2043476104736,12.0153646469116,12.0750436782837,812748,11.8528461456299
12.0650968551636,12.1347227096558,11.7667016983032,11.8064880371094,1072438,11.5892314910889
11.7965421676636,11.7965421676636,11.3489503860474,11.4882001876831,994822,11.276801109314
11.398681640625,11.5777187347412,11.3489503860474,11.4981470108032,772030,11.2865648269653
11.4882001876831,11.6075582504272,11.3588962554932,11.5379333496094,871261,11.3256187438965
11.4583606719971,11.4782543182373,11.3091640472412,11.3489503860474,769316,11.1401138305664
11.4583606719971,11.4583606719971,11.0903406143188,11.2793235778809,1304881,11.0717678070068
11.2693777084351,11.3290567398071,11.0704479217529,11.2196445465088,891168,11.0131874084473
11.2196445465088,11.3290567398071,11.130126953125,11.239538192749,845624,11.0327138900757
11.2693777084351,11.4484148025513,11.209698677063,11.4285221099854,620117,11.2182216644287
11.398681640625,11.7070226669312,11.3887357711792,11.5180397033691,893078,11.3060913085938
11.4683065414429,11.6373977661133,11.4583606719971,11.5180397033691,393706,11.3060913085938
11.4384679794312,11.5777187347412,10.7919464111328,10.9212503433228,9191680,10.7202835083008
10.9510898590088,11.1997518539429,10.8416776657104,11.159966468811,1091540,10.9546070098877
11.100287437439,11.2793235778809,11.050555229187,11.159966468811,2207109,10.9546070098877
11.3290567398071,11.3290567398071,11.0306615829468,11.0903406143188,603830,10.8862628936768
11.159966468811,11.159966468811,10.9411430358887,11.050555229187,1352436,10.8472089767456
11.1898059844971,11.2196445465088,10.9510898590088,10.9908761978149,3462224,10.788628578186
10.9908761978149,11.0306615829468,10.6526947021484,10.7919464111328,2200071,10.5933589935303
10.8018922805786,10.8416776657104,10.6924810409546,10.7521600723267,1239632,10.5543041229248
10.7521600723267,10.9908761978149,10.6228551864624,10.9610357284546,1412658,10.7593364715576
10.7521600723267,10.8914108276367,10.6228551864624,10.6526947021484,1455487,10.4566698074341
10.6427478790283,10.9212503433228,10.6427478790283,10.6526947021484,1476299,10.4566698074341
10.6427478790283,10.7422132492065,10.4537649154663,10.6825342178345,1235611,10.4859600067139
10.6924810409546,10.8914108276367,10.6427478790283,10.8615713119507,1042578,10.6617031097412
10.8217849731445,10.8914108276367,10.5432844161987,10.5432844161987,841603,10.3492736816406
10.5432844161987,10.7322673797607,10.4836053848267,10.7322673797607,592470,10.5347785949707
10.7322673797607,10.7521600723267,10.5830688476562,10.5830688476562,1116373,10.3883256912231
10.6427478790283,10.9212503433228,10.6129093170166,10.6725883483887,1152064,10.4761972427368
10.7223196029663,10.8715181350708,10.7123737335205,10.7521600723267,966571,10.5543041229248
10.7521600723267,10.8317317962646,10.6029615402222,10.6228551864624,866938,10.4273796081543
10.6526947021484,10.7223196029663,10.5532302856445,10.6427478790283,895390,10.4469060897827
10.6924810409546,10.7521600723267,10.5830688476562,10.6427478790283,1010406,10.4469060897827
10.6924810409546,10.911304473877,10.6924810409546,10.911304473877,1893229,10.7105207443237
10.8416776657104,10.8715181350708,10.5233907699585,10.5631771087646,2036697,10.3687992095947
10.5930156707764,10.8018922805786,10.5731229782104,10.7819986343384,2955312,10.5835943222046
10.7819986343384,10.9013566970825,10.6626405715942,10.8615713119507,982557,10.6617031097412
10.8615713119507,10.9013566970825,10.7521600723267,10.7621059417725,902730,10.5640678405762
10.7621059417725,10.8018922805786,10.5034980773926,10.6129093170166,1651134,10.4176168441772
10.6228551864624,10.8416776657104,10.5532302856445,10.8416776657104,3117580,10.6421747207642
10.8317317962646,10.8416776657104,10.6029615402222,10.8416776657104,1393254,10.6421747207642
10.8416776657104,10.8715181350708,10.6427478790283,10.8715181350708,1339064,10.6714658737183
10.7819986343384,10.9908761978149,10.7819986343384,10.8814640045166,958528,10.6812295913696
11.050555229187,11.1898059844971,10.7819986343384,10.9311971664429,1142211,10.7300472259521
10.9610357284546,10.9610357284546,10.6029615402222,10.8217849731445,1281054,10.6226491928101
10.7621059417725,10.7919464111328,10.5830688476562,10.7422132492065,1435782,10.5445413589478
10.7322673797607,10.7521600723267,10.4935512542725,10.4935512542725,1855729,10.3004550933838
10.4736576080322,10.4935512542725,10.3045682907104,10.3741931915283,2204595,10.1832933425903
10.3841400146484,10.5731229782104,10.215048789978,10.4338722229004,2796663,10.2418737411499
10.4637117385864,10.6328020095825,10.4139785766602,10.4637117385864,1344694,10.271164894104
10.5432844161987,10.8615713119507,10.5333366394043,10.7720527648926,1412457,10.5738315582275
10.7422132492065,10.9411430358887,10.6427478790283,10.6825342178345,7138897,10.4859600067139
10.6725883483887,10.8018922805786,10.5432844161987,10.6328020095825,1035842,10.4371433258057
10.6725883483887,10.7024269104004,10.4836053848267,10.5532302856445,1242749,10.3590354919434
10.4736576080322,10.6427478790283,10.4537649154663,10.5731229782104,671090,10.3785629272461
10.5930156707764,10.7422132492065,10.5432844161987,10.5432844161987,1321269,10.3492736816406
10.6228551864624,10.6328020095825,10.4537649154663,10.5432844161987,715025,10.3492736816406
10.5532302856445,10.6129093170166,10.4736576080322,10.5930156707764,661439,10.3980884552002
10.6725883483887,10.7322673797607,10.4637117385864,10.5731229782104,1015935,10.3785629272461
10.6427478790283,10.6924810409546,10.4438190460205,10.6924810409546,1174685,10.4957246780396
10.6427478790283,10.6924810409546,10.5432844161987,10.6029615402222,1255618,10.4078521728516
10.6427478790283,10.7223196029663,10.5134439468384,10.6427478790283,1193887,10.4469060897827
10.6328020095825,10.6725883483887,10.4438190460205,10.4438190460205,773639,10.2516374588013
10.4438190460205,10.5631771087646,10.3344068527222,10.5631771087646,1277434,10.3687992095947
10.5631771087646,10.6725883483887,10.4537649154663,10.6526947021484,1370030,10.4566698074341
10.7322673797607,10.911304473877,10.6924810409546,10.7621059417725,1510280,10.5640678405762
10.7621059417725,10.9013566970825,10.6328020095825,10.6526947021484,689388,10.4566698074341
10.6228551864624,10.7024269104004,10.4935512542725,10.5631771087646,878299,10.3687992095947
10.5731229782104,10.6427478790283,10.4537649154663,10.5631771087646,1375157,10.3687992095947
10.5034980773926,10.7024269104004,10.4836053848267,10.5333366394043,916101,10.3395080566406
10.4736576080322,10.5333366394043,10.3841400146484,10.4239263534546,980948,10.2321119308472
10.4537649154663,10.4935512542725,10.2747278213501,10.4537649154663,1115166,10.2614011764526
10.4338722229004,10.4736576080322,10.2647819519043,10.3145141601562,1153471,10.1247119903564
10.3443536758423,10.4537649154663,10.2249956130981,10.4338722229004,1128437,10.2418737411499
10.4139785766602,10.4139785766602,10.2051029205322,10.2946214675903,1405419,10.105185508728
10.2846746444702,10.2946214675903,10.1951560974121,10.2349424362183,922133,10.0466051101685
10.2548351287842,10.2747278213501,10.105637550354,10.2349424362183,1201126,10.0466051101685
10.2448892593384,10.4438190460205,10.2448892593384,10.3841400146484,902227,10.1930570602417
10.3940858840942,10.5432844161987,10.2548351287842,10.3344068527222,824209,10.1442394256592
10.4040327072144,10.4836053848267,10.3145141601562,10.3940858840942,625949,10.2028198242188
10.4239263534546,10.7223196029663,10.4139785766602,10.6924810409546,1007591,10.4957246780396
10.6924810409546,10.7621059417725,10.5134439468384,10.6924810409546,1536219,10.4957246780396
10.6924810409546,10.7223196029663,10.4836053848267,10.5233907699585,1310109,10.3297452926636
10.5432844161987,10.6029615402222,10.4139785766602,10.4836053848267,1045292,10.2906923294067
10.4736576080322,10.6725883483887,10.4239263534546,10.6228551864624,897099,10.4273796081543
10.6228551864624,11.0008220672607,10.5930156707764,10.9411430358887,1162922,10.7398109436035
10.8018922805786,10.8416776657104,10.5233907699585,10.6626405715942,2462475,10.4664335250854
10.7223196029663,10.7621059417725,10.5532302856445,10.6228551864624,1359775,10.4273796081543
10.6029615402222,10.6129093170166,10.075798034668,10.215048789978,3789576,10.0270776748657
10.1454238891602,10.1852102279663,9.98628044128418,10.0658521652222,2474439,9.9850959777832
10.0956907272339,10.1454238891602,9.7575101852417,9.82713603973389,3698891,9.74829483032227
9.88871002197266,9.88871002197266,9.67873668670654,9.74872779846191,3462051,9.67051601409912
9.76872634887695,10.0086936950684,9.67873668670654,9.98869705200195,2790663,9.90855979919434
9.98869705200195,10.2386636734009,9.91870594024658,10.1986694335938,2285898,10.1168479919434
10.0786848068237,10.2486629486084,10.0786848068237,10.1686725616455,1922750,10.0870914459229
10.1686725616455,10.1686725616455,10.0086936950684,10.0786848068237,1368578,9.99782562255859
10.0086936950684,10.0186929702759,9.86871242523193,9.98869705200195,1240861,9.90855979919434
9.95870113372803,9.96869945526123,9.8287181854248,9.83871555328369,2713353,9.75978183746338
9.9287052154541,9.9287052154541,9.80871963500977,9.81871891021729,1695821,9.73994541168213
9.81871891021729,9.84871482849121,9.74872779846191,9.77872371673584,1761129,9.700270652771
9.79872226715088,9.89870929718018,9.70873260498047,9.70873260498047,2116475,9.63084125518799
9.75872707366943,9.80871963500977,9.62874412536621,9.64874076843262,2247193,9.57133102416992
9.64874076843262,9.69873523712158,9.60874557495117,9.62874412536621,2280097,9.55149459838867
9.64874076843262,9.72873115539551,9.62874412536621,9.64874076843262,2127277,9.57133102416992
9.67873668670654,9.76872634887695,9.62874412536621,9.69873523712158,2608040,9.62092399597168
9.69873523712158,9.84871482849121,9.62874412536621,9.71873188018799,2838070,9.64076042175293
9.72873115539551,9.91870594024658,9.66873931884766,9.81871891021729,3992820,9.73994541168213
9.83871555328369,9.89870929718018,9.77872371673584,9.85871410369873,2657246,9.77962017059326
9.8287181854248,9.86871242523193,9.70873260498047,9.85871410369873,3225420,9.77962017059326
9.91870594024658,10.0686855316162,9.81871891021729,9.84871482849121,2897777,9.76970100402832
9.90870666503906,9.97869777679443,9.80871963500977,9.80871963500977,1978357,9.73002624511719
9.89870929718018,9.93870258331299,9.76872634887695,9.78872299194336,1318171,9.71018981933594
9.77872371673584,9.8287181854248,9.71873188018799,9.79872226715088,2441018,9.72010898590088
9.79872226715088,9.81871891021729,9.67873668670654,9.76872634887695,2380810,9.690354347229
9.76872634887695,9.76872634887695,9.62874412536621,9.64874076843262,2399112,9.57133102416992
9.65874004364014,9.75872707366943,9.55875301361084,9.75872707366943,9769673,9.68043518066406
9.70873260498047,9.89870929718018,9.64874076843262,9.66873931884766,1644614,9.5911693572998
9.69873523712158,9.73872852325439,9.60874557495117,9.60874557495117,1979858,9.53165626525879
9.62874412536621,9.69873523712158,9.59874820709229,9.63874244689941,2039665,9.5614128112793
9.69873523712158,9.71873188018799,9.59874820709229,9.65874004364014,1793533,9.58125019073486
9.63874244689941,9.73872852325439,9.57874965667725,9.63874244689941,1758729,9.5614128112793
9.63874244689941,9.63874244689941,9.51875782012939,9.51875782012939,1733226,9.44239044189453
9.48876190185547,9.59874820709229,9.48876190185547,9.54875373840332,2566034,9.47214603424072
9.54875373840332,9.55875301361084,9.4187707901001,9.43876934051514,1955855,9.36304378509521
9.44876670837402,9.44876670837402,9.34877967834473,9.36877822875977,1683719,9.29361438751221
9.37877559661865,9.47876262664795,9.17880153656006,9.4187707901001,3471152,9.34320640563965
9.44876670837402,9.81871891021729,9.43876934051514,9.65874004364014,3561364,9.58125019073486
9.76872634887695,9.83871555328369,9.66873931884766,9.66873931884766,2020763,9.5911693572998
9.66873931884766,9.73872852325439,9.56875228881836,9.59874820709229,1622411,9.5217399597168
9.64874076843262,9.66873931884766,9.53875637054443,9.55875301361084,2060468,9.48206520080566
9.58874893188477,9.65874004364014,9.44876670837402,9.44876670837402,2098973,9.37296104431152
9.48876190185547,9.56875228881836,9.44876670837402,9.53875637054443,995529,9.46222877502441
9.53875637054443,9.69873523712158,9.51875782012939,9.69873523712158,1417284,9.62092399597168
9.67873668670654,9.70873260498047,9.44876670837402,9.44876670837402,1716923,9.37296104431152
9.48876190185547,9.48876190185547,9.23879528045654,9.25879192352295,1988259,9.18451023101807
9.33878231048584,9.38877487182617,9.26879119873047,9.26879119873047,2686850,9.19442939758301
9.36877822875977,9.39877414703369,9.25879192352295,9.28878784179688,1339674,9.21426582336426
9.29878711700439,9.39877414703369,9.24879264831543,9.3087854385376,1669917,9.23410320281982
9.3087854385376,9.44876670837402,9.27878856658936,9.32878303527832,1185554,9.25394058227539
9.32878303527832,9.48876190185547,9.28878784179688,9.37877559661865,1754328,9.30353164672852
9.44876670837402,9.62874412536621,9.29878711700439,9.3187837600708,2575735,9.24402141571045
9.35877895355225,9.46876525878906,9.35877895355225,9.42877006530762,783602,9.35312461853027
9.4187707901001,9.4187707901001,9.26879119873047,9.3087854385376,1991259,9.23410320281982
9.36877822875977,9.71873188018799,9.3187837600708,9.60874557495117,1502295,9.53165626525879
9.53875637054443,9.69873523712158,9.53875637054443,9.69873523712158,1080640,9.62092399597168
9.64874076843262,9.91870594024658,9.51875782012939,9.89870929718018,2559233,9.81929397583008
9.89870929718018,10.0086936950684,9.80871963500977,9.91870594024658,1683819,9.83913040161133
9.88871002197266,10.0786848068237,9.81871891021729,10.0186929702759,1743027,9.93831539154053
10.0886840820312,10.7385988235474,10.0886840820312,10.4086418151855,3616371,10.3251352310181
10.4286394119263,10.4686336517334,9.83871555328369,9.83871555328369,2680049,9.75978183746338
9.83871555328369,9.98869705200195,9.69873523712158,9.87871074676514,3026694,9.7994556427002
9.87871074676514,10.2586622238159,9.84871482849121,10.2486629486084,4005222,10.1664400100708
10.0486888885498,10.3486499786377,9.84871482849121,10.0086936950684,5237582,9.92839622497559
9.99869632720947,10.0586881637573,9.77872371673584,9.83871555328369,3009392,9.75978183746338
9.94870185852051,9.98869705200195,9.73872852325439,9.87871074676514,1283267,9.7994556427002
9.87871074676514,9.91870594024658,9.60874557495117,9.64874076843262,2343805,9.57133102416992
9.61874485015869,9.63874244689941,9.39877414703369,9.63874244689941,1873444,9.5614128112793
9.66873931884766,9.79872226715088,9.49876117706299,9.61874485015869,1494594,9.54157543182373
9.69873523712158,9.91870594024658,9.61874485015869,9.90870666503906,1824337,9.82921123504639
9.91870594024658,9.96869945526123,9.74872779846191,9.8287181854248,1271165,9.74986457824707
9.8287181854248,9.94870185852051,9.69873523712158,9.9287052154541,1345875,9.84904956817627
9.95870113372803,10.1886711120605,9.87871074676514,10.0586881637573,733595,9.97798919677734
10.0786848068237,10.1686725616455,9.75872707366943,9.80871963500977,1286467,9.73002624511719
9.95870113372803,10.0286922454834,9.90870666503906,9.99869632720947,1007331,9.91847896575928
10.0386896133423,10.3886451721191,9.97869777679443,10.3886451721191,1609909,10.3052997589111
10.3886451721191,10.4586362838745,10.2386636734009,10.448637008667,1856942,10.3648099899292
10.398642539978,10.5086288452148,10.2386636734009,10.4286394119263,1698321,10.3449726104736
10.4286394119263,10.4786329269409,10.2886581420898,10.3186540603638,1052037,10.2358694076538
10.298656463623,10.3486499786377,10.0886840820312,10.0986824035645,1026733,10.0176630020142
9.99869632720947,10.208667755127,9.96869945526123,10.0586881637573,1483893,9.97798919677734
10.0786848068237,10.1686725616455,9.93870258331299,10.0586881637573,1293968,9.97798919677734
10.0186929702759,10.0486888885498,9.80871963500977,9.84871482849121,2672548,9.76970100402832
9.81999969482422,9.88000011444092,9.55000019073486,9.64999961853027,2298400,9.5725793838501
9.63000011444092,9.69999980926514,9.47999954223633,9.5,5608200,9.42378330230713
9.53999996185303,9.71000003814697,9.48999977111816,9.51000022888184,4448300,9.43370342254639
9.51000022888184,9.55000019073486,9.35000038146973,9.38000011444092,2708900,9.30474662780762
9.38000011444092,9.48999977111816,9.22999954223633,9.30000019073486,2612000,9.2253885269165
9.27000045776367,9.52999973297119,9.07999992370605,9.07999992370605,5912100,9.00715351104736
9.13000011444092,9.4399995803833,9.11999988555908,9.39999961853027,1548500,9.32458591461182
9.39000034332275,9.67000007629395,9.35999965667725,9.59000015258789,1766300,9.5130615234375
9.60999965667725,9.72000026702881,9.52999973297119,9.5600004196167,5034400,9.48330211639404
9.56999969482422,9.73999977111816,9.56999969482422,9.71000003814697,1431300,9.63209915161133
9.68000030517578,10.0699996948242,9.68000030517578,9.96000003814697,1056500,9.88009262084961
9.9399995803833,9.98999977111816,9.71000003814697,9.71000003814697,652600,9.63209915161133
9.73999977111816,9.77999973297119,9.57999992370605,9.67000007629395,1113900,9.59241962432861
9.71000003814697,9.88000011444092,9.61999988555908,9.8100004196167,738600,9.73129653930664
9.84000015258789,9.94999980926514,9.60999965667725,9.65999984741211,1761300,9.58249950408936
9.64999961853027,9.67000007629395,9.46000003814697,9.5,1793300,9.42378330230713
9.5,9.59000015258789,9.22000026702881,9.22000026702881,1882800,9.14603042602539
9.26000022888184,9.31999969482422,9.14999961853027,9.26000022888184,1839100,9.18570899963379
9.30000019073486,9.36999988555908,9.1899995803833,9.23999977111816,1866700,9.16586971282959
9.26000022888184,9.32999992370605,9.22000026702881,9.26000022888184,1966000,9.18570899963379
9.26000022888184,9.47000026702881,9.19999980926514,9.31999969482422,3290500,9.2452278137207
9.23999977111816,9.47000026702881,9.19999980926514,9.3100004196167,3791200,9.23530864715576
9.40999984741211,9.40999984741211,9.23999977111816,9.39999961853027,2378400,9.32458591461182
9.39999961853027,9.59000015258789,9.35000038146973,9.39999961853027,2689000,9.32458591461182
9.47999954223633,9.64999961853027,9.39999961853027,9.39999961853027,3167900,9.32458591461182
9.5,9.52999973297119,9.3100004196167,9.42000007629395,2483000,9.34442520141602
9.44999980926514,9.52999973297119,9.39000034332275,9.5,1838500,9.42378330230713
9.52999973297119,9.8100004196167,9.52999973297119,9.72000026702881,2166900,9.64201831817627
9.72000026702881,9.90999984741211,9.72000026702881,9.85000038146973,1733700,9.77097606658936
9.86999988555908,10,9.80000019073486,9.80000019073486,1742300,9.72137641906738
9.88000011444092,10.0699996948242,9.84000015258789,10.0200004577637,2362200,9.93961238861084
10.0699996948242,10.2600002288818,9.88000011444092,9.97000026702881,2564800,9.89001274108887
9.98999977111816,10.1700000762939,9.97000026702881,10.1000003814697,2190400,10.018970489502
10.1099996566772,10.2399997711182,10.1099996566772,10.1700000762939,1329900,10.0884084701538
10.1899995803833,10.2399997711182,10.0799999237061,10.1700000762939,1804600,10.0884084701538
10.0900001525879,10.1499996185303,9.93000030517578,9.9399995803833,2030500,9.86025333404541
9.9399995803833,10.1800003051758,9.9399995803833,10.1000003814697,2229000,10.018970489502
10.1999998092651,10.3500003814697,10.1899995803833,10.2600002288818,2307400,10.1776866912842
10.2600002288818,10.4200000762939,10.2299995422363,10.3500003814697,2518300,10.2669649124146
10.3999996185303,10.3999996185303,10.0100002288818,10.1000003814697,1862000,10.018970489502
10.1300001144409,10.1599998474121,9.89999961853027,9.97000026702881,1999200,9.89001274108887
9.98999977111816,10.039999961853,9.8100004196167,9.85999965667725,1756700,9.7808952331543
9.93000030517578,10,9.80000019073486,9.97000026702881,1943600,9.89001274108887
9.97000026702881,9.98999977111816,9.64999961853027,9.73999977111816,4733700,9.66185760498047
9.73999977111816,10,9.73999977111816,9.88000011444092,2159600,9.8007345199585
9.90999984741211,10.039999961853,9.82999992370605,10,1703300,9.91977214813232
10.0799999237061,10.1099996566772,9.85999965667725,10.0100002288818,1434300,9.92969226837158
9.97999954223633,10.1499996185303,9.92000007629395,10.0500001907349,1459900,9.96937084197998
10.0500001907349,10.1000003814697,9.88000011444092,9.98999977111816,1869300,9.90985202789307
10,10.0900001525879,9.98999977111816,10,1512800,9.91977214813232
10.0299997329712,10.0799999237061,9.9399995803833,10,1621700,9.91977214813232
10,10.0500001907349,9.89000034332275,9.89999961853027,1552600,9.8205738067627
9.90999984741211,9.97999954223633,9.80000019073486,9.89000034332275,1828400,9.81065464019775
9.85999965667725,9.97999954223633,9.85999965667725,9.93000030517578,2638100,9.85033416748047
10,10.1099996566772,9.86999988555908,9.92000007629395,2970600,9.84041404724121
9.94999980926514,10.0500001907349,9.89999961853027,9.98999977111816,2551800,9.90985202789307
10,10.3500003814697,10,10,3306300,9.91977214813232
10,10.1800003051758,9.96000003814697,10.1599998474121,1897500,10.0784883499146
10.1599998474121,10.1700000762939,9.90999984741211,10.0500001907349,1559900,9.96937084197998
10.0500001907349,10.0699996948242,9.9399995803833,10,1434900,9.91977214813232
10,10.2600002288818,10,10.1999998092651,1649200,10.1181678771973
10.1999998092651,10.460000038147,10.1899995803833,10.3599996566772,2242100,10.2768840789795
10.3100004196167,10.3400001525879,10.1199998855591,10.1899995803833,1405800,10.108247756958
10.1700000762939,10.3199996948242,10.0900001525879,10.2200002670288,1618900,10.1380071640015
10.2200002670288,10.4200000762939,10.1700000762939,10.2200002670288,1440800,10.1380071640015
10.1099996566772,10.2200002670288,10.0200004577637,10.1700000762939,1700000,10.0884084701538
10.1700000762939,10.2600002288818,10.0600004196167,10.1099996566772,1146800,10.0288896560669
10.1000003814697,10.1000003814697,9.92000007629395,10.0500001907349,2439900,9.96937084197998
10.039999961853,10.039999961853,9.82999992370605,9.82999992370605,2449400,9.75113582611084
9.84000015258789,9.92000007629395,9.80000019073486,9.81999969482422,1365100,9.74121570587158
9.84000015258789,10,9.71000003814697,9.88000011444092,2349600,9.8007345199585
9.94999980926514,9.98999977111816,9.69999980926514,9.73999977111816,4719200,9.66185760498047
9.75,9.97000026702881,9.68000030517578,9.88000011444092,2063200,9.8007345199585
9.97000026702881,10,9.85000038146973,9.85999965667725,901700,9.7808952331543
9.85999965667725,10.0900001525879,9.82999992370605,9.94999980926514,2004100,9.87017345428467
9.96000003814697,9.97000026702881,9.8100004196167,9.92000007629395,1993500,9.84041404724121
10.0299997329712,10.039999961853,9.86999988555908,9.94999980926514,1300100,9.87017345428467
9.94999980926514,10.1199998855591,9.93000030517578,9.9399995803833,2538600,9.86025333404541
9.97000026702881,9.98999977111816,9.80000019073486,9.89000034332275,1591500,9.81065464019775
9.89000034332275,10.0799999237061,9.85000038146973,10,1465100,9.91977214813232
10,10.0699996948242,9.85000038146973,9.94999980926514,1568400,9.87017345428467
9.9399995803833,10.0100002288818,9.88000011444092,9.96000003814697,1806600,9.88009262084961
9.96000003814697,10.0900001525879,9.89999961853027,10.0500001907349,1787000,9.96937084197998
10.0500001907349,10.1999998092651,10.039999961853,10.0900001525879,1647900,10.0090503692627
10.1000003814697,10.2799997329712,10.0699996948242,10.1800003051758,2255200,10.0983285903931
10.1800003051758,10.3100004196167,10.1499996185303,10.2299995422363,1707200,10.1479263305664
10.2200002670288,10.3199996948242,10.1199998855591,10.2700004577637,1797100,10.1876068115234
10.289999961853,10.5500001907349,10.2600002288818,10.4700002670288,4290500,10.3860015869141
10.4799995422363,10.5699996948242,10.3699998855591,10.5100002288818,4799400,10.4256811141968
10.5,10.5,10.1800003051758,10.210000038147,4881500,10.1280870437622
10.210000038147,10.6000003814697,10.1899995803833,10.4200000762939,17716000,10.3364028930664
10.1999998092651,10.4099998474121,10.1199998855591,10.3000001907349,3070800,10.2173652648926
10.3000001907349,10.3299999237061,10.1099996566772,10.25,2240400,10.1677665710449
10.1499996185303,10.4200000762939,10.1499996185303,10.3000001907349,4089500,10.2173652648926
10.25,10.539999961853,10.1999998092651,10.5,2236800,10.4157609939575
10.5,10.7799997329712,10.4099998474121,10.6800003051758,3188400,10.5943164825439
10.6800003051758,10.789999961853,10.5900001525879,10.7399997711182,2633700,10.6538352966309
10.7399997711182,11.1400003433228,10.6899995803833,10.9700002670288,3917600,10.8819904327393
11.0699996948242,11.1800003051758,10.9799995422363,11.1400003433228,2150900,11.0506267547607
11.1700000762939,11.3900003433228,11.0900001525879,11.3299999237061,2322000,11.2391014099121
11.3299999237061,12.460000038147,11.1300001144409,12.3500003814697,8495100,12.250919342041
12.2299995422363,12.8999996185303,11.9499998092651,12.4899997711182,7451500,12.3897953033447
12.5500001907349,12.6400003433228,12.3500003814697,12.6099996566772,2174100,12.5088319778442
12.5600004196167,12.6999998092651,12.4899997711182,12.4899997711182,2518000,12.3897953033447
12.4200000762939,12.7700004577637,12.3199996948242,12.6899995803833,2280900,12.5881900787354
12.6800003051758,12.8000001907349,12.5699996948242,12.5699996948242,2349100,12.4691534042358
12.5699996948242,12.6700000762939,12.3100004196167,12.3800001144409,2653000,12.2806777954102
12.3800001144409,12.5600004196167,12.0500001907349,12.3100004196167,1869900,12.2112398147583
12.3000001907349,12.460000038147,12.1800003051758,12.3599996566772,2130100,12.260838508606
12.3800001144409,12.539999961853,12.3400001525879,12.3800001144409,1580000,12.2806777954102
12.3800001144409,12.4899997711182,12.3299999237061,12.3699998855591,1450700,12.2707576751709
12.3800001144409,12.4799995422363,12.2799997329712,12.3699998855591,1269200,12.2707576751709
12.3699998855591,12.5500001907349,12.3000001907349,12.3599996566772,1180700,12.260838508606
12.3999996185303,12.6499996185303,12.3500003814697,12.4799995422363,1791900,12.3798751831055
12.5600004196167,12.5799999237061,12.3299999237061,12.3800001144409,1812500,12.2806777954102
12.3800001144409,12.4300003051758,12.2700004577637,12.3299999237061,2858700,12.2310791015625
12.4700002670288,12.4799995422363,12.25,12.289999961853,2105600,12.1913995742798
12.289999961853,12.3000001907349,12.1000003814697,12.1800003051758,4078900,12.0822830200195
12.1800003051758,12.2299995422363,12.0100002288818,12.1300001144409,2213600,12.0326833724976
12.1199998855591,12.2799997329712,12.0799999237061,12.1400003433228,2634800,12.0426034927368
12.1400003433228,12.2299995422363,12.0900001525879,12.1300001144409,2158000,12.0326833724976
12.1800003051758,12.4099998474121,12.1700000762939,12.3800001144409,1950000,12.2806777954102
12.3999996185303,12.5799999237061,12.25,12.3100004196167,2044400,12.2112398147583
12.3999996185303,12.5100002288818,12.3900003433228,12.4899997711182,1628300,12.3897953033447
12.5,12.6400003433228,12.3999996185303,12.5200004577637,4212400,12.4195547103882
12.5600004196167,12.6400003433228,12.3199996948242,12.3800001144409,1595400,12.2806777954102
12.3999996185303,12.5,12.3199996948242,12.3800001144409,1720600,12.2806777954102
12.3900003433228,12.4399995803833,12.2700004577637,12.2700004577637,1057200,12.1715612411499
12.2700004577637,12.3000001907349,12.1499996185303,12.2399997711182,2060600,12.1418008804321
12.2299995422363,12.2700004577637,12.1000003814697,12.1800003051758,1232500,12.0822830200195
12.1700000762939,12.1999998092651,12.0699996948242,12.1499996185303,1736200,12.0525226593018
12.1499996185303,12.2200002670288,12.039999961853,12.1599998474121,1303500,12.062442779541
12.0799999237061,12.1800003051758,12.0200004577637,12.0799999237061,1040400,11.9830846786499
12.1000003814697,12.3900003433228,12.0500001907349,12.3900003433228,2296700,12.2905979156494
12.3900003433228,12.4099998474121,12.1999998092651,12.3000001907349,1305200,12.201319694519
12.3100004196167,12.3800001144409,12.1700000762939,12.1800003051758,2078500,12.0822830200195
12.1999998092651,12.25,12.1099996566772,12.1499996185303,671400,12.0525226593018
12.1499996185303,12.25,12.1099996566772,12.1899995803833,1319700,12.0922021865845
12.1899995803833,12.3800001144409,12.1899995803833,12.25,2611300,12.1517210006714
12.2399997711182,12.3500003814697,12.1599998474121,12.2700004577637,1821400,12.1715612411499
12.25,12.2700004577637,12.1400003433228,12.1999998092651,813800,12.1021223068237
12.1499996185303,12.2399997711182,12.1300001144409,12.1400003433228,1116100,12.0426034927368
12.1499996185303,12.1899995803833,12.0500001907349,12.1099996566772,957800,12.0128440856934
12.1300001144409,12.1999998092651,12.0799999237061,12.1400003433228,893000,12.0426034927368
12.1400003433228,12.1499996185303,11.8999996185303,11.8999996185303,1186400,11.8045282363892
11.8999996185303,11.9899997711182,11.6899995803833,11.960000038147,1546400,11.8640470504761
11.9700002670288,12.0500001907349,11.9200000762939,12,1296600,11.9037265777588
12,12.0699996948242,11.9499998092651,11.9700002670288,766500,11.8739671707153
11.9700002670288,12.0100002288818,11.789999961853,11.8000001907349,956000,11.7053308486938
11.8100004196167,11.8999996185303,11.539999961853,11.6700000762939,1749300,11.5763740539551
11.6899995803833,11.8500003814697,11.6099996566772,11.7600002288818,1074100,11.6656522750854
11.8100004196167,11.8500003814697,11.710000038147,11.7799997329712,1168200,11.6854915618896
11.8000001907349,11.8000001907349,11.6499996185303,11.6599998474121,539700,11.5664539337158
11.6599998474121,11.8000001907349,11.6400003433228,11.6999998092651,2665200,11.6061334609985
11.6700000762939,11.8900003433228,11.6700000762939,11.8199996948242,1292500,11.725170135498
11.9099998474121,12,11.7799997329712,11.8000001907349,2362100,11.7053308486938
11.8100004196167,11.8999996185303,11.7399997711182,11.7799997329712,1029800,11.6854915618896
11.8199996948242,11.8500003814697,11.6599998474121,11.6599998474121,1177300,11.5664539337158
11.710000038147,11.7399997711182,11.5600004196167,11.6800003051758,1930700,11.5862941741943
11.75,11.9499998092651,11.710000038147,11.8800001144409,4898800,11.784688949585
11.8999996185303,12.1099996566772,11.8999996185303,11.960000038147,1548000,11.8640470504761
11.9700002670288,12.0799999237061,11.9200000762939,11.9200000762939,1325200,11.8243684768677
11.9499998092651,12.1099996566772,11.8299999237061,11.8299999237061,1389900,11.7350902557373
11.9399995803833,12.0900001525879,11.3800001144409,11.3900003433228,4061300,11.2986211776733
11.3900003433228,11.3900003433228,11.1300001144409,11.1899995803833,1887000,11.1002244949341
11.1899995803833,11.3199996948242,11.1099996566772,11.1899995803833,1655100,11.1002244949341
11.1999998092651,11.1999998092651,10.8199996948242,10.8500003814697,6302300,10.7629528045654
10.9300003051758,11,10.75,10.75,2176900,10.6637554168701
10.8299999237061,10.9200000762939,10.6499996185303,10.8999996185303,2539400,10.8125514984131
10.9300003051758,11,10.789999961853,10.8800001144409,1319200,10.7927122116089
10.8999996185303,10.9399995803833,10.7600002288818,10.7600002288818,1620500,10.6736745834351
10.8100004196167,10.9899997711182,10.789999961853,10.789999961853,1715800,10.7034339904785
10.8599996566772,10.9099998474121,10.7600002288818,10.7700004577637,1522800,10.6835947036743
10.8000001907349,10.960000038147,10.7299995422363,10.8400001525879,1835300,10.7530326843262
10.8800001144409,10.9399995803833,10.7700004577637,10.7700004577637,1208900,10.6835947036743
10.8000001907349,11.0600004196167,10.7600002288818,11.0200004577637,1707600,10.9315891265869
11.1000003814697,11.3699998855591,10.9700002670288,11.2700004577637,5884900,11.1795835494995
11.2700004577637,11.5,11.2700004577637,11.3500003814697,1859800,11.2589416503906
11.3500003814697,11.4399995803833,11.3100004196167,11.3699998855591,1542500,11.2787809371948
11.4200000762939,11.4300003051758,11.3400001525879,11.3400001525879,2893500,11.2490215301514
11.3500003814697,11.4700002670288,11.289999961853,11.4300003051758,1270900,11.3382997512817
11.460000038147,11.5699996948242,11.1000003814697,11.1000003814697,2722100,11.010947227478
11.1000003814697,11.1400003433228,11,11.039999961853,2864000,10.9514284133911
11.1000003814697,11.289999961853,11.0900001525879,11.289999961853,1842200,11.1994228363037
11.3199996948242,11.5200004577637,11.3199996948242,11.3900003433228,1225800,11.2986211776733
11.4099998474121,11.4399995803833,11.25,11.289999961853,1607800,11.1994228363037
11.289999961853,11.3999996185303,11.210000038147,11.210000038147,1467400,11.1200647354126
11.210000038147,11.3100004196167,11.1899995803833,11.2600002288818,1424000,11.1696634292603
11.2799997329712,11.3900003433228,11.1999998092651,11.3599996566772,1414500,11.2688608169556
11.3800001144409,11.5299997329712,11.3400001525879,11.460000038147,1154700,11.3680591583252
11.4899997711182,11.6700000762939,11.4200000762939,11.4200000762939,1790300,11.3283796310425
11.4399995803833,11.8000001907349,11.4399995803833,11.6800003051758,1796300,11.5862941741943
11.6999998092651,11.789999961853,11.5299997329712,11.6099996566772,1820100,11.5168552398682
11.6099996566772,11.6700000762939,11.460000038147,11.5200004577637,2123900,11.4275779724121
11.5,11.5100002288818,11.3999996185303,11.4700002670288,2166500,11.3779792785645
11.4799995422363,11.6700000762939,11.4499998092651,11.6000003814697,1566100,11.5069360733032
11.5200004577637,11.5900001525879,11.4499998092651,11.5100002288818,2265700,11.4176578521729
11.539999961853,11.6800003051758,11.5200004577637,11.5500001907349,1411600,11.4573373794556
11.5500001907349,11.5900001525879,11.2200002670288,11.2200002670288,2269500,11.1299848556519
11.1999998092651,11.3699998855591,11.1599998474121,11.2799997329712,1726900,11.1895027160645
11.289999961853,11.3299999237061,10.9300003051758,10.9499998092651,3670300,10.8621501922607
10.9499998092651,11.0500001907349,10.8900003433228,10.960000038147,1637000,10.8720703125
11.0900001525879,11.1199998855591,10.8599996566772,10.9099998474121,2282700,10.8224716186523
10.9099998474121,10.9700002670288,10.6700000762939,10.6700000762939,1991300,10.584397315979
10.6599998474121,10.7399997711182,10.4700002670288,10.6199998855591,3510100,10.534797668457
10.6899995803833,10.7200002670288,10.5900001525879,10.6099996566772,2476300,10.5248775482178
10.6199998855591,10.710000038147,10.4799995422363,10.5500001907349,1497100,10.4653596878052
10.5200004577637,10.6000003814697,10.3999996185303,10.5299997329712,1416600,10.4455194473267
10.5,10.6099996566772,10.4099998474121,10.5500001907349,1771900,10.4653596878052
10.5699996948242,10.8999996185303,10.5699996948242,10.8100004196167,1756200,10.723274230957
10.8299999237061,10.8999996185303,10.6000003814697,10.6499996185303,1527700,10.5645570755005
10.6499996185303,10.7299995422363,10.4399995803833,10.4399995803833,1662600,10.3562421798706
10.4700002670288,10.7399997711182,10.4300003051758,10.6099996566772,1740800,10.5248775482178
10.5600004196167,10.7399997711182,10.4799995422363,10.4799995422363,1923800,10.395920753479
10.4799995422363,10.5600004196167,10.3299999237061,10.3699998855591,2735400,10.2868032455444
10.3800001144409,10.6499996185303,10.3699998855591,10.5200004577637,1657200,10.4356002807617
10.4799995422363,10.6999998092651,10.4700002670288,10.5699996948242,3673600,10.4851989746094
10.5200004577637,10.7399997711182,10.5,10.6099996566772,4553100,10.5248775482178
10.6499996185303,10.7299995422363,10.6000003814697,10.6300001144409,1266500,10.5447177886963
10.7700004577637,10.8400001525879,10.3699998855591,10.4200000762939,2194900,10.3364028930664
10.4200000762939,10.6099996566772,10.3900003433228,10.3999996185303,2654300,10.3165626525879
10.460000038147,10.5299997329712,10.1899995803833,10.2200002670288,2697500,10.1380071640015
10.2700004577637,10.3000001907349,10.0600004196167,10.1000003814697,2403800,10.018970489502
10.1099996566772,10.1999998092651,10.039999961853,10.0699996948242,2933800,9.98921012878418
10.1000003814697,10.1800003051758,10.039999961853,10.1400003433228,4590300,10.0586490631104
10.1999998092651,10.5200004577637,10.1999998092651,10.3999996185303,3715100,10.3165626525879
10.4700002670288,10.539999961853,10.2799997329712,10.3599996566772,1523000,10.2768840789795
10.3699998855591,10.4399995803833,10.1999998092651,10.3000001907349,2372400,10.2173652648926
10.3000001907349,10.3000001907349,10.1300001144409,10.1700000762939,2185800,10.0884084701538
10.2299995422363,10.289999961853,10.1400003433228,10.210000038147,1584100,10.1280870437622
10.2200002670288,10.3500003814697,10.1899995803833,10.2700004577637,1482600,10.1876068115234
10.2700004577637,10.3199996948242,10.1599998474121,10.2399997711182,1266700,10.1578464508057
10.2399997711182,10.6000003814697,10.1999998092651,10.5600004196167,2343000,10.4752798080444
10.5600004196167,10.789999961853,10.5600004196167,10.789999961853,1578600,10.7034339904785
10.789999961853,10.789999961853,10.5600004196167,10.6000003814697,1271000,10.5149583816528
10.6300001144409,10.6999998092651,10.4899997711182,10.6999998092651,1498500,10.6141557693481
10.6999998092651,10.6999998092651,10.5699996948242,10.6499996185303,961500,10.5645570755005
10.6499996185303,10.9200000762939,10.6499996185303,10.9200000762939,3217200,10.8323907852173
10.8999996185303,11.0799999237061,10.8000001907349,11.0200004577637,1553700,10.9315891265869
11.0200004577637,11.039999961853,10.8999996185303,10.9099998474121,1440600,10.8224716186523
10.9200000762939,11,10.6999998092651,10.8999996185303,1666000,10.8125514984131
10.8999996185303,10.9899997711182,10.8299999237061,10.8999996185303,2152400,10.8125514984131
10.8999996185303,10.9700002670288,10.8100004196167,10.8299999237061,1660500,10.7431135177612
10.8299999237061,10.8800001144409,10.7700004577637,10.8699998855591,2759000,10.7827920913696
10.9300003051758,10.9799995422363,10.8100004196167,10.9300003051758,1413400,10.8423109054565
10.9499998092651,11.039999961853,10.8900003433228,10.9899997711182,1185700,10.9018297195435
10.9799995422363,11.1300001144409,10.9200000762939,11,1040800,10.9117488861084
11,11.3000001907349,11,11.210000038147,2899800,11.1200647354126
11.210000038147,11.3999996185303,11.1800003051758,11.3299999237061,1714600,11.2391014099121
11.3999996185303,11.4099998474121,11.1999998092651,11.3500003814697,1749300,11.2589416503906
11.3500003814697,11.5699996948242,11.2700004577637,11.5,2941200,11.4077377319336
11.5,11.6899995803833,11.4899997711182,11.5200004577637,1667500,11.4275779724121
11.5100002288818,11.9700002670288,11.5100002288818,11.8900003433228,2600200,11.7946090698242
11.9200000762939,12.1899995803833,11.9099998474121,12.0699996948242,3433000,11.9731645584106
12.0699996948242,12.3199996948242,12.0699996948242,12.1800003051758,2464900,12.0822830200195
12.1700000762939,12.3400001525879,12.1400003433228,12.1999998092651,3269600,12.1021223068237
12.1899995803833,12.3299999237061,12.1899995803833,12.3299999237061,1391400,12.2310791015625
12.3299999237061,12.4499998092651,12.2799997329712,12.3900003433228,1555200,12.2905979156494
12.4200000762939,12.539999961853,12.3299999237061,12.460000038147,2056600,12.3600358963013
12.5,12.6199998855591,12.4399995803833,12.539999961853,996900,12.4393939971924
12.5299997329712,12.5900001525879,12.460000038147,12.4799995422363,1281500,12.3798751831055
12.4200000762939,12.6499996185303,12.3900003433228,12.6499996185303,1239600,12.548511505127
12.6400003433228,12.6499996185303,12.2799997329712,12.3199996948242,2696700,12.2211589813232
12.3199996948242,12.3199996948242,11.8800001144409,11.9499998092651,3543200,11.8541278839111
11.9399995803833,12.0600004196167,11.8299999237061,12.0100002288818,1488000,11.913646697998
12.0100002288818,12.1899995803833,11.9200000762939,12.0200004577637,1893800,11.9235668182373
12.0200004577637,12.3500003814697,11.960000038147,12.1300001144409,1982700,12.0326833724976
12.1300001144409,12.3800001144409,12.0799999237061,12.3599996566772,1385900,12.260838508606
12.3000001907349,12.5600004196167,12.25,12.5,2450500,12.399715423584
12.460000038147,12.6400003433228,12.4499998092651,12.5600004196167,1292900,12.4592342376709
12.5,12.6199998855591,12.3599996566772,12.5100002288818,1610000,12.4096355438232
12.4499998092651,12.6700000762939,12.4300003051758,12.4300003051758,1555800,12.3302774429321
12.4300003051758,12.4300003051758,12.0500001907349,12.25,1749600,12.1517210006714
12.2200002670288,12.2299995422363,11.9300003051758,11.9499998092651,1854300,11.8541278839111
11.9099998474121,11.9399995803833,11.4499998092651,11.6099996566772,4167000,11.5168552398682
11.6400003433228,11.6800003051758,11.3400001525879,11.3400001525879,2321400,11.2490215301514
11.3400001525879,11.3900003433228,11.2200002670288,11.2600002288818,2576400,11.1696634292603
11.2200002670288,11.3800001144409,11.1400003433228,11.1599998474121,2538500,11.0704660415649
11.1999998092651,11.4799995422363,11.1899995803833,11.4099998474121,1901200,11.3184595108032
11.4099998474121,11.75,11.2299995422363,11.289999961853,1849100,11.1994228363037
11.3000001907349,11.4200000762939,11.2799997329712,11.3500003814697,800900,11.2589416503906
11.3500003814697,11.4300003051758,11.289999961853,11.3400001525879,1227800,11.2490215301514
11.3500003814697,11.8299999237061,11.3000001907349,11.6400003433228,10880100,11.5466146469116
11.6000003814697,11.8299999237061,11.3000001907349,11.3800001144409,4285900,11.2887010574341
11.3500003814697,11.5900001525879,11.3000001907349,11.3900003433228,3231800,11.2986211776733
11.4700002670288,11.4700002670288,10.960000038147,11.1899995803833,4404300,11.1002244949341
11.1800003051758,11.1800003051758,10.5500001907349,10.6099996566772,5188000,10.5248775482178
10.5500001907349,10.6899995803833,10.039999961853,10.6499996185303,7368900,10.5645570755005
10.6199998855591,10.9300003051758,10.4200000762939,10.4499998092651,3081600,10.3661613464355
10.4300003051758,10.4899997711182,10.25,10.3299999237061,2679700,10.247124671936
10.3299999237061,10.3299999237061,9.97999954223633,10.289999961853,5997400,10.2074451446533
10.2799997329712,10.3500003814697,10.0600004196167,10.2700004577637,2955900,10.1876068115234
10.2700004577637,10.3000001907349,10.0500001907349,10.1400003433228,1892800,10.0586490631104
10.1499996185303,10.3000001907349,10.1499996185303,10.2600002288818,1809800,10.1776866912842
10.3000001907349,10.4200000762939,10.2200002670288,10.3500003814697,1798700,10.2669649124146
10.3500003814697,10.3599996566772,10.25,10.3100004196167,1477300,10.2272853851318
10.2799997329712,10.3800001144409,10.2600002288818,10.3400001525879,1485400,10.2570447921753
10.3400001525879,10.6099996566772,10.2600002288818,10.4700002670288,2713800,10.3860015869141
10.4700002670288,10.75,10.460000038147,10.5600004196167,2392700,10.4752798080444
10.5600004196167,10.75,10.4399995803833,10.6800003051758,2095600,10.5943164825439
10.6899995803833,10.8000001907349,10.460000038147,10.5299997329712,1848900,10.4455194473267
10.5200004577637,10.7200002670288,10.4899997711182,10.5,1982900,10.4157609939575
10.4700002670288,10.5200004577637,10.3800001144409,10.460000038147,1678500,10.3760814666748
10.460000038147,10.4899997711182,10.3400001525879,10.4399995803833,2132400,10.3562421798706
10.4399995803833,10.710000038147,10.4200000762939,10.6599998474121,2532100,10.5744771957397
10.6499996185303,10.6700000762939,10.3999996185303,10.4700002670288,1277800,10.3860015869141
10.4700002670288,10.5900001525879,10.4200000762939,10.5500001907349,1775500,10.4653596878052
10.6000003814697,10.6700000762939,10.5,10.5500001907349,2486100,10.4653596878052
10.5500001907349,10.5900001525879,10.4499998092651,10.5,1647000,10.4157609939575
10.460000038147,10.6300001144409,10.4200000762939,10.4799995422363,2510500,10.395920753479
10.4499998092651,10.5900001525879,10.4499998092651,10.5,1866800,10.4157609939575
10.5,10.5600004196167,10.3500003814697,10.4399995803833,1802600,10.3562421798706
10.3900003433228,10.5200004577637,10.3000001907349,10.4099998474121,1508900,10.3264827728271
10.4300003051758,10.5,10.3199996948242,10.4799995422363,1458000,10.395920753479
10.4499998092651,10.460000038147,10.3000001907349,10.3000001907349,2174200,10.2173652648926
10.3000001907349,10.5600004196167,10.2299995422363,10.2799997329712,4215200,10.1975259780884
10.2799997329712,10.3000001907349,10.1300001144409,10.1300001144409,1176700,10.0487289428711
10.1700000762939,10.7700004577637,10.1400003433228,10.7399997711182,2984000,10.6538352966309
10.7700004577637,11.0100002288818,10.6899995803833,10.8999996185303,2101800,10.8125514984131
10.8800001144409,10.8800001144409,10.6300001144409,10.7799997329712,1837400,10.6935138702393
10.75,10.7600002288818,10.5100002288818,10.5900001525879,1229900,10.5050392150879
10.5799999237061,10.5799999237061,10.3299999237061,10.3400001525879,1253000,10.2570447921753
10.3400001525879,10.3400001525879,10.1599998474121,10.1899995803833,1377300,10.108247756958
10.1999998092651,10.2600002288818,10.1499996185303,10.1999998092651,1091300,10.1181678771973
10.0900001525879,10.1199998855591,9.55000019073486,9.55000019073486,6591800,9.4733829498291
9.68000030517578,9.75,9.44999980926514,9.72000026702881,2825400,9.64201831817627
9.71000003814697,9.72999954223633,9.59000015258789,9.6899995803833,1530300,9.61225891113281
9.68000030517578,9.85000038146973,9.64999961853027,9.76000022888184,1406100,9.68169784545898
9.80000019073486,9.84000015258789,9.64999961853027,9.84000015258789,1240800,9.7610559463501
9.8100004196167,9.89999961853027,9.64000034332275,9.84000015258789,2631100,9.7610559463501
9.81999969482422,9.94999980926514,9.69999980926514,9.88000011444092,1961300,9.8007345199585
9.88000011444092,9.88000011444092,9.60000038146973,9.6899995803833,1501300,9.61225891113281
9.6899995803833,9.6899995803833,9.52000045776367,9.5600004196167,1457500,9.48330211639404
9.5600004196167,9.56999969482422,9.34000015258789,9.42000007629395,2367200,9.34442520141602
9.42000007629395,9.42000007629395,9.11999988555908,9.28999996185303,3466000,9.21546840667725
9.25,9.4399995803833,9.17000007629395,9.27000045776367,2305300,9.19562911987305
9.27999973297119,9.38000011444092,9.14000034332275,9.22000026702881,2319000,9.14603042602539
9.22000026702881,9.30000019073486,9.13000011444092,9.19999980926514,1481000,9.12619018554688
9.19999980926514,9.28999996185303,9.14000034332275,9.1899995803833,4686200,9.11627006530762
9.17000007629395,9.31999969482422,9.09000015258789,9.30000019073486,1710100,9.2253885269165
9.22000026702881,9.28999996185303,9.06999969482422,9.19999980926514,998300,9.19999980926514
9.19999980926514,9.30000019073486,9.18000030517578,9.22999954223633,927300,9.22999954223633
9.22999954223633,9.22999954223633,9.09000015258789,9.14999961853027,1171200,9.14999961853027
9.14999961853027,9.14999961853027,9.14999961853027,9.14999961853027,0,9.14999961853027
9.1899995803833,9.55000019073486,9.17000007629395,9.5,2866900,9.5
9.52999973297119,9.64999961853027,9.39999961853027,9.47000026702881,2251400,9.47000026702881
9.47000026702881,9.60999965667725,9.44999980926514,9.59000015258789,1383900,9.59000015258789
9.34000015258789,9.64999961853027,9.22000026702881,9.51000022888184,4872400,9.51000022888184
9.52999973297119,9.77999973297119,9.46000003814697,9.60000038146973,2428100,9.60000038146973
9.56999969482422,9.64999961853027,9.51000022888184,9.52000045776367,2152300,9.52000045776367
9.5,9.52999973297119,9.38000011444092,9.52999973297119,3016000,9.52999973297119
9.52000045776367,9.52999973297119,9.35000038146973,9.5,2075300,9.5
9.44999980926514,9.72999954223633,9.44999980926514,9.59000015258789,2773200,9.59000015258789
9.53999996185303,9.69999980926514,9.52000045776367,9.69999980926514,1563900,9.69999980926514
9.71000003814697,9.86999988555908,9.59000015258789,9.72000026702881,1567300,9.72000026702881
9.69999980926514,9.82999992370605,9.63000011444092,9.77999973297119,1917200,9.77999973297119
11.2299995422363,11.3800001144409,11.0900001525879,11.1300001144409,28632700,11.1300001144409
11.1300001144409,11.1499996185303,11,11.0500001907349,11694100,11.0500001907349
11.0500001907349,11.0900001525879,11,11.0799999237061,6190200,11.0799999237061
11.0500001907349,11.1899995803833,11.0500001907349,11.1400003433228,8083500,11.1400003433228
11.1199998855591,11.1700000762939,11.0900001525879,11.1499996185303,6468300,11.1499996185303
11.1099996566772,11.1700000762939,11.0900001525879,11.1700000762939,7948300,11.1700000762939
11.1400003433228,11.1899995803833,11.1300001144409,11.1800003051758,4647200,11.1800003051758
11.1199998855591,11.1999998092651,11.1099996566772,11.1899995803833,4898300,11.1899995803833
11.1800003051758,11.1999998092651,11.1599998474121,11.1999998092651,4844200,11.1999998092651
11.1499996185303,11.1999998092651,11.1099996566772,11.1999998092651,5471300,11.1999998092651
11.1700000762939,11.1999998092651,11.1499996185303,11.1999998092651,5505500,11.1999998092651
11.1800003051758,11.2399997711182,11.1199998855591,11.1700000762939,8151600,11.1700000762939
11.1800003051758,11.2299995422363,11.1800003051758,11.2299995422363,5665900,11.2299995422363
11.1899995803833,11.2700004577637,11.1899995803833,11.2200002670288,4426300,11.2200002670288
11.2200002670288,11.2600002288818,11.210000038147,11.2399997711182,3478500,11.2399997711182
11.2299995422363,11.2700004577637,11.1899995803833,11.2299995422363,5986800,11.2299995422363
11.2299995422363,11.2600002288818,11.210000038147,11.25,3890000,11.25
11.2200002670288,11.25,11.210000038147,11.2399997711182,4530000,11.2399997711182
11.2299995422363,11.2799997329712,11.210000038147,11.2399997711182,4696100,11.2399997711182
11.2299995422363,11.2600002288818,11.210000038147,11.2600002288818,3516600,11.2600002288818
11.2299995422363,11.2700004577637,11.2200002670288,11.25,4395600,11.25
11.2299995422363,11.2700004577637,11.210000038147,11.25,5911000,11.25
11.25,11.3199996948242,11.2299995422363,11.3100004196167,4229200,11.3100004196167
11.3000001907349,11.3900003433228,11.289999961853,11.3500003814697,3563000,11.3500003814697
11.3000001907349,11.4399995803833,11.3000001907349,11.3999996185303,3958200,11.3999996185303
11.3500003814697,11.4799995422363,11.3500003814697,11.4300003051758,2879900,11.4300003051758
11.3800001144409,11.4399995803833,11.3800001144409,11.4399995803833,6645700,11.4399995803833
11.3999996185303,11.4399995803833,11.3800001144409,11.3999996185303,3167800,11.3999996185303
11.3999996185303,11.4099998474121,11.3599996566772,11.4099998474121,3494600,11.4099998474121
11.3900003433228,11.4200000762939,11.3599996566772,11.3900003433228,2129000,11.3900003433228
11.3800001144409,11.4099998474121,11.3699998855591,11.3900003433228,2635400,11.3900003433228
11.3800001144409,11.3999996185303,11.3500003814697,11.3599996566772,4315700,11.3599996566772
11.3599996566772,11.3999996185303,11.3199996948242,11.3800001144409,3213100,11.3800001144409
11.3900003433228,11.4099998474121,11.3599996566772,11.3800001144409,3242900,11.3800001144409
11.3900003433228,11.4200000762939,11.3699998855591,11.3900003433228,1858100,11.3900003433228
11.3800001144409,11.3999996185303,11.3699998855591,11.3900003433228,1903600,11.3900003433228
11.3900003433228,11.4099998474121,11.3599996566772,11.3699998855591,2894900,11.3699998855591
11.3699998855591,11.3999996185303,11.3500003814697,11.3999996185303,6074000,11.3999996185303
11.3999996185303,11.4099998474121,11.3599996566772,11.3999996185303,3120000,11.3999996185303
11.3900003433228,11.4200000762939,11.3699998855591,11.4200000762939,9224500,11.4200000762939
11.3999996185303,11.4200000762939,11.3800001144409,11.4200000762939,3779500,11.4200000762939
11.4099998474121,11.4399995803833,11.3800001144409,11.4399995803833,2135100,11.4399995803833
11.4099998474121,11.4200000762939,11.3800001144409,11.4099998474121,7870000,11.4099998474121
11.3999996185303,11.3999996185303,11.3599996566772,11.3999996185303,3013800,11.3999996185303
11.3900003433228,11.3900003433228,11.3500003814697,11.3500003814697,3425100,11.3500003814697
11.3500003814697,11.3900003433228,11.2399997711182,11.3699998855591,4680800,11.3699998855591
11.3699998855591,11.3999996185303,11.3500003814697,11.3900003433228,2480200,11.3900003433228
11.3699998855591,11.3900003433228,11.3699998855591,11.3900003433228,1091600,11.3900003433228
11.3699998855591,11.3900003433228,11.3599996566772,11.3900003433228,1544000,11.3900003433228
11.3699998855591,11.3900003433228,11.3400001525879,11.3900003433228,1786000,11.3900003433228
11.3699998855591,11.3900003433228,11.3400001525879,11.3900003433228,2640200,11.3900003433228
11.3699998855591,11.3800001144409,11.3400001525879,11.3800001144409,3395800,11.3800001144409
11.3500003814697,11.3599996566772,11.3000001907349,11.3100004196167,6206000,11.3100004196167
11.3000001907349,11.3500003814697,11.2700004577637,11.289999961853,3377600,11.289999961853
11.2799997329712,11.3100004196167,11.2299995422363,11.3100004196167,3503800,11.3100004196167
11.25,11.3299999237061,11.2200002670288,11.25,2903300,11.25
11.1999998092651,11.2299995422363,11.0500001907349,11.1999998092651,4737100,11.1999998092651
11.1999998092651,11.2399997711182,11.1499996185303,11.1999998092651,2220300,11.1999998092651
11.1999998092651,11.3000001907349,11.1899995803833,11.2600002288818,6675100,11.2600002288818
11.2600002288818,11.3400001525879,11.2200002670288,11.3400001525879,2464500,11.3400001525879
11.3199996948242,11.3599996566772,11.3000001907349,11.3599996566772,2907300,11.3599996566772
11.3599996566772,11.3900003433228,11.3299999237061,11.3800001144409,2069400,11.3800001144409
11.3900003433228,11.4300003051758,11.3500003814697,11.3999996185303,1760500,11.3999996185303
11.3999996185303,11.4399995803833,11.3599996566772,11.3999996185303,2101600,11.3999996185303
11.3999996185303,11.4399995803833,11.3699998855591,11.4099998474121,2218900,11.4099998474121
11.3999996185303,11.4200000762939,11.3699998855591,11.4099998474121,1905200,11.4099998474121
11.3999996185303,11.4300003051758,11.3500003814697,11.4300003051758,2071200,11.4300003051758
11.3999996185303,11.4499998092651,11.3999996185303,11.4200000762939,2220100,11.4200000762939
11.4099998474121,11.4300003051758,11.3599996566772,11.4300003051758,2327400,11.4300003051758
11.4099998474121,11.4399995803833,11.3800001144409,11.4399995803833,1436100,11.4399995803833
11.4099998474121,11.4499998092651,11.3599996566772,11.4200000762939,6116100,11.4200000762939
11.3900003433228,11.4499998092651,11.3800001144409,11.4399995803833,2275600,11.4399995803833
11.4099998474121,11.4399995803833,11.3500003814697,11.4399995803833,4329500,11.4399995803833
11.4300003051758,11.4399995803833,11.3900003433228,11.4399995803833,1840800,11.4399995803833
11.3999996185303,11.4499998092651,11.3900003433228,11.4499998092651,1953400,11.4499998092651
11.4300003051758,11.4499998092651,11.3999996185303,11.4499998092651,3406900,11.4499998092651
11.4200000762939,11.4499998092651,11.3699998855591,11.4499998092651,6287000,11.4499998092651
11.4300003051758,11.4899997711182,11.4200000762939,11.4700002670288,2206400,11.4700002670288
11.4700002670288,11.6000003814697,11.4499998092651,11.539999961853,5148900,11.539999961853
11.539999961853,11.5600004196167,11.4700002670288,11.5600004196167,6697900,11.5600004196167
11.5500001907349,11.5799999237061,11.5200004577637,11.5699996948242,4118100,11.5699996948242
11.539999961853,11.5600004196167,11.5200004577637,11.5299997329712,4504000,11.5299997329712
11.5200004577637,11.5699996948242,11.5200004577637,11.539999961853,2726700,11.539999961853
11.5200004577637,11.6000003814697,11.5100002288818,11.5699996948242,8679500,11.5699996948242
11.5600004196167,11.6000003814697,11.5600004196167,11.5900001525879,2946400,11.5900001525879
11.5799999237061,11.6199998855591,11.5799999237061,11.6000003814697,2530500,11.6000003814697
11.6000003814697,11.6400003433228,11.6000003814697,11.6300001144409,3344800,11.6300001144409
11.6300001144409,11.6499996185303,11.6099996566772,11.6499996185303,2240800,11.6499996185303
11.6499996185303,11.6700000762939,11.6400003433228,11.6700000762939,3716300,11.6700000762939
11.6599998474121,11.6800003051758,11.6499996185303,11.6700000762939,2125500,11.6700000762939
11.6599998474121,11.6800003051758,11.6300001144409,11.6800003051758,2978800,11.6800003051758
11.6599998474121,11.6800003051758,11.6300001144409,11.6800003051758,3060100,11.6800003051758
11.6800003051758,11.6800003051758,11.6300001144409,11.6599998474121,2544600,11.6599998474121
11.6499996185303,11.6599998474121,11.6099996566772,11.6499996185303,6945300,11.6499996185303
11.6300001144409,11.6599998474121,11.6099996566772,11.6599998474121,3065800,11.6599998474121
11.6400003433228,11.6700000762939,11.6300001144409,11.6700000762939,2869800,11.6700000762939
11.6499996185303,11.6700000762939,11.6300001144409,11.6700000762939,3387200,11.6700000762939
11.6499996185303,11.6800003051758,11.6400003433228,11.6800003051758,7347000,11.6800003051758
11.6599998474121,11.6999998092651,11.6599998474121,11.6800003051758,4138100,11.6800003051758
11.6700000762939,11.6999998092651,11.6700000762939,11.6899995803833,4421900,11.6899995803833
11.6800003051758,11.7399997711182,11.6800003051758,11.710000038147,2150900,11.710000038147
11.7299995422363,11.7600002288818,11.710000038147,11.710000038147,3012500,11.710000038147
11.7200002670288,11.7299995422363,11.710000038147,11.7200002670288,3320400,11.7200002670288
11.710000038147,11.7299995422363,11.710000038147,11.710000038147,4189100,11.710000038147
11.710000038147,11.7600002288818,11.710000038147,11.7200002670288,5374300,11.7200002670288
11.7200002670288,11.7600002288818,11.7200002670288,11.7399997711182,6977200,11.7399997711182
11.7299995422363,11.7700004577637,11.7299995422363,11.75,5548500,11.75
11.7700004577637,11.8000001907349,11.7200002670288,11.7299995422363,28476600,11.7299995422363
11.7399997711182,11.7700004577637,11.7299995422363,11.75,2695300,11.75
11.7399997711182,11.7799997329712,11.7399997711182,11.7700004577637,10785500,11.7700004577637
11.7700004577637,11.789999961853,11.7600002288818,11.7799997329712,8136900,11.7799997329712
11.7700004577637,11.7799997329712,11.7600002288818,11.7799997329712,3065100,11.7799997329712
11.7700004577637,11.789999961853,11.7600002288818,11.789999961853,22310200,11.789999961853
11.7799997329712,11.8000001907349,11.7700004577637,11.789999961853,15675700,11.789999961853
11.789999961853,11.8000001907349,11.7600002288818,11.7600002288818,7948000,11.7600002288818
11.7600002288818,11.789999961853,11.4899997711182,11.5100002288818,11528600,11.5100002288818
11.4700002670288,11.4799995422363,8.80000019073486,8.80000019073486,5840400,8.80000019073486
8.60000038146973,9.14999961853027,8.4399995803833,8.77999973297119,2851100,8.77999973297119
