"ASAI3.SA.Open","ASAI3.SA.High","ASAI3.SA.Low","ASAI3.SA.Close","ASAI3.SA.Volume","ASAI3.SA.Adjusted"
14.4020004272461,15.206000328064,13.8760004043579,14.2799997329712,64088000,13.9904680252075
14.0819997787476,14.8000001907349,13.6960000991821,14.5,14717000,14.2060070037842
14.3579998016357,14.5640001296997,13.8800001144409,14.2600002288818,17545000,13.970874786377
14.2519998550415,14.789999961853,14.1579999923706,14.6400003433228,12300000,14.3431692123413
14.5019998550415,15.6999998092651,14.3999996185303,15,18499500,14.6958694458008
14.9659996032715,15.0579996109009,13.746000289917,14.2019996643066,12366000,13.9140501022339
13.9980001449585,14.1599998474121,13.7019996643066,14.1599998474121,10167000,13.8729009628296
14.2019996643066,14.6999998092651,13.9399995803833,14.1999998092651,15699500,13.9120903015137
14.4420003890991,14.9079999923706,14.3599996566772,14.6979999542236,16646000,14.3999919891357
14.3000001907349,14.8079996109009,14.3000001907349,14.5559997558594,7509000,14.260871887207
14.5539999008179,14.7620000839233,14.3459997177124,14.5699996948242,11593000,14.2745885848999
14.5799999237061,14.6499996185303,14.2119998931885,14.3100004196167,7789500,14.0198602676392
14.3100004196167,14.8199996948242,14.2119998931885,14.8000001907349,4753000,14.499924659729
14.4180002212524,14.7580003738403,14.4180002212524,14.6499996185303,2304000,14.3529663085938
14.6960000991821,14.7819995880127,14.1800003051758,14.2679996490479,14098000,13.9787111282349
14.3599996566772,14.3599996566772,13.8559999465942,14,5803000,13.7161455154419
14,14.1560001373291,13.7119998931885,14.1560001373291,7916000,13.8689823150635
14.0220003128052,14.1879997253418,13.5500001907349,13.6999998092651,12174500,13.4222278594971
13.6000003814697,14.3999996185303,13.5220003128052,14.3739995956421,6602000,14.0825624465942
14.2700004577637,14.8780002593994,14.206000328064,14.539999961853,4396500,14.2451972961426
14.4440002441406,14.6999998092651,14.2040004730225,14.6999998092651,6557000,14.4019527435303
14.5,14.8299999237061,14.5,14.6999998092651,8433000,14.4019527435303
14.710000038147,14.7880001068115,14.4020004272461,14.7679996490479,3663000,14.4685735702515
14.8400001525879,15.1680002212524,14.7720003128052,15.0120000839233,9940000,14.7076272964478
15.0600004196167,15.6780004501343,15.0600004196167,15.5,6073500,15.1857318878174
15.5,15.503999710083,15.3000001907349,15.3620004653931,5821500,15.0505313873291
15.2220001220703,15.5659999847412,14.6680002212524,15.2639999389648,10992000,14.954517364502
15.1999998092651,15.5240001678467,15.0240001678467,15.4840002059937,6395000,15.1700563430786
15.4099998474121,15.5200004577637,15.173999786377,15.5,7012500,15.1857318878174
15.4799995422363,15.5880002975464,15.3000001907349,15.4799995422363,4711000,15.1661376953125
15.4779996871948,15.6000003814697,15.3000001907349,15.4499998092651,5449500,15.1367464065552
15.4300003051758,15.7399997711182,15.3999996185303,15.7320003509521,5841000,15.4130277633667
15.6300001144409,16.011999130249,15.6300001144409,15.9940004348755,11554500,15.6697177886963
16.5639991760254,16.5639991760254,15.7980003356934,15.9499998092651,13035000,15.6266088485718
15.9499998092651,16.3320007324219,15.8020000457764,16.1000003814697,5017000,15.773567199707
16.1760005950928,16.488000869751,15.8680000305176,16.2999992370605,6029000,15.9695100784302
16.3279991149902,16.5900001525879,16.0020008087158,16.0919990539551,8470500,15.7657279968262
16.2800006866455,16.3640003204346,16.0279998779297,16.2320003509521,4653000,15.9028911590576
16.3080005645752,16.3419990539551,15.9720001220703,16.07200050354,3662000,15.7461357116699
16.0599994659424,16.1100006103516,15.9040002822876,15.9320001602173,4986500,15.6089735031128
15.9540004730225,16.1720008850098,15.8479995727539,15.996000289917,5371500,15.6716775894165
16.0100002288818,16.0739994049072,15.6400003433228,15.9619998931885,5343000,15.7005043029785
15.8400001525879,16.2259998321533,15.6599998474121,16.17799949646,22683000,15.9129657745361
16.2000007629395,16.4379997253418,16.0440006256104,16.2940006256104,8474000,16.0270652770996
16.3999996185303,16.5200004577637,16.1119995117188,16.5,9407500,16.2296886444092
16.8719997406006,17.3999996185303,16.7999992370605,17.1219997406006,17262500,16.8415012359619
17.1180000305176,17.4599990844727,16.9519996643066,17.4340000152588,9404500,17.1483898162842
17.4799995422363,17.8799991607666,17.2339992523193,17.7940006256104,8422500,17.5024929046631
17.8020000457764,17.8500003814697,17.3640003204346,17.6380004882812,7669500,17.3490467071533
17.4400005340576,17.6060009002686,17.2999992370605,17.3999996185303,6191000,17.1149444580078
17.2980003356934,17.3899993896484,16.8279991149902,16.9160003662109,6728500,16.6388740539551
16.9680004119873,17.3279991149902,16.9179992675781,17.238000869751,6595000,16.9555988311768
17.3579998016357,17.4799995422363,16.92799949646,17.3360004425049,5923000,17.0519924163818
17.3139991760254,17.3379993438721,16.8479995727539,17.1480007171631,4728000,16.8670749664307
17.1499996185303,17.1940002441406,16.6660003662109,16.8479995727539,6527500,16.5719890594482
16.7679996490479,17.1700000762939,16.4440002441406,16.6040000915527,6358000,16.3319873809814
16.681999206543,16.818000793457,16.4659996032715,16.818000793457,7278000,16.54248046875
16.8199996948242,17.4400005340576,16.5319995880127,17.2399997711182,10145000,16.9575672149658
17.3519992828369,17.8980007171631,17.2000007629395,17.8419990539551,10386000,17.5497035980225
17.8500003814697,17.8999996185303,17.6019992828369,17.7119998931885,5307000,17.4218330383301
17.8579998016357,17.9500007629395,17.4759998321533,17.7719993591309,5462000,17.4808502197266
17.7800006866455,18.1079998016357,17.5240001678467,17.7800006866455,5669000,17.4887237548828
17.7399997711182,17.9899997711182,17.3759994506836,17.818000793457,4590500,17.5260982513428
17.9300003051758,18.1000003814697,17.6979999542236,17.8899993896484,4641000,17.5969181060791
18.0200004577637,18.2639999389648,17.6499996185303,17.7999992370605,13722000,17.5083923339844
17.8999996185303,18.1060009002686,17.5599994659424,17.5879993438721,9352500,17.2998638153076
17.5419998168945,17.6399993896484,17.2099990844727,17.5939998626709,8097000,17.3057670593262
17.5939998626709,17.5939998626709,16.8159999847412,17.3479995727539,10336000,17.0637969970703
17.4139995574951,17.423999786377,16.7099990844727,16.8700008392334,9246000,16.5936298370361
16.8700008392334,17.2000007629395,16.6000003814697,16.9559993743896,10294500,16.6782188415527
16.9479999542236,17.1480007171631,16.7600002288818,17.1019992828369,4720000,16.8218269348145
17.1019992828369,17.1040000915527,16.6520004272461,16.8579998016357,5133000,16.5818252563477
16.9559993743896,16.9860000610352,16.6280002593994,16.7999992370605,4317000,16.5247745513916
16.7999992370605,16.8120002746582,16.246000289917,16.6359996795654,8432500,16.3634624481201
16.4720001220703,16.9039993286133,16.4300003051758,16.67799949646,10606500,16.4047737121582
16.6760005950928,16.7919998168945,16.4599990844727,16.7600002288818,7246000,16.4854297637939
16.7719993591309,17.1660003662109,16.4479999542236,17.0020008087158,12012000,16.7234668731689
17.0020008087158,17.4060001373291,16.7840003967285,17.2919998168945,6798000,17.0087146759033
17.2740001678467,17.3040008544922,16.9220008850098,17.2800006866455,6518000,16.9969100952148
17.2040004730225,17.261999130249,17.003999710083,17.2000007629395,5819500,16.9182224273682
17.2759990692139,17.5459995269775,17.2000007629395,17.4619998931885,8527500,17.175931930542
17.4619998931885,17.568000793457,16.8400001525879,16.9780006408691,6078000,16.6998615264893
17.0200004577637,17.181999206543,16.7199993133545,17.1760005950928,6202500,16.8946170806885
17.1700000762939,17.3500003814697,16.9099998474121,17.2280006408691,8958000,16.945764541626
17.1919994354248,17.3080005645752,16.9839992523193,17.3080005645752,6685000,17.0244522094727
17.4799995422363,17.4799995422363,16.9400005340576,17.1599998474121,8503000,16.8788776397705
17.1700000762939,17.2639999389648,17.0100002288818,17.2000007629395,5948000,16.9182224273682
17.2119998931885,17.3579998016357,17.0480003356934,17.2199993133545,3871000,16.937894821167
17.1919994354248,17.1919994354248,16.9020004272461,17.1399993896484,3828000,16.859203338623
17.2000007629395,17.3959999084473,16.9419994354248,17.25,12086500,16.9674034118652
17.0599994659424,17.6219997406006,17.0400009155273,17.2399997711182,7435000,16.9575672149658
17.2360000610352,17.4160003662109,17.07200050354,17.3099994659424,4327500,17.0264205932617
17.2600002288818,17.7399997711182,17.2360000610352,17.6100006103516,6446000,17.3215065002441
17.7600002288818,17.9260005950928,17.4899997711182,17.5419998168945,5548000,17.2546195983887
17.5419998168945,17.6900005340576,17.246000289917,17.2560005187988,3746000,16.9733047485352
17.3519992828369,17.6959991455078,17.3320007324219,17.488000869751,7965000,17.2015056610107
17.3980007171631,17.6200008392334,17.2080001831055,17.4699993133545,7763500,17.1837997436523
17.4699993133545,17.5359992980957,17.2660007476807,17.3199996948242,3835500,17.0362548828125
17.326000213623,17.4099998474121,17.2199993133545,17.4099998474121,4032000,17.1247825622559
17.3999996185303,17.4979991912842,17.25,17.4599990844727,2829500,17.1739616394043
17.4599990844727,17.5499992370605,17.3719997406006,17.5,4154500,17.2133083343506
17.57200050354,18.0599994659424,17.3719997406006,18.0400009155273,9987000,17.7444610595703
17.9839992523193,18.1480007171631,17.7000007629395,17.7999992370605,6666500,17.5083923339844
18.2000007629395,18.2320003509521,17.2280006408691,17.6159992218018,14614500,17.3274059295654
17.6000003814697,17.6000003814697,17.07200050354,17.4400005340576,12625000,17.1542930603027
17.4400005340576,17.5520000457764,17.1079998016357,17.3360004425049,16469000,17.0519924163818
17.5,17.6639995574951,17.1639995574951,17.3320007324219,8100500,17.0480613708496
17.4979991912842,17.4979991912842,17.0580005645752,17.3400001525879,5450500,17.0559272766113
17.2900009155273,17.6560001373291,17.1499996185303,17.4160003662109,6533500,17.1306858062744
17.4060001373291,17.7679996490479,17.2819995880127,17.3999996185303,13427000,17.1149444580078
17.4459991455078,17.6060009002686,17.17799949646,17.5599994659424,15424500,17.2723236083984
17.431999206543,18.2080001831055,17.431999206543,18.1679992675781,10558500,17.870361328125
18.0659999847412,18.5300006866455,17.9440002441406,18.4099998474121,10281500,18.1083984375
18.4400005340576,18.4400005340576,18.0400009155273,18.0520000457764,6265000,17.7562637329102
17.8199996948242,18.0900001525879,17.5,17.75,14059400,17.4592113494873
17.6499996185303,18.1200008392334,17.3400001525879,17.7399997711182,5547600,17.4493751525879
17.6900005340576,17.8799991607666,17.0699996948242,17.25,7814500,16.9674034118652
16.9599990844727,17.2000007629395,16.4699993133545,16.9599990844727,9967800,16.6821556091309
16.9599990844727,17.1000003814697,16.4099998474121,16.6599998474121,10736900,16.3870697021484
16.4799995422363,17.7000007629395,16.3400001525879,17.4799995422363,14455000,17.1936359405518
17.3500003814697,18.2700004577637,17.1800003051758,17.7800006866455,9513400,17.4887237548828
17.8099994659424,18.0100002288818,17.3299999237061,17.5100002288818,5050600,17.22314453125
17.6100006103516,17.8899993896484,17.4799995422363,17.7399997711182,4198100,17.4493751525879
17.8600006103516,18.0400009155273,17.6100006103516,17.8500003814697,4269900,17.5575752258301
17.7600002288818,17.8400001525879,17.3700008392334,17.3700008392334,4969900,17.0854396820068
17.3700008392334,17.5400009155273,17.2000007629395,17.3999996185303,5662600,17.1149444580078
17.2800006866455,17.6200008392334,16.9599990844727,17.1599998474121,16747200,16.8788776397705
17.1800003051758,17.4500007629395,16.8099994659424,16.8099994659424,8477100,16.534610748291
17.1000003814697,17.6000003814697,16.6700000762939,17.0300006866455,7651500,16.7510089874268
16.9599990844727,17.8700008392334,16.8899993896484,17.5400009155273,17566400,17.2526531219482
17.7299995422363,18.2099990844727,17.5100002288818,18.1599998474121,19565300,17.8624935150146
18.1499996185303,18.5300006866455,17.8799991607666,18.3500003814697,6471000,18.0493850708008
18.3500003814697,18.4099998474121,17.6700000762939,17.9099998474121,11069100,17.6165904998779
17.9099998474121,18.2999992370605,17.75,18.2000007629395,12544000,17.9018402099609
18.1800003051758,18.4699993133545,17.8500003814697,18.1800003051758,19125200,17.8821678161621
18.4400005340576,18.8500003814697,18.3500003814697,18.6700000762939,17075500,18.3641414642334
18.7000007629395,19.0400009155273,18.25,18.3299999237061,6594500,18.0297088623047
18.3199996948242,18.7000007629395,18.1200008392334,18.5900001525879,8756500,18.2854499816895
18.5900001525879,19.2299995422363,18.5900001525879,19.1599998474121,17281800,18.8461112976074
19.1800003051758,19.3500003814697,19,19,23104900,18.6887340545654
18.9099998474121,19.0100002288818,18.5,18.8199996948242,15522000,18.511682510376
18.9500007629395,19.6599998474121,18.7000007629395,19.4899997711182,17756900,19.1707077026367
19.5300006866455,19.6000003814697,19.1100006103516,19.2900009155273,5973600,18.9739837646484
19.2399997711182,19.4400005340576,18.9599990844727,19.1900005340576,20822300,18.8756237030029
19.0200004577637,19.1599998474121,18.75,18.9799995422363,18657800,18.669059753418
18.8999996185303,19.3700008392334,18.7099990844727,19.25,7788100,18.9346370697021
19.1299991607666,19.1900005340576,18.8999996185303,19.1800003051758,11310100,18.8657855987549
19.1900005340576,19.3299999237061,18.8500003814697,18.9699993133545,10203400,18.6592235565186
19.2000007629395,19.5400009155273,18.9300003051758,19.0400009155273,10293000,18.7280788421631
19.0900001525879,19.4699993133545,18.8899993896484,19.3600006103516,5841800,19.0428371429443
19.2900009155273,19.3999996185303,18.9599990844727,19.3199996948242,9789400,19.003490447998
19.2399997711182,19.3999996185303,18.9300003051758,19.2199993133545,8000200,18.9051284790039
18.9599990844727,19.5,18.8999996185303,19.1200008392334,10611600,18.8529033660889
19.1200008392334,19.2199993133545,18.8299999237061,18.9200000762939,7169200,18.6556949615479
18.8999996185303,19.1800003051758,18.1700000762939,18.2999992370605,14612800,18.0443572998047
18.2299995422363,18.3400001525879,17.2399997711182,17.3999996185303,31512800,17.1569290161133
17.3999996185303,18.2099990844727,17.3999996185303,17.9200000762939,10150700,17.6696662902832
17.75,17.9400005340576,17.3799991607666,17.8600006103516,10051300,17.6105041503906
16.7000007629395,17.7199993133545,16.6000003814697,17.5400009155273,78021300,17.2949752807617
17.3600006103516,17.4500007629395,16.8500003814697,16.9599990844727,13070300,16.7230758666992
16.7999992370605,16.8199996948242,16.3600006103516,16.5499992370605,17605400,16.3188037872314
16.6800003051758,16.9699993133545,16.4400005340576,16.7299995422363,11472200,16.4962902069092
16.5499992370605,16.9699993133545,16.0300006866455,16.4300003051758,11995800,16.2004814147949
16.1100006103516,16.3700008392334,15.4499998092651,16.1100006103516,24678500,15.8849515914917
16.1100006103516,16.3899993896484,15.8400001525879,16.1299991607666,20484500,15.9046697616577
16.1000003814697,16.1599998474121,15.710000038147,15.9499998092651,7090300,15.7271862030029
16.1000003814697,16.1000003814697,15.5,15.6400003433228,9783700,15.421516418457
15.7200002670288,15.8400001525879,15.3800001144409,15.6499996185303,8208600,15.4313764572144
15.6999998092651,15.9200000762939,15.1800003051758,15.289999961853,13706000,15.0764055252075
15.4499998092651,15.460000038147,14.8599996566772,14.9799995422363,10277500,14.7707357406616
14.8000001907349,15.5600004196167,14.7299995422363,15.4300003051758,21906500,15.2144498825073
15.3800001144409,15.4200000762939,14.9700002670288,15.1999998092651,4262500,14.987663269043
15.2200002670288,15.3999996185303,14.8299999237061,15.2399997711182,8161700,15.0271043777466
15.0600004196167,15.5900001525879,14.9499998092651,15.4200000762939,8290300,15.20458984375
15.4899997711182,15.789999961853,15.3500003814697,15.5,6124400,15.2834720611572
15.5299997329712,16.1000003814697,15.3999996185303,15.9700002670288,10223900,15.7469072341919
16.1499996185303,16.2399997711182,15.7799997329712,15.8999996185303,5555700,15.6778841018677
15.789999961853,15.9399995803833,15.5100002288818,15.5299997329712,7831400,15.3130521774292
15.5,15.5500001907349,14.6499996185303,14.8400001525879,11424100,14.6326923370361
15.0900001525879,15.0900001525879,14.1199998855591,14.2600002288818,10535200,14.0607948303223
14.289999961853,14.3299999237061,13.75,13.9799995422363,21252300,13.7847051620483
13.9700002670288,14.3800001144409,13.8999996185303,14.0799999237061,11060800,13.8833093643188
14.1499996185303,14.1999998092651,13.7299995422363,13.789999961853,12046100,13.5973606109619
13.8500003814697,14.039999961853,13.6000003814697,13.8599996566772,3755200,13.6663818359375
13.6999998092651,14.0100002288818,13.5799999237061,13.7200002670288,5705900,13.528338432312
13.7399997711182,13.8900003433228,13.4899997711182,13.8500003814697,5547700,13.6565227508545
13.539999961853,13.6300001144409,13.2299995422363,13.3599996566772,6311300,13.1733665466309
13.4799995422363,13.7200002670288,13,13.0500001907349,13464500,12.8676977157593
12.960000038147,13.0200004577637,12.3900003433228,12.75,16793700,12.5718879699707
12.8699998855591,12.9499998092651,12.3599996566772,12.4700002670288,5991300,12.2958002090454
12.710000038147,12.710000038147,12.2600002288818,12.4499998092651,7306700,12.2760791778564
12.5500001907349,13.3400001525879,12.5100002288818,13.3000001907349,16852000,13.1142053604126
13.4300003051758,13.8999996185303,13.3699998855591,13.75,6605800,13.557918548584
14.1999998092651,14.3999996185303,14.0299997329712,14.0500001907349,14090400,13.8537282943726
14.0500001907349,14.6800003051758,13.8900003433228,14.3900003433228,14295000,14.1889781951904
14.3800001144409,14.3800001144409,14.0600004196167,14.2200002670288,9843600,14.0213537216187
14.3800001144409,14.8500003814697,14.3800001144409,14.5600004196167,8247400,14.3566045761108
14.6099996566772,14.7799997329712,14.3000001907349,14.3800001144409,11783000,14.1791181564331
14.5299997329712,14.8000001907349,14.1999998092651,14.3999996185303,6761100,14.1988382339478
14.5699996948242,14.710000038147,14.3699998855591,14.6899995803833,6373000,14.4847869873047
14.8699998855591,14.9499998092651,14.4700002670288,14.539999961853,5287600,14.3368825912476
14.4899997711182,14.6599998474121,14.2799997329712,14.460000038147,8250000,14.2580003738403
14.460000038147,14.5100002288818,13.9099998474121,14.1000003814697,6680500,13.9030303955078
14.1099996566772,14.3000001907349,13.9899997711182,14.25,4083800,14.0509338378906
14.2200002670288,14.3000001907349,13.9099998474121,14.1599998474121,6990400,13.9621906280518
14.039999961853,14.289999961853,13.9399995803833,14.0900001525879,4198000,13.8931694030762
14.0900001525879,14.1899995803833,13.5,13.6400003433228,14666400,13.4494552612305
13.7299995422363,13.7299995422363,12.8900003433228,13.1000003814697,22962600,12.9169998168945
13.1000003814697,13.1199998855591,12.8199996948242,12.8400001525879,10451000,12.6606311798096
12.8999996185303,13.0799999237061,12.8199996948242,12.960000038147,5913100,12.7789545059204
13.0799999237061,13.0799999237061,12.3999996185303,12.7200002670288,16124600,12.5423078536987
12.7700004577637,12.8199996948242,12.4499998092651,12.7200002670288,9389900,12.5423078536987
12.6800003051758,12.6999998092651,11.9399995803833,11.9899997711182,11220000,11.8225049972534
12.1000003814697,12.1599998474121,11.539999961853,11.5900001525879,15779400,11.428092956543
11.5200004577637,11.6300001144409,11.210000038147,11.3599996566772,11641900,11.2013053894043
11.2600002288818,11.3599996566772,11.0299997329712,11.3000001907349,8755800,11.142144203186
11.1999998092651,11.4700002670288,11.1599998474121,11.4499998092651,6045500,11.2900485992432
11.4499998092651,11.8100004196167,11.3100004196167,11.8000001907349,7862000,11.6351594924927
11.8000001907349,12.1099996566772,11.6700000762939,12.0200004577637,9668300,11.852087020874
11.9399995803833,12.1999998092651,11.9200000762939,12.1300001144409,7586600,11.9605493545532
12.1300001144409,12.1499996185303,11.9399995803833,12.0100002288818,4569300,11.8422269821167
12.0100002288818,12.0299997329712,11.8199996948242,11.9200000762939,7771300,11.7534837722778
11.9499998092651,12.2399997711182,11.9499998092651,12.0299997329712,5074700,11.861946105957
12.1000003814697,12.2399997711182,11.8900003433228,11.9499998092651,7365800,11.7830638885498
11.8999996185303,12.1700000762939,11.7399997711182,12.0200004577637,8537100,11.852087020874
12,12.1800003051758,11.8500003814697,12.039999961853,6551900,11.8718070983887
11.960000038147,12.4399995803833,11.4899997711182,12.3000001907349,40426700,12.1281747817993
12.3599996566772,12.7799997329712,12.2799997329712,12.2799997329712,11052300,12.1084537506104
12.4099998474121,12.6999998092651,12.210000038147,12.5500001907349,13761300,12.3746824264526
12.5,12.6000003814697,11.9899997711182,12.3800001144409,14924100,12.2070569992065
12.3599996566772,12.6899995803833,12.3100004196167,12.5299997329712,12073700,12.3549613952637
12.4899997711182,12.6599998474121,12.3800001144409,12.5799999237061,5991900,12.4042634963989
12.5799999237061,12.8500003814697,12.3599996566772,12.5,9442200,12.3253803253174
12.6000003814697,12.7799997329712,12.4499998092651,12.5,8796800,12.3253803253174
12.4700002670288,12.8999996185303,12.1000003814697,12.8999996185303,17676100,12.7197933197021
12.8699998855591,13.1899995803833,12.7700004577637,12.7700004577637,7212000,12.5916090011597
12.710000038147,12.7700004577637,12.3800001144409,12.5100002288818,8002100,12.335241317749
12.5100002288818,12.8599996566772,12.4700002670288,12.6099996566772,9060800,12.4338436126709
12.5100002288818,12.8699998855591,12.4399995803833,12.6800003051758,4310600,12.5028667449951
12.75,12.7799997329712,12.289999961853,12.3400001525879,7316000,12.1676158905029
12.3400001525879,12.5299997329712,12.1800003051758,12.3299999237061,5445000,12.1577558517456
12.4799995422363,12.5100002288818,12.0699996948242,12.1800003051758,11329100,12.0098514556885
12.1999998092651,13.2299995422363,12.1000003814697,13.0500001907349,21489000,12.8676977157593
13.039999961853,13.5500001907349,13.039999961853,13.25,10362100,13.0649032592773
13.3999996185303,13.4300003051758,12.6999998092651,12.6999998092651,11604500,12.5225868225098
12.6999998092651,12.8500003814697,12.2700004577637,12.460000038147,4718800,12.2859392166138
12.710000038147,13.2200002670288,12.6499996185303,13.1000003814697,15416600,12.9169998168945
13.1000003814697,13.4700002670288,13.1000003814697,13.3299999237061,5598100,13.1437864303589
12.9899997711182,13.6499996185303,12.7799997329712,13.539999961853,6603100,13.3508529663086
13.4300003051758,13.75,13.3199996948242,13.460000038147,8089600,13.2719697952271
13.460000038147,13.5600004196167,13.2299995422363,13.2700004577637,4196000,13.0846242904663
13.3999996185303,13.5600004196167,12.9099998474121,13.1499996185303,12631200,12.9663000106812
13.2299995422363,13.2299995422363,12.6999998092651,12.710000038147,6563400,12.5324468612671
12.6499996185303,12.7399997711182,12.2299995422363,12.2799997329712,12255900,12.1084537506104
12.289999961853,12.5500001907349,12.0600004196167,12.3000001907349,10151100,12.1281747817993
12.4499998092651,13.6400003433228,12.3000001907349,13.3999996185303,14771600,13.2128076553345
13.2600002288818,13.6300001144409,12.8100004196167,13.3100004196167,9185900,13.1240663528442
13.5299997329712,13.5299997329712,12.7700004577637,12.9799995422363,7293900,12.7986745834351
13.0100002288818,13.3400001525879,12.960000038147,13.1000003814697,4274300,12.9169998168945
12.8699998855591,13.5,12.8699998855591,13.4200000762939,8181800,13.2325296401978
13.5100002288818,13.6999998092651,13.3299999237061,13.6000003814697,7731200,13.4100151062012
13.6999998092651,13.8599996566772,13.4700002670288,13.7299995422363,6159800,13.538197517395
13.6499996185303,14.4200000762939,13.5900001525879,14.2200002670288,10366600,14.0213537216187
14.2200002670288,14.2600002288818,13.8000001907349,14.1899995803833,3916100,13.991771697998
14.3000001907349,14.9300003051758,14.2600002288818,14.7399997711182,13737200,14.5340890884399
14.6800003051758,15.2700004577637,14.5200004577637,15.0500001907349,8813400,14.8397579193115
15.0600004196167,15.4300003051758,15.0200004577637,15.3100004196167,7986800,15.0961265563965
15.3999996185303,15.9499998092651,15.3199996948242,15.8400001525879,8426200,15.6187229156494
15.8999996185303,16.5100002288818,15.6700000762939,16.2399997711182,14496800,16.0131340026855
16.4599990844727,16.6700000762939,16.1499996185303,16.2199993133545,7323700,15.9934139251709
16.2399997711182,16.5599994659424,16.1100006103516,16.1700000762939,8944100,15.9441118240356
16.1399993896484,16.5499992370605,16.1399993896484,16.2900009155273,17319900,16.0624370574951
16.4500007629395,16.7199993133545,16.1900005340576,16.4799995422363,8302400,16.2497825622559
16.4899997711182,16.6000003814697,16.25,16.2900009155273,2672100,16.0624370574951
16.2999992370605,16.3799991607666,16.0699996948242,16.1700000762939,10716200,15.9441118240356
16.1000003814697,16.4300003051758,15.8400001525879,16.2900009155273,10924400,16.0624370574951
16.0799999237061,16.25,15.960000038147,16.1000003814697,6566700,15.8750905990601
16.0400009155273,16.2999992370605,15.7700004577637,16.1200008392334,3069100,15.8948125839233
16.1000003814697,16.2099990844727,15.9200000762939,16,10289300,15.7764873504639
16.2000007629395,16.5599994659424,16.1100006103516,16.4500007629395,9798400,16.2202014923096
16.5200004577637,16.7700004577637,16.4200000762939,16.5,7212700,16.2695026397705
16.4500007629395,16.5300006866455,16.2000007629395,16.3700008392334,4607000,16.1413192749023
16.2900009155273,16.3999996185303,16.0300006866455,16.0300006866455,3539900,15.8060684204102
16.0400009155273,16.5100002288818,15.8900003433228,16.3400001525879,7756800,16.1117382049561
16.4799995422363,17.0900001525879,16.4500007629395,16.5900001525879,12326800,16.3582458496094
16.4799995422363,16.4799995422363,15.8500003814697,16.0300006866455,8878800,15.8060684204102
15.9899997711182,16.1800003051758,15.710000038147,16.0100002288818,6454900,15.7863483428955
15.9200000762939,16.0200004577637,15.7200002670288,15.8299999237061,9387600,15.6088628768921
16,16.2000007629395,15.6599998474121,15.8900003433228,7959000,15.6680240631104
16.0400009155273,16.1000003814697,15.5299997329712,15.5299997329712,5384600,15.3130521774292
15.6400003433228,15.710000038147,15.2799997329712,15.2799997329712,7651000,15.1888360977173
15.1000003814697,15.539999961853,14.9899997711182,15.25,5536000,15.1590156555176
15.2600002288818,15.4200000762939,15.0299997329712,15.1800003051758,5388000,15.0894336700439
14.9799995422363,15.5200004577637,14.8000001907349,15.3599996566772,5127000,15.2683591842651
15.1000003814697,15.3100004196167,14.8699998855591,15.0200004577637,6151000,14.9303884506226
15,15.0699996948242,14.5900001525879,14.6899995803833,6832100,14.6023559570312
14.5799999237061,14.8699998855591,14.4499998092651,14.7600002288818,11844800,14.6719398498535
14.7600002288818,15.539999961853,14.6800003051758,15.2700004577637,13119700,15.1788969039917
15,15.3500003814697,14.9499998092651,15.1599998474121,6181500,15.0695524215698
14.9700002670288,15.6499996185303,14.9700002670288,15.2399997711182,8258700,15.1490755081177
15.2799997329712,15.6700000762939,15.1800003051758,15.4799995422363,5016200,15.3876428604126
15.5,15.5,15.1999998092651,15.3699998855591,6824600,15.278299331665
15.4099998474121,15.8500003814697,15.4099998474121,15.8299999237061,7407200,15.7355556488037
15.8100004196167,15.8299999237061,15.3800001144409,15.3999996185303,6842800,15.3081207275391
15.4899997711182,15.5200004577637,15.2200002670288,15.4499998092651,6219800,15.3578224182129
15.6000003814697,16.0799999237061,15.5,15.960000038147,8142900,15.8647794723511
16.1200008392334,16.2299995422363,15.75,15.8699998855591,8474400,15.7753162384033
15.7700004577637,15.9300003051758,15.5699996948242,15.8999996185303,5652100,15.8051376342773
15.7399997711182,16.0300006866455,15.5100002288818,15.7200002670288,8129200,15.6262121200562
15.6499996185303,16.2000007629395,15.6099996566772,16.0900001525879,6641000,15.9940042495728
16.0200004577637,16.1000003814697,15.710000038147,15.8000001907349,3408100,15.7057342529297
15.8100004196167,16.0799999237061,15.7399997711182,15.8500003814697,1706700,15.7554368972778
15.8800001144409,15.9799995422363,15.6300001144409,15.8400001525879,5708500,15.7454957962036
15.9799995422363,16.1299991607666,15.289999961853,15.4200000762939,6096700,15.3280019760132
15.6400003433228,16,15.4499998092651,15.8900003433228,5285700,15.7951974868774
15.75,15.8100004196167,15.3500003814697,15.4499998092651,4184100,15.3578224182129
15.5900001525879,15.710000038147,15.4099998474121,15.4700002670288,2626600,15.377703666687
15.3900003433228,15.8999996185303,15.2600002288818,15.6999998092651,7316900,15.606330871582
15.5799999237061,16.3400001525879,15.5600004196167,15.9399995803833,10420600,15.844898223877
15.9700002670288,16.0900001525879,15.3299999237061,15.6000003814697,9688900,15.5069284439087
15.4200000762939,15.5900001525879,14.7700004577637,15.039999961853,15101900,14.9502687454224
14.8000001907349,14.8999996185303,14.4200000762939,14.5699996948242,9104400,14.4830722808838
14.5500001907349,14.75,14.3699998855591,14.5900001525879,10130900,14.5029535293579
14.8900003433228,15.6400003433228,14.8000001907349,15.4799995422363,25461900,15.3876428604126
15.1899995803833,15.7600002288818,15.1199998855591,15.5100002288818,14099900,15.4174652099609
15.6700000762939,16.0900001525879,15.3999996185303,15.8999996185303,7611300,15.8051376342773
15.960000038147,16.2399997711182,15.3800001144409,15.4099998474121,9398400,15.318060874939
15.2399997711182,15.710000038147,14.8699998855591,14.9899997711182,8791300,14.9005670547485
14.9399995803833,15.4700002670288,14.9399995803833,15.2799997329712,3851900,15.1888360977173
15.4300003051758,15.4300003051758,14.8000001907349,14.9700002670288,5803600,14.8806867599487
15.0299997329712,15.0500001907349,14.6400003433228,14.6999998092651,8041800,14.6122970581055
14.7799997329712,15.039999961853,14.5,14.6199998855591,7081400,14.5327739715576
14.7200002670288,14.7200002670288,14.1099996566772,14.3800001144409,8408900,14.2942066192627
14.1000003814697,14.4099998474121,13.8500003814697,14.2700004577637,10650900,14.1848630905151
14.1599998474121,14.8299999237061,14.0600004196167,14.6000003814697,10271400,14.5128946304321
14.4899997711182,14.6800003051758,14.289999961853,14.3999996185303,1980900,14.3140869140625
14.1899995803833,14.7299995422363,13.9799995422363,14.710000038147,7354200,14.6222372055054
14.5,15.1899995803833,14.4499998092651,14.8999996185303,11107300,14.8111038208008
15.0500001907349,15.5200004577637,15.0200004577637,15.1300001144409,6763400,15.0397319793701
15.3000001907349,15.3900003433228,14.960000038147,15.2799997329712,3792400,15.1888360977173
15.1300001144409,15.460000038147,15.0799999237061,15.3500003814697,3654100,15.2584199905396
15.3599996566772,15.539999961853,15.1499996185303,15.2399997711182,4929100,15.1490755081177
15.1400003433228,15.5900001525879,14.9899997711182,15.3400001525879,3964800,15.2484788894653
15.0799999237061,15.5699996948242,15.0699996948242,15.3199996948242,8175300,15.2285976409912
15.3999996185303,15.7399997711182,15.1199998855591,15.5799999237061,3973400,15.4870471954346
15.6499996185303,15.7700004577637,15.3699998855591,15.4399995803833,3805700,15.3478813171387
15.4799995422363,15.6800003051758,15.2799997329712,15.4899997711182,3342100,15.3975839614868
15.460000038147,15.6800003051758,15.1300001144409,15.3900003433228,5599700,15.2981805801392
15.3100004196167,15.5200004577637,15.1599998474121,15.4099998474121,4662200,15.318060874939
15.4099998474121,15.7200002670288,15.3500003814697,15.6499996185303,3071000,15.5566291809082
15.789999961853,16.0200004577637,15.4799995422363,15.5,6226600,15.4075241088867
15.3900003433228,15.6099996566772,15.3299999237061,15.5200004577637,3874000,15.4274053573608
15.6199998855591,16.5400009155273,15.6099996566772,16.3600006103516,22102600,16.262393951416
16.5200004577637,16.75,15.8999996185303,16.1900005340576,25902000,16.0934085845947
16.1900005340576,16.2600002288818,15.8500003814697,15.8500003814697,15825800,15.7554368972778
15.5299997329712,15.9899997711182,15.4200000762939,15.6300001144409,9649400,15.5367488861084
15.6199998855591,15.789999961853,15.3699998855591,15.6700000762939,7865200,15.5765104293823
15.6999998092651,16.6100006103516,15.6400003433228,16.5599994659424,9465300,16.4611988067627
16.6299991607666,17.0499992370605,16.5300006866455,16.8299999237061,10048700,16.7295894622803
16.8799991607666,17.2000007629395,16.7199993133545,17.0300006866455,6244900,16.9283962249756
17.1599998474121,17.5300006866455,16.8799991607666,17.3199996948242,10381400,17.2166652679443
17.2900009155273,17.5200004577637,17.1399993896484,17.25,6314800,17.1470832824707
17.8199996948242,17.8600006103516,17.3700008392334,17.5400009155273,6533000,17.4353542327881
17.5599994659424,18,17.5100002288818,17.6399993896484,8667500,17.5347557067871
17.8199996948242,18.3199996948242,17.7099990844727,18,11729000,17.8926086425781
17.8600006103516,18.3400001525879,17.7099990844727,18.2000007629395,7999500,18.0914154052734
18.1900005340576,18.2999992370605,17.8500003814697,18.0900001525879,4828900,17.9820728302002
17.9699993133545,18.1900005340576,17.8199996948242,17.9300003051758,8548600,17.8230266571045
18,18.2600002288818,17.9500007629395,18.1200008392334,13968800,18.0118942260742
18.1200008392334,18.2399997711182,17.7199993133545,17.7800006866455,7571900,17.673921585083
17.6299991607666,18.1200008392334,17.4599990844727,18.0200004577637,10077700,17.9124908447266
18.1599998474121,18.4699993133545,17.7600002288818,17.8600006103516,12142000,17.7534446716309
17.7999992370605,17.9200000762939,17.6399993896484,17.7999992370605,5807100,17.6938018798828
17.8500003814697,17.9799995422363,17.6299991607666,17.9500007629395,6074000,17.8429069519043
17.9599990844727,18.0799999237061,17.7600002288818,17.9500007629395,3647900,17.8429069519043
17.9500007629395,18.6700000762939,17.8500003814697,18.3600006103516,7263100,18.2504615783691
18.3600006103516,18.6399993896484,18.2199993133545,18.2999992370605,6440300,18.1908187866211
18.4200000762939,18.6700000762939,18.1800003051758,18.3899993896484,9759800,18.2802810668945
18.4899997711182,18.9400005340576,18.3899993896484,18.7700004577637,12942800,18.658016204834
18.8999996185303,19.25,18.6399993896484,18.8999996185303,12423600,18.787239074707
19.0900001525879,19.6299991607666,18.8099994659424,19.4500007629395,11861400,19.3339576721191
19.3999996185303,19.5499992370605,19.0300006866455,19.4699993133545,7863100,19.3538379669189
19.6299991607666,19.6700000762939,19.0400009155273,19.1000003814697,6653400,18.9860458374023
19.1800003051758,19.3299999237061,18.7700004577637,18.8500003814697,8752700,18.7375373840332
18.9500007629395,19.0799999237061,18.3799991607666,18.4599990844727,10149200,18.3498630523682
18.3199996948242,18.5200004577637,17.9799995422363,18.1499996185303,10161300,18.0417137145996
18.1100006103516,18.5499992370605,18.0300006866455,18.3799991607666,7347400,18.2703399658203
18.3700008392334,18.5200004577637,18.1499996185303,18.2900009155273,7203900,18.1808795928955
18.1599998474121,18.2900009155273,17.7099990844727,17.8999996185303,10140200,17.7932052612305
17.7999992370605,18.25,17.7999992370605,18.1299991607666,7719100,18.0218315124512
18.2199993133545,18.5100002288818,18.1000003814697,18.2700004577637,8039000,18.1609992980957
18.2999992370605,18.6399993896484,18.2099990844727,18.2999992370605,11282800,18.1908187866211
18.3400001525879,18.5599994659424,17.5900001525879,18.0200004577637,12903600,17.9124908447266
17.7600002288818,18.0900001525879,17.6100006103516,17.7900009155273,12048200,17.6838626861572
17.5400009155273,17.8600006103516,17.3500003814697,17.7399997711182,7980700,17.6341590881348
17.9099998474121,18.1599998474121,17.5100002288818,17.7800006866455,9260100,17.673921585083
17.7900009155273,18.0200004577637,17.6200008392334,17.9500007629395,11092900,17.8429069519043
17.7700004577637,18.1200008392334,17.6000003814697,17.9500007629395,8404000,17.8429069519043
17.8999996185303,17.9400005340576,17.5,17.5499992370605,11790900,17.4452934265137
17.8999996185303,18.4899997711182,17.6100006103516,18.4300003051758,18011200,18.3200435638428
18.6700000762939,18.7600002288818,17.9899997711182,18.0799999237061,18594600,17.972131729126
18.0900001525879,18.4200000762939,17.7999992370605,18.1200008392334,8852300,18.0118942260742
18.2999992370605,18.3099994659424,17.9599990844727,18.1100006103516,6691000,18.001953125
18.1100006103516,18.3600006103516,17.9799995422363,18.1599998474121,11897600,18.0516548156738
18.4099998474121,18.8099994659424,18.25,18.7900009155273,7333800,18.6778964996338
18.8400001525879,19.2999992370605,18.5300006866455,19.0200004577637,12287200,18.9065246582031
18.8700008392334,19.7199993133545,18.6200008392334,19.4699993133545,20665700,19.3538379669189
19.5200004577637,19.6599998474121,18.9899997711182,19.0900001525879,11391600,18.9761066436768
19.2000007629395,19.7900009155273,19.0599994659424,19.7399997711182,20683400,19.6222267150879
19.8299999237061,19.8899993896484,17.9200000762939,17.9200000762939,33355700,17.8130855560303
18.1399993896484,18.6599998474121,17.9400005340576,18.3500003814697,27062400,18.2405204772949
18.4099998474121,18.7999992370605,17.8500003814697,18.0100002288818,15810900,17.9025497436523
18.2000007629395,18.9500007629395,18,18.6000003814697,27105700,18.4890289306641
18.6000003814697,19.0599994659424,18.2099990844727,18.6900005340576,16227000,18.5784931182861
18.6900005340576,18.6900005340576,17.4400005340576,17.6900005340576,27810400,17.5844593048096
17.6900005340576,17.7199993133545,16.9899997711182,17.0799999237061,12823000,16.9780979156494
16.75,18.4200000762939,16.6000003814697,18.1399993896484,30122400,18.0317726135254
18.0699996948242,18.9099998474121,17.9300003051758,18.8099994659424,12193800,18.697774887085
18.9899997711182,19.9799995422363,18.8199996948242,19.8199996948242,18379300,19.7017498016357
19.6000003814697,20.2299995422363,19.3799991607666,19.8899993896484,15316600,19.7713317871094
19.4099998474121,20.5,19.4099998474121,20.3700008392334,9732300,20.2484703063965
20.5699996948242,20.7399997711182,20.3500003814697,20.5499992370605,15655600,20.4273948669434
20.4400005340576,20.7000007629395,19.8700008392334,20.2600002288818,17754600,20.1391258239746
20,20.1900005340576,19.7999992370605,19.9599990844727,10214300,19.840913772583
19.8600006103516,20.8600006103516,19.8600006103516,20.3999996185303,19633400,20.2782897949219
20.3899993896484,20.3899993896484,19.1399993896484,19.5200004577637,13893700,19.4035415649414
19.6000003814697,19.6900005340576,18.7199993133545,19.3500003814697,19344200,19.2345542907715
19.5900001525879,19.9200000762939,19.1800003051758,19.6000003814697,8802100,19.4830627441406
19.7199993133545,19.9799995422363,19.1499996185303,19.6399993896484,21887300,19.5228233337402
19.3700008392334,19.6200008392334,18.7399997711182,19.5,10826800,19.383659362793
19.5,19.75,19.1499996185303,19.1499996185303,9969800,19.0357475280762
19.3099994659424,19.75,19.2900009155273,19.7099990844727,10461100,19.5924053192139
19.7999992370605,20.1299991607666,19.3299999237061,19.4699993133545,9653000,19.3538379669189
19.4099998474121,19.8700008392334,19.1700000762939,19.3500003814697,10423000,19.2345542907715
19.3799991607666,20,19.2900009155273,19.8099994659424,7241600,19.6918087005615
19.8899993896484,19.8899993896484,19.1200008392334,19.2099990844727,6509300,19.0953884124756
19.0499992370605,19.7700004577637,18.9099998474121,19.3199996948242,12132600,19.2047328948975
19.2399997711182,19.7099990844727,18.9899997711182,19.3999996185303,13403400,19.2842559814453
19,20.1200008392334,18.8500003814697,20.0499992370605,128079800,19.9303779602051
19.7999992370605,19.8099994659424,19.1200008392334,19.6800003051758,25518700,19.5625858306885
19.8400001525879,20.7299995422363,19.7399997711182,20.5400009155273,24428900,20.4174556732178
20.3500003814697,20.5100002288818,20.0300006866455,20.3799991607666,17246700,20.2584075927734
20.5,20.5699996948242,19.7000007629395,19.9599990844727,9745600,19.840913772583
19.8999996185303,20.2299995422363,19.5400009155273,20.1000003814697,7439200,19.9800796508789
19.7999992370605,19.8899993896484,19.1399993896484,19.3400001525879,15335300,19.2246150970459
19.2800006866455,19.4699993133545,18.9500007629395,19.2800006866455,14833900,19.1649723052979
19.1599998474121,19.3799991607666,18.5499992370605,18.9500007629395,10851800,18.8369407653809
19.2299995422363,19.2299995422363,18.5799999237061,18.6299991607666,13648600,18.5188484191895
18.5400009155273,19.1700000762939,18.3199996948242,19.0699996948242,10673700,18.9562244415283
18.7999992370605,19.4699993133545,18.7800006866455,19.1200008392334,15735500,19.0059280395508
19.0799999237061,19.4099998474121,18.2199993133545,18.7099990844727,14090800,18.5983715057373
18.8400001525879,19.6200008392334,18.8199996948242,19.5499992370605,7150400,19.4333610534668
19.6299991607666,20.4099998474121,19.5799999237061,20,10658900,19.8806762695312
20.0400009155273,20.4200000762939,19.7999992370605,20.1800003051758,13319200,20.0596027374268
20.2700004577637,20.2700004577637,19.7999992370605,20.1200008392334,7183700,19.9999618530273
20.2099990844727,20.7999992370605,19.7900009155273,20.0200004577637,9067600,19.9005584716797
19.7999992370605,20.0599994659424,19.5599994659424,19.9300003051758,2369600,19.8110942840576
20.0200004577637,20.1000003814697,19.1200008392334,19.2999992370605,8606100,19.1848526000977
19.3999996185303,19.6700000762939,18.9599990844727,19.4300003051758,8329700,19.3140773773193
19.5400009155273,19.6599998474121,19.2600002288818,19.4699993133545,7547800,19.3908233642578
19,19.1700000762939,18.5499992370605,18.9899997711182,4837200,18.9127750396729
18.9200000762939,19.0599994659424,18.3700008392334,18.6100006103516,7978600,18.5343208312988
18.8299999237061,19.2099990844727,18.5200004577637,19.0799999237061,9017200,19.0024089813232
19.2700004577637,19.4699993133545,18.75,18.9799995422363,6318600,18.9028148651123
19,19.5300006866455,18.8600006103516,19.0400009155273,4999100,18.962574005127
18.9500007629395,19.4500007629395,18.8600006103516,19.2299995422363,4878500,19.151798248291
18.9500007629395,19.3600006103516,18.7999992370605,19.2399997711182,7152400,19.1617584228516
19.1800003051758,19.8299999237061,19.0200004577637,19.7600002288818,7095500,19.6796436309814
19.7800006866455,20.4899997711182,19.5200004577637,20,10710500,19.9186687469482
19.9300003051758,20.3099994659424,19.6299991607666,19.9599990844727,6794900,19.8788299560547
19.8400001525879,20.2800006866455,19.8299999237061,20.0599994659424,4350100,19.9784240722656
20.1499996185303,20.1900005340576,19.7999992370605,20.0599994659424,5372600,19.9784240722656
20.2999992370605,20.6800003051758,20.1000003814697,20.4099998474121,9224700,20.3270015716553
20.2800006866455,20.3799991607666,19.9899997711182,20.1800003051758,6939700,20.097936630249
20.0900001525879,20.1399993896484,19.7199993133545,20,5910600,19.9186687469482
19.9799995422363,20.5,19.9500007629395,20.2700004577637,3499900,20.1875705718994
20.3799991607666,21.2000007629395,20.3700008392334,21.0499992370605,6625300,20.9643974304199
21.3199996948242,21.3600006103516,20.8500003814697,21.1100006103516,2807800,21.0241546630859
21.1100006103516,21.1700000762939,20.6800003051758,21,7475700,20.9146022796631
20.9400005340576,21.25,20.8299999237061,21.0200004577637,6872200,20.9345207214355
21.0900001525879,21.2399997711182,20.5699996948242,20.7800006866455,14094800,20.6954975128174
20.2999992370605,20.3600006103516,19.3500003814697,19.6499996185303,30363400,19.5700912475586
19.5300006866455,19.7800006866455,19.2800006866455,19.6299991607666,17126000,19.5501728057861
19.2800006866455,19.8899993896484,19.2199993133545,19.5200004577637,8708800,19.4406204223633
19.3700008392334,19.5,19.0200004577637,19.1200008392334,6859200,19.0422477722168
19.1200008392334,19.3400001525879,18.8999996185303,19.2199993133545,7136600,19.1418399810791
18.7800006866455,19.3600006103516,18.4200000762939,18.8500003814697,19883200,18.7733459472656
18.9500007629395,19.0599994659424,18.4099998474121,18.7600002288818,14424900,18.6837120056152
18.5599994659424,18.7000007629395,18.3299999237061,18.5200004577637,11653900,18.4446868896484
18.4400005340576,18.75,18.2600002288818,18.6299991607666,6326900,18.5542392730713
18.5599994659424,18.7900009155273,18.3999996185303,18.6700000762939,6817800,18.5940761566162
18.6700000762939,18.7700004577637,18.3500003814697,18.4500007629395,9612400,18.3749713897705
18.4500007629395,19.4500007629395,18.3999996185303,19.2199993133545,12677500,19.1418399810791
19.1000003814697,19.2199993133545,18.5300006866455,19.0100002288818,33990600,18.9326934814453
18.8999996185303,19.2999992370605,18.6599998474121,19.1200008392334,11362300,19.0422477722168
18.9899997711182,19.0900001525879,18.6800003051758,18.8299999237061,5044700,18.7534255981445
18.8299999237061,18.9300003051758,18.4899997711182,18.7700004577637,5103300,18.6936702728271
18.7600002288818,18.8199996948242,18.4699993133545,18.6900005340576,6522200,18.6139965057373
18.75,18.9099998474121,18.3099994659424,18.3899993896484,7297600,18.3152141571045
18.3799991607666,18.4599990844727,17.8600006103516,18.1399993896484,18187200,18.0662307739258
18.1399993896484,18.4200000762939,17.2800006866455,17.6399993896484,19714300,17.5682640075684
17.6399993896484,17.8400001525879,17.4500007629395,17.5,7002300,17.4288349151611
17.5300006866455,17.8500003814697,17.3299999237061,17.5300006866455,8320600,17.4587135314941
17.6599998474121,17.7600002288818,17.2399997711182,17.6499996185303,5910100,17.5782241821289
17.6800003051758,17.8500003814697,17.4599990844727,17.75,12726400,17.6778182983398
17.7099990844727,18.1399993896484,17.3799991607666,18.0400009155273,19181400,17.9666404724121
17.9899997711182,18.4500007629395,17.7999992370605,17.8700008392334,10746400,17.7973308563232
17.7299995422363,17.8199996948242,16.6900005340576,16.8700008392334,24597700,16.8013973236084
16.75,17.1100006103516,16.6000003814697,16.6900005340576,7318300,16.6221294403076
16.7600002288818,17,16.3700008392334,16.5599994659424,10544400,16.4926567077637
16.3600006103516,17.0300006866455,16.1700000762939,16.7399997711182,24755700,16.6719245910645
16.6100006103516,16.9200000762939,16.2099990844727,16.25,11501700,16.1839179992676
15.8999996185303,16.2000007629395,15.8199996948242,15.9200000762939,38654600,15.8552598953247
16,16.1599998474121,15.8699998855591,16.0499992370605,20828100,15.98473072052
16,16.3899993896484,15.9399995803833,16.1299991607666,48415400,16.0644054412842
15.9399995803833,16.0499992370605,15.0699996948242,15.210000038147,42950800,15.1481475830078
15.2799997329712,15.5600004196167,14.7700004577637,15.25,25394300,15.1879844665527
15.2799997329712,15.4899997711182,14.5200004577637,14.9499998092651,32819700,14.8892040252686
15.0100002288818,15.2600002288818,14.75,15.1800003051758,14200700,15.1182699203491
15.1000003814697,15.5299997329712,14.9300003051758,15.3599996566772,12984500,15.2975368499756
15.3800001144409,15.5,14.9399995803833,15.4300003051758,19793200,15.3672533035278
15.6999998092651,16.2999992370605,15.3599996566772,15.9700002670288,28286400,15.9050569534302
16.0900001525879,16.1700000762939,15.4399995803833,15.539999961853,26076900,15.4768047332764
15.5,15.5100002288818,14.75,14.7700004577637,17443100,14.7099370956421
14.8900003433228,15.1000003814697,14.5600004196167,14.6700000762939,12462300,14.6103429794312
14.7399997711182,14.8000001907349,13.3500003814697,13.9700002670288,36691200,13.9131898880005
13.8199996948242,14.0600004196167,13.4700002670288,13.6300001144409,26117400,13.5745725631714
13.6800003051758,13.960000038147,13.5600004196167,13.9200000762939,12159600,13.863392829895
14.0100002288818,14.8400001525879,14,14.710000038147,23105700,14.6501808166504
14.8000001907349,14.9899997711182,14.3400001525879,14.4399995803833,21392400,14.3812780380249
14.6000003814697,14.6499996185303,13.75,13.75,20136100,13.6940841674805
13.6800003051758,13.7700004577637,13.0500001907349,13.2200002670288,26653800,13.1662397384644
13.2200002670288,13.4899997711182,13.0699996948242,13.2700004577637,14769300,13.2160367965698
13.3400001525879,13.4200000762939,13.0699996948242,13.1599998474121,12417000,13.1064834594727
13.039999961853,13.1499996185303,12.7200002670288,12.8900003433228,13110300,12.8375816345215
12.9099998474121,13.0799999237061,12.789999961853,13,12742300,12.9471340179443
13,13.3500003814697,12.8000001907349,12.8999996185303,8287100,12.8475408554077
12.9099998474121,12.9300003051758,12.2200002670288,12.4799995422363,18435400,12.4292488098145
12.4499998092651,12.8400001525879,12.3800001144409,12.5900001525879,19317300,12.5388021469116
12.4399995803833,12.6000003814697,12.0799999237061,12.3000001907349,19434000,12.2499809265137
12.25,12.4300003051758,12.0799999237061,12.289999961853,15072900,12.289999961853
12.2399997711182,12.3400001525879,11.7200002670288,11.8400001525879,17427900,11.8400001525879
11.3800001144409,11.6499996185303,10.9300003051758,11.4700002670288,30544100,11.4700002670288
11.6800003051758,11.8699998855591,10.9799995422363,11.4799995422363,26954400,11.4799995422363
11.1899995803833,11.3000001907349,10.3800001144409,10.5,52976300,10.5
10.6099996566772,11.3400001525879,10.6099996566772,11.1899995803833,41086500,11.1899995803833
11.1499996185303,11.960000038147,10.9300003051758,11.6199998855591,38878100,11.6199998855591
11.6499996185303,11.8699998855591,11.6000003814697,11.6999998092651,11154600,11.6999998092651
11.6300001144409,11.789999961853,11.4099998474121,11.6800003051758,14101000,11.6800003051758
11.6199998855591,11.75,11.4300003051758,11.5600004196167,6955200,11.5600004196167
11.6199998855591,11.7700004577637,11.460000038147,11.7299995422363,12238900,11.7299995422363
11.7600002288818,11.8400001525879,11.1499996185303,11.1499996185303,9182100,11.1499996185303
11.25,11.4499998092651,11.0500001907349,11.1899995803833,10975200,11.1899995803833
11.1400003433228,11.3100004196167,10.9899997711182,11.3000001907349,10867600,11.3000001907349
11.3699998855591,12.0799999237061,11.0900001525879,11.8199996948242,25040300,11.8199996948242
11.8500003814697,12.2700004577637,11.7299995422363,12.0100002288818,13575900,12.0100002288818
12.1400003433228,12.2700004577637,11.5299997329712,11.5699996948242,12722500,11.5699996948242
11.3800001144409,11.4099998474121,11.0200004577637,11.210000038147,30388700,11.210000038147
11.3599996566772,11.8800001144409,11.3500003814697,11.6300001144409,17432300,11.6300001144409
11.75,11.75,11.1199998855591,11.3999996185303,33081400,11.3999996185303
11.3400001525879,11.6899995803833,11.3400001525879,11.5200004577637,13598300,11.5200004577637
11.6099996566772,11.9700002670288,11.0699996948242,11.2200002670288,21329600,11.2200002670288
11.2399997711182,11.2399997711182,10.6899995803833,10.75,32506900,10.75
10.8500003814697,11.0500001907349,10.539999961853,11.0100002288818,22690400,11.0100002288818
11.1800003051758,11.6400003433228,11.1800003051758,11.5,40420800,11.5
11.4799995422363,11.5900001525879,11.0200004577637,11.1599998474121,24462400,11.1599998474121
11.2600002288818,12.8199996948242,11.1999998092651,12.8000001907349,56145900,12.8000001907349
12.8199996948242,13.5200004577637,12.4799995422363,12.7799997329712,35775900,12.7799997329712
13,13.4899997711182,12.8400001525879,12.960000038147,17765400,12.960000038147
13.210000038147,13.960000038147,13.1300001144409,13.7200002670288,31653900,13.7200002670288
13.8900003433228,14.3699998855591,13.1499996185303,13.1999998092651,26463400,13.1999998092651
13.6599998474121,13.8800001144409,13.2200002670288,13.6999998092651,22892600,13.6999998092651
13.6999998092651,14.3400001525879,13.5600004196167,14.1000003814697,25113500,14.1000003814697
14.039999961853,14.039999961853,13.3500003814697,13.5100002288818,29424500,13.5100002288818
13.5200004577637,13.5500001907349,13.1300001144409,13.25,10091800,13.25
13.1800003051758,13.4200000762939,13.0100002288818,13.3299999237061,13900100,13.3299999237061
13.4099998474121,13.4499998092651,13.1099996566772,13.3999996185303,18033300,13.3999996185303
13.1099996566772,13.5600004196167,12.9099998474121,13.3599996566772,34919500,13.3599996566772
13.3800001144409,14.4300003051758,13.3599996566772,14.3000001907349,205491300,14.3000001907349
14.3000001907349,14.5900001525879,13.7799997329712,13.8999996185303,23023000,13.8999996185303
14.210000038147,14.3000001907349,12.960000038147,13.0900001525879,64278500,13.0900001525879
13.1499996185303,13.3900003433228,12.8500003814697,13.0699996948242,61575500,13.0699996948242
13.1499996185303,13.6099996566772,12.9799995422363,13.3500003814697,22969900,13.3500003814697
13.5,13.9099998474121,13.3800001144409,13.75,19641600,13.75
13.8900003433228,13.8900003433228,13.5100002288818,13.6199998855591,9654100,13.6199998855591
13.6400003433228,13.7799997329712,13.3999996185303,13.6099996566772,6324500,13.6099996566772
13.5900001525879,14.0299997329712,13.5600004196167,13.7200002670288,9442900,13.7200002670288
13.6499996185303,13.75,13.4499998092651,13.5900001525879,10770700,13.5900001525879
13.710000038147,14.3299999237061,13.5500001907349,14,12191300,14
13.9899997711182,14.1400003433228,13.6400003433228,13.710000038147,9043800,13.710000038147
13.710000038147,13.8400001525879,13.2299995422363,13.4300003051758,11463500,13.4300003051758
13.6000003814697,13.6800003051758,13.2399997711182,13.3000001907349,8493800,13.3000001907349
13.2399997711182,13.4499998092651,12.9099998474121,13,54160300,13
13.0100002288818,13.0299997329712,12.4200000762939,12.5699996948242,15603200,12.5699996948242
12.5,12.8400001525879,12.3599996566772,12.8199996948242,11160300,12.8199996948242
12.7200002670288,12.9399995803833,12.460000038147,12.460000038147,12798800,12.460000038147
12.4700002670288,12.5900001525879,12.0900001525879,12.1400003433228,18624600,12.1400003433228
12.1999998092651,12.2600002288818,12.0299997329712,12.1899995803833,8687500,12.1899995803833
12.2600002288818,12.5500001907349,12.1800003051758,12.539999961853,8594300,12.539999961853
12.5799999237061,12.9399995803833,12.4200000762939,12.7799997329712,10834500,12.7799997329712
13.0699996948242,13.1099996566772,12.5799999237061,12.6700000762939,13780600,12.6700000762939
12.9200000762939,13.1599998474121,12.5799999237061,12.8699998855591,40141600,12.8699998855591
13.5500001907349,13.9899997711182,13.289999961853,13.5,67544900,13.5
13.5900001525879,13.7600002288818,13.0900001525879,13.1999998092651,60125300,13.1999998092651
13.3100004196167,13.6000003814697,13.1300001144409,13.4700002670288,32856600,13.4700002670288
13.4099998474121,13.7299995422363,13.1899995803833,13.6499996185303,23914700,13.6499996185303
13.539999961853,13.8400001525879,13.3000001907349,13.6499996185303,13886100,13.6499996185303
13.9200000762939,14.2700004577637,13.7399997711182,13.8000001907349,22850500,13.8000001907349
13.8000001907349,14.0799999237061,13.4300003051758,13.6899995803833,25269600,13.6899995803833
14.0200004577637,14.3000001907349,13.8100004196167,13.8699998855591,31957200,13.8699998855591
13.7700004577637,14.1899995803833,13.4700002670288,14.1199998855591,19992600,14.1199998855591
14.1199998855591,14.1800003051758,13.6700000762939,13.7799997329712,16701400,13.7799997329712
13.9499998092651,14.1300001144409,13.75,13.8000001907349,9746800,13.8000001907349
13.8100004196167,14.0500001907349,13.3599996566772,13.5,15622100,13.5
13.4399995803833,13.5299997329712,13.0699996948242,13.1499996185303,20429600,13.1499996185303
13.1899995803833,13.2799997329712,12.9700002670288,13.1099996566772,15018500,13.1099996566772
13.1499996185303,13.3000001907349,13,13,12171100,13
13.0799999237061,13.2200002670288,12.8500003814697,13.0100002288818,17965700,13.0100002288818
13.0600004196167,13.4399995803833,13.0100002288818,13.4300003051758,10136600,13.4300003051758
13.4499998092651,13.4899997711182,13.0900001525879,13.0900001525879,19861900,13.0900001525879
13.25,13.2700004577637,12.8000001907349,12.9700002670288,10646800,12.9700002670288
12.9700002670288,13.0699996948242,12.7200002670288,13.0600004196167,19525000,13.0600004196167
12.9899997711182,13.1000003814697,12.8400001525879,12.8400001525879,13118400,12.8400001525879
12.8000001907349,12.8999996185303,12.3199996948242,12.3699998855591,23324500,12.3699998855591
12.4099998474121,12.4399995803833,12,12.1499996185303,17568500,12.1499996185303
12.1999998092651,12.3000001907349,11.8400001525879,11.9499998092651,14627700,11.9499998092651
11.9399995803833,12.0299997329712,11.8000001907349,11.8100004196167,12755700,11.8100004196167
11.6899995803833,12,11.4899997711182,11.6099996566772,34934900,11.6099996566772
11.6999998092651,12.0600004196167,11.6599998474121,11.8599996566772,20778900,11.8599996566772
11.8599996566772,12.3500003814697,11.8500003814697,12.25,7669300,12.25
12.2799997329712,12.9899997711182,12.210000038147,12.7700004577637,29255200,12.7700004577637
12.8299999237061,12.8800001144409,12.4399995803833,12.5,26369500,12.5
12.5100002288818,12.6000003814697,12.2200002670288,12.2299995422363,8009900,12.2299995422363
12.25,12.3800001144409,12.0699996948242,12.2200002670288,12088600,12.2200002670288
12.2299995422363,12.9700002670288,12.2299995422363,12.8699998855591,14965900,12.8699998855591
12.9099998474121,13.1800003051758,12.8400001525879,12.8400001525879,13367800,12.8400001525879
12.8699998855591,13.039999961853,12.2700004577637,12.6199998855591,24212200,12.6199998855591
12.6199998855591,12.6599998474121,12.2600002288818,12.4200000762939,12780600,12.4200000762939
12.3900003433228,12.5,12.1999998092651,12.2600002288818,10083800,12.2600002288818
12.210000038147,12.3299999237061,11.9300003051758,12.0600004196167,9202900,12.0600004196167
12.1000003814697,12.2299995422363,11.8199996948242,12.1400003433228,16179800,12.1400003433228
11.8900003433228,12.0699996948242,11.6999998092651,11.789999961853,16782800,11.789999961853
11.8100004196167,11.8500003814697,11.4399995803833,11.460000038147,10808900,11.460000038147
11.3900003433228,11.3900003433228,11.1800003051758,11.3900003433228,6587600,11.3900003433228
11.2700004577637,11.539999961853,11.25,11.289999961853,10375300,11.289999961853
11.3999996185303,11.7600002288818,11.3699998855591,11.5799999237061,22429300,11.5799999237061
11.539999961853,12.2299995422363,11.539999961853,12.1999998092651,18101800,12.1999998092651
12.3199996948242,12.6300001144409,12.1000003814697,12.1599998474121,16724100,12.1599998474121
12.1999998092651,12.2200002670288,11.9799995422363,12,7262700,12
11.8500003814697,12.0500001907349,11.4200000762939,11.4899997711182,18442400,11.4899997711182
11.5299997329712,11.8199996948242,11.5,11.6300001144409,10408400,11.6300001144409
11.6099996566772,11.8000001907349,11.4700002670288,11.6300001144409,7593000,11.6300001144409
11.3699998855591,11.8900003433228,11.0500001907349,11.75,19863000,11.75
11.5900001525879,11.7600002288818,11.1000003814697,11.5600004196167,14534100,11.5600004196167
11.6099996566772,12.1099996566772,11.5900001525879,12.1099996566772,12462900,12.1099996566772
12.1499996185303,12.3999996185303,12.0799999237061,12.1700000762939,11967500,12.1700000762939
12.1599998474121,12.1700000762939,11.5699996948242,11.6199998855591,9170200,11.6199998855591
11.7200002670288,11.8999996185303,11.5,11.7700004577637,7162600,11.7700004577637
11.6999998092651,12.0500001907349,11.5299997329712,11.5699996948242,9846900,11.5699996948242
11.5200004577637,11.5200004577637,10.7799997329712,10.8199996948242,15312800,10.8199996948242
10.75,11.2600002288818,10.7200002670288,10.9899997711182,8209500,10.9899997711182
10.9200000762939,11.0900001525879,10.8800001144409,11.0799999237061,9727700,11.0799999237061
10.9200000762939,11.6800003051758,10.9200000762939,11.5200004577637,7677200,11.5200004577637
11.6800003051758,11.7799997329712,11.2299995422363,11.3800001144409,8428700,11.3800001144409
11.3800001144409,11.4499998092651,10.9399995803833,11.0299997329712,7670100,11.0299997329712
11.1099996566772,11.9399995803833,11.1000003814697,11.6999998092651,21852600,11.6999998092651
11.6999998092651,11.8199996948242,11.0900001525879,11.1300001144409,13292000,11.1300001144409
11.3000001907349,11.4499998092651,10.8699998855591,10.960000038147,14902100,10.960000038147
11.1199998855591,11.4899997711182,10.8599996566772,10.9399995803833,15178600,10.9399995803833
11,11.1899995803833,10.6800003051758,11.0799999237061,19375400,11.0799999237061
11.6099996566772,11.9799995422363,11.6000003814697,11.9399995803833,16636800,11.9399995803833
12.0200004577637,12.1499996185303,11.7200002670288,11.75,11056500,11.75
11.7600002288818,12.289999961853,11.6800003051758,12.1999998092651,17227000,12.1999998092651
12.210000038147,12.6999998092651,12.0600004196167,12.3199996948242,13850200,12.3199996948242
12.3299999237061,12.8900003433228,12.1499996185303,12.5,17537900,12.5
12.5799999237061,13.0699996948242,12.5,12.6099996566772,17847100,12.6099996566772
12.5200004577637,12.8199996948242,12.460000038147,12.539999961853,9434300,12.539999961853
12.6300001144409,12.8999996185303,12.5,12.5500001907349,21179500,12.5500001907349
12.8000001907349,13.5500001907349,12.5500001907349,13.3400001525879,22426900,13.3400001525879
13.4399995803833,13.4499998092651,13.039999961853,13.1099996566772,13810400,13.1099996566772
13.1099996566772,13.2200002670288,12.8199996948242,12.8900003433228,9104100,12.8900003433228
12.8400001525879,12.8800001144409,12.6099996566772,12.7799997329712,9484000,12.7799997329712
12.8800001144409,13.1300001144409,12.789999961853,12.9700002670288,10478000,12.9700002670288
13.039999961853,13.7200002670288,13.0299997329712,13.6000003814697,8829200,13.6000003814697
13.6199998855591,13.6599998474121,13.0699996948242,13.1499996185303,7056600,13.1499996185303
13.25,13.6800003051758,13.1300001144409,13.4899997711182,9995900,13.4899997711182
13.5600004196167,13.9099998474121,13.3999996185303,13.5200004577637,17069200,13.5200004577637
13.6499996185303,13.8800001144409,13.1300001144409,13.1700000762939,13863800,13.1700000762939
13.2799997329712,13.3199996948242,12.5200004577637,12.9300003051758,21247900,12.9300003051758
12.9200000762939,13.039999961853,12.5200004577637,12.9099998474121,20043200,12.9099998474121
12.9300003051758,13.1199998855591,12.6800003051758,12.6800003051758,9929700,12.6800003051758
12.7299995422363,13.0600004196167,12.6199998855591,12.6999998092651,12428700,12.6999998092651
12.8299999237061,13.0299997329712,12.2200002670288,12.25,16842800,12.25
12.25,12.5500001907349,12.1099996566772,12.1899995803833,20915900,12.1899995803833
12.2299995422363,12.3500003814697,11.9499998092651,11.9799995422363,16929900,11.9799995422363
12,12.0200004577637,11.7700004577637,11.9099998474121,10547700,11.9099998474121
11.9099998474121,12.3699998855591,11.9099998474121,12.0699996948242,12668100,12.0699996948242
11.9899997711182,13,11.9200000762939,12.9399995803833,24349900,12.9399995803833
13.0299997329712,13.8400001525879,13.0200004577637,13.3599996566772,27002600,13.3599996566772
13.3500003814697,13.3500003814697,12.6599998474121,12.8699998855591,13438600,12.8699998855591
12.9499998092651,13.3900003433228,12.7399997711182,13.210000038147,9094600,13.210000038147
13.3999996185303,13.4700002670288,13.2799997329712,13.3999996185303,5248800,13.3999996185303
13.3599996566772,13.6499996185303,13.289999961853,13.3599996566772,7030200,13.3599996566772
13.5500001907349,13.5500001907349,13.1599998474121,13.2399997711182,7705900,13.2399997711182
13.2399997711182,13.6000003814697,13.2200002670288,13.4099998474121,4433600,13.4099998474121
13.3800001144409,13.4300003051758,13.2600002288818,13.3699998855591,3684000,13.3699998855591
13.4200000762939,13.5100002288818,13.2600002288818,13.4799995422363,5485700,13.4799995422363
13.5,13.5799999237061,13.4099998474121,13.5299997329712,4446900,13.5299997329712
13.4499998092651,13.4499998092651,12.8999996185303,13.0200004577637,7348700,13.0200004577637
13.0299997329712,13.1199998855591,12.710000038147,12.9399995803833,6830500,12.9399995803833
12.8999996185303,13.3299999237061,12.8400001525879,13.210000038147,8604100,13.210000038147
13.210000038147,14.0500001907349,13.1499996185303,13.5799999237061,12696400,13.5799999237061
13.5699996948242,14.1700000762939,13.5100002288818,14.1700000762939,17538900,14.1700000762939
14.1599998474121,14.3000001907349,13.7799997329712,13.9399995803833,9819500,13.9399995803833
14,14,13.460000038147,13.5799999237061,19324800,13.5799999237061
13.6300001144409,14.1499996185303,13.6300001144409,13.8699998855591,14967000,13.8699998855591
14.0900001525879,14.5799999237061,13.9799995422363,14.25,17148700,14.25
14.2399997711182,14.789999961853,14.1400003433228,14.6999998092651,8029800,14.6999998092651
14.7600002288818,14.7600002288818,14.3800001144409,14.4799995422363,11210600,14.4799995422363
14.4899997711182,14.7399997711182,13.7200002670288,14.0900001525879,14787300,14.0900001525879
14.1499996185303,14.3000001907349,13.6700000762939,13.789999961853,8302800,13.789999961853
13.8199996948242,14.3000001907349,13.6300001144409,14.3000001907349,5326200,14.3000001907349
14.3100004196167,14.3800001144409,13.6000003814697,13.6099996566772,6914100,13.6099996566772
13.6700000762939,13.9099998474121,13.6000003814697,13.6400003433228,9537600,13.6400003433228
13.6999998092651,13.8599996566772,13.3500003814697,13.3500003814697,9089400,13.3500003814697
13.3500003814697,14.039999961853,13.3500003814697,14,8608700,14
14,14,13.6300001144409,13.8000001907349,5774000,13.8000001907349
13.710000038147,14.4799995422363,13.710000038147,14.460000038147,11897100,14.460000038147
14.3999996185303,14.6000003814697,14.0500001907349,14.0500001907349,9048500,14.0500001907349
14.0799999237061,14.2399997711182,13.6599998474121,13.6599998474121,20239700,13.6599998474121
13.6099996566772,13.8800001144409,13.460000038147,13.5799999237061,12981400,13.5799999237061
13.5299997329712,13.710000038147,13.2600002288818,13.5200004577637,9537000,13.5200004577637
13.5200004577637,13.6400003433228,13.3100004196167,13.4200000762939,5345100,13.4200000762939
13.4700002670288,13.8800001144409,13.3800001144409,13.789999961853,13604000,13.789999961853
13.789999961853,13.9799995422363,13.5500001907349,13.8100004196167,10806100,13.8100004196167
13.8000001907349,14.039999961853,13.6499996185303,13.8299999237061,12424500,13.8299999237061
13.8299999237061,13.8299999237061,13.3199996948242,13.3500003814697,18553100,13.3500003814697
13.2600002288818,13.3599996566772,13.0799999237061,13.1599998474121,7875600,13.1599998474121
13.210000038147,13.6000003814697,13.0600004196167,13.3900003433228,6962800,13.3900003433228
13.4700002670288,13.7299995422363,13.25,13.6000003814697,4964600,13.6000003814697
13.5900001525879,13.6700000762939,13.2799997329712,13.539999961853,6978200,13.539999961853
13.460000038147,14.1400003433228,13.4399995803833,13.9899997711182,16895700,13.9899997711182
13.9899997711182,14.4200000762939,13.8199996948242,14.3199996948242,10477600,14.3199996948242
14.3999996185303,15.0799999237061,14.3999996185303,14.8299999237061,21828500,14.8299999237061
14.9200000762939,14.9200000762939,14.4300003051758,14.7200002670288,7821200,14.7200002670288
14.7799997329712,14.8999996185303,14.5799999237061,14.6099996566772,6009200,14.6099996566772
14.7200002670288,14.8199996948242,14.5299997329712,14.710000038147,8891500,14.710000038147
14.6099996566772,14.6800003051758,13.7299995422363,14.0100002288818,16650200,14.0100002288818
13.8900003433228,14.289999961853,13.8100004196167,14.1999998092651,10099200,14.1999998092651
14.2700004577637,14.2799997329712,13.8100004196167,14.0500001907349,7439400,14.0500001907349
14.1099996566772,14.210000038147,13.9099998474121,14.0299997329712,6926800,14.0299997329712
14.0799999237061,14.5799999237061,14.0200004577637,14.4700002670288,16007800,14.4700002670288
14.539999961853,14.8400001525879,14.3599996566772,14.4200000762939,10982800,14.4200000762939
14.4200000762939,14.539999961853,14.1400003433228,14.4499998092651,6452500,14.4499998092651
14.3100004196167,14.539999961853,14.1400003433228,14.4099998474121,9093700,14.4099998474121
14.3100004196167,14.460000038147,14.1999998092651,14.289999961853,6189600,14.289999961853
14.4499998092651,14.8299999237061,14.1800003051758,14.7200002670288,5196700,14.7200002670288
14.6499996185303,14.9399995803833,14.6199998855591,14.6999998092651,5340300,14.6999998092651
14.6999998092651,14.8400001525879,14.2399997711182,14.539999961853,10904800,14.539999961853
14.539999961853,14.6499996185303,14.3400001525879,14.6300001144409,7761200,14.6300001144409
14.6700000762939,14.7399997711182,14.3999996185303,14.460000038147,3894300,14.460000038147
14.539999961853,14.8100004196167,14.4499998092651,14.7299995422363,3066400,14.7299995422363
14.7399997711182,15.0500001907349,14.6099996566772,14.9300003051758,13419100,14.9300003051758
14.9200000762939,14.9399995803833,14.6499996185303,14.8199996948242,19402800,14.8199996948242
14.710000038147,14.8299999237061,14.3699998855591,14.3699998855591,3379700,14.3699998855591
14.3500003814697,14.6000003814697,14.2799997329712,14.5299997329712,4301700,14.5299997329712
14.3900003433228,14.6999998092651,14.3299999237061,14.4499998092651,4898500,14.4499998092651
14.4899997711182,15.039999961853,14.4499998092651,14.8800001144409,11710900,14.8800001144409
14.9099998474121,15.1999998092651,14.710000038147,14.710000038147,7122000,14.710000038147
14.6599998474121,14.710000038147,14.0900001525879,14.1800003051758,14371700,14.1800003051758
14.2600002288818,14.3000001907349,13.8599996566772,14.0200004577637,14898200,14.0200004577637
14.0699996948242,14.1400003433228,13.7399997711182,14,11886900,14
14.1000003814697,14.3599996566772,13.789999961853,13.8199996948242,15955000,13.8199996948242
13.8500003814697,14,13.6899995803833,13.7299995422363,10082900,13.7299995422363
13.7299995422363,14.25,13.460000038147,14.1199998855591,17208100,14.1199998855591
14.2299995422363,14.8100004196167,14.1499996185303,14.6599998474121,14759100,14.6599998474121
14.4899997711182,14.6300001144409,14.2299995422363,14.2399997711182,7408300,14.2399997711182
14.1800003051758,14.2799997329712,14.0600004196167,14.1800003051758,5563300,14.1800003051758
14.039999961853,14.2700004577637,13.9399995803833,13.9799995422363,8459200,13.9799995422363
13.9200000762939,13.9799995422363,13.6000003814697,13.7299995422363,16579900,13.7299995422363
13.5,13.5200004577637,12.9499998092651,13,17806100,13
13.1099996566772,13.1300001144409,12.710000038147,12.8400001525879,11080000,12.8400001525879
12.8400001525879,13.289999961853,12.8400001525879,13.1800003051758,15954900,13.1800003051758
13.210000038147,13.6300001144409,13.1800003051758,13.3800001144409,12837800,13.3800001144409
13.4300003051758,13.6099996566772,13.2399997711182,13.5600004196167,6410200,13.5600004196167
13.9300003051758,14.0299997329712,13.5799999237061,13.6999998092651,22098300,13.6999998092651
13.7299995422363,13.8800001144409,13.3500003814697,13.7700004577637,14207600,13.7700004577637
13.6499996185303,13.6499996185303,13.0299997329712,13.3100004196167,20119900,13.3100004196167
13.4499998092651,13.5200004577637,13.1800003051758,13.3199996948242,14489900,13.3199996948242
13.3999996185303,13.6400003433228,13.3100004196167,13.5900001525879,6604200,13.5900001525879
13.4700002670288,13.5299997329712,13.0799999237061,13.1199998855591,13748300,13.1199998855591
13.3999996185303,13.4300003051758,13.1199998855591,13.1199998855591,12325100,13.1199998855591
13.3900003433228,13.6300001144409,13.3599996566772,13.5299997329712,12649900,13.5299997329712
13.5299997329712,13.6300001144409,13.2200002670288,13.3400001525879,7469100,13.3400001525879
13.3100004196167,13.789999961853,13.3100004196167,13.5500001907349,6966200,13.5500001907349
13.4200000762939,13.6199998855591,13.3900003433228,13.5200004577637,4964400,13.5200004577637
13.3000001907349,13.4899997711182,13.1300001144409,13.4499998092651,8332000,13.4499998092651
13.3999996185303,13.5500001907349,13.2299995422363,13.4099998474121,9643100,13.4099998474121
13.3999996185303,13.5699996948242,13.1999998092651,13.3400001525879,6951300,13.3400001525879
13.25,13.3800001144409,13.0699996948242,13.1599998474121,10701800,13.1599998474121
13.1800003051758,13.4899997711182,13.1499996185303,13.4200000762939,7993700,13.4200000762939
13.6199998855591,13.6400003433228,13.3599996566772,13.4700002670288,4347100,13.4700002670288
13.4099998474121,13.6800003051758,13.3900003433228,13.6300001144409,6205200,13.6300001144409
13.5699996948242,13.7200002670288,13.3800001144409,13.4399995803833,6307000,13.4399995803833
13.3800001144409,13.6899995803833,13.3299999237061,13.460000038147,6983400,13.460000038147
13.3299999237061,13.539999961853,13.210000038147,13.2700004577637,10979000,13.2700004577637
13.2200002670288,13.3699998855591,13.0600004196167,13.1800003051758,4819800,13.1800003051758
13.210000038147,13.2799997329712,13,13,4805400,13
12.9799995422363,13.1800003051758,12.9399995803833,12.960000038147,3827400,12.960000038147
13.1300001144409,13.1599998474121,12.5600004196167,12.6999998092651,7568500,12.6999998092651
12.539999961853,12.6499996185303,12.3500003814697,12.460000038147,9200100,12.460000038147
12.4300003051758,12.5299997329712,12.1499996185303,12.1800003051758,22513100,12.1800003051758
12.1199998855591,12.3800001144409,12.0699996948242,12.289999961853,7880700,12.289999961853
12.2399997711182,12.3699998855591,12.0600004196167,12.1400003433228,3975700,12.1400003433228
12.0500001907349,12.460000038147,12.0100002288818,12.0799999237061,8966900,12.0799999237061
12.039999961853,12.3400001525879,12.039999961853,12.2799997329712,10237500,12.2799997329712
12.1099996566772,12.210000038147,11.8699998855591,12,7620600,12
11.9499998092651,12.1199998855591,11.8900003433228,11.9300003051758,12105900,11.9300003051758
11.9300003051758,12.0699996948242,11.8400001525879,12,6029300,12
12.1499996185303,12.2200002670288,11.710000038147,11.8000001907349,19599700,11.8000001907349
11.75,11.8500003814697,11.539999961853,11.5699996948242,6392900,11.5699996948242
11.4499998092651,11.7700004577637,11.4099998474121,11.6599998474121,4784200,11.6599998474121
11.5699996948242,11.5699996948242,11.2299995422363,11.2600002288818,6046900,11.2600002288818
11.2200002670288,11.2799997329712,11.0100002288818,11.1700000762939,13371800,11.1700000762939
11.0600004196167,11.1099996566772,10.7700004577637,11.0500001907349,8916100,11.0500001907349
11.1199998855591,11.3299999237061,10.7399997711182,10.8599996566772,15058900,10.8599996566772
10.8299999237061,10.9300003051758,10.6700000762939,10.789999961853,14565700,10.789999961853
10.8699998855591,11.1499996185303,10.7200002670288,11.0699996948242,12559000,11.0699996948242
11.0299997329712,11.1999998092651,10.8599996566772,10.8900003433228,9834800,10.8900003433228
10.9099998474121,10.9200000762939,10.5799999237061,10.6800003051758,18723900,10.6800003051758
10.6700000762939,10.8299999237061,10.4499998092651,10.8299999237061,16356000,10.8299999237061
10.8000001907349,10.8500003814697,10.2600002288818,10.3400001525879,18442100,10.3400001525879
10.3000001907349,10.4099998474121,9.89999961853027,10,19240000,10
9.97999954223633,10.039999961853,9.77999973297119,9.89999961853027,21630700,9.89999961853027
10,10.6400003433228,10,10.5,29182300,10.5
10.8400001525879,11.1300001144409,10.7399997711182,11.0299997329712,16102500,11.0299997329712
11.0799999237061,11.539999961853,11,11.4499998092651,25549700,11.4499998092651
11.3100004196167,11.6999998092651,11.3100004196167,11.6300001144409,12616400,11.6300001144409
11.6199998855591,11.7299995422363,11.4499998092651,11.4799995422363,14484000,11.4799995422363
11.5500001907349,11.6000003814697,11.2600002288818,11.3000001907349,14212100,11.3000001907349
11.4499998092651,11.5799999237061,11.0699996948242,11.25,13851900,11.25
11.25,11.3599996566772,11.1300001144409,11.2399997711182,11713600,11.2399997711182
11.2200002670288,11.2600002288818,11.1099996566772,11.1300001144409,5840400,11.1300001144409
11.1099996566772,11.25,11.039999961853,11.1099996566772,9437300,11.1099996566772
11.1000003814697,11.1700000762939,10.75,10.75,8121300,10.75
10.75,10.75,10.3699998855591,10.4099998474121,10952400,10.4099998474121
10.4399995803833,10.6700000762939,10.4200000762939,10.539999961853,9806100,10.539999961853
10.5500001907349,10.7799997329712,10.5500001907349,10.6999998092651,6418700,10.6999998092651
10.6999998092651,10.710000038147,10.4300003051758,10.4799995422363,16508700,10.4799995422363
10.4200000762939,10.5900001525879,10,10,20101500,10
9.98999977111816,10.1300001144409,9.89000034332275,9.89999961853027,20234100,9.89999961853027
9.93000030517578,9.96000003814697,9.60999965667725,9.84000015258789,12849500,9.84000015258789
9.88000011444092,9.96000003814697,9.39999961853027,9.55000019073486,14084800,9.55000019073486
9.5,9.73999977111816,9.43000030517578,9.4399995803833,13878900,9.4399995803833
9.55000019073486,9.85999965667725,9.51000022888184,9.81999969482422,17487100,9.81999969482422
9.86999988555908,10.0799999237061,9.81999969482422,9.90999984741211,16979700,9.90999984741211
9.90999984741211,10.2700004577637,9.89000034332275,10.1999998092651,10117700,10.1999998092651
9.89999961853027,10.289999961853,9.8100004196167,10.210000038147,10460200,10.210000038147
10.2200002670288,10.3299999237061,9.94999980926514,9.94999980926514,9331400,9.94999980926514
10.1300001144409,10.4300003051758,10.0299997329712,10.3000001907349,11423100,10.3000001907349
10.3000001907349,10.5200004577637,10.2799997329712,10.4499998092651,7383500,10.4499998092651
10.4499998092651,10.460000038147,9.97000026702881,10.2700004577637,24889300,10.2700004577637
10.3299999237061,10.4799995422363,10.1999998092651,10.25,13098600,10.25
10.3299999237061,10.6800003051758,10.2700004577637,10.4799995422363,16430900,10.4799995422363
10.4499998092651,10.7700004577637,10.3900003433228,10.6700000762939,11245500,10.6700000762939
10.6300001144409,10.6300001144409,10.25,10.3999996185303,11390800,10.3999996185303
10.5200004577637,10.5699996948242,10.1599998474121,10.25,14064000,10.25
10.3400001525879,10.7700004577637,10.0100002288818,10.710000038147,15557600,10.710000038147
10.710000038147,10.7200002670288,10.2200002670288,10.2200002670288,10092800,10.2200002670288
10.2399997711182,10.2700004577637,9.82999992370605,9.86999988555908,15713400,9.86999988555908
9.85000038146973,10,9.64000034332275,9.75,16152200,9.75
9.81999969482422,9.9399995803833,9.68000030517578,9.72999954223633,14322600,9.72999954223633
9.77999973297119,9.77999973297119,9.51000022888184,9.65999984741211,15789500,9.65999984741211
9.69999980926514,9.76000022888184,9.52999973297119,9.71000003814697,13138100,9.71000003814697
9.61999988555908,9.65999984741211,9.42000007629395,9.61999988555908,15921500,9.61999988555908
9.59000015258789,9.59000015258789,9.11999988555908,9.35999965667725,21733300,9.35999965667725
9.27000045776367,9.75,9.27000045776367,9.56999969482422,46062400,9.56999969482422
9.78999996185303,9.84000015258789,9.51000022888184,9.80000019073486,14187600,9.80000019073486
9.85999965667725,10.1300001144409,9.80000019073486,10,16401400,10
10.039999961853,10.3699998855591,9.96000003814697,9.97999954223633,19605600,9.97999954223633
9.93000030517578,10.0200004577637,9.55000019073486,9.59000015258789,22096900,9.59000015258789
9.60000038146973,9.64999961853027,9.38000011444092,9.44999980926514,16796100,9.44999980926514
9.06999969482422,9.42000007629395,8.9399995803833,9.25,20755700,9.25
9.18000030517578,9.18000030517578,8.80000019073486,8.89999961853027,19808800,8.89999961853027
8.94999980926514,9.25,8.88000011444092,9.15999984741211,18079800,9.15999984741211
9.10000038146973,9.19999980926514,9,9.06999969482422,11088400,9.06999969482422
8.9399995803833,9.22000026702881,8.80000019073486,8.80000019073486,24431400,8.80000019073486
8.84000015258789,8.97999954223633,8.75,8.75,13539000,8.75
8.75,8.88000011444092,8.67000007629395,8.81999969482422,13563600,8.81999969482422
8.81999969482422,9.03999996185303,8.73999977111816,8.73999977111816,22128100,8.73999977111816
8.8100004196167,8.84000015258789,8.23999977111816,8.23999977111816,19129200,8.23999977111816
8.26000022888184,8.32999992370605,7.69999980926514,7.69999980926514,27842200,7.69999980926514
7.67999982833862,7.92000007629395,7.67000007629395,7.8600001335144,19916000,7.8600001335144
8.10999965667725,8.27999973297119,8,8.14999961853027,22551600,8.14999961853027
8.05000019073486,8.10000038146973,7.71000003814697,7.78000020980835,30722700,7.78000020980835
7.80000019073486,8.11999988555908,7.78999996185303,8.05000019073486,14720200,8.05000019073486
8,8.22000026702881,8,8.11999988555908,13583900,8.11999988555908
7.80999994277954,7.90999984741211,7.28000020980835,7.46999979019165,49266200,7.46999979019165
7.51999998092651,7.59000015258789,7.11999988555908,7.11999988555908,31533300,7.11999988555908
7.26999998092651,7.42999982833862,7.15000009536743,7.15000009536743,28582100,7.15000009536743
7.09999990463257,7.09999990463257,6.71999979019165,6.73999977111816,39638900,6.73999977111816
6.71999979019165,7.03000020980835,6.67000007629395,6.96999979019165,23862600,6.96999979019165
7.03999996185303,7.09000015258789,6.75,6.76999998092651,23062500,6.76999998092651
6.76000022888184,6.8600001335144,6.71999979019165,6.82000017166138,17971800,6.82000017166138
6.78000020980835,6.78000020980835,6.5,6.5,21063300,6.5
6.51000022888184,6.71000003814697,6.46999979019165,6.65000009536743,18728700,6.65000009536743
6.6399998664856,6.75,6.42999982833862,6.71999979019165,16985100,6.71999979019165
7.03000020980835,7.21999979019165,6.8600001335144,7.1399998664856,42118900,7.1399998664856
7.21999979019165,7.30999994277954,6.92999982833862,7.01000022888184,30694500,7.01000022888184
7.03999996185303,7.15999984741211,6.88000011444092,7.11999988555908,22035800,7.11999988555908
6.98000001907349,7.07000017166138,6.90000009536743,7.05999994277954,17844000,7.05999994277954
7.09999990463257,7.23000001907349,6.96999979019165,7.09000015258789,25498900,7.09000015258789
7.11999988555908,7.34000015258789,7.05000019073486,7.23000001907349,20497200,7.23000001907349
7.17999982833862,7.40000009536743,7.13000011444092,7.28999996185303,18598400,7.28999996185303
7.23000001907349,7.46999979019165,7.15000009536743,7.26999998092651,16495300,7.26999998092651
7.23000001907349,7.48999977111816,7.15000009536743,7.46999979019165,17525100,7.46999979019165
7.51000022888184,7.53000020980835,7.25,7.26999998092651,15271300,7.26999998092651
7.30999994277954,7.6100001335144,7.30999994277954,7.42000007629395,17455800,7.42000007629395
7.42000007629395,7.65999984741211,7.42000007629395,7.55000019073486,22537400,7.55000019073486
