"Date","AURE3.SA.Open","AURE3.SA.High","AURE3.SA.Low","AURE3.SA.Close","AURE3.SA.Volume","AURE3.SA.Adjusted"
2022-03-28,16.7999992370605,16.7999992370605,15.460000038147,16.3999996185303,5237900,12.8550510406494
2022-03-29,16.3899993896484,16.9899997711182,16.2199993133545,16.6000003814697,4714100,13.0118207931519
2022-03-30,16.6200008392334,16.7700004577637,15.8199996948242,15.9200000762939,4408600,12.4788055419922
2022-03-31,15.960000038147,16.4899997711182,15.5,15.9899997711182,3876100,12.5336751937866
2022-04-01,15.9899997711182,16.6499996185303,15.8299999237061,16.0900001525879,4252000,12.6120595932007
2022-04-04,16.1299991607666,16.3700008392334,15.8599996566772,15.9700002670288,2842400,12.5179986953735
2022-04-05,15.9099998474121,16.0699996948242,15.5,15.6300001144409,3624900,12.2514905929565
2022-04-06,15.5100002288818,16,15.4499998092651,15.9799995422363,2914800,12.5258369445801
2022-04-07,15.8400001525879,16.3500003814697,15.6899995803833,16,3223900,12.5415134429932
2022-04-08,15.8599996566772,16.3999996185303,15.8599996566772,16.2099990844727,2049800,12.7061204910278
2022-04-11,16.1900005340576,16.5799999237061,15.9099998474121,15.9099998474121,2119500,12.4709672927856
2022-04-12,16.0499992370605,16.25,15.6999998092651,15.7399997711182,2267700,12.3377132415771
2022-04-13,15.9300003051758,16.1399993896484,15.539999961853,15.5600004196167,4421300,12.1966218948364
2022-04-14,15.5299997329712,15.8999996185303,15.4899997711182,15.5699996948242,2077400,12.2044610977173
2022-04-18,15.5600004196167,16.0100002288818,15.3299999237061,16.0100002288818,3931100,12.5493516921997
2022-04-19,15.9899997711182,16.2000007629395,15.4300003051758,15.5600004196167,3118100,12.1966218948364
2022-04-20,15.5200004577637,15.6999998092651,15.3699998855591,15.5,2798400,12.1495904922485
2022-04-22,15.4499998092651,15.8599996566772,15.1700000762939,15.710000038147,11382300,12.3141994476318
2022-04-25,15.5799999237061,15.9300003051758,15.3000001907349,15.9300003051758,2683100,12.4866437911987
2022-04-26,15.8500003814697,15.9899997711182,15.25,15.3699998855591,2627000,12.0476913452148
2022-04-27,15.4899997711182,15.5100002288818,15.210000038147,15.5,2401400,12.1495904922485
2022-04-28,15.539999961853,15.539999961853,14.7799997329712,15.3100004196167,3489600,12.000659942627
2022-04-29,15.3800001144409,15.3800001144409,14.6599998474121,14.6599998474121,10427400,11.4911613464355
2022-05-02,14.6899995803833,14.75,14.0900001525879,14.3599996566772,2883200,11.2560081481934
2022-05-03,14.3400001525879,14.6000003814697,14.1599998474121,14.4899997711182,1672900,11.357907295227
2022-05-04,14.3100004196167,14.9300003051758,14.0900001525879,14.9300003051758,4400300,11.7727127075195
2022-05-05,14.8299999237061,14.8400001525879,14.2299995422363,14.4099998474121,3065700,11.362678527832
2022-05-06,14.4099998474121,14.4399995803833,14.1099996566772,14.1999998092651,2813300,11.1970872879028
2022-05-09,14.039999961853,14.210000038147,13.8000001907349,14.1400003433228,1545300,11.1497764587402
2022-05-10,14.1899995803833,14.3699998855591,13.9799995422363,14.1999998092651,2338900,11.1970872879028
2022-05-11,14.1999998092651,14.539999961853,14.0600004196167,14.1300001144409,1595100,11.1418905258179
2022-05-12,14.039999961853,14.3999996185303,13.8599996566772,14.2399997711182,1884700,11.2286281585693
2022-05-13,14.2799997329712,14.5299997329712,14.1899995803833,14.460000038147,1333500,11.4021043777466
2022-05-16,14.2700004577637,14.5699996948242,14.1899995803833,14.3999996185303,2419100,11.3547925949097
2022-05-17,14.5,15,14.5,14.7600002288818,1389700,11.6386632919312
2022-05-18,14.6999998092651,14.8000001907349,14.0900001525879,14.1800003051758,1959900,11.1813163757324
2022-05-19,14.1899995803833,14.3699998855591,14.0100002288818,14.3299999237061,2127500,11.299596786499
2022-05-20,14.4799995422363,14.4799995422363,13.8699998855591,14.1800003051758,1777400,11.1813163757324
2022-05-23,14.2799997329712,14.6000003814697,14.25,14.3100004196167,1184600,11.2838258743286
2022-05-24,14.1599998474121,14.3299999237061,14.0500001907349,14.3199996948242,792900,11.2917098999023
2022-05-25,14.2700004577637,14.5500001907349,14.2200002670288,14.460000038147,821700,11.4021043777466
2022-05-26,14.4700002670288,14.6099996566772,14.3100004196167,14.3699998855591,1248800,11.3311367034912
2022-05-27,14.3800001144409,14.5799999237061,14.1899995803833,14.1899995803833,2224600,11.1892023086548
2022-05-30,14.2399997711182,14.3900003433228,14.0799999237061,14.1700000762939,1940200,11.1734313964844
2022-05-31,14.2600002288818,14.3100004196167,13.8199996948242,13.960000038147,9431500,11.0078411102295
2022-06-01,13.9700002670288,13.9700002670288,13.6099996566772,13.6999998092651,6323900,10.8028240203857
2022-06-02,13.7299995422363,14.0299997329712,13.6400003433228,13.8699998855591,3275400,10.9368734359741
2022-06-03,13.7700004577637,13.8599996566772,13.5600004196167,13.7600002288818,2685000,10.8501358032227
2022-06-06,13.8100004196167,13.9300003051758,13.3500003814697,13.5500001907349,3175000,10.6845445632935
2022-06-07,13.5200004577637,13.8900003433228,13.4499998092651,13.8599996566772,2760900,10.9289875030518
2022-06-08,13.7700004577637,14.289999961853,13.710000038147,14.1999998092651,2847500,11.1970872879028
2022-06-09,14.1300001144409,14.1700000762939,13.8699998855591,14.0900001525879,1365200,11.1103496551514
2022-06-10,14.0299997329712,14.0299997329712,13.2700004577637,13.3800001144409,4538500,10.5504951477051
2022-06-13,13.289999961853,13.289999961853,12.5900001525879,12.789999961853,7473300,10.0852642059326
2022-06-14,12.789999961853,13.3699998855591,12.789999961853,13.2700004577637,4085600,10.4637575149536
2022-06-15,13.4700002670288,13.8500003814697,13.3299999237061,13.8400001525879,3153700,10.91321849823
2022-06-17,13.7200002670288,13.789999961853,13.3100004196167,13.3500003814697,8202900,10.5268392562866
2022-06-20,13.3699998855591,13.6599998474121,13.2399997711182,13.5299997329712,1649800,10.6687746047974
2022-06-21,13.6499996185303,13.6800003051758,13.4300003051758,13.5799999237061,1455700,10.7082004547119
2022-06-22,13.4499998092651,13.8299999237061,13.3199996948242,13.710000038147,1196200,10.8107089996338
2022-06-23,13.8900003433228,13.9099998474121,13.4700002670288,13.5799999237061,3444100,10.7082004547119
2022-06-24,13.6700000762939,13.6700000762939,13.3100004196167,13.3900003433228,807500,10.5583810806274
2022-06-27,13.3999996185303,13.4700002670288,13.1899995803833,13.3500003814697,1661400,10.5268392562866
2022-06-28,13.4399995803833,13.8699998855591,13.3699998855591,13.5500001907349,5362200,10.6845445632935
2022-06-29,13.5699996948242,13.6400003433228,13.4499998092651,13.6400003433228,1613700,10.7555122375488
2022-06-30,13.4499998092651,13.8500003814697,13.3900003433228,13.6199998855591,2634600,10.7397413253784
2022-07-01,13.6899995803833,13.8400001525879,13.460000038147,13.6400003433228,2696600,10.7555122375488
2022-07-04,13.6400003433228,13.7700004577637,13.4399995803833,13.6000003814697,1437100,10.7239713668823
2022-07-05,13.5100002288818,13.5600004196167,13.3999996185303,13.5600004196167,1722600,10.6924304962158
2022-07-06,13.5,13.6800003051758,13.3999996185303,13.6300001144409,1826800,10.7476272583008
2022-07-07,13.7700004577637,14.25,13.5600004196167,14.1000003814697,2931100,11.1182355880737
2022-07-08,14.0500001907349,14.4399995803833,14.0500001907349,14.2399997711182,1922000,11.2286281585693
2022-07-11,14.1199998855591,14.2799997329712,13.8299999237061,14.1800003051758,1881000,11.1813163757324
2022-07-12,14.1800003051758,14.3299999237061,14.039999961853,14.2299995422363,1673000,11.2207431793213
2022-07-13,14.2799997329712,14.3400001525879,14.0600004196167,14.2700004577637,2559400,11.2522850036621
2022-07-14,14.1000003814697,14.2700004577637,13.8500003814697,13.9300003051758,1968500,10.984185218811
2022-07-15,14.0100002288818,14.0200004577637,13.539999961853,13.8000001907349,2342600,10.8816766738892
2022-07-18,13.8000001907349,14.0500001907349,13.5200004577637,13.6999998092651,1463400,10.8028240203857
2022-07-19,13.8800001144409,14.1599998474121,13.7700004577637,14.1599998474121,2890800,11.1655464172363
2022-07-20,14.1499996185303,14.5,14.1099996566772,14.3999996185303,2285400,11.3547925949097
2022-07-21,14.3299999237061,14.3999996185303,14.1199998855591,14.3599996566772,1092700,11.3232517242432
2022-07-22,14.3900003433228,14.5200004577637,14.210000038147,14.5100002288818,1975500,11.4415311813354
2022-07-25,14.5799999237061,14.6199998855591,14.2600002288818,14.3400001525879,1962700,11.3074817657471
2022-07-26,14.289999961853,14.5299997329712,14.2600002288818,14.3900003433228,1661400,11.3469085693359
2022-07-27,14.4099998474121,14.6700000762939,14.2399997711182,14.3500003814697,3096400,11.3153667449951
2022-07-28,14.4399995803833,14.4700002670288,13.8199996948242,14,2911900,11.039381980896
2022-07-29,14,14.4700002670288,13.4300003051758,14.1899995803833,13059200,11.1892023086548
2022-08-01,14.1199998855591,14.3100004196167,13.7700004577637,13.9799995422363,3205600,11.0236110687256
2022-08-02,13.960000038147,14.1300001144409,13.6899995803833,13.8699998855591,2371400,10.9368734359741
2022-08-03,13.8299999237061,14.0699996948242,13.6700000762939,13.8999996185303,3133200,10.9605293273926
2022-08-04,13.960000038147,14.3699998855591,13.9099998474121,14.1300001144409,5742400,11.1418905258179
2022-08-05,14.2600002288818,14.2600002288818,13.960000038147,14,1948700,11.039381980896
2022-08-08,14.0799999237061,14.1800003051758,13.8800001144409,14.0100002288818,2949000,11.047266960144
2022-08-09,14.0200004577637,14.1199998855591,13.6300001144409,13.9499998092651,1743500,10.9999551773071
2022-08-10,13.9499998092651,14.2600002288818,13.8999996185303,14.1099996566772,2933600,11.1261196136475
2022-08-11,14.1199998855591,14.1800003051758,13.8299999237061,13.9099998474121,1665400,10.9684152603149
2022-08-12,13.9099998474121,14.210000038147,13.7700004577637,14.1499996185303,2648400,11.157660484314
2022-08-15,14.039999961853,14.4399995803833,13.9499998092651,14.3199996948242,3450900,11.2917098999023
2022-08-16,14.3699998855591,14.4200000762939,13.9700002670288,14.1000003814697,1185300,11.1182355880737
2022-08-17,14.0299997329712,14.3699998855591,13.9300003051758,14.3500003814697,4396400,11.3153667449951
2022-08-18,14.3999996185303,14.5200004577637,14.1700000762939,14.3000001907349,2180500,11.2759399414062
2022-08-19,14.25,14.25,14.0200004577637,14.1899995803833,1667800,11.1892023086548
2022-08-22,14.1199998855591,14.3299999237061,14.0200004577637,14.1199998855591,1703300,11.1340045928955
2022-08-23,14.0299997329712,14.3900003433228,14.0299997329712,14.3299999237061,2361000,11.299596786499
2022-08-24,14.3299999237061,14.5500001907349,14.1700000762939,14.1800003051758,2116800,11.1813163757324
2022-08-25,14.3100004196167,14.3299999237061,13.9799995422363,14.1000003814697,2435800,11.1182355880737
2022-08-26,14.1099996566772,14.2700004577637,13.9899997711182,14.1099996566772,1356300,11.1261196136475
2022-08-29,14.0699996948242,14.3100004196167,13.960000038147,14.1899995803833,3615600,11.1892023086548
2022-08-30,14.1899995803833,14.25,13.960000038147,14.0600004196167,1284900,11.0866937637329
2022-08-31,14.0699996948242,15.4200000762939,14,15.3699998855591,16560000,12.1196641921997
2022-09-01,15.5,15.5200004577637,14.5799999237061,14.8800001144409,4716400,11.7332859039307
2022-09-02,14.9899997711182,15.0600004196167,14.7600002288818,14.9899997711182,3674700,11.8200235366821
2022-09-05,15.0200004577637,15.2200002670288,14.8199996948242,15.1400003433228,1899700,11.9383029937744
2022-09-06,15.1899995803833,15.1999998092651,14.6800003051758,14.789999961853,1316500,11.6623191833496
2022-09-08,14.8400001525879,14.8599996566772,14.5200004577637,14.6000003814697,2598100,11.5124988555908
2022-09-09,14.6999998092651,14.6999998092651,14.2600002288818,14.4499998092651,2426300,11.3942193984985
2022-09-12,14.5500001907349,14.8699998855591,14.5,14.5699996948242,2097200,11.488842010498
2022-09-13,14.4300003051758,14.6000003814697,14.2600002288818,14.3500003814697,1768400,11.3153667449951
2022-09-14,14.3000001907349,14.5799999237061,14.0799999237061,14.3100004196167,1856400,11.2838258743286
2022-09-15,14.25,14.3900003433228,14.1899995803833,14.3299999237061,1523500,11.299596786499
2022-09-16,14.3299999237061,14.5,14.0799999237061,14.2600002288818,3523100,11.2443990707397
2022-09-19,14.1899995803833,14.6000003814697,14.1899995803833,14.4099998474121,1858600,11.362678527832
2022-09-20,14.4099998474121,14.5,14.1499996185303,14.210000038147,1310600,11.2049732208252
2022-09-21,14.210000038147,14.3400001525879,13.960000038147,14.1599998474121,2825100,11.1655464172363
2022-09-22,14.289999961853,14.3500003814697,14.1199998855591,14.3400001525879,1855600,11.3074817657471
2022-09-23,14.3000001907349,14.4300003051758,14.1400003433228,14.3000001907349,2444100,11.2759399414062
2022-09-26,14.3000001907349,14.3100004196167,13.8999996185303,14.0500001907349,1884300,11.0788087844849
2022-09-27,14.1000003814697,14.1000003814697,13.75,13.9200000762939,2130200,10.9762992858887
2022-09-28,13.9899997711182,14.0900001525879,13.6899995803833,13.7200002670288,4249200,10.8185949325562
2022-09-29,13.6499996185303,13.8299999237061,13.5900001525879,13.6700000762939,2222600,10.7791681289673
2022-09-30,13.6700000762939,13.7200002670288,13.5299997329712,13.5500001907349,4019300,10.6845445632935
2022-10-03,13.7200002670288,14.3000001907349,13.5699996948242,14.3000001907349,2250700,11.2759399414062
2022-10-04,14.3100004196167,14.460000038147,14.1400003433228,14.1899995803833,2406500,11.1892023086548
2022-10-05,14.3100004196167,14.3100004196167,13.8599996566772,14.0100002288818,5244200,11.047266960144
2022-10-06,14.0799999237061,14.1999998092651,13.8999996185303,14.0299997329712,3101100,11.0630378723145
2022-10-07,14.0200004577637,14.2399997711182,13.9700002670288,14.0799999237061,7588600,11.1024646759033
2022-10-10,14.1400003433228,14.5,14.0600004196167,14.1400003433228,2000500,11.1497764587402
2022-10-11,14.1000003814697,14.4499998092651,14.039999961853,14.3299999237061,1834300,11.299596786499
2022-10-13,14.1999998092651,14.3000001907349,13.8800001144409,13.9300003051758,3739400,10.984185218811
2022-10-14,14.0100002288818,14.25,13.8199996948242,13.8199996948242,3601200,10.8974466323853
2022-10-17,13.8699998855591,14.3000001907349,13.7700004577637,14.2399997711182,6971700,11.2286281585693
2022-10-18,14.3100004196167,14.5200004577637,14.1300001144409,14.3900003433228,2646800,11.3469085693359
2022-10-19,14.4099998474121,14.460000038147,14.039999961853,14.0699996948242,2951600,11.094578742981
2022-10-20,13.5,14.0200004577637,13.2700004577637,13.8299999237061,7194300,10.9053325653076
2022-10-21,13.7299995422363,14.2600002288818,13.7299995422363,14.2600002288818,9489900,11.2443990707397
2022-10-24,14.1800003051758,14.6199998855591,14.1800003051758,14.3599996566772,2219500,11.3232517242432
2022-10-25,14.3500003814697,14.6899995803833,14.2799997329712,14.539999961853,2935500,11.4651870727539
2022-10-26,14.6000003814697,14.6199998855591,14.3000001907349,14.4799995422363,4386900,11.417875289917
2022-10-27,14.5900001525879,14.8500003814697,14.3900003433228,14.5,4207900,11.4336462020874
2022-10-28,14.460000038147,14.8599996566772,14.3299999237061,14.6700000762939,2887600,11.5676956176758
2022-10-31,14.3400001525879,14.9700002670288,14.25,14.9200000762939,2644000,11.7648267745972
2022-11-01,14.9099998474121,15.0699996948242,14.4899997711182,14.7700004577637,3576300,11.6465482711792
2022-11-03,14.6800003051758,15,14.5100002288818,14.9200000762939,2959500,11.7648267745972
2022-11-04,15,15.1599998474121,14.8699998855591,14.8999996185303,2161500,11.7490568161011
2022-11-07,14.8199996948242,14.8800001144409,14.1999998092651,14.3000001907349,3276500,11.2759399414062
2022-11-08,14.1899995803833,14.3900003433228,14.0699996948242,14.1999998092651,2450400,11.1970872879028
2022-11-09,14.2299995422363,14.3199996948242,14.1000003814697,14.1999998092651,1977800,11.1970872879028
2022-11-10,14.1000003814697,14.1800003051758,13.3999996185303,13.6700000762939,4341400,10.7791681289673
2022-11-11,13.7700004577637,13.8599996566772,13.4499998092651,13.7799997329712,3291200,10.8659057617188
2022-11-14,13.9700002670288,14,13.6800003051758,13.8299999237061,1203700,10.9053325653076
2022-11-16,13.8699998855591,13.9200000762939,13.5299997329712,13.9200000762939,5270300,10.9762992858887
2022-11-17,13.6499996185303,13.789999961853,13.4099998474121,13.7200002670288,5834900,10.8185949325562
2022-11-18,13.8000001907349,14.0299997329712,13.5,13.7700004577637,3568700,10.858021736145
2022-11-21,13.8400001525879,14.460000038147,13.8000001907349,14.3999996185303,4939800,11.3547925949097
2022-11-22,14.4200000762939,14.5799999237061,13.789999961853,13.8500003814697,3523700,10.921103477478
2022-11-23,13.8000001907349,13.8100004196167,13.4300003051758,13.4899997711182,4669400,10.6372327804565
2022-11-24,13.4899997711182,14.1599998474121,13.4899997711182,13.9799995422363,1852400,11.0236110687256
2022-11-25,13.9799995422363,14.0900001525879,13.6800003051758,13.8299999237061,1631500,10.9053325653076
2022-11-28,13.8400001525879,14.1700000762939,13.6400003433228,14.0100002288818,4990000,11.047266960144
2022-11-29,14.0600004196167,14.3800001144409,14.039999961853,14.2600002288818,1705300,11.2443990707397
2022-11-30,14.3100004196167,14.3100004196167,13.6499996185303,13.8299999237061,4586400,10.9053325653076
2022-12-01,13.7399997711182,14.0699996948242,13.6499996185303,13.9499998092651,1944500,10.9999551773071
2022-12-02,13.9499998092651,14.1599998474121,13.7799997329712,13.789999961853,1109200,10.8737916946411
2022-12-05,13.7600002288818,13.789999961853,13.4099998474121,13.4300003051758,1355000,10.5899209976196
2022-12-06,13.4300003051758,13.5100002288818,13.3000001907349,13.3699998855591,1647500,10.5426092147827
2022-12-07,13.3100004196167,13.789999961853,13.3100004196167,13.6000003814697,2865300,10.7239713668823
2022-12-08,15,15.0799999237061,14.2399997711182,14.3800001144409,12105700,11.3390226364136
2022-12-09,14.4200000762939,14.7700004577637,14.1000003814697,14.2700004577637,7204400,11.2522850036621
2022-12-12,14.2700004577637,14.3800001144409,13.7200002670288,14.0500001907349,4004300,11.0788087844849
2022-12-13,14.0500001907349,14.4300003051758,14.039999961853,14.1499996185303,3594700,11.157660484314
2022-12-14,14.0600004196167,14.2200002670288,13.710000038147,14.039999961853,3892800,11.0709238052368
2022-12-15,13.9799995422363,14.2700004577637,13.8699998855591,14.1099996566772,3824700,11.1261196136475
2022-12-16,14.1000003814697,14.3599996566772,13.9200000762939,14.3599996566772,3365900,11.3232517242432
2022-12-19,14.3400001525879,14.710000038147,14.2799997329712,14.5200004577637,3838800,11.4494161605835
2022-12-20,14.5,14.7600002288818,14.2600002288818,14.3999996185303,4148100,11.3547925949097
2022-12-21,14.5900001525879,15.0100002288818,14.2399997711182,14.789999961853,6348400,11.6623191833496
2022-12-22,14.8100004196167,15,14.6899995803833,14.8500003814697,2577900,11.7096309661865
2022-12-23,14.9099998474121,15.4399995803833,14.7799997329712,15.0500001907349,5656000,11.867335319519
2022-12-26,15.0299997329712,15.1000003814697,14.6999998092651,14.7799997329712,1646600,11.6544342041016
2022-12-27,14.8199996948242,14.8199996948242,14.4799995422363,14.7200002670288,1633000,11.6071214675903
2022-12-28,14.7799997329712,14.9300003051758,14.6800003051758,14.789999961853,2005900,11.6623191833496
2022-12-29,14.8400001525879,14.9799995422363,14.6499996185303,14.7299995422363,2424800,11.6150074005127
2023-01-02,14.539999961853,14.6400003433228,14.2700004577637,14.4799995422363,1018800,11.417875289917
2023-01-03,14.4300003051758,14.460000038147,14.1199998855591,14.2200002670288,1562800,11.2128591537476
2023-01-04,14.2600002288818,14.5,14,14.5,2937400,11.4336462020874
2023-01-05,14.4399995803833,14.5699996948242,14.1499996185303,14.5699996948242,4358300,11.488842010498
2023-01-06,14.5699996948242,14.7299995422363,14.4499998092651,14.5799999237061,2864500,11.4967279434204
2023-01-09,14.5100002288818,14.6000003814697,14.2700004577637,14.3400001525879,1567200,11.3074817657471
2023-01-10,14.1499996185303,14.2799997329712,13.6499996185303,14.1899995803833,5832500,11.1892023086548
2023-01-11,14.1599998474121,14.8299999237061,14.1300001144409,14.6800003051758,4499200,11.5755805969238
2023-01-12,14.6800003051758,15.289999961853,14.6800003051758,15.0600004196167,5662900,11.8752202987671
2023-01-13,15,15.0500001907349,14.6099996566772,14.789999961853,2269100,11.6623191833496
2023-01-16,14.6700000762939,15.0699996948242,14.5500001907349,15.0500001907349,3279700,11.867335319519
2023-01-17,15.0799999237061,15.2399997711182,14.8199996948242,15,2676600,11.8279085159302
2023-01-18,15.1599998474121,15.1800003051758,14.5699996948242,14.5699996948242,3532000,11.488842010498
2023-01-19,14.4799995422363,14.9200000762939,14.3999996185303,14.8900003433228,1847800,11.7411708831787
2023-01-20,14.8800001144409,14.9200000762939,14.6599998474121,14.789999961853,2012100,11.6623191833496
2023-01-23,14.8000001907349,14.8699998855591,14.4899997711182,14.710000038147,1770800,11.5992364883423
2023-01-24,14.7200002670288,15.0699996948242,14.460000038147,14.9200000762939,5839900,11.7648267745972
2023-01-25,14.9099998474121,15.4099998474121,14.8400001525879,15.1800003051758,10764800,11.9698448181152
2023-01-26,15.210000038147,15.4399995803833,15.0600004196167,15.2799997329712,8143300,12.0486965179443
2023-01-27,15.2799997329712,15.6199998855591,15.2200002670288,15.3000001907349,4160800,12.0644674301147
2023-01-30,15.1499996185303,15.289999961853,15,15.1199998855591,3859300,11.9225330352783
2023-01-31,15.1199998855591,15.5,15.1000003814697,15.4099998474121,5446800,12.1512060165405
2023-02-01,15.4300003051758,15.5699996948242,15.2399997711182,15.4200000762939,3741600,12.1590900421143
2023-02-02,15.4099998474121,15.5699996948242,15.1300001144409,15.3699998855591,3404900,12.1196641921997
2023-02-03,15.3199996948242,15.539999961853,15.0699996948242,15.2200002670288,3073100,12.0013856887817
2023-02-06,15.2200002670288,15.2700004577637,15.0100002288818,15.210000038147,3421200,11.9935007095337
2023-02-07,15.3500003814697,15.3500003814697,14.6700000762939,14.8100004196167,5199600,11.67809009552
2023-02-08,14.9200000762939,15.0500001907349,14.7399997711182,14.9499998092651,3697100,11.7884836196899
2023-02-09,14.9499998092651,15.0500001907349,14.75,14.8900003433228,2260100,11.7411708831787
2023-02-10,14.8400001525879,15.1700000762939,14.8400001525879,14.9700002670288,6075300,11.804253578186
2023-02-13,14.9899997711182,15.1599998474121,14.8500003814697,15.0600004196167,2704300,11.8752202987671
2023-02-14,15.039999961853,15.1700000762939,14.6999998092651,14.960000038147,2141000,11.796368598938
2023-02-15,14.8900003433228,15.2299995422363,14.8500003814697,15.0100002288818,3961900,11.8357954025269
2023-02-16,15.0200004577637,15.289999961853,14.7799997329712,15.1800003051758,4461000,11.9698448181152
2023-02-17,15.25,15.4899997711182,14.75,14.9700002670288,9428300,11.804253578186
2023-02-22,15.1899995803833,15.2600002288818,14.8900003433228,14.960000038147,6185800,11.796368598938
2023-02-23,15.0600004196167,15.1300001144409,14.8299999237061,14.9099998474121,3218000,11.7569417953491
2023-02-24,14.9700002670288,15.1899995803833,14.6999998092651,14.9099998474121,4705500,11.7569417953491
2023-02-27,14.9799995422363,15.1400003433228,14.7600002288818,14.8699998855591,3412900,11.7254009246826
2023-02-28,14.8999996185303,15.1000003814697,14.7399997711182,14.8000001907349,7018700,11.6702032089233
2023-03-01,14.8100004196167,14.8800001144409,14.4499998092651,14.7200002670288,8005300,11.6071214675903
2023-03-02,14.7299995422363,14.9099998474121,14.6300001144409,14.7299995422363,2250800,11.6150074005127
2023-03-03,14.7299995422363,14.8699998855591,14.6300001144409,14.7299995422363,1727100,11.6150074005127
2023-03-06,14.7299995422363,14.8100004196167,14.3999996185303,14.6499996185303,5313400,11.5519247055054
2023-03-07,14.7200002670288,14.8400001525879,14.539999961853,14.8299999237061,3776700,11.6938591003418
2023-03-08,14.8400001525879,14.8599996566772,14.6599998474121,14.8500003814697,2946500,11.7096309661865
2023-03-09,14.8400001525879,14.9399995803833,14.6999998092651,14.7799997329712,2514900,11.6544342041016
2023-03-10,14.7799997329712,14.8500003814697,14.6099996566772,14.7799997329712,3626000,11.6544342041016
2023-03-13,14.710000038147,14.9899997711182,14.6300001144409,14.8900003433228,3223500,11.7411708831787
2023-03-14,14.9300003051758,15.1000003814697,14.8599996566772,15.0100002288818,2520000,11.8357954025269
2023-03-15,14.960000038147,15.1800003051758,14.8299999237061,15,4602600,11.8279085159302
2023-03-16,15.0799999237061,15.0799999237061,14.8599996566772,14.8999996185303,5495800,11.7490568161011
2023-03-17,14.8900003433228,14.8900003433228,14.5200004577637,14.5600004196167,6196900,11.4809579849243
2023-03-20,14.6199998855591,14.6999998092651,14.3599996566772,14.4499998092651,2892000,11.3942193984985
2023-03-21,14.5100002288818,14.5799999237061,14.3999996185303,14.4799995422363,2410300,11.417875289917
2023-03-22,14.5100002288818,14.6300001144409,14.3199996948242,14.4700002670288,3006300,11.4099903106689
2023-03-23,14.5500001907349,14.6499996185303,14.1199998855591,14.2799997329712,4422500,11.2601699829102
2023-03-24,14.3100004196167,14.5500001907349,14.1899995803833,14.4300003051758,3265300,11.3784484863281
2023-03-27,14.5500001907349,14.5799999237061,14.289999961853,14.4099998474121,2288800,11.362678527832
2023-03-28,14.4399995803833,14.6199998855591,14.3699998855591,14.5799999237061,3302900,11.4967279434204
2023-03-29,14.6000003814697,14.6499996185303,14.289999961853,14.5100002288818,2326000,11.4415311813354
2023-03-30,14.5799999237061,14.6899995803833,14.1999998092651,14.5600004196167,3320400,11.4809579849243
2023-03-31,14.5900001525879,14.8299999237061,14.4300003051758,14.6700000762939,5155800,11.5676956176758
2023-04-03,14.789999961853,14.789999961853,14.3599996566772,14.4799995422363,6471200,11.417875289917
2023-04-04,14.5,14.6800003051758,14.3599996566772,14.6000003814697,5230100,11.5124988555908
2023-04-05,14.75,14.7700004577637,14.3999996185303,14.6700000762939,4689800,11.5676956176758
2023-04-06,14.6700000762939,14.8900003433228,14.6499996185303,14.7299995422363,4653400,11.6150074005127
2023-04-10,14.7299995422363,15.1300001144409,14.6300001144409,14.960000038147,3430500,11.796368598938
2023-04-11,15.1000003814697,15.3400001525879,14.9499998092651,15.0200004577637,2622300,11.8436803817749
2023-04-12,15.1000003814697,15.3400001525879,15,15.0699996948242,2987000,11.8831062316895
2023-04-13,15.1000003814697,15.3199996948242,15.0299997329712,15.210000038147,3337400,11.9935007095337
2023-04-14,15.3400001525879,15.4499998092651,15.1099996566772,15.289999961853,3392800,12.0565824508667
2023-04-17,15.3100004196167,15.5,15.1800003051758,15.3900003433228,4936300,12.1354351043701
2023-04-18,15.5,15.5299997329712,15.25,15.2799997329712,3259600,12.0486965179443
2023-04-19,15.2799997329712,15.3999996185303,15.1499996185303,15.3699998855591,3098200,12.1196641921997
2023-04-20,15.3999996185303,15.5,15.3299999237061,15.4399995803833,4813100,12.1748609542847
2023-04-24,15.4499998092651,15.539999961853,15.3599996566772,15.460000038147,2389300,12.1906318664551
2023-04-25,15.4700002670288,15.5,15.2799997329712,15.3999996185303,2381100,12.1433200836182
2023-04-26,15.4499998092651,15.4799995422363,15.2600002288818,15.3199996948242,2471700,12.0802383422852
2023-04-27,15.3400001525879,15.4399995803833,15.2600002288818,15.4200000762939,2919600,12.1590900421143
2023-04-28,15.4700002670288,15.8999996185303,15.3400001525879,15.7799997329712,8419400,12.4429607391357
2023-05-02,16,16.1499996185303,15.6400003433228,15.8199996948242,5999300,12.4745016098022
2023-05-03,15.9399995803833,15.9399995803833,15.6800003051758,15.6899995803833,6661600,12.3719930648804
2023-05-04,15.8699998855591,15.8800001144409,15.6499996185303,15.75,8184400,12.4193048477173
2023-05-05,14.2600002288818,14.5500001907349,14.039999961853,14.4499998092651,9400800,12.5936098098755
2023-05-08,14.4899997711182,14.539999961853,13.9200000762939,13.9899997711182,5826000,12.1927070617676
2023-05-09,13.9799995422363,14.1800003051758,13.7700004577637,13.8999996185303,4392900,12.1142683029175
2023-05-10,13.8800001144409,13.9200000762939,13.5100002288818,13.710000038147,5308900,11.9486789703369
2023-05-11,13.6199998855591,13.9899997711182,13.5600004196167,13.9300003051758,3678200,12.1404151916504
2023-05-12,13.9099998474121,14.1499996185303,13.8599996566772,13.960000038147,3087800,12.1665601730347
2023-05-15,14,14.1199998855591,13.8699998855591,14.0200004577637,2991300,12.2188529968262
2023-05-16,14.0699996948242,14.210000038147,13.960000038147,14,2907500,12.2014217376709
2023-05-17,14.0100002288818,14.1400003433228,13.8000001907349,13.8400001525879,4330800,12.0619773864746
2023-05-18,13.8800001144409,13.9300003051758,13.6599998474121,13.8400001525879,4680600,12.0619773864746
2023-05-19,13.8599996566772,14.0699996948242,13.789999961853,13.9700002670288,2962700,12.1752767562866
2023-05-22,13.9899997711182,14.25,13.9899997711182,14.1800003051758,2382100,12.3582983016968
2023-05-23,14.1599998474121,14.4899997711182,14.1300001144409,14.1300001144409,5482600,12.3147211074829
2023-05-24,14.1700000762939,14.210000038147,14.0699996948242,14.1499996185303,1846000,12.3321514129639
2023-05-25,14.1899995803833,14.3199996948242,14.1000003814697,14.1999998092651,2204600,12.3757286071777
2023-05-26,14.289999961853,14.3800001144409,14.0299997329712,14.1300001144409,2542300,12.3147211074829
2023-05-29,14.0500001907349,14.2600002288818,14.0500001907349,14.1899995803833,1431900,12.3670120239258
2023-05-30,14.289999961853,14.3000001907349,14.1499996185303,14.1700000762939,1829100,12.3495826721191
2023-05-31,14.1800003051758,14.2200002670288,14.0500001907349,14.0799999237061,3816500,12.2711448669434
2023-06-01,14.1700000762939,14.210000038147,14.0500001907349,14.1400003433228,2308800,12.3234367370605
2023-06-02,14.2200002670288,14.25,13.9499998092651,14.0600004196167,5725100,12.2537145614624
2023-06-05,14.0600004196167,14.0900001525879,13.8299999237061,13.9399995803833,3442900,12.1491298675537
2023-06-06,13.960000038147,14.3400001525879,13.9499998092651,14.2399997711182,7376500,12.4105892181396
2023-06-07,14.3000001907349,14.3999996185303,14.1099996566772,14.1199998855591,3154600,12.3060064315796
2023-06-09,14.1999998092651,14.3500003814697,14.1700000762939,14.289999961853,4999400,12.4541654586792
2023-06-12,14.3000001907349,14.3900003433228,14.1599998474121,14.3900003433228,2572800,12.5413188934326
2023-06-13,14.3999996185303,14.4399995803833,14.1999998092651,14.2200002670288,1312000,12.3931589126587
2023-06-14,14.2799997329712,14.5900001525879,14.210000038147,14.3500003814697,3034600,12.5064582824707
2023-06-15,14.3900003433228,14.4300003051758,14.2799997329712,14.3999996185303,1266000,12.5500345230103
2023-06-16,14.3999996185303,14.8199996948242,14.3699998855591,14.5799999237061,5319000,12.7069091796875
2023-06-19,14.789999961853,14.789999961853,14.3100004196167,14.5699996948242,3301400,12.6981935501099
2023-06-20,14.6599998474121,14.8999996185303,14.6099996566772,14.6999998092651,3568000,12.8114929199219
2023-06-21,14.7299995422363,14.9099998474121,14.6000003814697,14.8599996566772,5022600,12.9509372711182
2023-06-22,14.7700004577637,14.8400001525879,14.6099996566772,14.7700004577637,2039700,12.872501373291
2023-06-23,14.8000001907349,15.1000003814697,14.7399997711182,14.9499998092651,2959500,13.0293760299683
2023-06-26,14.9499998092651,15.0299997329712,14.6300001144409,14.6899995803833,2677600,12.8027782440186
2023-06-27,14.75,14.8299999237061,14.3199996948242,14.4399995803833,3014700,12.5848951339722
2023-06-28,14.4499998092651,14.6499996185303,14.3000001907349,14.3500003814697,2551100,12.5064582824707
2023-06-29,14.4099998474121,14.4700002670288,14.1599998474121,14.1800003051758,3297900,12.3582983016968
2023-06-30,14.2299995422363,14.460000038147,14.1000003814697,14.3299999237061,5359300,12.4890270233154
2023-07-03,14.4099998474121,14.4499998092651,14.1400003433228,14.2799997329712,3408900,12.4454507827759
2023-07-04,14.3100004196167,14.3299999237061,14.1300001144409,14.2600002288818,2230100,12.4280204772949
2023-07-05,14.210000038147,14.4899997711182,14.1400003433228,14.3699998855591,5051100,12.5238876342773
2023-07-06,14.3599996566772,14.4200000762939,14.1499996185303,14.2399997711182,2081000,12.4105892181396
2023-07-07,14.3500003814697,14.4200000762939,14.1599998474121,14.2600002288818,2149700,12.4280204772949
2023-07-10,14.3000001907349,14.3900003433228,14.2200002670288,14.3100004196167,1514600,12.4715967178345
2023-07-11,14.3100004196167,14.3199996948242,14.1300001144409,14.2600002288818,1919200,12.4280204772949
2023-07-12,14.289999961853,14.3900003433228,14.1899995803833,14.3100004196167,1842800,12.4715967178345
2023-07-13,14.4099998474121,14.460000038147,14.2600002288818,14.3699998855591,1737300,12.5238876342773
2023-07-14,14.4200000762939,14.4200000762939,14.25,14.3000001907349,1319400,12.4628820419312
2023-07-17,14.1599998474121,14.3699998855591,14.1599998474121,14.2799997329712,2622200,12.4454507827759
2023-07-18,14.2700004577637,14.3500003814697,14.1899995803833,14.2799997329712,1790100,12.4454507827759
2023-07-19,14.2700004577637,14.4099998474121,14.1899995803833,14.25,1653800,12.4193048477173
2023-07-20,14.2399997711182,14.25,14.1099996566772,14.1800003051758,1301000,12.3582983016968
2023-07-21,14.1800003051758,14.3100004196167,14.1199998855591,14.3100004196167,2631400,12.4715967178345
2023-07-24,14.3500003814697,14.3500003814697,14.2299995422363,14.2600002288818,1347200,12.4280204772949
2023-07-25,14.3400001525879,14.4099998474121,14.0500001907349,14.0600004196167,2710400,12.2537145614624
2023-07-26,14.1000003814697,14.1800003051758,14,14.0299997329712,3015500,12.2275676727295
2023-07-27,14.0699996948242,14.1199998855591,13.8999996185303,13.960000038147,2852900,12.1665601730347
2023-07-28,14.0299997329712,14.1199998855591,13.9300003051758,14,1506100,12.2014217376709
2023-07-31,14.1000003814697,14.1000003814697,13.9799995422363,14,1549400,12.2014217376709
2023-08-01,14,14.3000001907349,13.960000038147,14.0100002288818,5884200,12.2101373672485
2023-08-02,14.0200004577637,14.1300001144409,14.0100002288818,14.1199998855591,1697600,12.3060064315796
2023-08-03,14.1999998092651,14.2299995422363,13.8400001525879,13.8599996566772,4459000,12.0794076919556
2023-08-04,13.9799995422363,14.1099996566772,13.8500003814697,13.8599996566772,2248000,12.0794076919556
2023-08-07,13.9099998474121,13.960000038147,13.8199996948242,13.8500003814697,2425500,12.0706930160522
2023-08-08,13.8500003814697,14.039999961853,13.7799997329712,13.960000038147,2176400,12.1665601730347
2023-08-09,14,14,13.7799997329712,13.8599996566772,2190900,12.0794076919556
2023-08-10,13.8800001144409,13.9700002670288,13.7299995422363,13.8100004196167,2835300,12.0358324050903
2023-08-11,13.8299999237061,13.8299999237061,13.6700000762939,13.7700004577637,2472600,12.0009708404541
2023-08-14,13.7700004577637,13.8199996948242,13.6599998474121,13.7600002288818,1369900,11.9922552108765
2023-08-15,13.7600002288818,13.8599996566772,13.6899995803833,13.6999998092651,2713800,11.939962387085
2023-08-16,13.7299995422363,13.7600002288818,13.4499998092651,13.5,3946200,11.7656574249268
2023-08-17,13.5500001907349,13.6099996566772,13.4700002670288,13.5299997329712,2345000,11.7918033599854
2023-08-18,13.5299997329712,13.6400003433228,13.460000038147,13.6000003814697,3061800,11.8528099060059
2023-08-21,13.6000003814697,13.6999998092651,13.5600004196167,13.5600004196167,2113200,11.8179492950439
2023-08-22,13.6199998855591,13.710000038147,13.5500001907349,13.6300001144409,2231700,11.8789567947388
2023-08-23,13.6999998092651,13.7399997711182,13.6199998855591,13.7200002670288,2615000,11.9573936462402
2023-08-24,13.75,13.8599996566772,13.7399997711182,13.8299999237061,2322800,12.053261756897
2023-08-25,13.8299999237061,13.9399995803833,13.710000038147,13.789999961853,2887000,12.0184011459351
2023-08-28,13.8100004196167,13.8599996566772,13.6800003051758,13.8199996948242,2184700,12.0445461273193
2023-08-29,13.8400001525879,14,13.8299999237061,14,1776800,12.2014217376709
2023-08-30,14.0600004196167,14.0900001525879,13.9300003051758,13.9899997711182,1998700,12.1927070617676
2023-08-31,14,14,13.6099996566772,13.6099996566772,3236500,11.8615255355835
2023-09-01,13.75,13.9099998474121,13.7399997711182,13.9099998474121,3740800,12.1229839324951
2023-09-04,13.9200000762939,13.9200000762939,13.6499996185303,13.8800001144409,2040600,12.0968379974365
2023-09-05,13.9099998474121,13.9399995803833,13.7600002288818,13.7700004577637,3869600,12.0009708404541
2023-09-06,13.789999961853,13.8900003433228,13.6499996185303,13.8100004196167,2473500,12.0358324050903
2023-09-08,13.789999961853,13.9499998092651,13.7299995422363,13.7799997329712,3462800,12.0096845626831
2023-09-11,13.789999961853,13.8999996185303,13.7399997711182,13.8999996185303,2563700,12.1142683029175
2023-09-12,13.8999996185303,14.039999961853,13.8400001525879,13.9399995803833,2215400,12.1491298675537
2023-09-13,13.9499998092651,14.0900001525879,13.8999996185303,13.9399995803833,1684100,12.1491298675537
2023-09-14,13.9700002670288,14.1499996185303,13.9700002670288,14.1099996566772,2498700,12.2972898483276
2023-09-15,14.1400003433228,14.1899995803833,14.0200004577637,14.0900001525879,2121800,12.2798595428467
2023-09-18,14.1099996566772,14.1400003433228,13.8599996566772,13.9300003051758,3188500,12.1404151916504
2023-09-19,13.9799995422363,14.0299997329712,13.8000001907349,13.8999996185303,2994000,12.1142683029175
2023-09-20,13.960000038147,14.0299997329712,13.8299999237061,13.9399995803833,2998000,12.1491298675537
2023-09-21,13.8900003433228,13.8999996185303,13.7200002670288,13.8100004196167,4405700,12.0358324050903
2023-09-22,13.8900003433228,13.9799995422363,13.7799997329712,13.8100004196167,2812600,12.0358324050903
2023-09-25,13.8100004196167,13.8299999237061,13.6400003433228,13.6400003433228,3691700,11.8876714706421
2023-09-26,13.6400003433228,13.9399995803833,13.6099996566772,13.6700000762939,7795500,11.9138174057007
2023-09-27,13.789999961853,13.789999961853,13.5200004577637,13.6899995803833,2884900,11.9312477111816
2023-09-28,13.6899995803833,13.6999998092651,13.5500001907349,13.6099996566772,2404900,11.8615255355835
2023-09-29,13.6499996185303,13.7600002288818,13.6300001144409,13.7299995422363,1669400,11.9661083221436
2023-10-02,13.75,13.8100004196167,13.6700000762939,13.7299995422363,1979500,11.9661083221436
2023-10-03,13.6999998092651,13.7600002288818,13.5799999237061,13.6400003433228,2809600,11.8876714706421
2023-10-04,13.6400003433228,13.6999998092651,13.5699996948242,13.6000003814697,4367600,11.8528099060059
2023-10-05,13.6099996566772,13.6899995803833,13.4099998474121,13.5600004196167,4163300,11.8179492950439
2023-10-06,13.5,13.5200004577637,13.4200000762939,13.4899997711182,3573900,11.7569417953491
2023-10-09,13.4200000762939,13.7799997329712,13.4200000762939,13.7600002288818,4118900,11.9922552108765
2023-10-10,13.7799997329712,14.0500001907349,13.7600002288818,13.960000038147,3643400,12.1665601730347
2023-10-11,13.9700002670288,14.0799999237061,13.8699998855591,13.9700002670288,3458500,12.1752767562866
2023-10-13,13.9700002670288,14.0900001525879,13.8900003433228,13.8900003433228,4555500,12.1055545806885
2023-10-16,13.9300003051758,14,13.8400001525879,13.8400001525879,3983600,12.0619773864746
2023-10-17,13.8299999237061,13.9799995422363,13.7299995422363,13.8100004196167,5165000,12.0358324050903
2023-10-18,13.8100004196167,13.8100004196167,13.4700002670288,13.4700002670288,13737300,11.7395114898682
2023-10-19,13.4700002670288,13.5799999237061,13.4300003051758,13.4799995422363,3066300,11.7482261657715
2023-10-20,13.4799995422363,13.7600002288818,13.4799995422363,13.5900001525879,6261200,11.8440952301025
2023-10-23,13.6000003814697,13.75,13.539999961853,13.539999961853,3068100,11.8005180358887
2023-10-24,13.6400003433228,13.6499996185303,13.3400001525879,13.4399995803833,3637500,11.7133646011353
2023-10-25,13.4499998092651,13.5600004196167,13.3000001907349,13.3199996948242,3309700,11.6087818145752
2023-10-26,13.3400001525879,13.5500001907349,13.3400001525879,13.4899997711182,2627000,11.7569417953491
2023-10-27,13.4899997711182,13.539999961853,13.2600002288818,13.2600002288818,2748900,11.556489944458
2023-10-30,13.3699998855591,13.4499998092651,13.25,13.2799997329712,4549600,11.573920249939
2023-10-31,13.3100004196167,13.4700002670288,13.3100004196167,13.4200000762939,3290000,11.6959342956543
2023-11-01,13.3500003814697,13.5699996948242,13.0299997329712,13.4700002670288,7182500,11.7395114898682
2023-11-03,13.5699996948242,13.8900003433228,13.460000038147,13.8199996948242,4830800,12.0445461273193
2023-11-06,13.8000001907349,13.9499998092651,13.6499996185303,13.8900003433228,2982900,12.1055545806885
2023-11-07,13.8900003433228,13.9499998092651,13.789999961853,13.789999961853,2619100,12.0184011459351
2023-11-08,13.789999961853,13.8199996948242,13.5500001907349,13.6499996185303,5488500,11.8963861465454
2023-11-09,13.6400003433228,13.6599998474121,13.4099998474121,13.5100002288818,3055900,11.7743730545044
2023-11-10,13.5100002288818,13.6999998092651,13.5100002288818,13.6099996566772,3430000,11.8615255355835
2023-11-13,13.6099996566772,13.8800001144409,13.5600004196167,13.8500003814697,2941400,12.0706930160522
2023-11-14,13.6999998092651,14.1499996185303,13.6999998092651,14.0799999237061,3963500,12.2711448669434
2023-11-16,14.0100002288818,14.4300003051758,14.0100002288818,14.4300003051758,6741500,12.5761804580688
2023-11-17,14.4200000762939,14.4200000762939,14.0299997329712,14.1499996185303,3124800,12.3321514129639
2023-11-20,14.1000003814697,14.1300001144409,13.8500003814697,13.960000038147,3248400,12.1665601730347
2023-11-21,13.960000038147,13.9700002670288,13.7600002288818,13.8299999237061,2713400,12.053261756897
2023-11-22,14.8000001907349,14.9499998092651,14.3699998855591,14.3999996185303,20875500,12.5500345230103
2023-11-23,14.75,14.75,14.3999996185303,14.5100002288818,9122900,12.645902633667
2023-11-24,14.5299997329712,14.6599998474121,14.4200000762939,14.4899997711182,8121100,12.6284713745117
2023-11-27,14.5600004196167,14.5699996948242,14.4300003051758,14.4899997711182,6177700,12.6284713745117
2023-11-28,14.5299997329712,14.75,14.5200004577637,14.6000003814697,5941200,12.7243404388428
2023-11-29,14.6999998092651,14.7299995422363,14.5100002288818,14.5100002288818,5869600,12.645902633667
2023-11-30,14.5900001525879,14.6899995803833,14.539999961853,14.6899995803833,4162000,12.8027782440186
2023-12-01,14.6999998092651,14.9799995422363,14.6800003051758,14.8599996566772,6458300,12.9509372711182
2023-12-04,14.9499998092651,15,14.8599996566772,14.8999996185303,7048400,12.9857988357544
2023-12-05,14.9700002670288,15.25,14.9300003051758,15.1999998092651,6696500,13.2472581863403
2023-12-06,15.2600002288818,15.3299999237061,15.0699996948242,15.1000003814697,5861300,13.1601057052612
2023-12-07,15.1400003433228,15.1899995803833,14.9899997711182,15.1499996185303,6196000,13.2036819458008
2023-12-08,15.1999998092651,15.1999998092651,14.8599996566772,14.9300003051758,10990100,13.0119457244873
2023-12-11,13.1300001144409,13.3999996185303,12.8199996948242,13.3000001907349,13765600,12.8859920501709
2023-12-12,13.289999961853,13.3000001907349,13.1000003814697,13.1000003814697,4893200,12.6922178268433
2023-12-13,13.1000003814697,13.2700004577637,12.9700002670288,13.210000038147,6022600,12.7987937927246
2023-12-14,13.210000038147,13.4899997711182,13.210000038147,13.4499998092651,5480800,13.031322479248
2023-12-15,13.4499998092651,13.4899997711182,13.3900003433228,13.4899997711182,3224500,13.0700778961182
2023-12-18,13.4899997711182,13.6000003814697,13.3500003814697,13.3500003814697,3314300,12.9344358444214
2023-12-19,13.3800001144409,13.4499998092651,13.289999961853,13.3699998855591,4780200,12.9538135528564
2023-12-20,13.3699998855591,13.460000038147,13.3000001907349,13.3900003433228,3699400,12.9731912612915
2023-12-21,13.3999996185303,13.3999996185303,13.2700004577637,13.3299999237061,3368300,12.9150581359863
2023-12-22,13.3299999237061,13.3500003814697,13.25,13.3299999237061,2899500,12.9150581359863
2023-12-26,13.3500003814697,13.3800001144409,13.2600002288818,13.3199996948242,3358500,12.905369758606
2023-12-27,13.3199996948242,13.3900003433228,13.25,13.3900003433228,3456400,12.9731912612915
2023-12-28,13.3900003433228,13.3900003433228,13.2600002288818,13.3100004196167,3487000,12.8956813812256
2024-01-02,13.3100004196167,13.4099998474121,13.2200002670288,13.3000001907349,5209500,12.8859920501709
2024-01-03,13.3000001907349,13.5,13.25,13.4300003051758,5616300,13.0119457244873
2024-01-04,13.4499998092651,13.4899997711182,13.2600002288818,13.3299999237061,3371900,12.9150581359863
2024-01-05,13.3400001525879,13.5699996948242,13.2799997329712,13.5,4673500,13.0797662734985
2024-01-08,13.460000038147,13.6099996566772,13.3900003433228,13.5200004577637,3738800,13.0991439819336
2024-01-09,13.460000038147,13.4799995422363,13.3800001144409,13.4700002670288,3815700,13.0507001876831
2024-01-10,13.4700002670288,13.5200004577637,13.3299999237061,13.3999996185303,3627100,12.9828786849976
2024-01-11,13.4499998092651,13.4499998092651,13.2399997711182,13.3500003814697,4814200,12.9344358444214
2024-01-12,13.3500003814697,13.3900003433228,13.2399997711182,13.2700004577637,4041800,12.8569269180298
2024-01-15,13.2700004577637,13.3500003814697,13.2399997711182,13.3100004196167,1955800,12.8956813812256
2024-01-16,13.3100004196167,13.3599996566772,13.1599998474121,13.210000038147,4024500,12.7987937927246
2024-01-17,13.1999998092651,13.2799997329712,13.1000003814697,13.25,3642900,12.8375482559204
2024-01-18,13.2600002288818,13.2700004577637,13,13.0500001907349,6534900,12.6437740325928
2024-01-19,13.0799999237061,13.1000003814697,13,13.0799999237061,4877400,12.6728401184082
2024-01-22,13.1000003814697,13.1499996185303,13.0600004196167,13.1099996566772,4490300,12.7019062042236
2024-01-23,13.1400003433228,13.1999998092651,13.0799999237061,13.1300001144409,2538600,12.7212839126587
2024-01-24,13.1499996185303,13.3299999237061,13.1400003433228,13.289999961853,3333600,12.8763036727905
2024-01-25,13.289999961853,13.3500003814697,13.2299995422363,13.2399997711182,2729100,12.82785987854
2024-01-26,13.289999961853,13.3199996948242,13.1400003433228,13.1899995803833,2783300,12.7794160842896
2024-01-29,13.1999998092651,13.2399997711182,13.0699996948242,13.0799999237061,3775900,12.6728401184082
2024-01-30,13.0799999237061,13.1300001144409,13,13,3463200,12.5953311920166
2024-01-31,13.0699996948242,13.289999961853,13.0200004577637,13.1800003051758,3755000,12.7697277069092
2024-02-01,13.1800003051758,13.2200002670288,12.9200000762939,12.9200000762939,5048800,12.5178213119507
2024-02-02,12.9700002670288,13.0299997329712,12.8500003814697,12.8599996566772,4354400,12.4596881866455
2024-02-05,12.8900003433228,12.9499998092651,12.8199996948242,12.8599996566772,3478100,12.4596881866455
2024-02-06,12.8900003433228,12.960000038147,12.8599996566772,12.960000038147,3139500,12.5565757751465
2024-02-07,12.9499998092651,13.1599998474121,12.9499998092651,13.0799999237061,4180100,12.6728401184082
2024-02-08,13.1599998474121,13.289999961853,12.8599996566772,12.8599996566772,9381200,12.4596881866455
2024-02-09,12.8500003814697,13.1199998855591,12.8500003814697,12.9700002670288,4943200,12.5662651062012
2024-02-14,12.9799995422363,13.0200004577637,12.8800001144409,12.8900003433228,3077800,12.4887552261353
2024-02-15,12.9499998092651,13.0799999237061,12.8999996185303,12.9899997711182,4740900,12.5856418609619
2024-02-16,12.9700002670288,13.0600004196167,12.9399995803833,13.039999961853,3140300,12.6340856552124
2024-02-19,13.0299997329712,13.3599996566772,13.0200004577637,13.2700004577637,4786000,12.8569269180298
2024-02-20,13.2700004577637,13.2700004577637,12.9200000762939,12.9300003051758,8501200,12.5275096893311
2024-02-21,12.9899997711182,13.0600004196167,12.9099998474121,13.0600004196167,4507600,12.6534633636475
2024-02-22,13.0600004196167,13.1099996566772,12.960000038147,12.960000038147,5259000,12.5565757751465
2024-02-23,13.0100002288818,13.039999961853,12.8999996185303,12.8999996185303,4574300,12.4984436035156
2024-02-26,12.9399995803833,12.9700002670288,12.8199996948242,12.8400001525879,6964500,12.4403114318848
2024-02-27,12.9099998474121,13.039999961853,12.8500003814697,13.0299997329712,6701500,12.6243963241577
2024-02-28,13.0900001525879,13.1999998092651,12.9399995803833,12.960000038147,5949400,12.5565757751465
2024-02-29,12.9899997711182,13.0200004577637,12.8299999237061,12.8299999237061,5720400,12.4306221008301
2024-03-01,12.8699998855591,12.9300003051758,12.8400001525879,12.8500003814697,6803000,12.4500007629395
2024-03-04,12.4499998092651,12.4499998092651,12.1899995803833,12.1899995803833,6936300,12.1899995803833
2024-03-05,12.2200002670288,12.3100004196167,12.1499996185303,12.1800003051758,4003900,12.1800003051758
2024-03-06,12.1999998092651,12.2799997329712,12.1800003051758,12.210000038147,4458500,12.210000038147
2024-03-07,12.210000038147,12.2299995422363,12.0799999237061,12.1400003433228,3181800,12.1400003433228
2024-03-08,12.1099996566772,12.2299995422363,12.0900001525879,12.1499996185303,2935000,12.1499996185303
2024-03-11,12.1499996185303,12.1700000762939,11.9899997711182,12.0299997329712,3360500,12.0299997329712
2024-03-12,12.0699996948242,12.0799999237061,11.8599996566772,11.8599996566772,3748300,11.8599996566772
2024-03-13,11.8999996185303,11.9399995803833,11.75,11.8299999237061,6864800,11.8299999237061
2024-03-14,11.8800001144409,12.0900001525879,11.7799997329712,12.0299997329712,8274600,12.0299997329712
2024-03-15,12.0200004577637,12.1400003433228,11.8900003433228,11.9499998092651,9847900,11.9499998092651
2024-03-18,12.0100002288818,12.0100002288818,11.8500003814697,11.8599996566772,2462600,11.8599996566772
2024-03-19,11.8999996185303,11.9700002670288,11.789999961853,11.9099998474121,2845600,11.9099998474121
2024-03-20,11.9200000762939,12.0600004196167,11.8900003433228,12.0200004577637,2379700,12.0200004577637
2024-03-21,12.0299997329712,12.1099996566772,11.9700002670288,12.0299997329712,1929500,12.0299997329712
2024-03-22,12.0600004196167,12.0799999237061,11.9099998474121,11.9499998092651,2266600,11.9499998092651
2024-03-25,11.960000038147,12,11.8400001525879,11.8500003814697,2264900,11.8500003814697
2024-03-26,11.8800001144409,11.8800001144409,11.7299995422363,11.7799997329712,5291100,11.7799997329712
2024-03-27,11.789999961853,11.9099998474121,11.75,11.8299999237061,2631100,11.8299999237061
2024-03-28,11.8500003814697,11.9499998092651,11.8100004196167,11.8999996185303,2792300,11.8999996185303
2024-04-01,11.9499998092651,12.0100002288818,11.8500003814697,11.9499998092651,5322200,11.9499998092651
2024-04-02,11.9499998092651,12.0699996948242,11.8999996185303,12.0299997329712,2593300,12.0299997329712
2024-04-03,12.0299997329712,12.0799999237061,11.9399995803833,12.0699996948242,2476400,12.0699996948242
2024-04-04,12.0699996948242,12.1400003433228,12.0500001907349,12.1000003814697,2172100,12.1000003814697
2024-04-05,12.1000003814697,12.1199998855591,11.9899997711182,12.0200004577637,2046700,12.0200004577637
2024-04-08,12.039999961853,12.0900001525879,11.9399995803833,12.0600004196167,1869700,12.0600004196167
2024-04-09,12.0900001525879,12.2299995422363,12.0600004196167,12.1800003051758,2620200,12.1800003051758
2024-04-10,12.1800003051758,12.1800003051758,11.9700002670288,12.0200004577637,3506700,12.0200004577637
2024-04-11,12.0100002288818,12.039999961853,11.9300003051758,11.9799995422363,2230800,11.9799995422363
2024-04-12,11.9799995422363,12.039999961853,11.9099998474121,11.9300003051758,1969600,11.9300003051758
2024-04-15,11.9300003051758,12,11.7600002288818,11.8299999237061,7131500,11.8299999237061
2024-04-16,11.75,11.7700004577637,11.2600002288818,11.6000003814697,14513900,11.6000003814697
2024-04-17,11.710000038147,11.8000001907349,11.5900001525879,11.75,8522100,11.75
2024-04-18,11.75,11.960000038147,11.7200002670288,11.789999961853,4323100,11.789999961853
2024-04-19,11.8000001907349,11.8800001144409,11.7299995422363,11.8100004196167,6594100,11.8100004196167
2024-04-22,11.8199996948242,11.8299999237061,11.6499996185303,11.75,3030700,11.75
2024-04-23,11.7299995422363,11.9099998474121,11.6800003051758,11.8299999237061,4262300,11.8299999237061
2024-04-24,11.8400001525879,11.9200000762939,11.5699996948242,11.5699996948242,3333100,11.5699996948242
2024-04-25,11.6099996566772,11.6099996566772,11.3199996948242,11.3199996948242,3502900,11.3199996948242
2024-04-26,11.3800001144409,11.6300001144409,11.3699998855591,11.4799995422363,4980900,11.4799995422363
2024-04-29,11.5100002288818,11.6800003051758,11.4899997711182,11.6000003814697,2083900,11.6000003814697
2024-04-30,11.6199998855591,11.6199998855591,11.5200004577637,11.5900001525879,3907000,11.5900001525879
2024-05-02,11.6400003433228,11.6599998474121,11.25,11.4799995422363,20553600,11.4799995422363
2024-05-03,11.5200004577637,11.7600002288818,11.5200004577637,11.6800003051758,15131500,11.6800003051758
2024-05-06,11.710000038147,11.8800001144409,11.6400003433228,11.6499996185303,5841900,11.6499996185303
2024-05-07,11.6899995803833,11.8599996566772,11.6099996566772,11.710000038147,6138900,11.710000038147
2024-05-08,11.7700004577637,11.789999961853,11.5500001907349,11.6400003433228,3975900,11.6400003433228
2024-05-09,11.6400003433228,11.8699998855591,11.5500001907349,11.8100004196167,5625300,11.8100004196167
2024-05-10,11.8500003814697,11.9300003051758,11.7299995422363,11.8299999237061,4068600,11.8299999237061
2024-05-13,11.8199996948242,11.960000038147,11.8000001907349,11.8900003433228,2245400,11.8900003433228
2024-05-14,11.8900003433228,12.0699996948242,11.8500003814697,11.9899997711182,6982000,11.9899997711182
2024-05-15,12,12.1099996566772,11.9099998474121,12.0299997329712,2607400,12.0299997329712
2024-05-16,11.5,11.9300003051758,11.3199996948242,11.8299999237061,24775500,11.8299999237061
2024-05-17,11.8500003814697,12.0200004577637,11.7299995422363,11.75,8555000,11.75
2024-05-20,11.7799997329712,11.9899997711182,11.7399997711182,11.8699998855591,5573200,11.8699998855591
2024-05-21,11.8999996185303,12.0299997329712,11.8699998855591,12.0299997329712,5034400,12.0299997329712
2024-05-22,12.0500001907349,12.1599998474121,12,12.0299997329712,10861400,12.0299997329712
2024-05-23,12.039999961853,12.1000003814697,12.0100002288818,12.0900001525879,2570600,12.0900001525879
2024-05-24,12.0900001525879,12.2399997711182,12.0799999237061,12.1499996185303,3250100,12.1499996185303
2024-05-27,12.1499996185303,12.3100004196167,12.1300001144409,12.2600002288818,2881900,12.2600002288818
2024-05-28,12.3400001525879,12.4399995803833,12.1099996566772,12.1599998474121,5100000,12.1599998474121
2024-05-29,12.1400003433228,12.1400003433228,11.9700002670288,12.039999961853,4985800,12.039999961853
2024-05-31,12,12.0600004196167,11.9300003051758,11.9399995803833,3697200,11.9399995803833
2024-06-03,11.9799995422363,12.1800003051758,11.9300003051758,12.1199998855591,5556100,12.1199998855591
2024-06-04,12.1199998855591,12.2200002670288,12.0699996948242,12.1300001144409,2832100,12.1300001144409
2024-06-05,12.1499996185303,12.3800001144409,12.1300001144409,12.3199996948242,6639500,12.3199996948242
2024-06-06,12.3500003814697,12.5500001907349,12.289999961853,12.460000038147,4252200,12.460000038147
2024-06-07,12.4300003051758,12.4499998092651,12.0200004577637,12.1000003814697,6379000,12.1000003814697
2024-06-10,12.1800003051758,12.2600002288818,12.0100002288818,12.210000038147,4736300,12.210000038147
2024-06-11,12.2399997711182,12.3599996566772,12.210000038147,12.25,4032900,12.25
2024-06-12,12.3000001907349,12.3500003814697,12.0799999237061,12.0799999237061,3965300,12.0799999237061
2024-06-13,12.0900001525879,12.1999998092651,12.039999961853,12.1099996566772,3273000,12.1099996566772
2024-06-14,12.1099996566772,12.2399997711182,12.1000003814697,12.1800003051758,8492900,12.1800003051758
2024-06-17,12.1999998092651,12.25,12.1099996566772,12.1300001144409,2677800,12.1300001144409
2024-06-18,12.1099996566772,12.289999961853,12.0799999237061,12.2799997329712,3254600,12.2799997329712
2024-06-19,12.210000038147,12.2399997711182,11.9899997711182,12.1899995803833,2672200,12.1899995803833
2024-06-20,12.1899995803833,12.3000001907349,12.1300001144409,12.210000038147,2453900,12.210000038147
2024-06-21,12.1999998092651,12.3299999237061,12.1700000762939,12.2700004577637,3587800,12.2700004577637
2024-06-24,12.2700004577637,12.4200000762939,12.210000038147,12.3400001525879,2343600,12.3400001525879
2024-06-25,12.3699998855591,12.3800001144409,12.2600002288818,12.2600002288818,2041100,12.2600002288818
2024-06-26,12.3100004196167,12.3100004196167,12.1700000762939,12.2399997711182,2292500,12.2399997711182
2024-06-27,12.25,12.3500003814697,12.1899995803833,12.2700004577637,2774700,12.2700004577637
2024-06-28,12.2700004577637,12.4499998092651,12.2700004577637,12.3400001525879,3746100,12.3400001525879
2024-07-01,12.3699998855591,12.5,12.3299999237061,12.3400001525879,2679400,12.3400001525879
2024-07-02,12.3400001525879,12.4399995803833,12.1800003051758,12.1899995803833,3791000,12.1899995803833
2024-07-03,12.25,12.3400001525879,12.210000038147,12.210000038147,2265800,12.210000038147
2024-07-04,12.289999961853,12.4099998474121,12.2700004577637,12.3500003814697,1433700,12.3500003814697
2024-07-05,12.3900003433228,12.4300003051758,12.2700004577637,12.3500003814697,1833200,12.3500003814697
2024-07-08,12.3800001144409,12.4099998474121,12.210000038147,12.3400001525879,2888000,12.3400001525879
2024-07-09,12.3199996948242,12.460000038147,12.3000001907349,12.3999996185303,3745100,12.3999996185303
2024-07-10,12.4399995803833,12.5600004196167,12.3900003433228,12.4099998474121,3023400,12.4099998474121
2024-07-11,12.4099998474121,12.5699996948242,12.3999996185303,12.4499998092651,2692900,12.4499998092651
2024-07-12,12.5,12.539999961853,12.3800001144409,12.4799995422363,1898300,12.4799995422363
2024-07-15,12.4799995422363,12.5100002288818,12.4099998474121,12.4799995422363,1253800,12.4799995422363
2024-07-16,12.4700002670288,12.5799999237061,12.4399995803833,12.5,2113500,12.5
2024-07-17,12.5,12.5500001907349,12.4200000762939,12.4399995803833,1841400,12.4399995803833
2024-07-18,12.5,12.5200004577637,12.3699998855591,12.4200000762939,2719000,12.4200000762939
2024-07-19,12.3699998855591,12.4799995422363,12.25,12.3500003814697,2376700,12.3500003814697
2024-07-22,12.3500003814697,12.5200004577637,12.3100004196167,12.4700002670288,1935600,12.4700002670288
2024-07-23,12.4799995422363,12.4799995422363,12.3000001907349,12.3000001907349,1486200,12.3000001907349
2024-07-24,12.2799997329712,12.3199996948242,12.1300001144409,12.1599998474121,1846100,12.1599998474121
2024-07-25,12.1499996185303,12.2399997711182,12.0200004577637,12.039999961853,2152600,12.039999961853
2024-07-26,12.1300001144409,12.1300001144409,12.0100002288818,12.0500001907349,1725600,12.0500001907349
2024-07-29,12.0500001907349,12.1000003814697,11.9200000762939,11.9399995803833,1916200,11.9399995803833
2024-07-30,11.9499998092651,11.9499998092651,11.8299999237061,11.8400001525879,2457200,11.8400001525879
2024-07-31,11.8500003814697,11.9499998092651,11.8199996948242,11.8800001144409,3204200,11.8800001144409
2024-08-01,11.9200000762939,12.3599996566772,11.8900003433228,12.3500003814697,5073000,12.3500003814697
2024-08-02,12.1999998092651,12.2799997329712,11.789999961853,11.789999961853,5996300,11.789999961853
2024-08-05,11.5,11.6899995803833,11.2799997329712,11.6599998474121,6031900,11.6599998474121
2024-08-06,11.6300001144409,11.789999961853,11.539999961853,11.6099996566772,4916500,11.6099996566772
2024-08-07,11.6099996566772,11.6899995803833,11.460000038147,11.460000038147,3309400,11.460000038147
2024-08-08,11.4899997711182,11.539999961853,11.4099998474121,11.4499998092651,2874200,11.4499998092651
2024-08-09,11.4899997711182,11.6099996566772,11.460000038147,11.539999961853,4051800,11.539999961853
2024-08-12,11.6000003814697,11.6700000762939,11.5,11.5600004196167,2480800,11.5600004196167
2024-08-13,11.6300001144409,11.7600002288818,11.5900001525879,11.6199998855591,4076500,11.6199998855591
2024-08-14,11.6199998855591,11.6999998092651,11.5600004196167,11.6400003433228,5347400,11.6400003433228
2024-08-15,11.6499996185303,11.7700004577637,11.5,11.5799999237061,5697600,11.5799999237061
2024-08-16,11.6199998855591,11.6899995803833,11.5299997329712,11.5299997329712,4025800,11.5299997329712
2024-08-19,11.5600004196167,11.6800003051758,11.5600004196167,11.6300001144409,1721200,11.6300001144409
2024-08-20,11.6800003051758,11.6800003051758,11.539999961853,11.539999961853,2565600,11.539999961853
2024-08-21,11.5799999237061,11.6199998855591,11.4700002670288,11.5299997329712,4346600,11.5299997329712
2024-08-22,11.6099996566772,11.6099996566772,11.4799995422363,11.539999961853,3064500,11.539999961853
2024-08-23,11.5600004196167,11.6499996185303,11.4799995422363,11.5900001525879,3139200,11.5900001525879
2024-08-26,11.6099996566772,11.6099996566772,11.5,11.5500001907349,3677000,11.5500001907349
2024-08-27,11.5500001907349,11.6000003814697,11.4399995803833,11.4399995803833,3243300,11.4399995803833
2024-08-28,11.4499998092651,11.4799995422363,11.3800001144409,11.460000038147,2536200,11.460000038147
2024-08-29,11.4799995422363,11.4799995422363,11.3599996566772,11.3599996566772,3856200,11.3599996566772
2024-08-30,11.3999996185303,11.539999961853,11.3500003814697,11.3900003433228,10712600,11.3900003433228
2024-09-02,11.4499998092651,11.4700002670288,11.3599996566772,11.3999996185303,5681100,11.3999996185303
2024-09-03,11.4099998474121,11.5,11.3800001144409,11.3999996185303,3035400,11.3999996185303
2024-09-04,11.3999996185303,11.4499998092651,11.3400001525879,11.4300003051758,8013000,11.4300003051758
2024-09-05,11.4300003051758,11.4300003051758,11.25,11.3400001525879,6197700,11.3400001525879
2024-09-06,11.3599996566772,11.4099998474121,11.3199996948242,11.3500003814697,5641400,11.3500003814697
2024-09-09,11.3500003814697,11.3999996185303,11.1099996566772,11.1700000762939,5731400,11.1700000762939
2024-09-10,11.1700000762939,11.1700000762939,11.0600004196167,11.1499996185303,6570600,11.1499996185303
2024-09-11,11.210000038147,11.2200002670288,11,11.0600004196167,5125500,11.0600004196167
2024-09-12,11.0600004196167,11.1300001144409,11.0200004577637,11.0600004196167,2617900,11.0600004196167
2024-09-13,11.1199998855591,11.1700000762939,11.0600004196167,11.1099996566772,3690600,11.1099996566772
2024-09-16,11.1400003433228,11.1599998474121,11.0699996948242,11.1000003814697,3197700,11.1000003814697
2024-09-17,11.1099996566772,11.1400003433228,11.0299997329712,11.0699996948242,3963800,11.0699996948242
2024-09-18,11.0699996948242,11.1000003814697,10.960000038147,10.9899997711182,4385100,10.9899997711182
2024-09-19,11,11.0299997329712,10.8199996948242,10.8599996566772,5444700,10.8599996566772
2024-09-20,10.8999996185303,10.9200000762939,10.6000003814697,10.6000003814697,6264800,10.6000003814697
2024-09-23,10.6499996185303,10.6800003051758,10.5299997329712,10.6000003814697,3807000,10.6000003814697
2024-09-24,10.6099996566772,10.7299995422363,10.4499998092651,10.4700002670288,3885800,10.4700002670288
2024-09-25,10.4899997711182,10.5200004577637,10.3199996948242,10.3199996948242,3809000,10.3199996948242
2024-09-26,10.3599996566772,10.4799995422363,10.3199996948242,10.3999996185303,4454000,10.3999996185303
2024-09-27,10.3999996185303,10.5600004196167,10.3999996185303,10.4399995803833,4300600,10.4399995803833
2024-09-30,10.5,10.5100002288818,10.3699998855591,10.460000038147,3934900,10.460000038147
2024-10-01,10.460000038147,10.539999961853,10.3800001144409,10.4799995422363,3620500,10.4799995422363
2024-10-02,10.5600004196167,10.6400003433228,10.4300003051758,10.4300003051758,3567400,10.4300003051758
2024-10-03,10.4200000762939,10.4300003051758,10.2799997329712,10.3599996566772,4849200,10.3599996566772
2024-10-04,10.3199996948242,10.3599996566772,10.2600002288818,10.3400001525879,4351200,10.3400001525879
2024-10-07,10.3800001144409,10.3999996185303,10.1999998092651,10.2399997711182,5940100,10.2399997711182
2024-10-08,10.210000038147,10.289999961853,10.1999998092651,10.2200002670288,3933600,10.2200002670288
2024-10-09,10.25,10.25,10.039999961853,10.0900001525879,5855700,10.0900001525879
2024-10-10,10.1099996566772,10.1499996185303,10.0699996948242,10.1199998855591,2431900,10.1199998855591
2024-10-11,10.1499996185303,10.1499996185303,10.0299997329712,10.0600004196167,3301300,10.0600004196167
2024-10-14,10.0600004196167,10.210000038147,10.0600004196167,10.1499996185303,3961500,10.1499996185303
2024-10-15,10.1700000762939,10.210000038147,10.0799999237061,10.1700000762939,5096000,10.1700000762939
2024-10-16,10.1800003051758,10.3000001907349,10.0699996948242,10.2799997329712,15464100,10.2799997329712
2024-10-17,10.2399997711182,10.3500003814697,10.1300001144409,10.3199996948242,4409000,10.3199996948242
2024-10-18,10.3400001525879,10.4399995803833,10.2399997711182,10.3999996185303,9776200,10.3999996185303
2024-10-21,10.3999996185303,10.4799995422363,10.2600002288818,10.2600002288818,5157600,10.2600002288818
2024-10-22,10.2399997711182,10.2399997711182,10.0699996948242,10.1999998092651,4745600,10.1999998092651
2024-10-23,10.1700000762939,10.2200002670288,10.0900001525879,10.1599998474121,2906900,10.1599998474121
2024-10-24,10.1899995803833,10.3100004196167,10.1300001144409,10.2600002288818,6272200,10.2600002288818
2024-10-25,10.2600002288818,10.4099998474121,10.210000038147,10.3800001144409,7372700,10.3800001144409
2024-10-28,10.4099998474121,10.5200004577637,10.3400001525879,10.3400001525879,5440400,10.3400001525879
2024-10-29,10.3199996948242,10.4399995803833,10.25,10.3599996566772,6135500,10.3599996566772
