"Date","CASH3.SA.Open","CASH3.SA.High","CASH3.SA.Low","CASH3.SA.Close","CASH3.SA.Volume","CASH3.SA.Adjusted"
2020-11-09,16.1499996185303,16.533332824707,15.5833330154419,15.8166656494141,503040,6.67916297912598
2020-11-10,15.9833326339722,16.3333320617676,15.5666656494141,16.3333320617676,264300,6.8973445892334
2020-11-11,16.4166660308838,16.5833320617676,16.0499992370605,16.4166660308838,245460,6.93253564834595
2020-11-12,16.6666660308838,16.7666664123535,15.6999998092651,15.9166660308838,512280,6.7213921546936
2020-11-13,15.8500003814697,16.6333332061768,15.5666656494141,16.25,509220,6.86215448379517
2020-11-16,16.6666660308838,17.1666660308838,16.25,16.6666660308838,303120,7.03810691833496
2020-11-17,16.6499996185303,16.8333320617676,16.6000003814697,16.6499996185303,77040,7.03106880187988
2020-11-18,16.7999992370605,16.8333320617676,16.3333320617676,16.3333320617676,116700,6.8973445892334
2020-11-19,16.2000007629395,16.8333320617676,16.0833320617676,16.8333320617676,147360,7.10848760604858
2020-11-23,16.6499996185303,16.8166656494141,16.6499996185303,16.75,195300,7.07329750061035
2020-11-24,16.75,16.8333320617676,16.5499992370605,16.75,198360,7.07329750061035
2020-11-25,16.7166652679443,16.8333320617676,16.533332824707,16.75,42900,7.07329750061035
2020-11-26,16.6833324432373,16.8333320617676,16.5,16.8333320617676,81240,7.10848760604858
2020-11-27,16.8333320617676,16.8333320617676,16.2999992370605,16.3333320617676,205380,6.8973445892334
2020-11-30,16.3833332061768,16.6666660308838,16.3500003814697,16.3500003814697,39960,6.90438318252563
2020-12-01,16.75,16.75,15.8333330154419,16,382260,6.75658321380615
2020-12-02,16.25,16.75,16.25,16.75,236880,7.07329750061035
2020-12-03,16.783332824707,17.3333320617676,16.7333335876465,16.8333320617676,205080,7.10848760604858
2020-12-04,17.0499992370605,17.3833332061768,16.8333320617676,17.1000003814697,83580,7.22109842300415
2020-12-07,17.3333320617676,17.5,16.8500003814697,16.9500007629395,299280,7.15775537490845
2020-12-08,16.9500007629395,17.7166652679443,16.9500007629395,17.3333320617676,85140,7.31963109970093
2020-12-09,17.6000003814697,17.75,16.9166660308838,17.3333320617676,129780,7.31963109970093
2020-12-10,17.5499992370605,17.9166660308838,17.5,17.9166660308838,130800,7.5659646987915
2020-12-11,17.9166660308838,21,17.9166660308838,20.8333320617676,1062600,8.79763317108154
2020-12-14,21.75,25,21.7000007629395,22.5,936720,9.50144481658936
2020-12-15,22.5,24.533332824707,22.5,24.5,1256340,10.3460178375244
2020-12-16,24.7999992370605,26.8999996185303,24.7999992370605,26.6666660308838,1360860,11.2609710693359
2020-12-17,27.1666660308838,28,25.75,26.5,920160,11.1905908584595
2020-12-18,26.8166656494141,26.8166656494141,24.5166664123535,25.5,713940,10.7683048248291
2020-12-21,25,26.3333320617676,23.8500003814697,25.6666660308838,626520,10.8386850357056
2020-12-22,25.7333335876465,26.5,25.7333335876465,25.8333320617676,298140,10.909065246582
2020-12-23,25.8166656494141,26.6833324432373,25.1833324432373,25.4166660308838,370680,10.7331132888794
2020-12-28,25.5166664123535,25.8333320617676,24.75,25.5,333120,10.7683048248291
2020-12-29,25.5833320617676,25.7666664123535,25.1000003814697,25.3666667938232,149040,10.7119989395142
2020-12-30,25.4333324432373,25.6666660308838,24.8333320617676,25.0166664123535,251340,10.5641984939575
2021-01-04,25.8333320617676,29.9333324432373,25.4666652679443,28.4333324432373,2310120,12.0070114135742
2021-01-05,29.1333332061768,30.7000007629395,27.6000003814697,29.1833324432373,1792320,12.3237247467041
2021-01-06,29.4333324432373,29.8333320617676,26.783332824707,27.0666656494141,1246380,11.4298849105835
2021-01-07,27.3166656494141,27.6000003814697,25.75,27.1000003814697,941640,11.443962097168
2021-01-08,28.2000007629395,33.0666656494141,28.2000007629395,33.0666656494141,1864200,13.9636039733887
2021-01-11,32.4833335876465,39.5166664123535,31.8833332061768,38.3333320617676,3816120,16.1876468658447
2021-01-12,39.5,46.6500015258789,39.5,45.8333320617676,4159020,19.354793548584
2021-01-13,47.7999992370605,50,41.3333320617676,42.1666641235352,4730700,17.8064098358154
2021-01-14,42.4500007629395,44.1666641235352,40.0999984741211,42.4166641235352,2849940,17.9119815826416
2021-01-15,42.4166641235352,45,41.033332824707,43,1837500,18.1583156585693
2021-01-18,43.5999984741211,44.1666641235352,42.5,42.8833312988281,1034640,18.1090488433838
2021-01-19,43.216667175293,43.5499992370605,41.1666641235352,41.4500007629395,812580,17.5037727355957
2021-01-20,42.9166641235352,47.1500015258789,42.533332824707,47.1333312988281,2652300,19.9037666320801
2021-01-21,47.8333320617676,54.3166656494141,47.6500015258789,54.2666664123535,3935880,22.9160766601562
2021-01-22,51.8499984741211,59.1666641235352,50.6166648864746,51.5999984741211,6573240,21.7899799346924
2021-01-26,52.5,54.1666641235352,43.6666641235352,44.1666641235352,4265820,18.6509838104248
2021-01-27,43.783332824707,47.6333312988281,41.3666648864746,42.283332824707,4076280,17.8556785583496
2021-01-28,42.9500007629395,47.2333335876465,42.8333320617676,45.7333335876465,2771280,19.3125667572021
2021-01-29,46.25,47,44.7000007629395,46,1881660,19.4251766204834
2021-02-01,46.7666664123535,48.5,43.7666664123535,46.5833320617676,2846040,19.6715087890625
2021-02-02,47.1333312988281,48.5999984741211,46.7000007629395,47.783332824707,1555020,20.1782531738281
2021-02-03,50.8333320617676,54.1166648864746,50.25,54.0833320617676,3915540,22.838659286499
2021-02-04,55.6333312988281,60.2000007629395,55,56.8333320617676,5660460,23.9999465942383
2021-02-05,58.3333320617676,61.1166648864746,55.6833343505859,57.1666641235352,3887580,24.1407089233398
2021-02-08,59.033332824707,59.5,54.2666664123535,54.2666664123535,1592340,22.9160766601562
2021-02-09,54.7333335876465,54.783332824707,50.3499984741211,52.4166641235352,2986560,22.1348476409912
2021-02-10,52.533332824707,54.4166641235352,47.5166664123535,49.5166664123535,2621520,20.9102153778076
2021-02-11,49.5166664123535,51.283332824707,47.6333312988281,47.6333312988281,1580760,20.1149082183838
2021-02-12,47.6333312988281,48.3666648864746,45.25,47.1666641235352,2112600,19.9178428649902
2021-02-17,47.3833312988281,49.966667175293,47.3499984741211,47.8833312988281,1052160,20.22047996521
2021-02-18,48.1500015258789,49.3333320617676,45.5666656494141,46.0999984741211,1821720,19.4674034118652
2021-02-19,46.0999984741211,47.8833312988281,44.5166664123535,46.2333335876465,1205820,19.5237102508545
2021-02-22,44.1666641235352,46.1500015258789,42.7999992370605,44,1385880,18.580602645874
2021-02-23,44.5,45.1333312988281,42.5666656494141,44.8333320617676,1210320,18.9325084686279
2021-02-24,45.5,49.0999984741211,44.8499984741211,48.7333335876465,2114580,20.5794258117676
2021-02-25,49.5666656494141,50.5,44.6166648864746,44.6166648864746,1577820,18.8410110473633
2021-02-26,45.6166648864746,50.3666648864746,43.5,47,2938380,19.8474636077881
2021-03-01,48.8333320617676,49.4833335876465,47.1166648864746,47.6500015258789,1142100,20.1219501495361
2021-03-02,47.2333335876465,47.7999992370605,45.6666641235352,46.3666648864746,922320,19.5800132751465
2021-03-03,46.0499992370605,49.2999992370605,44.1833343505859,47.1666641235352,2180460,19.9178428649902
2021-03-04,47.533332824707,48.3166656494141,44.5833320617676,45.0666656494141,1797840,19.0310401916504
2021-03-05,45.0666656494141,45.5499992370605,41.6333312988281,43.9333343505859,1767660,18.5524520874023
2021-03-08,42.5,43.4000015258789,37.8666648864746,38.0999984741211,2465700,16.0891132354736
2021-03-09,38.716667175293,39.8333320617676,37.8666648864746,38.1333312988281,1145820,16.1031894683838
2021-03-10,38.6833343505859,39.9166641235352,37.5166664123535,39.5999984741211,1415940,16.722541809082
2021-03-11,40.4500007629395,41.0666656494141,39.0666656494141,40.6666641235352,947400,17.172981262207
2021-03-12,40.3166656494141,42.4000015258789,39.7000007629395,41.966667175293,893580,17.7219543457031
2021-03-15,41.6166648864746,42.2999992370605,41.0166664123535,41.2666664123535,915360,17.4263534545898
2021-03-16,41.3166656494141,43.8333320617676,41.3166656494141,43.5833320617676,1016700,18.4046497344971
2021-03-17,43.4166641235352,43.7333335876465,42.1166648864746,42.5166664123535,880320,17.9542121887207
2021-03-18,42.4333343505859,42.4333343505859,39.1666641235352,39.8166656494141,751140,16.814037322998
2021-03-19,40.0666656494141,41.033332824707,39.0999984741211,39.75,795240,16.7858867645264
2021-03-22,39.75,40.9333343505859,39.4333343505859,40.0166664123535,479700,16.898494720459
2021-03-23,39.7999992370605,40.4833335876465,39.25,39.7999992370605,295800,16.806999206543
2021-03-24,39.9500007629395,40.1833343505859,37.283332824707,37.8333320617676,483060,15.9765024185181
2021-03-25,37.9333343505859,38.6666641235352,36.1166648864746,37.3333320617676,764700,15.76535987854
2021-03-26,38,38.6500015258789,37.533332824707,38.3666648864746,685020,16.2017230987549
2021-03-29,37.8499984741211,39.0833320617676,37.2000007629395,37.8666648864746,628500,15.9905796051025
2021-03-30,37.8333320617676,38.9833335876465,37.3833312988281,38.9833335876465,982560,16.4621334075928
2021-03-31,41.6666641235352,42.5,40.533332824707,41,1736400,17.3137435913086
2021-04-01,41.0666656494141,43.1166648864746,40.0166664123535,42.283332824707,1053420,17.8556785583496
2021-04-05,42.8333320617676,46.4333343505859,42.7000007629395,46.4333343505859,2323800,19.6081676483154
2021-04-06,48.3333320617676,49.966667175293,47.5,49.5499992370605,2190420,20.9242916107178
2021-04-07,49.5,50.6166648864746,47.7333335876465,50.0833320617676,1531020,21.1495113372803
2021-04-08,50.8499984741211,54.5499992370605,50.466667175293,54.1500015258789,2017920,22.8668117523193
2021-04-09,53.5,56.2999992370605,52.0166664123535,54.4166641235352,1738440,22.9794178009033
2021-04-12,55,56.6333312988281,54.3499984741211,55.8333320617676,998220,23.577657699585
2021-04-13,56.25,57.9000015258789,53.6833343505859,54.8499984741211,1512900,23.162410736084
2021-04-14,54.9166641235352,55.4166641235352,51.466667175293,52.7333335876465,1464420,22.2685718536377
2021-04-15,54.1833343505859,56.3666648864746,53.6833343505859,54.966667175293,1235580,23.2116756439209
2021-04-16,55.3166656494141,56.8333320617676,55.3166656494141,55.8333320617676,918240,23.577657699585
2021-04-19,55.8333320617676,56.3666648864746,53.8499984741211,54,846600,22.803466796875
2021-04-20,54,54,51.033332824707,51.033332824707,1670520,21.5506839752197
2021-04-22,51.6666641235352,52.4166641235352,48.9166641235352,50.6666641235352,1777020,21.395845413208
2021-04-23,50.8333320617676,51.4166641235352,49.8333320617676,50.5833320617676,847380,21.3606548309326
2021-04-26,50.7333335876465,51.0833320617676,49.6666641235352,49.9500007629395,533160,21.0932083129883
2021-04-27,49.9833335876465,50.9000015258789,48.5166664123535,49.283332824707,813420,20.8116836547852
2021-04-28,49.283332824707,54.2000007629395,49.283332824707,54,1621380,22.803466796875
2021-04-29,54.6666641235352,56.25,53.783332824707,54.7000007629395,1234740,23.0990695953369
2021-04-30,54.7000007629395,57.7333335876465,54.4833335876465,55.1666641235352,2615700,23.2961349487305
2021-05-03,60,60.8333320617676,58.5666656494141,60.8166656494141,2748480,25.7108421325684
2021-05-04,61.6833343505859,64.4833297729492,59.6666641235352,64.1666641235352,3176100,27.1270847320557
2021-05-05,64.0999984741211,66.6666641235352,63.783332824707,66.5,2025120,28.113525390625
2021-05-06,66.4000015258789,71,65.6833343505859,66.6666641235352,2663820,28.1839866638184
2021-05-07,67.1833343505859,70.2666625976562,64.4333343505859,65.1500015258789,3489360,27.5428009033203
2021-05-10,65.25,66.6500015258789,62.033332824707,62.033332824707,2140380,26.2251987457275
2021-05-11,60,60,56.8333320617676,57.7666664123535,3913860,24.421422958374
2021-05-12,57.4000015258789,57.4000015258789,53.3333320617676,53.3333320617676,2952480,22.5471878051758
2021-05-13,54.6666641235352,57.283332824707,53.7666664123535,53.8166656494141,2338380,22.751522064209
2021-05-14,56.6666641235352,59.9833335876465,55.2333335876465,59.9833335876465,2271300,25.3585395812988
2021-05-17,60.533332824707,61.7333335876465,55.3499984741211,55.7333335876465,2888520,23.5618114471436
2021-05-18,55.8333320617676,58.3333320617676,54.0166664123535,56.7333335876465,1948560,23.9845714569092
2021-05-19,55.2666664123535,56.0166664123535,52.0166664123535,53.6500015258789,1506900,22.6810646057129
2021-05-20,53.8666648864746,56.7999992370605,53.8666648864746,54.9333343505859,862380,23.2236061096191
2021-05-21,55.6500015258789,58,55.6500015258789,57.3499984741211,1021320,24.2452716827393
2021-05-24,57.4333343505859,60.1333312988281,57.4166641235352,60,1380900,25.3655891418457
2021-05-25,60.8833312988281,66.5833358764648,60.466667175293,63.6666641235352,3615360,26.9157047271729
2021-05-26,64.7333297729492,65.6666641235352,61.1833343505859,62.6500015258789,1885560,26.4859027862549
2021-05-27,63.0833320617676,65.466667175293,62.9166641235352,65.4000015258789,1793820,27.6484909057617
2021-05-28,66.1333312988281,67.8833312988281,65.9000015258789,66.1666641235352,1492140,27.9726066589355
2021-05-31,66.5833358764648,69.8000030517578,66.5833358764648,68.4499969482422,1609680,28.9379062652588
2021-06-01,69.3333358764648,70.1333312988281,64.3333358764648,64.8499984741211,2166360,27.4159717559814
2021-06-02,64.4166641235352,65.6999969482422,63.1166648864746,64.2333297729492,1242420,27.1552677154541
2021-06-04,64.3166656494141,64.5833358764648,61.8499984741211,63.283332824707,1145400,26.7536487579346
2021-06-07,63.3499984741211,64.4833297729492,60.5833320617676,60.7999992370605,1274640,25.7037963867188
2021-06-08,61.8333320617676,64,60.783332824707,61.6666641235352,1258080,26.0701866149902
2021-06-09,62.1666641235352,64.1333312988281,61,62.8166656494141,1107180,26.556360244751
2021-06-10,63.3333320617676,64.9166641235352,61.75,62.8833312988281,1164840,26.5845432281494
2021-06-11,62.8833312988281,62.8833312988281,61.966667175293,62.283332824707,490860,26.3308887481689
2021-06-14,62.3333320617676,68.4166641235352,62.3333320617676,68.4166641235352,3237240,28.9238147735596
2021-06-15,68.5,68.9333343505859,66.0666656494141,67.5,1422180,28.536283493042
2021-06-16,68.9333343505859,70.3333358764648,66.5166625976562,70.3333358764648,2441700,29.7341079711914
2021-06-17,71.5,75.8333358764648,70.6500015258789,72.8333358764648,2916060,30.7910060882568
2021-06-18,72.8333358764648,75.9833297729492,71,72.4166641235352,3191880,30.6148529052734
2021-06-21,70.9333343505859,75.3666687011719,68.8166656494141,75.3666687011719,1576980,31.8619956970215
2021-06-22,75.7666625976562,76.8833312988281,72.8833312988281,73.9166641235352,1410180,31.2489910125732
2021-06-23,74.1833343505859,77.4499969482422,74.1666641235352,76.6500015258789,1364100,32.4045372009277
2021-06-24,77.2666625976562,83.3000030517578,75.533332824707,80.6500015258789,2967180,34.0955772399902
2021-06-25,81.466667175293,86.3333358764648,80.9499969482422,85.5,2859600,36.1459617614746
2021-06-28,85.033332824707,87.2666625976562,80.5500030517578,82.9333343505859,2801040,35.0608787536621
2021-06-29,83.033332824707,84.0500030517578,79.1666641235352,83.75,2109000,35.4061317443848
2021-06-30,84.1500015258789,85.75,82.1500015258789,82.1500015258789,1667880,34.7297172546387
2021-07-01,82.8333358764648,83,79.3833312988281,79.4166641235352,1726920,33.5741729736328
2021-07-02,79.6333312988281,85.4166641235352,79.6333312988281,85.3333358764648,1631220,36.0755004882812
2021-07-05,85.3666687011719,91.0166625976562,85.3666687011719,88.3333358764648,1948980,37.3437843322754
2021-07-06,88,92.4000015258789,86.6999969482422,92.4000015258789,2661300,39.0630035400391
2021-07-07,92.5,93.5,90,91.283332824707,2124240,38.5909194946289
2021-07-08,89.5,91.9166641235352,87.0166625976562,90.0833358764648,1689600,38.083610534668
2021-07-12,91.6999969482422,92.7333297729492,90.5833358764648,92.2666625976562,814560,39.0066337585449
2021-07-13,92.5,97.5,91.75,97.5,1877580,41.2190780639648
2021-07-14,97.3333358764648,99.25,95.5500030517578,96.0999984741211,1601520,40.6272125244141
2021-07-15,95.033332824707,99.8333358764648,94.5833358764648,99.3333358764648,1866960,41.994140625
2021-07-16,98.9833297729492,102.5,96.6999969482422,101.099998474121,3127140,42.7410125732422
2021-07-19,99.1666641235352,104.150001525879,97.9333343505859,101.5,2549040,42.9101181030273
2021-07-20,102.516662597656,109.150001525879,101.5,108.583335876465,2700600,45.904670715332
2021-07-21,110,114,109.266662597656,114,3417540,48.1946144104004
2021-07-22,116.683334350586,121.833335876465,115.833335876465,118.699996948242,3649200,50.1815872192383
2021-07-23,118.099998474121,121.383331298828,117.383331298828,119,1940820,50.3084106445312
2021-07-26,120.833335876465,128.08332824707,120.616668701172,123.333335876465,2630880,52.1403770446777
2021-07-27,124.666664123535,126.666664123535,110.5,112.833335876465,5403840,47.7013969421387
2021-07-28,115,120,115,118.5,2669340,50.0970344543457
2021-07-29,120.666664123535,122.666664123535,117.616668701172,119,1593420,50.3084106445312
2021-07-30,118.216667175293,120.733329772949,111.099998474121,113.166664123535,2435460,47.8423118591309
2021-08-02,117.333335876465,119.833335876465,114.666664123535,114.783332824707,1865280,48.5257759094238
2021-08-03,114.783332824707,116.650001525879,108.833335876465,115.516662597656,1899960,48.8357963562012
2021-08-04,116.333335876465,118.083335876465,110.550003051758,111.133331298828,1677660,46.9827041625977
2021-08-05,112.650001525879,114.166664123535,109.333335876465,109.333335876465,1279440,46.2217407226562
2021-08-06,108.333335876465,111.916664123535,107.599998474121,110,1179360,46.5035781860352
2021-08-09,109.683334350586,110.666664123535,103.75,104.599998474121,1459320,44.2206764221191
2021-08-10,103.516662597656,104.466667175293,96.5,96.8333358764648,2550480,40.9372406005859
2021-08-11,95.4166641235352,102.583335876465,92.9166641235352,101.416664123535,3703800,42.874885559082
2021-08-12,101.416664123535,104.166664123535,95.8333358764648,96.4833297729492,2062260,40.7892723083496
2021-08-13,97.9833297729492,99.6166687011719,90.9166641235352,93.3333358764648,2297040,39.4575805664062
2021-08-16,92.4833297729492,92.4833297729492,79.1166687011719,81.5833358764648,5823660,34.4901542663574
2021-08-17,78.783332824707,83.25,73.9000015258789,80.0166625976562,5201700,33.8278274536133
2021-08-18,80.1666641235352,81.4166641235352,75.6833343505859,75.6833343505859,3120360,31.9958686828613
2021-08-19,72.5,80.8333358764648,69.5,80.8333358764648,6709740,34.1730842590332
2021-08-20,79.3333358764648,82.4333343505859,75.6666641235352,75.6666641235352,5675640,31.9888229370117
2021-08-23,76.5833358764648,77.466667175293,70.0999984741211,70.0999984741211,5112180,29.6354598999023
2021-08-24,71.3333358764648,74.4333343505859,66.5500030517578,67.3333358764648,6952680,28.4658260345459
2021-08-25,68.0999984741211,70.8333358764648,66.1666641235352,69,4686540,29.1704254150391
2021-08-26,69.1666641235352,70.6666641235352,66.6999969482422,67.1333312988281,3020460,28.3812732696533
2021-08-27,68.3666687011719,69.466667175293,66.5,67.3333358764648,2026920,28.4658260345459
2021-08-30,67.3333358764648,68.4166641235352,66.1999969482422,67,1893180,28.3249053955078
2021-08-31,67.0833358764648,71.0666656494141,66.6999969482422,67.8000030517578,4393560,28.6631145477295
2021-09-01,68.466667175293,69.283332824707,62.033332824707,62.25,3935220,26.3167972564697
2021-09-02,62.2999992370605,64.1666641235352,57.3666648864746,57.5833320617676,6729960,24.3439159393311
2021-09-03,59.0833320617676,61.4833335876465,57.25,59,7717920,24.9428272247314
2021-09-06,60.5,61.5,57.9333343505859,58.6666641235352,2411820,24.8019065856934
2021-09-08,58.3666648864746,58.5166664123535,51.4833335876465,52,4074960,21.9835071563721
2021-09-09,52.1666641235352,55.4833335876465,51.1666641235352,54.7000007629395,6314520,23.1249618530273
2021-09-10,59,61.7999992370605,56.7000007629395,59.2999992370605,4437770,25.0696544647217
2021-09-13,62,66.9000015258789,60.2999992370605,66.9000015258789,5413240,28.2826290130615
2021-09-14,67.5,77.0999984741211,66.1999969482422,77,9046370,32.5525054931641
2021-09-15,77.4000015258789,81.8000030517578,69.6999969482422,77.3000030517578,9367910,32.6793327331543
2021-09-16,74.3000030517578,81.1999969482422,72.3000030517578,73.6999969482422,5896210,31.1573963165283
2021-09-17,72.5,75.5,71.0999984741211,71.0999984741211,4084140,30.058219909668
2021-09-20,69.0999984741211,71.5999984741211,65.5,66.9000015258789,3782910,28.2826290130615
2021-09-21,70,76.5999984741211,68.5999984741211,76,5443680,32.1297454833984
2021-09-22,80.3000030517578,80.6999969482422,74.4000015258789,75,5480920,31.7069835662842
2021-09-23,76.5,78.1999969482422,73.1999969482422,74.8000030517578,3721080,31.6224327087402
2021-09-24,73.9000015258789,75.4000015258789,67.5,69.5,4893290,29.3818054199219
2021-09-27,69.5,72.4000015258789,65.3000030517578,65.9000015258789,4389270,27.8598709106445
2021-09-28,64.9000015258789,65.3000030517578,59.2000007629395,60.2000007629395,5596230,25.450138092041
2021-09-29,62.5,65.3000030517578,60.7999992370605,62.5,4775900,26.4224872589111
2021-09-30,64,65.6999969482422,58.4000015258789,60.0999984741211,5156960,25.4078636169434
2021-10-01,60.7000007629395,66,60.4000015258789,62.9000015258789,4611910,26.5915927886963
2021-10-04,63.7999992370605,65,57.5,57.7000007629395,4475750,24.3932399749756
2021-10-05,59.2999992370605,60.9000015258789,55.5,56.0999984741211,3911690,23.7168235778809
2021-10-06,54.4000015258789,55.5,51.7999992370605,54.5,6035790,23.0404090881348
2021-10-07,56.0999984741211,57.4000015258789,54,54.4000015258789,4778930,22.9981346130371
2021-10-08,56,58.7000007629395,55.5999984741211,56.5,4047850,23.8859272003174
2021-10-11,57.2000007629395,57.9000015258789,53.0999984741211,53.7000007629395,3234150,22.7022018432617
2021-10-13,54.2000007629395,55.7000007629395,52.2000007629395,54.2999992370605,5526300,22.9558563232422
2021-10-14,55.2000007629395,55.5,51.5,51.5999984741211,4353910,21.8144035339355
2021-10-15,51.7000007629395,52.5999984741211,49.5,49.5,4569970,20.9266090393066
2021-10-18,48.7999992370605,50.2000007629395,47.4000015258789,48.4000015258789,4507210,20.4615745544434
2021-10-19,47.9000015258789,49.7999992370605,43.7999992370605,44.2999992370605,5853110,18.7282581329346
2021-10-20,44.7999992370605,46,41.2000007629395,42.5999984741211,5678790,18.0095672607422
2021-10-21,40.7999992370605,42.4000015258789,39.2000007629395,39.2999992370605,5287570,16.6144599914551
2021-10-22,38.5,40.4000015258789,35.5,39.0999984741211,7351270,16.5299072265625
2021-10-25,39.9000015258789,41.7999992370605,39,40.0999984741211,3916710,16.9526672363281
2021-10-26,39.5999984741211,40,36.7999992370605,37.4000015258789,3614180,15.8112163543701
2021-10-27,37.7000007629395,39.2999992370605,35.2999992370605,35.7000007629395,4780230,15.0925245285034
2021-10-28,35.5,37.2000007629395,35,35.7000007629395,3540330,15.0925245285034
2021-10-29,36.2999992370605,36.5999984741211,32.7999992370605,33.0999984741211,3513650,13.9933490753174
2021-11-01,33.5,36.7999992370605,33.4000015258789,36.5999984741211,4788740,15.4730072021484
2021-11-03,36,38.0999984741211,34.2999992370605,36.5999984741211,5665820,15.4730072021484
2021-11-04,36.0999984741211,38.5999984741211,35.0999984741211,35.7999992370605,3580700,15.1347999572754
2021-11-05,37,38,36.7000007629395,37.5999984741211,2799790,15.8957681655884
2021-11-08,37.5,38,35.0999984741211,35.9000015258789,3244040,15.177077293396
2021-11-09,35.9000015258789,39.4000015258789,35.9000015258789,37.9000015258789,4142520,16.0225963592529
2021-11-10,38,40.2999992370605,36.5999984741211,38.7000007629395,3913440,16.3608055114746
2021-11-11,39.7000007629395,43.2000007629395,39,42.7000007629395,4843230,18.0518436431885
2021-11-12,43,44.2000007629395,38.0999984741211,38.7000007629395,4467670,16.3608055114746
2021-11-16,39.0999984741211,39.7999992370605,34.7000007629395,35.5999984741211,4180570,15.0502471923828
2021-11-17,34.2999992370605,37.5,33.7000007629395,37.2000007629395,5490880,15.7266645431519
2021-11-18,38.0999984741211,41,37.5999984741211,41,5149650,17.3331508636475
2021-11-19,41,42.2999992370605,38.0999984741211,39.7000007629395,4988840,16.7835636138916
2021-11-22,40.2000007629395,41.2000007629395,36.5,36.7999992370605,3552850,15.5575590133667
2021-11-23,37.2000007629395,37.5999984741211,34,34.7999992370605,4593270,14.7120409011841
2021-11-24,34.2999992370605,36.5999984741211,34.2000007629395,34.4000015258789,3760410,14.5429372787476
2021-11-25,34.7000007629395,36,34.2999992370605,35.5,3010220,15.0079727172852
2021-11-26,34,35.2000007629395,31.7000007629395,31.7999992370605,5566050,13.4437608718872
2021-11-29,32.9000015258789,33.9000015258789,32.5,32.9000015258789,3161070,13.9087972640991
2021-11-30,32.2999992370605,32.7000007629395,29.2000007629395,29.8999996185303,5599930,12.6405181884766
2021-12-01,31,31.2000007629395,26.5,26.5,6085220,11.2031345367432
2021-12-02,27.2999992370605,28.2999992370605,25.1000003814697,26.1000003814697,5458760,11.0340299606323
2021-12-03,27.6000003814697,34.9000015258789,27.3999996185303,34.2000007629395,12244360,14.458384513855
2021-12-06,35.2999992370605,36.0999984741211,30,30.2000007629395,8976820,12.7673454284668
2021-12-07,31.2999992370605,35.2000007629395,31.2000007629395,34.2999992370605,9250610,14.5006608963013
2021-12-08,33.4000015258789,36.2000007629395,32.5999984741211,33.7999992370605,6496420,14.2892808914185
2021-12-09,32.9000015258789,36,32.7999992370605,33.5,5623400,14.1624526977539
2021-12-10,34.7000007629395,39.2000007629395,34.0999984741211,38.5,8554360,16.276252746582
2021-12-13,39.5,39.7999992370605,36.2999992370605,36.5,6389180,15.4307317733765
2021-12-14,37.7000007629395,37.7000007629395,32.0999984741211,32.5999984741211,7940390,13.7819681167603
2021-12-15,32.7000007629395,34.9000015258789,31,34.2999992370605,7916950,14.5006608963013
2021-12-16,35.5999984741211,35.9000015258789,31.2000007629395,31.5,7075440,13.316933631897
2021-12-17,30.5,32.7000007629395,29.3999996185303,32.0999984741211,5964580,13.5705881118774
2021-12-20,30.6000003814697,32.7000007629395,30.5,31.2999992370605,3706060,13.2323808670044
2021-12-21,32.2000007629395,32.2999992370605,30.2999992370605,31,4209380,13.1055536270142
2021-12-22,31.1000003814697,33.2000007629395,30.5,33.0999984741211,5054990,13.9933490753174
2021-12-23,33.2000007629395,33.5,30.7999992370605,31,4028740,13.1055536270142
2021-12-27,31,32.2999992370605,30.6000003814697,31.1000003814697,3941220,13.1478300094604
2021-12-28,31.2999992370605,31.7000007629395,30.6000003814697,30.7999992370605,2511400,13.0210008621216
2021-12-29,30.8999996185303,31.1000003814697,29.7999992370605,30.1000003814697,2786690,12.7250690460205
2021-12-30,30.2000007629395,33.2000007629395,30.1000003814697,32.4000015258789,6542260,13.6974182128906
2022-01-03,32.4000015258789,32.9000015258789,29.8999996185303,30.5,4726960,12.8941736221313
2022-01-04,30.7000007629395,31.1000003814697,28.2999992370605,28.8999996185303,5232000,12.2177572250366
2022-01-05,29.3999996185303,29.3999996185303,26.1000003814697,26.2999992370605,6162660,11.1185827255249
2022-01-06,26.6000003814697,27.3999996185303,25.2999992370605,26.1000003814697,4569520,11.0340299606323
2022-01-07,25.7999992370605,27,24.7999992370605,26.1000003814697,3852290,11.0340299606323
2022-01-10,25.2999992370605,25.7000007629395,24.2000007629395,24.6000003814697,3379770,10.3998908996582
2022-01-11,24.5,26.7000007629395,24.5,26.3999996185303,4674100,11.1608581542969
2022-01-12,26.2999992370605,28,25.7000007629395,26.8999996185303,4290130,11.3722381591797
2022-01-13,26.7000007629395,27.2000007629395,24.7000007629395,25.6000003814697,4395700,10.8226509094238
2022-01-14,25.6000003814697,26,24.7000007629395,25.7000007629395,3203400,10.8649272918701
2022-01-17,25.3999996185303,27.2000007629395,25.2000007629395,25.8999996185303,3195400,10.9494781494141
2022-01-18,25.3999996185303,25.7000007629395,24.8999996185303,25.1000003814697,3431170,10.611270904541
2022-01-19,25.5,27,25.3999996185303,26.6000003814697,4241780,11.2454109191895
2022-01-20,26.7000007629395,29.5,26.6000003814697,28.7999992370605,5834280,12.1754808425903
2022-01-21,27.8999996185303,29.7999992370605,27.5,28.2000007629395,5502870,11.9218263626099
2022-01-24,27.7999992370605,28.2999992370605,25.8999996185303,27.2000007629395,4549620,11.4990673065186
2022-01-25,26.8999996185303,28.2999992370605,26.2000007629395,27.5,6283420,11.6258945465088
2022-01-26,28.2999992370605,30.3999996185303,28.1000003814697,29.3999996185303,8266400,12.4291372299194
2022-01-27,29.7000007629395,31.3999996185303,29.2000007629395,29.5,6455990,12.4714136123657
2022-01-28,30.7999992370605,31,28.1000003814697,28.2999992370605,6986170,11.9641017913818
2022-01-31,28.5,29.6000003814697,28,29.1000003814697,5381170,12.3023099899292
2022-02-01,29.5,30.8999996185303,28.8999996185303,29.2999992370605,4727790,12.3868608474731
2022-02-02,29.5,30.7999992370605,28.2000007629395,28.5,4901570,12.0486536026001
2022-02-03,29,29.5,27.2999992370605,28.5,4327150,12.0486536026001
2022-02-04,28.6000003814697,29.1000003814697,27.1000003814697,28.7999992370605,4000320,12.1754808425903
2022-02-07,28.6000003814697,29.2000007629395,28,28.3999996185303,3609890,12.0063772201538
2022-02-08,28.1000003814697,28.3999996185303,27.7000007629395,28,2827970,11.8372735977173
2022-02-09,28,30.1000003814697,28,29.6000003814697,6658410,12.5136890411377
2022-02-10,29.7000007629395,30.2000007629395,27.8999996185303,28.3999996185303,5616810,12.0063772201538
2022-02-11,28.7999992370605,29.3999996185303,27.2000007629395,27.6000003814697,6569470,11.6681709289551
2022-02-14,27.7000007629395,27.8999996185303,26.6000003814697,27.1000003814697,3844210,11.4567909240723
2022-02-15,27.7999992370605,28.5,27.6000003814697,28.5,3704090,12.0486536026001
2022-02-16,28.5,29.2000007629395,27.7000007629395,28.2000007629395,3579740,11.9218263626099
2022-02-17,28,28.7000007629395,27.5,27.7000007629395,3438190,11.710446357727
2022-02-18,27.8999996185303,28.2000007629395,27.1000003814697,27.2999992370605,2360410,11.5413417816162
2022-02-21,27.2999992370605,27.3999996185303,25.6000003814697,25.6000003814697,2733290,10.8226509094238
2022-02-22,26,26.2000007629395,24.7999992370605,25,2992460,10.5689945220947
2022-02-23,25.2000007629395,26.2000007629395,24.5,24.7000007629395,3288370,10.4421672821045
2022-02-24,23.1000003814697,24.7999992370605,22.6000003814697,24.2999992370605,5218030,10.2730617523193
2022-02-25,24,24.5,23.2000007629395,23.6000003814697,2839080,9.97713088989258
2022-03-02,23.5,24,23,23.7999992370605,1402780,10.0616827011108
2022-03-03,23.6000003814697,24.7000007629395,23.2000007629395,23.2000007629395,2862160,9.80802726745605
2022-03-04,23.2000007629395,23.5,21.7999992370605,22,3229170,9.30071544647217
2022-03-07,21.5,22.2999992370605,20.1000003814697,20.2999992370605,3668650,8.58202266693115
2022-03-08,20.7000007629395,21.5,19.7999992370605,20.5,6311510,8.66657543182373
2022-03-09,21,22.5,20.7000007629395,22.2999992370605,4469980,9.4275426864624
2022-03-10,21.7999992370605,22.1000003814697,21,21.5,3106360,9.08933544158936
2022-03-11,22,22,19.6000003814697,19.7000007629395,5756040,8.32836818695068
2022-03-14,19.8999996185303,20.2999992370605,19.2999992370605,19.2999992370605,2911960,8.15926361083984
2022-03-15,18.7999992370605,20,18.6000003814697,19.7000007629395,3697350,8.32836818695068
2022-03-16,19.8999996185303,20.6000003814697,19.2999992370605,20.2000007629395,3521430,8.5397481918335
2022-03-17,20,21,19.7999992370605,20.7999992370605,3940820,8.79340362548828
2022-03-18,20.7000007629395,22.5,20.5,22.2999992370605,5416040,9.4275426864624
2022-03-21,22.2000007629395,22.3999996185303,21.2000007629395,21.5,3174340,9.08933544158936
2022-03-22,21.6000003814697,23,21.5,22.7999992370605,3369050,9.63892269134521
2022-03-23,22.6000003814697,23.6000003814697,21.7999992370605,23.2000007629395,4160940,9.80802726745605
2022-03-24,23.3999996185303,25.6000003814697,22.8999996185303,25.2999992370605,5317030,10.6958227157593
2022-03-25,25.5,26.2999992370605,24.2999992370605,24.8999996185303,3871170,10.5267190933228
2022-03-28,25,25.6000003814697,24.3999996185303,25.2000007629395,2524480,10.653546333313
2022-03-29,26,26.7000007629395,25.7000007629395,26.3999996185303,3533230,11.1608581542969
2022-03-30,25.5,27.2999992370605,24.8999996185303,27.1000003814697,5992150,11.4567909240723
2022-03-31,27.2999992370605,27.6000003814697,25.6000003814697,25.6000003814697,4526440,10.8226509094238
2022-04-01,26.2000007629395,28.2000007629395,26.1000003814697,28,6499830,11.8372735977173
2022-04-04,28,28.5,27.1000003814697,28,3336850,11.8372735977173
2022-04-05,28,28.5,26.1000003814697,26.3999996185303,5600450,11.1608581542969
2022-04-06,25.6000003814697,25.7999992370605,23.8999996185303,24.2000007629395,5928360,10.2307872772217
2022-04-07,24.2000007629395,24.6000003814697,23.5,23.6000003814697,4811780,9.97713088989258
2022-04-08,23.5,23.5,22.2000007629395,22.5,3953620,9.51209545135498
2022-04-11,21.7000007629395,22.3999996185303,21.5,22,2924890,9.30071544647217
2022-04-12,22.8999996185303,23.1000003814697,20.7000007629395,20.8999996185303,4635550,8.83568000793457
2022-04-13,21.1000003814697,21.7000007629395,20.6000003814697,21.2000007629395,2816530,8.9625072479248
2022-04-14,21,21.2000007629395,20.5,20.6000003814697,2473300,8.70885181427002
2022-04-18,20.6000003814697,21.2000007629395,20.2000007629395,20.6000003814697,2329870,8.70885181427002
2022-04-19,20.5,21.7000007629395,20.1000003814697,21.5,2847460,9.08933544158936
2022-04-20,21.5,21.8999996185303,20.2999992370605,20.5,2645950,8.66657543182373
2022-04-22,20.1000003814697,20.6000003814697,19.8999996185303,20.2999992370605,2026320,8.58202266693115
2022-04-25,20,20.8999996185303,19.7000007629395,20.7000007629395,2826840,8.75112819671631
2022-04-26,20.5,20.7999992370605,19.2999992370605,19.3999996185303,2852370,8.20153999328613
2022-04-27,19.8999996185303,19.8999996185303,18.7999992370605,18.8999996185303,3134800,7.99015998840332
2022-04-28,19.5,19.7000007629395,18.5,19.1000003814697,3331290,8.07471179962158
2022-04-29,19.5,19.8999996185303,18.7999992370605,18.7999992370605,3542850,7.94788408279419
2022-05-02,18.8999996185303,19.2000007629395,17.8999996185303,18.2999992370605,2067770,7.73650360107422
2022-05-03,18.2000007629395,18.3999996185303,17.5,17.7000007629395,2354190,7.48284864425659
2022-05-04,17.3999996185303,19.1000003814697,16.8999996185303,19,3941950,8.03243637084961
2022-05-05,18.3999996185303,18.7000007629395,17.7000007629395,17.7000007629395,3139030,7.48284864425659
2022-05-06,17.5,17.7000007629395,16.7999992370605,17,3265940,7.1869158744812
2022-05-09,16.6000003814697,16.7999992370605,16,16.1000003814697,3580600,6.80643272399902
2022-05-10,16.5,17.2000007629395,15.6999998092651,16.8999996185303,4767640,7.14464044570923
2022-05-11,16.5,17.5,16.2000007629395,16.5,3383120,6.97553634643555
2022-05-12,16.2000007629395,18.1000003814697,16,17.8999996185303,5086880,7.5673999786377
2022-05-13,18.5,19.5,18.3999996185303,19.2000007629395,4059490,8.11698818206787
2022-05-16,19.2999992370605,20.6000003814697,18.8999996185303,20.3999996185303,3828030,8.62429904937744
2022-05-17,20.8999996185303,21.1000003814697,19.7999992370605,20.2999992370605,3788800,8.58202266693115
2022-05-18,20.1000003814697,20.7999992370605,19.3999996185303,19.5,3463730,8.24381637573242
2022-05-19,19.2000007629395,20.7999992370605,19,20.6000003814697,4011960,8.70885181427002
2022-05-20,21.1000003814697,21.2999992370605,19.2999992370605,19.5,4313380,8.24381637573242
2022-05-23,19.7999992370605,20.1000003814697,19.2000007629395,19.2999992370605,1990440,8.15926361083984
2022-05-24,19,19.2999992370605,18.5,18.6000003814697,2660050,7.86333227157593
2022-05-25,18.7999992370605,19,18.2000007629395,18.6000003814697,2173730,7.86333227157593
2022-05-26,19,19.8999996185303,18.7000007629395,19.7000007629395,2346230,8.32836818695068
2022-05-27,20,20.1000003814697,19.5,19.6000003814697,1018970,8.2860918045044
2022-05-30,20,20.2000007629395,19.2000007629395,19.6000003814697,1329410,8.2860918045044
2022-05-31,20,20,19,19,1512460,8.03243637084961
2022-06-01,19.1000003814697,19.6000003814697,18.8999996185303,19.1000003814697,1725540,8.07471179962158
2022-06-02,19.3999996185303,19.7999992370605,19,19.2999992370605,2039810,8.15926361083984
2022-06-03,19.1000003814697,19.2000007629395,18,18,2981030,7.60967636108398
2022-06-06,18.2000007629395,18.2999992370605,16.8999996185303,16.8999996185303,2930180,7.14464044570923
2022-06-07,16.7000007629395,16.8999996185303,16.2999992370605,16.6000003814697,1670160,7.01781272888184
2022-06-08,16.5,17.2000007629395,16.2000007629395,16.2000007629395,2515000,6.84870910644531
2022-06-09,16.3999996185303,16.5,15.8999996185303,16,1510230,6.76415681838989
2022-06-10,15.8000001907349,16.1000003814697,15.3000001907349,15.3000001907349,1668830,6.46822500228882
2022-06-13,14.8999996185303,14.8999996185303,13.5,13.6000003814697,3939810,5.74953365325928
2022-06-14,13.8999996185303,14.1000003814697,12.8000001907349,12.8999996185303,2731800,5.45360088348389
2022-06-15,13.1999998092651,13.6999998092651,12.8999996185303,13.1000003814697,3513080,5.53815317153931
2022-06-17,12.6000003814697,12.8000001907349,12.3999996185303,12.3999996185303,2305640,5.24222135543823
2022-06-20,12.6000003814697,12.6000003814697,11.8000001907349,11.8999996185303,2062230,5.03084135055542
2022-06-21,12.1999998092651,12.3999996185303,11.5,11.6999998092651,2295030,4.94628953933716
2022-06-22,11.3999996185303,13.1000003814697,11.3000001907349,12.6000003814697,4038980,5.32677316665649
2022-06-23,12.6999998092651,13.6999998092651,12.6999998092651,12.8000001907349,3486450,5.41132545471191
2022-06-24,13.1000003814697,13.6999998092651,12.5,12.6000003814697,2374650,5.32677316665649
2022-06-27,12.6999998092651,12.8999996185303,11.8999996185303,11.8999996185303,2651260,5.03084135055542
2022-06-28,12,12.1999998092651,11.5,11.6000003814697,2437040,4.90401363372803
2022-06-29,11.6000003814697,11.8000001907349,11.1000003814697,11.1999998092651,2214590,4.73490953445435
2022-06-30,10.8999996185303,11.3000001907349,10.6999998092651,10.8000001907349,2393780,4.56580591201782
2022-07-01,10.8000001907349,11.1000003814697,10.5,11,1650240,4.65035772323608
2022-07-04,11,11.5,11,11,1263320,4.65035772323608
2022-07-05,10.8000001907349,12,10.5,11.8000001907349,3162550,4.98856544494629
2022-07-06,11.8000001907349,12.6000003814697,11.8000001907349,12.3000001907349,2377360,5.1999454498291
2022-07-07,12.6999998092651,12.8999996185303,12.3000001907349,12.3999996185303,1654340,5.24222135543823
2022-07-08,12.3999996185303,12.6999998092651,12.1999998092651,12.5,1845940,5.28449726104736
2022-07-11,12.1999998092651,12.3000001907349,11.3999996185303,11.5,2498250,4.8617377281189
2022-07-12,11.3999996185303,12.3000001907349,11.3000001907349,11.8000001907349,2901510,4.98856544494629
2022-07-13,11.6999998092651,12,11.3999996185303,11.5,2286800,4.8617377281189
2022-07-14,11.3999996185303,11.6000003814697,10.8999996185303,11.1000003814697,2693120,4.69263362884521
2022-07-15,11.6000003814697,11.8999996185303,11,11.1000003814697,4761160,4.69263362884521
2022-07-18,11.3999996185303,11.6999998092651,10.5,10.6000003814697,4239060,4.4812536239624
2022-07-19,10.6999998092651,10.8999996185303,10.3000001907349,10.6000003814697,3927640,4.4812536239624
2022-07-20,10.6000003814697,11.3000001907349,10.5,11.1000003814697,5714780,4.69263362884521
2022-07-21,11,11.1999998092651,10.6999998092651,11.1000003814697,4249970,4.69263362884521
2022-07-22,11.1999998092651,11.1999998092651,10.5,10.8000001907349,3281340,4.56580591201782
2022-07-25,10.8000001907349,11,10.6000003814697,10.6999998092651,1954640,4.52352952957153
2022-07-26,10.6999998092651,10.8000001907349,10.1000003814697,10.1000003814697,2880710,4.26987409591675
2022-07-27,10.3000001907349,10.6000003814697,10.1999998092651,10.5,3288870,4.43897771835327
2022-07-28,10.3999996185303,10.8999996185303,10.3999996185303,10.6999998092651,3069140,4.52352952957153
2022-07-29,10.8000001907349,10.8999996185303,10.3000001907349,10.5,2333650,4.43897771835327
2022-08-01,10.5,10.8000001907349,10.3999996185303,10.6000003814697,3730390,4.4812536239624
2022-08-02,10.5,11.1000003814697,10.3999996185303,10.6999998092651,4038700,4.52352952957153
2022-08-03,10.8000001907349,11.3999996185303,10.6999998092651,11.3000001907349,4729880,4.77718544006348
2022-08-04,11.5,13.3000001907349,11.5,13,6938360,5.49587678909302
2022-08-05,13,13.5,12.3999996185303,13,4393270,5.49587678909302
2022-08-08,13.3000001907349,14.1999998092651,13.3000001907349,13.3999996185303,4814630,5.6649808883667
2022-08-09,13.6000003814697,13.8999996185303,12.1000003814697,12.1999998092651,6217520,5.15766906738281
2022-08-10,12.8000001907349,13.3999996185303,12.3000001907349,12.8999996185303,4883340,5.45360088348389
2022-08-11,13.3000001907349,13.3000001907349,12.1000003814697,12.5,5199720,5.28449726104736
2022-08-12,12.5,13.6999998092651,12.3999996185303,13.3999996185303,5256910,5.6649808883667
2022-08-15,13.1000003814697,15.5,13.1000003814697,15.3000001907349,8480420,6.46822500228882
2022-08-16,13.8999996185303,14.3000001907349,13.1999998092651,13.8000001907349,10948250,5.83408546447754
2022-08-17,13.6999998092651,14,13.1000003814697,13.1999998092651,7982800,5.58042907714844
2022-08-18,13.3999996185303,13.5,12.6000003814697,12.8000001907349,3927140,5.41132545471191
2022-08-19,12.5,12.6999998092651,12.1999998092651,12.3999996185303,2964310,5.24222135543823
2022-08-22,12.1999998092651,12.3000001907349,11.6999998092651,11.8000001907349,2917800,4.98856544494629
2022-08-23,11.8999996185303,13.1999998092651,11.8999996185303,12.8999996185303,4561630,5.45360088348389
2022-08-24,12.8999996185303,13.6999998092651,12.8000001907349,13.1999998092651,4889410,5.58042907714844
2022-08-25,13.5,14,13.3000001907349,13.6000003814697,4187990,5.74953365325928
2022-08-26,13.6000003814697,13.8999996185303,13.1000003814697,13.3000001907349,2778330,5.62270545959473
2022-08-29,13.3000001907349,13.6999998092651,13.1000003814697,13.1000003814697,3063040,5.53815317153931
2022-08-30,13.5,13.5,12.5,12.6000003814697,3457020,5.32677316665649
2022-08-31,12.8000001907349,13.1999998092651,12.5,13.1000003814697,4206210,5.53815317153931
2022-09-01,13.1000003814697,13.6999998092651,12.8000001907349,13.5,3767360,5.70725727081299
2022-09-02,13.6000003814697,13.8000001907349,13.1000003814697,13.1999998092651,4004040,5.58042907714844
2022-09-05,13.3999996185303,13.6000003814697,13.1999998092651,13.3000001907349,1597650,5.62270545959473
2022-09-06,13,13.1000003814697,12.5,12.6999998092651,2923410,5.36904907226562
2022-09-08,12.8000001907349,13,12.5,12.8000001907349,3434250,5.41132545471191
2022-09-09,13,13.3000001907349,12.8000001907349,13.1000003814697,2703710,5.53815317153931
2022-09-12,13.3000001907349,13.8000001907349,13.3000001907349,13.3999996185303,2660810,5.6649808883667
2022-09-13,13,13.1000003814697,12.6999998092651,12.8000001907349,3405720,5.41132545471191
2022-09-14,12.8999996185303,12.8999996185303,12.3999996185303,12.5,2822840,5.28449726104736
2022-09-15,12.5,12.6999998092651,12,12.1000003814697,2324240,5.11539363861084
2022-09-16,11.8999996185303,12.5,11.6000003814697,12.3999996185303,3073850,5.24222135543823
2022-09-19,12.1999998092651,12.6000003814697,12,12.3999996185303,2540660,5.24222135543823
2022-09-20,12.3000001907349,12.5,12.1000003814697,12.1999998092651,1834810,5.15766906738281
2022-09-21,12.3000001907349,12.6999998092651,12,12.3999996185303,3418410,5.24222135543823
2022-09-22,12.6000003814697,12.8000001907349,12,12.1999998092651,2562770,5.15766906738281
2022-09-23,12,12.3999996185303,11.8999996185303,12.1000003814697,1800010,5.11539363861084
2022-09-26,12,12.3000001907349,11.6000003814697,11.6000003814697,2101090,4.90401363372803
2022-09-27,11.8999996185303,12,11,11.1000003814697,3259960,4.69263362884521
2022-09-28,11.1000003814697,11.3000001907349,10.8000001907349,11.1000003814697,2616380,4.69263362884521
2022-09-29,11,11.1000003814697,10.3999996185303,10.6999998092651,2784630,4.52352952957153
2022-09-30,10.6999998092651,11.3999996185303,10.5,11.3000001907349,3451120,4.77718544006348
2022-10-03,11.6000003814697,12.3999996185303,11.6000003814697,12.1999998092651,3989160,5.15766906738281
2022-10-04,12.6000003814697,12.8999996185303,12.1999998092651,12.3000001907349,3497720,5.1999454498291
2022-10-05,12.3000001907349,12.8000001907349,11.8999996185303,12.6999998092651,3430390,5.36904907226562
2022-10-06,12.6999998092651,13.5,12.6000003814697,13.5,4529200,5.70725727081299
2022-10-07,13.3999996185303,13.6999998092651,12.8000001907349,13.1000003814697,2625510,5.53815317153931
2022-10-10,13.1000003814697,13.1999998092651,12.6000003814697,12.6999998092651,2054540,5.36904907226562
2022-10-11,12.6999998092651,12.8000001907349,12.1000003814697,12.3999996185303,2588420,5.24222135543823
2022-10-13,12.1000003814697,12.1999998092651,11.8000001907349,12,2764700,5.07311725616455
2022-10-14,12.1000003814697,12.3000001907349,11.1000003814697,11.3000001907349,2945670,4.77718544006348
2022-10-17,11.5,11.6999998092651,11.1999998092651,11.5,3068940,4.8617377281189
2022-10-18,11.8000001907349,11.8999996185303,11,11.3000001907349,3599800,4.77718544006348
2022-10-19,11.3000001907349,11.3000001907349,10.8999996185303,11,2792080,4.65035772323608
2022-10-20,11.1000003814697,11.1000003814697,10.5,10.6999998092651,2877820,4.52352952957153
2022-10-21,10.6000003814697,11.1000003814697,10.3999996185303,11,2999950,4.65035772323608
2022-10-24,10.8000001907349,11,10.6000003814697,10.6999998092651,1709140,4.52352952957153
2022-10-25,10.8000001907349,11.3000001907349,10.8000001907349,11.1000003814697,3490530,4.69263362884521
2022-10-26,11,11.1000003814697,10.5,10.5,2665630,4.43897771835327
2022-10-27,10.5,11,10.5,10.8000001907349,2814120,4.56580591201782
2022-10-28,10.6000003814697,11.6999998092651,10.6000003814697,11.6999998092651,4297060,4.94628953933716
2022-10-31,11.3000001907349,12.3000001907349,11.1000003814697,12,4267300,5.07311725616455
2022-11-01,12.1000003814697,12.8999996185303,11.8999996185303,12.3000001907349,5206730,5.1999454498291
2022-11-03,12.1000003814697,13.3999996185303,12,13.1999998092651,4229370,5.58042907714844
2022-11-04,13.3999996185303,13.5,12.5,12.6999998092651,3451630,5.36904907226562
2022-11-07,12.5,13.3999996185303,12.3999996185303,12.8000001907349,4124780,5.41132545471191
2022-11-08,12.6999998092651,12.8999996185303,11.6999998092651,12.3000001907349,5695460,5.1999454498291
2022-11-09,11.8000001907349,12.1000003814697,10.8999996185303,11.6000003814697,5345180,4.90401363372803
2022-11-10,11.3000001907349,11.3999996185303,10.6999998092651,10.8999996185303,3207550,4.6080813407898
2022-11-11,11,11.5,10.8000001907349,11,4348590,4.65035772323608
2022-11-14,11.1000003814697,12.3000001907349,11,12.1999998092651,4109720,5.15766906738281
2022-11-16,12.3000001907349,12.5,11.1000003814697,11.3000001907349,4211670,4.77718544006348
2022-11-17,11.1000003814697,11.3999996185303,10.5,11.1999998092651,4773770,4.73490953445435
2022-11-18,11.5,11.6999998092651,10.8000001907349,11,4126620,4.65035772323608
2022-11-21,11.3000001907349,11.5,10.8999996185303,11.1000003814697,3291480,4.69263362884521
2022-11-22,11.1999998092651,11.5,10.8999996185303,11.3000001907349,2827440,4.77718544006348
2022-11-23,11.1999998092651,11.3000001907349,10.8999996185303,11,2264600,4.65035772323608
2022-11-24,11.1999998092651,12,11.1000003814697,11.8999996185303,3141610,5.03084135055542
2022-11-25,11.8000001907349,12.1999998092651,11.5,11.6999998092651,2632390,4.94628953933716
2022-11-28,11.6999998092651,12,11.3999996185303,11.3999996185303,2612960,4.81946134567261
2022-11-29,11.5,11.6000003814697,11.1000003814697,11.3000001907349,2865860,4.77718544006348
2022-11-30,11.3999996185303,11.5,11,11.1999998092651,4736250,4.73490953445435
2022-12-01,11.3000001907349,11.5,11,11.1000003814697,3983230,4.69263362884521
2022-12-02,11.1000003814697,11.8000001907349,11,11.8000001907349,3867250,4.98856544494629
2022-12-05,11.6000003814697,12,11.3000001907349,11.6999998092651,3024790,4.94628953933716
2022-12-06,11.6999998092651,11.6999998092651,11.1999998092651,11.3000001907349,4380470,4.77718544006348
2022-12-07,11.1999998092651,11.5,11.1000003814697,11.3000001907349,3700410,4.77718544006348
2022-12-08,11.3000001907349,12.3999996185303,11.1999998092651,12.3000001907349,10545350,5.1999454498291
2022-12-09,12.3999996185303,12.8000001907349,11.8000001907349,12.6000003814697,3367260,5.32677316665649
2022-12-12,12.5,12.8000001907349,11.6000003814697,11.6999998092651,3290490,4.94628953933716
2022-12-13,11.8999996185303,12.1000003814697,11.3000001907349,11.3999996185303,3209030,4.81946134567261
2022-12-14,11.3000001907349,12.1999998092651,11.1000003814697,12.1999998092651,5195140,5.15766906738281
2022-12-15,12,12.5,11.8999996185303,12.1999998092651,3034910,5.15766906738281
2022-12-16,12.1000003814697,12.3999996185303,11.8999996185303,12.1000003814697,2742960,5.11539363861084
2022-12-19,12.1999998092651,13.3000001907349,12,12.8999996185303,4831200,5.45360088348389
2022-12-20,12.8000001907349,13.6999998092651,12.6999998092651,12.8999996185303,7656010,5.45360088348389
2022-12-21,13,13.3999996185303,12.8000001907349,12.8000001907349,5177660,5.41132545471191
2022-12-22,12.8000001907349,13.1000003814697,12.5,12.8000001907349,2689160,5.41132545471191
2022-12-23,12.8000001907349,13.3000001907349,12.6000003814697,12.6000003814697,3768580,5.32677316665649
2022-12-26,12.6999998092651,12.6999998092651,12.1999998092651,12.5,1330380,5.28449726104736
2022-12-27,12.6000003814697,12.6999998092651,11.6000003814697,11.6999998092651,4475970,4.94628953933716
2022-12-28,11.6999998092651,12,11.6000003814697,11.8999996185303,2506670,5.03084135055542
2022-12-29,11.8999996185303,12.1999998092651,11.6000003814697,11.8000001907349,2457640,4.98856544494629
2023-01-02,12.6000003814697,12.6999998092651,11.8000001907349,12.1999998092651,5579050,5.15766906738281
2023-01-03,12.3000001907349,12.6000003814697,10.8000001907349,10.8000001907349,7381190,4.56580591201782
2023-01-04,11,11.1999998092651,10.6999998092651,11.1999998092651,4174490,4.73490953445435
2023-01-05,11.3000001907349,11.5,11,11.3999996185303,2401320,4.81946134567261
2023-01-06,11.1999998092651,11.6999998092651,11.1999998092651,11.5,2371390,4.8617377281189
2023-01-09,11.3000001907349,11.6999998092651,11.1999998092651,11.5,1839420,4.8617377281189
2023-01-10,11.3999996185303,12,11.3999996185303,12,2413000,5.07311725616455
2023-01-11,12.1000003814697,12.1000003814697,11.6999998092651,12,2233700,5.07311725616455
2023-01-12,11.6999998092651,11.8000001907349,11,11.3000001907349,4760190,4.77718544006348
2023-01-13,11.1999998092651,11.5,11.1000003814697,11.1999998092651,2731820,4.73490953445435
2023-01-16,11.1000003814697,11.3000001907349,10.6000003814697,10.6999998092651,2667050,4.52352952957153
2023-01-17,10.8000001907349,11,10.6999998092651,10.8000001907349,2755050,4.56580591201782
2023-01-18,10.8999996185303,11.1000003814697,10.6999998092651,10.6999998092651,1773500,4.52352952957153
2023-01-19,10.6000003814697,10.8000001907349,10.5,10.6999998092651,2177380,4.52352952957153
2023-01-20,10.6999998092651,10.6999998092651,10.3000001907349,10.5,1853070,4.43897771835327
2023-01-23,10.5,10.6999998092651,10.3000001907349,10.3999996185303,2184720,4.39670181274414
2023-01-24,10.5,10.6999998092651,10.3999996185303,10.5,1511620,4.43897771835327
2023-01-25,10.5,10.8000001907349,10.3999996185303,10.8000001907349,2898690,4.56580591201782
2023-01-26,10.8000001907349,11.1000003814697,10.6999998092651,10.6999998092651,1570900,4.52352952957153
2023-01-27,10.6999998092651,11.1000003814697,10.6000003814697,11,2161610,4.65035772323608
2023-01-30,11,11.1999998092651,10.8000001907349,10.8999996185303,1587350,4.6080813407898
2023-01-31,10.8999996185303,11.1000003814697,10.8000001907349,11.1000003814697,2196600,4.69263362884521
2023-02-01,11,11.3000001907349,10.8000001907349,11.1999998092651,2959490,4.73490953445435
2023-02-02,11.3000001907349,11.6000003814697,11.1000003814697,11.3999996185303,3805890,4.81946134567261
2023-02-03,11.1999998092651,11.3999996185303,10.6999998092651,10.6999998092651,2465220,4.52352952957153
2023-02-06,10.6999998092651,10.8000001907349,10.3999996185303,10.6000003814697,2077570,4.4812536239624
2023-02-07,10.6000003814697,10.6999998092651,10.3000001907349,10.3999996185303,1676440,4.39670181274414
2023-02-08,10.6999998092651,10.6999998092651,10.3000001907349,10.3999996185303,1694790,4.39670181274414
2023-02-09,10.3999996185303,10.6000003814697,10.1000003814697,10.1000003814697,3835770,4.26987409591675
2023-02-10,10.1000003814697,10.3999996185303,9.69999980926514,9.69999980926514,3535850,4.10076999664307
2023-02-13,9.69999980926514,9.80000019073486,9.19999980926514,9.39999961853027,2310380,3.9739420413971
2023-02-14,9.5,9.69999980926514,8.60000038146973,8.69999980926514,3081540,3.67801022529602
2023-02-15,8.69999980926514,9.5,8.69999980926514,9.10000038146973,4156770,3.8471143245697
2023-02-16,9.10000038146973,9.60000038146973,8.89999961853027,9.39999961853027,2758420,3.9739420413971
2023-02-17,9.30000019073486,9.39999961853027,8.89999961853027,9.19999980926514,2249290,3.88938975334167
2023-02-22,9.10000038146973,9.19999980926514,8.80000019073486,9.10000038146973,1706520,3.8471143245697
2023-02-23,9,9.19999980926514,8.80000019073486,9,2031500,3.80483818054199
2023-02-24,9,9.10000038146973,8.69999980926514,8.80000019073486,1689910,3.72028636932373
2023-02-27,8.89999961853027,9,8.69999980926514,8.80000019073486,1464780,3.72028636932373
2023-02-28,8.80000019073486,9,8.5,8.69999980926514,2864430,3.67801022529602
2023-03-01,8.80000019073486,9,7.59999990463257,7.90000009536743,5153820,3.33980250358582
2023-03-02,7.80000019073486,8.69999980926514,7.80000019073486,8.10000038146973,4224020,3.42435455322266
2023-03-03,8.19999980926514,8.60000038146973,8.10000038146973,8.60000038146973,2822390,3.63573431968689
2023-03-06,8.60000038146973,9.30000019073486,8.5,9.10000038146973,3733280,3.8471143245697
2023-03-07,9,9.30000019073486,8.89999961853027,9.19999980926514,1147930,3.88938975334167
2023-03-08,9.10000038146973,9.89999961853027,9.10000038146973,9.60000038146973,2638740,4.05849409103394
2023-03-09,10,10.5,9.80000019073486,9.80000019073486,5421730,4.1430459022522
2023-03-10,9.69999980926514,10.1000003814697,9.30000019073486,9.80000019073486,2309090,4.1430459022522
2023-03-13,9.69999980926514,9.80000019073486,9.19999980926514,9.30000019073486,1897580,3.93166613578796
2023-03-14,9.30000019073486,9.60000038146973,8.89999961853027,9,3186930,3.80483818054199
2023-03-15,9.10000038146973,10.5,9,10.3000001907349,7410790,4.35442590713501
2023-03-16,10.3999996185303,11,9.89999961853027,10.8000001907349,4690600,4.56580591201782
2023-03-17,10.6999998092651,11.1000003814697,10.3999996185303,10.6000003814697,2145350,4.4812536239624
2023-03-20,10.6000003814697,10.6999998092651,10,10.3999996185303,3357200,4.39670181274414
2023-03-21,10.3999996185303,10.5,10.1000003814697,10.3000001907349,2053180,4.35442590713501
2023-03-22,10.1999998092651,10.6000003814697,10.1000003814697,10.3000001907349,2174350,4.35442590713501
2023-03-23,10.3000001907349,10.3999996185303,9.39999961853027,9.69999980926514,2979610,4.10076999664307
2023-03-24,9.69999980926514,10.1999998092651,9.60000038146973,10.1000003814697,1826670,4.26987409591675
2023-03-27,10.1999998092651,10.3000001907349,10,10.1000003814697,656380,4.26987409591675
2023-03-28,9.80000019073486,10,9.69999980926514,10,1747350,4.22759771347046
2023-03-29,10,10.1999998092651,9.80000019073486,10,1947880,4.22759771347046
2023-03-30,10.1000003814697,10.3000001907349,9.80000019073486,10.1000003814697,2163860,4.26987409591675
2023-03-31,10,10.1000003814697,9.80000019073486,10.1000003814697,1462540,4.26987409591675
2023-04-03,10.1999998092651,10.3000001907349,9.60000038146973,9.69999980926514,2329180,4.10076999664307
2023-04-04,9.69999980926514,9.89999961853027,9.39999961853027,9.5,1475550,4.0162181854248
2023-04-05,9.5,9.60000038146973,9.10000038146973,9.19999980926514,1319600,3.88938975334167
2023-04-06,9.19999980926514,9.30000019073486,8.80000019073486,8.89999961853027,1174480,3.7625617980957
2023-04-10,9,9.10000038146973,8.60000038146973,8.60000038146973,4022390,3.63573431968689
2023-04-11,8.80000019073486,9.19999980926514,8.69999980926514,9.19999980926514,2195680,3.88938975334167
2023-04-12,9.19999980926514,9.69999980926514,9.10000038146973,9.30000019073486,2459290,3.93166613578796
2023-04-13,9.30000019073486,9.80000019073486,9.19999980926514,9.5,2237850,4.0162181854248
2023-04-14,9.60000038146973,9.69999980926514,9.30000019073486,9.39999961853027,1663380,3.9739420413971
2023-04-17,9.39999961853027,9.60000038146973,9.39999961853027,9.39999961853027,953570,3.9739420413971
2023-04-18,9.5,9.60000038146973,9.19999980926514,9.39999961853027,1927030,3.9739420413971
2023-04-19,9.30000019073486,9.30000019073486,9,9.10000038146973,2180110,3.8471143245697
2023-04-20,9.10000038146973,9.19999980926514,8.80000019073486,9,1422660,3.80483818054199
2023-04-24,9,9.10000038146973,8.60000038146973,8.80000019073486,2149270,3.72028636932373
2023-04-25,8.69999980926514,8.69999980926514,8.30000019073486,8.39999961853027,1779800,3.55118203163147
2023-04-26,8.39999961853027,8.5,8.19999980926514,8.39999961853027,1262080,3.55118203163147
2023-04-27,8.39999961853027,8.5,8,8.19999980926514,1555880,3.46662998199463
2023-04-28,8.19999980926514,8.80000019073486,8.19999980926514,8.60000038146973,1714930,3.63573431968689
2023-05-02,8.5,8.60000038146973,8.10000038146973,8.19999980926514,1236930,3.46662998199463
2023-05-03,8.19999980926514,8.39999961853027,8,8.10000038146973,1500330,3.42435455322266
2023-05-04,8.30000019073486,8.5,8.10000038146973,8.19999980926514,1806960,3.46662998199463
2023-05-05,8.30000019073486,8.80000019073486,8.19999980926514,8.80000019073486,1804230,3.72028636932373
2023-05-08,8.80000019073486,9.10000038146973,8.60000038146973,8.60000038146973,1198530,3.63573431968689
2023-05-09,8.60000038146973,9,8.39999961853027,8.80000019073486,1796750,3.72028636932373
2023-05-10,8.89999961853027,9.60000038146973,8.80000019073486,8.89999961853027,4311950,3.7625617980957
2023-05-11,8.89999961853027,9.19999980926514,8.80000019073486,8.89999961853027,1857500,3.7625617980957
2023-05-12,8.89999961853027,9,8.69999980926514,8.80000019073486,1074410,3.72028636932373
2023-05-15,8.80000019073486,8.80000019073486,8.60000038146973,8.69999980926514,750150,3.67801022529602
2023-05-16,8.60000038146973,8.69999980926514,8.19999980926514,8.30000019073486,1490050,3.50890636444092
2023-05-17,8.39999961853027,8.5,8.10000038146973,8.30000019073486,1519460,3.50890636444092
2023-05-18,8.19999980926514,8.69999980926514,8.19999980926514,8.5,2278420,3.5934579372406
2023-05-19,8.60000038146973,8.69999980926514,8.5,8.60000038146973,1442030,3.63573431968689
2023-05-22,8.60000038146973,8.69999980926514,8.30000019073486,8.39999961853027,1505640,3.55118203163147
2023-05-23,8.39999961853027,8.5,8.30000019073486,8.39999961853027,963070,3.55118203163147
2023-05-24,8.30000019073486,8.89999961853027,8.10000038146973,8.60000038146973,2922550,3.63573431968689
2023-05-25,8.80000019073486,8.89999961853027,8.30000019073486,8.5,3218930,3.5934579372406
2023-05-26,8.5,8.80000019073486,8.30000019073486,8.69999980926514,3052190,3.67801022529602
2023-05-29,8.60000038146973,8.89999961853027,8.5,8.89999961853027,978920,3.7625617980957
2023-05-30,8.89999961853027,9.19999980926514,8.69999980926514,9,1927600,3.80483818054199
2023-05-31,9,9.10000038146973,8.80000019073486,8.89999961853027,919000,3.7625617980957
2023-06-01,8.69999980926514,9.3100004196167,8.19999980926514,9,8021200,3.80483818054199
2023-06-02,9.31999969482422,9.78999996185303,9.14000034332275,9.23999977111816,3287800,3.90630030632019
2023-06-05,9.23999977111816,9.35000038146973,8.8100004196167,9.07999992370605,7326800,3.83865880966187
2023-06-06,9.10000038146973,9.63000011444092,9.09000015258789,9.4399995803833,3604700,3.99085211753845
2023-06-07,9.47999954223633,9.61999988555908,9.02999973297119,9.25,2265700,3.91052794456482
2023-06-09,9.30000019073486,9.4399995803833,9.13000011444092,9.15999984741211,1858500,3.87247967720032
2023-06-12,9.19999980926514,9.22000026702881,9.01000022888184,9.17000007629395,1692800,3.87670707702637
2023-06-13,9.1899995803833,9.21000003814697,8.68000030517578,8.69999980926514,2941000,3.67801022529602
2023-06-14,8.73999977111816,8.89999961853027,8.5,8.8100004196167,3420300,3.72451376914978
2023-06-15,8.82999992370605,9.07999992370605,8.76000022888184,9.01000022888184,2140900,3.80906558036804
2023-06-16,9.01000022888184,9.01000022888184,8.8100004196167,8.85000038146973,1430100,3.7414243221283
2023-06-19,8.84000015258789,8.93000030517578,8.64000034332275,8.88000011444092,2474500,3.7541069984436
2023-06-20,8.85000038146973,8.89999961853027,8.6899995803833,8.75,1514700,3.69914817810059
2023-06-21,8.73999977111816,8.78999996185303,8.38000011444092,8.57999992370605,3579000,3.62727880477905
2023-06-22,8.51000022888184,8.55000019073486,8.19999980926514,8.30000019073486,2049000,3.50890636444092
2023-06-23,8.44999980926514,8.44999980926514,8.02000045776367,8.07999992370605,3235000,3.41589903831482
2023-06-26,8.06999969482422,8.10999965667725,7.80000019073486,7.8600001335144,3402700,3.3228919506073
2023-06-27,7.92000007629395,7.98999977111816,7.6399998664856,7.69000005722046,2704000,3.25102281570435
2023-06-28,7.67000007629395,7.84999990463257,7.63000011444092,7.67000007629395,1442600,3.24256753921509
2023-06-29,7.69999980926514,7.94000005722046,7.65000009536743,7.84999990463257,1458800,3.31866431236267
2023-06-30,7.92000007629395,8.05000019073486,7.78000020980835,7.80999994277954,1590600,3.30175375938416
2023-07-03,7.84999990463257,8.02999973297119,7.80000019073486,7.98000001907349,1473400,3.37362313270569
2023-07-04,7.98999977111816,8.03999996185303,7.80999994277954,7.88000011444092,1598400,3.33134722709656
2023-07-05,7.82000017166138,8.22999954223633,7.78999996185303,8.03999996185303,1784200,3.3989884853363
2023-07-06,7.98000001907349,8.01000022888184,7.71000003814697,7.75,1926000,3.27638840675354
2023-07-07,7.80000019073486,7.98000001907349,7.73999977111816,7.78000020980835,1194300,3.28907108306885
2023-07-10,7.80000019073486,7.88000011444092,7.67999982833862,7.71999979019165,1077400,3.26370549201965
2023-07-11,7.71000003814697,7.73999977111816,7.32000017166138,7.46000003814697,3128700,3.1537880897522
2023-07-12,7.55999994277954,7.59999990463257,7.07000017166138,7.13000011444092,4244900,3.01427745819092
2023-07-13,7.1100001335144,7.30000019073486,7.07999992370605,7.09000015258789,2347700,2.9973669052124
2023-07-14,7.09999990463257,8.18000030517578,7.09999990463257,8.02999973297119,11673800,3.39476084709167
2023-07-17,8.02999973297119,8.30000019073486,7.84999990463257,8.13000011444092,3932300,3.43703722953796
2023-07-18,8.17000007629395,8.19999980926514,7.90999984741211,7.96000003814697,1695300,3.36516809463501
2023-07-19,7.90000009536743,7.94999980926514,7.6100001335144,7.61999988555908,2855100,3.22142958641052
2023-07-20,7.6100001335144,7.63000011444092,7.30000019073486,7.51999998092651,3271900,3.17915368080139
2023-07-21,7.48000001907349,7.78999996185303,7.46000003814697,7.57999992370605,2112500,3.20451903343201
2023-07-24,7.57999992370605,7.92999982833862,7.55000019073486,7.8600001335144,2734900,3.3228919506073
2023-07-25,7.94999980926514,8.22999954223633,7.8899998664856,8.1899995803833,3289900,3.46240258216858
2023-07-26,8.19999980926514,8.9399995803833,8.13000011444092,8.92000007629395,5304000,3.77101731300354
2023-07-27,8.97999954223633,9.59000015258789,8.78999996185303,8.89000034332275,8696300,3.75833463668823
2023-07-28,9.02000045776367,9.6899995803833,9,9.57999992370605,6892400,4.05003881454468
2023-07-31,9.69999980926514,9.97000026702881,9.27000045776367,9.93000030517578,6858000,4.19800472259521
2023-08-01,9.82999992370605,10.3999996185303,9.76000022888184,9.93000030517578,6229600,4.19800472259521
2023-08-02,9.9399995803833,10.1000003814697,9.64000034332275,9.93000030517578,4351200,4.19800472259521
2023-08-03,10.1000003814697,10.1899995803833,9.3100004196167,9.3100004196167,4878100,3.93589401245117
2023-08-04,9.35999965667725,9.59000015258789,9.18000030517578,9.5,3965200,4.0162181854248
2023-08-07,9.5,9.52000045776367,8.69999980926514,8.84000015258789,4547700,3.73719644546509
2023-08-08,8.72999954223633,8.77000045776367,8.51000022888184,8.53999996185303,2928500,3.61036849021912
2023-08-09,8.5,8.72000026702881,8.3100004196167,8.31999969482422,4442000,3.5173614025116
2023-08-10,8.32999992370605,8.5600004196167,8.30000019073486,8.39999961853027,3428400,3.55118203163147
2023-08-11,8.39000034332275,8.4399995803833,8.10999965667725,8.30000019073486,2702500,3.50890636444092
2023-08-14,8.28999996185303,8.28999996185303,7.88000011444092,8,2819500,3.38207840919495
2023-08-15,7.98000001907349,7.98999977111816,7.63000011444092,7.67999982833862,3001700,3.24679517745972
2023-08-16,7.71000003814697,7.78000020980835,7.34999990463257,7.42999982833862,4366200,3.14110493659973
2023-08-17,7.44000005722046,7.51000022888184,7.32000017166138,7.34999990463257,2642800,3.10728430747986
2023-08-18,7.32999992370605,7.40999984741211,7.21999979019165,7.38000011444092,2967900,3.11996722221375
2023-08-21,7.38000011444092,7.38000011444092,7.17000007629395,7.32999992370605,2337700,3.0988290309906
2023-08-22,7.42999982833862,7.53000020980835,7.38000011444092,7.46000003814697,2515700,3.1537880897522
2023-08-23,7.44999980926514,7.65999984741211,7.42000007629395,7.6100001335144,2018100,3.21720194816589
2023-08-24,7.6100001335144,7.61999988555908,7.44000005722046,7.44000005722046,975800,3.14533281326294
2023-08-25,7.40999984741211,7.40999984741211,7.17000007629395,7.23999977111816,2244400,3.0607807636261
2023-08-28,7.26999998092651,7.30000019073486,6.82999992370605,6.92999982833862,4853700,2.92972540855408
2023-08-29,6.92999982833862,7.07999992370605,6.73999977111816,7.03000020980835,2659700,2.97200155258179
2023-08-30,7.09999990463257,7.09999990463257,6.78999996185303,6.8899998664856,2169000,2.91281485557556
2023-08-31,6.88000011444092,7.01999998092651,6.71999979019165,6.71999979019165,2614900,2.84094572067261
2023-09-01,6.80000019073486,6.80000019073486,6.19000005722046,6.34999990463257,7830300,2.68452453613281
2023-09-04,6.28000020980835,7.03000020980835,6.28000020980835,6.59999990463257,6618500,2.79021453857422
2023-09-05,6.55000019073486,6.78999996185303,6.48000001907349,6.59999990463257,3350600,2.79021453857422
2023-09-06,6.6399998664856,6.71000003814697,6.48000001907349,6.48999977111816,1482300,2.74371099472046
2023-09-08,6.46999979019165,6.46999979019165,6.19999980926514,6.19999980926514,1915400,2.62111067771912
2023-09-11,6.23999977111816,6.30000019073486,5.94000005722046,6.09000015258789,4085300,2.57460713386536
2023-09-12,6.05999994277954,6.19999980926514,5.96999979019165,6.05999994277954,2616900,2.56192421913147
2023-09-13,6.03999996185303,6.17000007629395,5.96000003814697,6.07999992370605,3603300,2.57037949562073
2023-09-14,6.11999988555908,6.19999980926514,6.03000020980835,6.17000007629395,2295600,2.60842800140381
2023-09-15,6.17000007629395,6.23999977111816,6.03000020980835,6.23999977111816,4191100,2.63802099227905
2023-09-18,6.21999979019165,6.23000001907349,6.09999990463257,6.17999982833862,935100,2.61265540122986
2023-09-19,6.15000009536743,6.32000017166138,6.1100001335144,6.1399998664856,1497000,2.59574508666992
2023-09-20,6.15999984741211,6.3899998664856,6.15999984741211,6.34999990463257,2490400,2.68452453613281
2023-09-21,6.21999979019165,6.32000017166138,6.13000011444092,6.17000007629395,2215000,2.60842800140381
2023-09-22,6.21000003814697,6.25,6.05999994277954,6.07999992370605,2053800,2.57037949562073
2023-09-25,6.03000020980835,6.03999996185303,5.96000003814697,6,1892500,2.53655862808228
2023-09-26,5.94999980926514,6.51999998092651,5.94999980926514,6.34999990463257,7337400,2.68452453613281
2023-09-27,6.3600001335144,6.44999980926514,6.25,6.30999994277954,1429000,2.66761422157288
2023-09-28,6.30999994277954,6.48000001907349,6.26000022888184,6.46999979019165,2769400,2.7352557182312
2023-09-29,6.57000017166138,6.59999990463257,6.34999990463257,6.42000007629395,1848800,2.71411776542664
2023-10-02,6.40000009536743,6.46999979019165,6.30999994277954,6.42999982833862,1880400,2.71834540367126
2023-10-03,6.40999984741211,6.51000022888184,6.30999994277954,6.34999990463257,2058500,2.68452453613281
2023-10-04,6.38000011444092,6.48000001907349,6.34999990463257,6.42000007629395,944200,2.71411776542664
2023-10-05,6.40000009536743,6.6399998664856,6.3600001335144,6.59000015258789,2095600,2.78598713874817
2023-10-06,6.51000022888184,6.55000019073486,6.38000011444092,6.46000003814697,1514600,2.73102831840515
2023-10-09,6.3600001335144,6.57000017166138,6.34000015258789,6.55000019073486,1029500,2.76907658576965
2023-10-10,6.55999994277954,6.80000019073486,6.51000022888184,6.73000001907349,2497200,2.84517359733582
2023-10-11,6.73000001907349,6.88000011444092,6.53999996185303,6.65999984741211,2558400,2.81557989120483
2023-10-13,6.61999988555908,6.69999980926514,6.42000007629395,6.46000003814697,1651800,2.73102831840515
2023-10-16,6.5,6.55000019073486,6.34999990463257,6.34999990463257,1838300,2.68452453613281
2023-10-17,6.30999994277954,6.44000005722046,6.26000022888184,6.36999988555908,1180200,2.69297981262207
2023-10-18,6.38000011444092,6.44000005722046,6.32999992370605,6.36999988555908,1870400,2.69297981262207
2023-10-19,6.3899998664856,6.48999977111816,6.30999994277954,6.34999990463257,1686600,2.68452453613281
2023-10-20,6.30000019073486,6.53999996185303,6.26000022888184,6.42999982833862,1891400,2.71834540367126
2023-10-23,6.86999988555908,7.15000009536743,6.67000007629395,7.03000020980835,7418500,2.97200155258179
2023-10-24,7.05000019073486,7.11999988555908,6.82000017166138,6.84000015258789,1323800,2.891676902771
2023-10-25,6.75,6.90000009536743,6.42999982833862,6.69000005722046,3799800,2.8282630443573
2023-10-26,6.69999980926514,7.07000017166138,6.67000007629395,7.05000019073486,2620700,2.98045659065247
2023-10-27,7.05000019073486,7.13000011444092,6.84999990463257,7.01999998092651,1505800,2.96777367591858
2023-10-30,7.03000020980835,7.15000009536743,6.94000005722046,7.07999992370605,2044000,2.99313926696777
2023-10-31,7.07999992370605,7.15000009536743,6.98000001907349,7.1399998664856,1560900,3.01850485801697
2023-11-01,7.15000009536743,7.19000005722046,7.07999992370605,7.13000011444092,1593400,3.01427745819092
2023-11-03,7.19999980926514,7.3899998664856,6.8899998664856,7.26999998092651,4231600,3.07346343994141
2023-11-06,7.26000022888184,7.34999990463257,7.09999990463257,7.19000005722046,1197900,3.03964304924011
2023-11-07,7.65000009536743,7.88000011444092,7.28999996185303,7.5,7763000,3.17069864273071
2023-11-08,7.5,7.67000007629395,7.42000007629395,7.48000001907349,2820800,3.16224312782288
2023-11-09,7.80000019073486,7.82999992370605,7.19000005722046,7.21999979019165,3873100,3.05232572555542
2023-11-10,7.26999998092651,7.32999992370605,6.92000007629395,6.94999980926514,3409400,2.93818044662476
2023-11-13,6.90000009536743,7.09999990463257,6.90000009536743,7.05000019073486,1810500,2.98045659065247
2023-11-14,7.05000019073486,7.34000015258789,7.03999996185303,7.23000001907349,2261100,3.05655336380005
2023-11-16,7.19000005722046,7.6399998664856,7.19000005722046,7.59999990463257,3782400,3.21297454833984
2023-11-17,7.61999988555908,7.61999988555908,7.3600001335144,7.48999977111816,1385500,3.1664707660675
2023-11-20,7.48000001907349,7.5,7.40000009536743,7.46999979019165,785000,3.15801548957825
2023-11-21,7.48999977111816,7.48999977111816,7.32000017166138,7.32999992370605,918200,3.0988290309906
2023-11-22,7.34000015258789,7.53000020980835,7.19999980926514,7.26999998092651,1698100,3.07346343994141
2023-11-23,7.28000020980835,7.32000017166138,7.17999982833862,7.21000003814697,732900,3.04809808731079
2023-11-24,7.21999979019165,7.21999979019165,7.05999994277954,7.11999988555908,956800,3.01004958152771
2023-11-27,7.13000011444092,7.21000003814697,7,7.05999994277954,1247200,2.9846842288971
2023-11-28,7.32999992370605,7.69000005722046,7.28999996185303,7.44000005722046,4175700,3.14533281326294
2023-11-29,7.53999996185303,7.53999996185303,7.1399998664856,7.15000009536743,2612100,3.0227324962616
2023-11-30,7.15000009536743,7.65000009536743,7.09999990463257,7.53000020980835,3196500,3.18338131904602
2023-12-01,7.5,7.63000011444092,7.42999982833862,7.55000019073486,1392500,3.1918363571167
2023-12-04,7.5,7.55000019073486,7.34999990463257,7.38000011444092,1065300,3.11996722221375
2023-12-05,7.38000011444092,7.78999996185303,7.38000011444092,7.76000022888184,2132600,3.28061604499817
2023-12-06,7.78000020980835,7.96000003814697,7.71999979019165,7.78000020980835,1182100,3.28907108306885
2023-12-07,7.76000022888184,8,7.71999979019165,8,1375500,3.38207840919495
2023-12-08,8,8.25,7.82000017166138,8.22999954223633,1935300,3.47931265830994
2023-12-11,8.22000026702881,8.39000034332275,8.13000011444092,8.13000011444092,1303200,3.43703722953796
2023-12-12,8.13000011444092,8.31999969482422,8.06999969482422,8.18000030517578,1286600,3.45817518234253
2023-12-13,8.18000030517578,8.44999980926514,8.10000038146973,8.43000030517578,1805600,3.56386518478394
2023-12-14,8.43000030517578,8.53999996185303,8.10999965667725,8.10999965667725,1845200,3.42858171463013
2023-12-15,8.10999965667725,8.22000026702881,7.82999992370605,8.01000022888184,2299800,3.386305809021
2023-12-18,8.10000038146973,8.14999961853027,7.8600001335144,8.13000011444092,1354300,3.43703722953796
2023-12-19,8.14999961853027,8.36999988555908,8.10999965667725,8.15999984741211,1617700,3.44971990585327
2023-12-20,8.15999984741211,8.32999992370605,8,8.01000022888184,1401000,3.386305809021
2023-12-21,8.02999973297119,8.19999980926514,8.01000022888184,8.14000034332275,1119600,3.44126462936401
2023-12-22,8.07999992370605,8.28999996185303,8.06999969482422,8.28999996185303,1192900,3.50467872619629
2023-12-26,8.28999996185303,8.31999969482422,8.02000045776367,8.05000019073486,1305500,3.40321636199951
2023-12-27,8.05000019073486,8.13000011444092,8.02000045776367,8.10999965667725,852200,3.42858171463013
2023-12-28,8.06999969482422,8.07999992370605,7.86999988555908,7.94999980926514,1919300,3.3609402179718
2024-01-02,7.92999982833862,7.96999979019165,7.6399998664856,7.67999982833862,1570400,3.24679517745972
2024-01-03,7.67000007629395,7.80000019073486,7.59999990463257,7.63000011444092,1402500,3.22565722465515
2024-01-04,7.6100001335144,7.80000019073486,7.53999996185303,7.67999982833862,2141800,3.24679517745972
2024-01-05,7.6399998664856,8.02000045776367,7.59999990463257,7.67000007629395,1681800,3.24256753921509
2024-01-08,7.65999984741211,7.84999990463257,7.53000020980835,7.67000007629395,1437800,3.24256753921509
2024-01-09,7.59999990463257,7.65000009536743,7.51000022888184,7.63000011444092,1824300,3.22565722465515
2024-01-10,7.65000009536743,7.69000005722046,7.48999977111816,7.55999994277954,826300,3.19606399536133
2024-01-11,7.59000015258789,7.69000005722046,7.42999982833862,7.53000020980835,1581700,3.18338131904602
2024-01-12,7.57000017166138,7.78000020980835,7.44000005722046,7.46999979019165,2375400,3.15801548957825
2024-01-15,7.51999998092651,7.55999994277954,7.32999992370605,7.46000003814697,939300,3.1537880897522
2024-01-16,7.44999980926514,7.61999988555908,7.30999994277954,7.53999996185303,1939000,3.18760871887207
2024-01-17,7.55000019073486,7.78999996185303,7.48000001907349,7.75,1891500,3.27638840675354
2024-01-18,7.63000011444092,7.78000020980835,7.26999998092651,7.32000017166138,4704800,3.09460163116455
2024-01-19,7.32000017166138,7.48000001907349,7.1399998664856,7.42999982833862,1629400,3.14110493659973
2024-01-22,7.44999980926514,7.48999977111816,7.26000022888184,7.44000005722046,2023700,3.14533281326294
2024-01-23,7.44999980926514,7.76999998092651,7.44000005722046,7.51999998092651,3203100,3.17915368080139
2024-01-24,7.57999992370605,7.59000015258789,7.32000017166138,7.42999982833862,2069000,3.14110493659973
2024-01-25,7.48999977111816,8.11999988555908,7.44000005722046,7.96999979019165,4459800,3.36939525604248
2024-01-26,8.01000022888184,8.31999969482422,7.94999980926514,8.09000015258789,2778000,3.42012667655945
2024-01-29,8.01000022888184,8.27000045776367,7.8600001335144,7.8600001335144,2422100,3.3228919506073
2024-01-30,7.8899998664856,7.8899998664856,7.40999984741211,7.42000007629395,2866000,3.13687777519226
2024-01-31,7.40000009536743,7.69999980926514,7.32000017166138,7.51000022888184,2633200,3.17492604255676
2024-02-01,7.55999994277954,7.57000017166138,7.32000017166138,7.55000019073486,3156700,3.1918363571167
2024-02-02,7.53999996185303,7.67000007629395,7.42000007629395,7.55999994277954,2127100,3.19606399536133
2024-02-05,7.57999992370605,7.59000015258789,7.40000009536743,7.59000015258789,1394100,3.20874691009521
2024-02-06,7.59000015258789,7.73999977111816,7.5,7.65000009536743,2054700,3.23411250114441
2024-02-07,7.65000009536743,7.65000009536743,7.40000009536743,7.48000001907349,2692600,3.16224312782288
2024-02-08,7.42000007629395,7.46999979019165,7.34999990463257,7.46999979019165,1408000,3.15801548957825
2024-02-09,7.42000007629395,7.53999996185303,7.32999992370605,7.3899998664856,2047600,3.12419486045837
2024-02-14,7.38000011444092,7.42999982833862,7.28000020980835,7.38000011444092,1183000,3.11996722221375
2024-02-15,7.38000011444092,7.40000009536743,7.15000009536743,7.15000009536743,2242800,3.0227324962616
2024-02-16,7.15999984741211,7.23000001907349,7.05000019073486,7.05000019073486,1622500,2.98045659065247
2024-02-19,7.03999996185303,7.15999984741211,6.88000011444092,7.05999994277954,3755800,2.9846842288971
2024-02-20,7.03999996185303,7.26999998092651,6.94000005722046,7.25,2308000,3.06500840187073
2024-02-21,7.23999977111816,7.67999982833862,7.21000003814697,7.55000019073486,7387300,3.1918363571167
2024-02-22,7.55000019073486,7.76000022888184,7.55000019073486,7.6399998664856,1934200,3.2298846244812
2024-02-23,7.61999988555908,7.69999980926514,7.51000022888184,7.61999988555908,733600,3.22142958641052
2024-02-26,7.61999988555908,7.94000005722046,7.59000015258789,7.86999988555908,2198800,3.32711935043335
2024-02-27,7.90000009536743,8.14999961853027,7.86999988555908,8.14000034332275,2112600,3.44126462936401
2024-02-28,8.06999969482422,8.21000003814697,7.84000015258789,7.96999979019165,2383400,3.36939525604248
2024-02-29,7.94999980926514,8,7.84000015258789,7.94999980926514,714200,3.3609402179718
2024-03-01,7.94999980926514,8,7.88000011444092,7.98999977111816,873600,3.37785077095032
2024-03-04,7.94999980926514,8.03999996185303,7.8899998664856,7.94999980926514,919300,3.3609402179718
2024-03-05,7.94999980926514,8.17000007629395,7.90999984741211,8.09000015258789,988000,3.42012667655945
2024-03-06,8.30000019073486,8.69999980926514,8.18000030517578,8.60999965667725,6172300,3.63996148109436
2024-03-07,8.68000030517578,8.69999980926514,8.21000003814697,8.32999992370605,2767000,3.52158904075623
2024-03-08,8.22999954223633,8.64000034332275,8.22000026702881,8.55000019073486,1891700,3.61459612846375
2024-03-11,8.52000045776367,8.56999969482422,8.34000015258789,8.34000015258789,1016800,3.52581691741943
2024-03-12,8.43000030517578,8.43000030517578,8.32999992370605,8.39999961853027,838200,3.55118203163147
2024-03-13,8.35000038146973,8.57999992370605,8.31999969482422,8.47000026702881,1167300,3.58077526092529
2024-03-14,8.48999977111816,8.82999992370605,8.27999973297119,8.30000019073486,3965800,3.50890636444092
2024-03-15,8.3100004196167,8.38000011444092,7.8600001335144,7.88000011444092,3929300,3.33134722709656
2024-03-18,7.92999982833862,8.25,7.84000015258789,7.90000009536743,2800200,3.33980250358582
2024-03-19,7.92999982833862,7.98000001907349,7.71000003814697,7.73999977111816,1358200,3.27216053009033
2024-03-20,7.71000003814697,7.8600001335144,7.59999990463257,7.69999980926514,1937900,3.2552502155304
2024-03-21,7.69999980926514,7.86999988555908,7.67000007629395,7.76000022888184,1872600,3.28061604499817
2024-03-22,7.82000017166138,7.82000017166138,7.61999988555908,7.67000007629395,1226800,3.24256753921509
2024-03-25,7.65000009536743,7.71000003814697,7.44000005722046,7.48000001907349,2395700,3.16224312782288
2024-03-26,7.44999980926514,7.5,7.26999998092651,7.42000007629395,1711700,3.13687777519226
2024-03-27,7.44000005722046,7.88000011444092,7.42999982833862,7.59999990463257,2922300,3.21297454833984
2024-03-28,7.59999990463257,7.88000011444092,7.59999990463257,7.67999982833862,2599900,3.24679517745972
2024-04-01,7.76999998092651,8.14999961853027,7.65000009536743,7.69999980926514,4239100,3.2552502155304
2024-04-02,5.23999977111816,5.36999988555908,5.1100001335144,5.23999977111816,3426500,3.22750854492188
2024-04-03,5.23000001907349,5.25,4.44999980926514,4.65000009536743,10072800,2.86410593986511
2024-04-04,4.6100001335144,4.78999996185303,4.48000001907349,4.53999996185303,3735100,2.79635286331177
2024-04-05,4.51999998092651,4.63000011444092,4.46000003814697,4.57999992370605,1555400,2.82099032402039
2024-04-08,4.65000009536743,4.69999980926514,4.53999996185303,4.59999990463257,1967900,2.8333089351654
2024-04-09,4.65999984741211,4.71999979019165,4.55000019073486,4.59000015258789,1656900,2.82714986801147
2024-04-10,4.57999992370605,4.57999992370605,4.48999977111816,4.55999994277954,1093400,2.80867147445679
2024-04-11,4.55999994277954,4.71999979019165,4.53000020980835,4.53999996185303,1993200,2.79635286331177
2024-04-12,4.55999994277954,4.57999992370605,4.40000009536743,4.44000005722046,1961900,2.73475933074951
2024-04-15,4.40999984741211,4.44999980926514,4.28000020980835,4.34999990463257,2629500,2.67932486534119
2024-04-16,4.30000019073486,4.3899998664856,4.26999998092651,4.34999990463257,1777400,2.67932486534119
2024-04-17,4.36999988555908,4.46999979019165,4.30000019073486,4.32999992370605,1902400,2.66700601577759
2024-04-18,4.34000015258789,4.42000007629395,4.21999979019165,4.40000009536743,1985900,2.71012187004089
2024-04-19,4.38000011444092,4.6399998664856,4.3600001335144,4.61999988555908,2558900,2.845627784729
2024-04-22,4.6399998664856,4.71999979019165,4.55000019073486,4.57000017166138,2773900,2.81483101844788
2024-04-23,4.51000022888184,4.65999984741211,4.48000001907349,4.57000017166138,1803900,2.81483101844788
2024-04-24,4.59000015258789,4.59000015258789,4.46000003814697,4.5,1264700,2.77171540260315
2024-04-25,4.5,4.57999992370605,4.46000003814697,4.46999979019165,1401500,2.75323724746704
2024-04-26,4.51999998092651,4.65999984741211,4.5,4.55999994277954,1346300,2.80867147445679
2024-04-29,4.55999994277954,4.61999988555908,4.48999977111816,4.53999996185303,997000,2.79635286331177
2024-04-30,4.5,4.55999994277954,4.42999982833862,4.48000001907349,1738900,2.75939679145813
2024-05-02,4.53999996185303,4.67999982833862,4.51999998092651,4.59999990463257,2110800,2.8333089351654
2024-05-03,4.65000009536743,4.69999980926514,4.59999990463257,4.65000009536743,2037100,2.86410593986511
2024-05-06,4.67999982833862,4.67999982833862,4.55999994277954,4.57000017166138,1351200,2.81483101844788
2024-05-07,4.57000017166138,4.67000007629395,4.51000022888184,4.59999990463257,1996700,2.8333089351654
2024-05-08,4.59999990463257,4.59999990463257,4.5,4.59999990463257,1124900,2.8333089351654
2024-05-09,4.59999990463257,4.73999977111816,4.5,4.69999980926514,2366500,2.89490270614624
2024-05-10,4.8899998664856,5.1399998664856,4.78000020980835,4.88000011444092,9513400,3.00577139854431
2024-05-13,4.94999980926514,5.1399998664856,4.90000009536743,5.09999990463257,3873800,3.14127731323242
2024-05-14,5.5,5.82000017166138,5.42999982833862,5.59999990463257,8108700,3.44924569129944
2024-05-15,5.55000019073486,5.96000003814697,5.55000019073486,5.78999996185303,3011700,3.56627368927002
2024-05-16,5.80000019073486,5.8600001335144,5.65000009536743,5.75,1649300,3.54163646697998
2024-05-17,5.75,5.90000009536743,5.63000011444092,5.88000011444092,1648300,3.62170815467834
2024-05-20,5.84000015258789,6.40000009536743,5.80999994277954,6.19000005722046,5692800,3.81264853477478
2024-05-21,6.15000009536743,6.25,5.6399998664856,5.69999980926514,3510700,3.51083946228027
2024-05-22,5.63000011444092,5.76999998092651,5.48000001907349,5.55000019073486,2966100,3.41844916343689
2024-05-23,5.55000019073486,5.65999984741211,5.30000019073486,5.36999988555908,2107900,3.30758023262024
2024-05-24,5.34999990463257,5.48999977111816,5.30999994277954,5.34000015258789,1328900,3.28910231590271
2024-05-27,5.34000015258789,5.46000003814697,5.32000017166138,5.44000005722046,744200,3.35069608688354
2024-05-28,5.53000020980835,5.55999994277954,5.28000020980835,5.34999990463257,1090300,3.29526162147522
2024-05-29,5.30000019073486,5.32000017166138,5.15000009536743,5.30000019073486,1013200,3.26446485519409
2024-05-31,5.26999998092651,5.32000017166138,5.19999980926514,5.28999996185303,873800,3.258305311203
2024-06-03,5.30000019073486,5.46999979019165,5.25,5.40000009536743,1550700,3.32605862617493
2024-06-04,5.3899998664856,5.40000009536743,5.25,5.3899998664856,1681000,3.31989908218384
2024-06-05,5.34999990463257,5.44000005722046,5.28999996185303,5.34000015258789,1818400,3.28910231590271
2024-06-06,5.30999994277954,5.48999977111816,5.30999994277954,5.38000011444092,1104800,3.31373977661133
2024-06-07,5.34000015258789,5.3899998664856,5.30999994277954,5.38000011444092,401800,3.31373977661133
2024-06-10,5.38000011444092,5.42999982833862,5.28000020980835,5.32000017166138,1480700,3.27678370475769
2024-06-11,5.32000017166138,6.21000003814697,5.32000017166138,6.15000009536743,5744700,3.78801107406616
2024-06-12,6.13000011444092,6.40000009536743,5.71000003814697,5.82000017166138,3288700,3.58475208282471
2024-06-13,5.78000020980835,5.94999980926514,5.59999990463257,5.86999988555908,1209200,3.61554861068726
2024-06-14,5.86999988555908,5.92000007629395,5.69999980926514,5.8600001335144,965700,3.60938954353333
2024-06-17,5.84000015258789,5.84999990463257,5.65000009536743,5.69999980926514,1195300,3.51083946228027
2024-06-18,5.69999980926514,5.82000017166138,5.63000011444092,5.65999984741211,1452700,3.48620200157166
2024-06-19,5.65000009536743,5.76000022888184,5.55999994277954,5.57000017166138,1309900,3.43076777458191
2024-06-20,5.6100001335144,5.71000003814697,5.3600001335144,5.40000009536743,2031500,3.32605862617493
2024-06-21,5.34999990463257,5.44999980926514,5.25,5.38000011444092,2049900,3.31373977661133
2024-06-24,5.38000011444092,5.69999980926514,5.38000011444092,5.69000005722046,1547600,3.50468015670776
2024-06-25,5.61999988555908,5.69999980926514,5.53999996185303,5.57999992370605,890600,3.43692708015442
2024-06-26,5.53000020980835,5.69000005722046,5.48000001907349,5.65000009536743,1390900,3.48004269599915
2024-06-27,5.6399998664856,5.84000015258789,5.61999988555908,5.84000015258789,1737700,3.59707069396973
2024-06-28,5.84999990463257,5.94000005722046,5.75,5.84999990463257,1141900,3.60322999954224
2024-07-01,5.94000005722046,5.94999980926514,5.55000019073486,5.55000019073486,3744300,3.41844916343689
2024-07-02,5.55000019073486,5.59999990463257,5.42000007629395,5.46000003814697,1410500,3.36301469802856
2024-07-03,5.51000022888184,5.80000019073486,5.51000022888184,5.73000001907349,1985600,3.52931761741638
2024-07-04,5.75,6.01999998092651,5.75,6.01999998092651,2081400,3.70793914794922
2024-07-05,6.01999998092651,6.38000011444092,6,6.19000005722046,3678800,3.81264853477478
2024-07-08,6.13000011444092,6.25,5.98999977111816,6.21999979019165,1224100,3.83112645149231
2024-07-09,6.19999980926514,6.25,6.1100001335144,6.1100001335144,765200,3.76337361335754
2024-07-10,6.15000009536743,6.25,6,6.03999996185303,1176600,3.72025799751282
2024-07-11,6.07000017166138,6.21000003814697,6.03999996185303,6.15000009536743,1298900,3.78801107406616
2024-07-12,6.17000007629395,6.17999982833862,6.05999994277954,6.09000015258789,704400,3.75105500221252
2024-07-15,6.1100001335144,6.17999982833862,5.98999977111816,6,1162500,3.6956205368042
2024-07-16,6,6.1399998664856,6,6.1399998664856,639700,3.78185153007507
2024-07-17,6.1399998664856,6.28000020980835,6.05999994277954,6.26000022888184,1582100,3.85576415061951
2024-07-18,6.25,6.25,5.75,5.75,3081400,3.54163646697998
2024-07-19,5.75,5.86999988555908,5.71999979019165,5.78999996185303,880400,3.56627368927002
2024-07-22,5.78999996185303,5.84999990463257,5.73000001907349,5.76000022888184,551800,3.54779577255249
2024-07-23,5.80000019073486,5.8899998664856,5.71999979019165,5.8899998664856,691400,3.62786746025085
2024-07-24,5.86999988555908,5.86999988555908,5.76999998092651,5.76999998092651,589200,3.553955078125
2024-07-25,5.80000019073486,5.84999990463257,5.71999979019165,5.71999979019165,532400,3.52315807342529
2024-07-26,5.75,5.84000015258789,5.71999979019165,5.84000015258789,435100,3.59707069396973
2024-07-29,5.84999990463257,5.84999990463257,5.73000001907349,5.73999977111816,531300,3.53547692298889
2024-07-30,5.75,5.75,5.57000017166138,5.59000015258789,992500,3.44308662414551
2024-07-31,5.6100001335144,5.65000009536743,5.57000017166138,5.57000017166138,375300,3.43076777458191
2024-08-01,5.59999990463257,5.69999980926514,5.44999980926514,5.44999980926514,996200,3.35685515403748
2024-08-02,5.44999980926514,5.63000011444092,5.44999980926514,5.63000011444092,793800,3.46772408485413
2024-08-05,5.3899998664856,5.51999998092651,5.32000017166138,5.40999984741211,1085300,3.33221769332886
2024-08-06,5.46000003814697,5.53000020980835,5.3899998664856,5.40999984741211,566100,3.33221769332886
2024-08-07,5.46000003814697,5.61999988555908,5.46000003814697,5.55999994277954,719800,3.42460823059082
2024-08-08,5.57999992370605,5.67000007629395,5.57000017166138,5.65000009536743,542700,3.48004269599915
2024-08-09,5.80999994277954,6.48000001907349,5.80999994277954,6.36999988555908,4764600,3.92351698875427
2024-08-12,6.38000011444092,6.92999982833862,6.38000011444092,6.92000007629395,3473100,4.262282371521
2024-08-13,6.94999980926514,6.98999977111816,6.17999982833862,6.19999980926514,3518600,3.81880784034729
2024-08-14,6.30000019073486,6.40000009536743,6.11999988555908,6.40000009536743,1282500,3.94199538230896
2024-08-15,6.40000009536743,6.48999977111816,6.26000022888184,6.28000020980835,1054700,3.86808300018311
2024-08-16,6.28000020980835,6.3899998664856,6.19999980926514,6.21999979019165,935300,3.83112645149231
2024-08-19,6.21999979019165,6.44000005722046,6.21999979019165,6.44000005722046,685100,3.96663284301758
2024-08-20,6.42999982833862,6.48999977111816,6.30999994277954,6.3899998664856,617900,3.93583583831787
2024-08-21,6.44999980926514,6.63000011444092,6.30999994277954,6.40999984741211,1026100,3.94815444946289
2024-08-22,6.3899998664856,6.3899998664856,6.30999994277954,6.32000017166138,462300,3.89272046089172
2024-08-23,6.40999984741211,6.42999982833862,6.30999994277954,6.34999990463257,894300,3.91119837760925
2024-08-26,6.40000009536743,6.44999980926514,6.23999977111816,6.44000005722046,1151200,3.96663284301758
2024-08-27,6.44000005722046,6.90000009536743,6.42000007629395,6.67000007629395,3497000,4.10829830169678
2024-08-28,6.67000007629395,6.76999998092651,6.53999996185303,6.71999979019165,1056400,4.13909482955933
2024-08-29,6.71999979019165,6.75,6.63000011444092,6.73999977111816,795700,4.15141344070435
2024-08-30,6.73999977111816,6.90000009536743,6.69000005722046,6.90000009536743,2062200,4.24996376037598
2024-09-02,6.98000001907349,6.98999977111816,6.55000019073486,6.57999992370605,4238200,4.05286359786987
2024-09-03,4.07000017166138,4.44000005722046,3.94000005722046,4.26000022888184,8114200,4.26000022888184
2024-09-04,4.21000003814697,4.42000007629395,4.19999980926514,4.23999977111816,2420600,4.23999977111816
2024-09-05,4.23999977111816,4.42000007629395,4.23999977111816,4.40999984741211,3326700,4.40999984741211
2024-09-06,4.40999984741211,4.40999984741211,4.19000005722046,4.19000005722046,1350800,4.19000005722046
2024-09-09,4.19999980926514,4.30000019073486,4.15000009536743,4.28999996185303,1567600,4.28999996185303
2024-09-10,4.28999996185303,4.28999996185303,4.17000007629395,4.17999982833862,1075800,4.17999982833862
2024-09-11,4.19999980926514,4.30999994277954,4.15999984741211,4.28999996185303,1011700,4.28999996185303
2024-09-12,4.28000020980835,4.36999988555908,4.23000001907349,4.32999992370605,1515500,4.32999992370605
2024-09-13,4.3600001335144,4.53999996185303,4.30999994277954,4.36999988555908,2291500,4.36999988555908
2024-09-16,4.36999988555908,4.42000007629395,4.28999996185303,4.42000007629395,2412000,4.42000007629395
2024-09-17,4.40000009536743,4.40999984741211,4.30999994277954,4.3899998664856,738600,4.3899998664856
2024-09-18,4.30999994277954,4.36999988555908,4.15999984741211,4.19000005722046,2148900,4.19000005722046
2024-09-19,4.19000005722046,4.30000019073486,4.1100001335144,4.1100001335144,1133400,4.1100001335144
2024-09-20,4.1100001335144,4.17999982833862,4.07000017166138,4.17000007629395,1508500,4.17000007629395
2024-09-23,4.15000009536743,4.26999998092651,4.07000017166138,4.21999979019165,1354900,4.21999979019165
2024-09-24,4.26999998092651,4.36999988555908,4.23000001907349,4.26000022888184,1258100,4.26000022888184
2024-09-25,4.25,4.26000022888184,4.19000005722046,4.23999977111816,421900,4.23999977111816
2024-09-26,4.26999998092651,4.28000020980835,4.13000011444092,4.19000005722046,1027900,4.19000005722046
2024-09-27,4.15999984741211,4.23000001907349,4.11999988555908,4.11999988555908,427600,4.11999988555908
2024-09-30,4.15000009536743,4.15999984741211,4.05999994277954,4.05999994277954,720400,4.05999994277954
2024-10-01,4.05999994277954,4.05999994277954,3.89000010490417,3.89000010490417,1413300,3.89000010490417
2024-10-02,3.98000001907349,4,3.86999988555908,3.86999988555908,992900,3.86999988555908
2024-10-03,3.89000010490417,3.92000007629395,3.79999995231628,3.79999995231628,1046200,3.79999995231628
2024-10-04,3.86999988555908,3.86999988555908,3.73000001907349,3.75999999046326,538600,3.75999999046326
2024-10-07,3.85999989509583,3.85999989509583,3.60999989509583,3.6800000667572,1281400,3.6800000667572
2024-10-08,3.65000009536743,3.70000004768372,3.61999988555908,3.61999988555908,595300,3.61999988555908
2024-10-09,3.61999988555908,3.61999988555908,3.49000000953674,3.49000000953674,856300,3.49000000953674
2024-10-10,3.49000000953674,3.5699999332428,3.39000010490417,3.40000009536743,1463800,3.40000009536743
2024-10-11,3.41000008583069,3.5,3.3199999332428,3.5,1041300,3.5
2024-10-14,3.5,3.70000004768372,3.44000005722046,3.69000005722046,1418900,3.69000005722046
2024-10-15,3.70000004768372,3.75,3.61999988555908,3.61999988555908,1297500,3.61999988555908
2024-10-16,3.63000011444092,3.65000009536743,3.55999994277954,3.58999991416931,417000,3.58999991416931
2024-10-17,3.54999995231628,3.59999990463257,3.50999999046326,3.52999997138977,617100,3.52999997138977
2024-10-18,3.5699999332428,3.5699999332428,3.38000011444092,3.40000009536743,905100,3.40000009536743
2024-10-21,3.39000010490417,3.47000002861023,3.35999989509583,3.46000003814697,875000,3.46000003814697
2024-10-22,3.45000004768372,3.60999989509583,3.40000009536743,3.51999998092651,1213900,3.51999998092651
2024-10-23,3.5,3.51999998092651,3.45000004768372,3.49000000953674,392600,3.49000000953674
2024-10-24,3.45000004768372,3.53999996185303,3.45000004768372,3.49000000953674,364700,3.49000000953674
2024-10-25,3.51999998092651,3.53999996185303,3.45000004768372,3.50999999046326,409300,3.50999999046326
2024-10-28,3.5,3.5699999332428,3.48000001907349,3.54999995231628,641500,3.54999995231628
2024-10-29,3.51999998092651,3.55999994277954,3.42000007629395,3.44000005722046,690900,3.44000005722046
