"Date","CBAV3.SA.Open","CBAV3.SA.High","CBAV3.SA.Low","CBAV3.SA.Close","CBAV3.SA.Volume","CBAV3.SA.Adjusted"
2021-07-16,12.0464649200439,12.2462396621704,11.547025680542,11.8866443634033,4492441,10.8973073959351
2021-07-19,11.7667789459229,11.7667789459229,11.2673397064209,11.3272733688354,1465744,10.3844928741455
2021-07-20,11.2673397064209,11.477105140686,11.1874303817749,11.477105140686,1039766,10.5218544006348
2021-07-21,11.5070705413818,11.6569032669067,11.1874303817749,11.5670042037964,1555245,10.6042718887329
2021-07-22,11.4970817565918,11.5170602798462,11.2373743057251,11.2373743057251,1748161,10.302077293396
2021-07-23,11.3372621536255,11.3872060775757,11.1374864578247,11.3872060775757,2791733,10.4394378662109
2021-07-26,11.4371500015259,11.477105140686,11.1874303817749,11.2873182296753,724312,10.347864151001
2021-07-27,11.2373743057251,11.2873182296753,10.7679014205933,11.1874303817749,2570584,10.2562894821167
2021-07-28,11.1175088882446,11.2673397064209,10.9776659011841,10.9876546859741,4950956,10.0731410980225
2021-07-29,10.9876546859741,11.2773294448853,10.9876546859741,11.2273845672607,2177744,10.2929172515869
2021-07-30,11.1974191665649,11.3372621536255,10.9876546859741,11.2373743057251,1017441,10.302077293396
2021-08-02,11.2573518753052,11.3272733688354,11.0875415802002,11.1374864578247,424976,10.2105026245117
2021-08-03,11.1274967193604,11.3372621536255,10.9876546859741,11.3372621536255,1077208,10.3936500549316
2021-08-04,11.3672275543213,11.4271612167358,11.2373743057251,11.3272733688354,1436311,10.3844928741455
2021-08-05,11.4371500015259,11.4371500015259,11.1874303817749,11.3372621536255,2923781,10.3936500549316
2021-08-06,11.3372621536255,11.4371500015259,11.1874303817749,11.3872060775757,558927,10.4394378662109
2021-08-09,11.4371500015259,11.547025680542,11.3072948455811,11.3172836303711,946462,10.3753347396851
2021-08-10,11.3872060775757,11.6369247436523,11.2473630905151,11.6269359588623,753645,10.6592149734497
2021-08-11,11.5869808197021,11.6169481277466,11.3172836303711,11.537036895752,964882,10.5767974853516
2021-08-12,11.5869808197021,11.9565658569336,11.3372621536255,11.9565658569336,513976,10.9614095687866
2021-08-13,11.816722869873,11.9565658569336,11.6569032669067,11.6968584060669,275709,10.7233180999756
2021-08-16,11.6668910980225,11.6668910980225,10.9976434707642,11.2473630905151,1070000,10.3112335205078
2021-08-17,11.2473630905151,11.3172836303711,10.3883275985718,10.6680135726929,1831555,9.78010368347168
2021-08-18,10.6180696487427,10.7279462814331,10.1286201477051,10.2584743499756,1155296,9.4046516418457
2021-08-19,9.94882202148438,10.7279462814331,9.78900146484375,10.4382724761963,1152993,9.56948471069336
2021-08-20,10.2784509658813,11.7368125915527,10.188551902771,10.9876546859741,703289,10.0731410980225
2021-08-23,11.1574640274048,11.796745300293,11.1574640274048,11.467116355896,1618616,10.5126972198486
2021-08-24,11.6868686676025,11.9865322113037,11.5969696044922,11.8367013931274,1387657,10.8515205383301
2021-08-25,11.8466892242432,11.9965209960938,11.5869808197021,11.816722869873,1576068,10.8332052230835
2021-08-26,11.7667789459229,11.9066219329834,11.5070705413818,11.8566780090332,698283,10.8698348999023
2021-08-27,11.8367013931274,11.9665546417236,11.6469135284424,11.8466892242432,511173,10.8606777191162
2021-08-30,11.7368125915527,11.9865322113037,11.6868686676025,11.9665546417236,725614,10.9705667495728
2021-08-31,11.9765434265137,12.1962966918945,11.7368125915527,12.1363639831543,830632,11.1262426376343
2021-09-01,12.0464649200439,12.6358032226562,11.8866443634033,12.4859714508057,1102337,11.4467515945435
2021-09-02,12.4060611724854,13.3450059890747,12.2262630462646,12.7856340408325,3859831,11.7214727401733
2021-09-03,12.7856340408325,13.2650957107544,12.6158246994019,12.6158246994019,1294452,11.5657968521118
2021-09-06,12.7856340408325,13.8844003677368,12.7157125473022,13.4848489761353,2333518,12.362491607666
2021-09-08,13.4948377609253,14.1940517425537,12.8855218887329,13.3350172042847,2785325,12.2251300811768
2021-09-09,13.4049386978149,13.9643096923828,13.155219078064,13.8544340133667,3093271,12.7013158798218
2021-09-10,14.1840629577637,14.4437713623047,13.6147031784058,13.7245798110962,2408402,12.5822696685791
2021-09-13,13.9842882156372,15.0331087112427,13.9842882156372,14.1840629577637,3758918,13.0035104751587
2021-09-14,14.2439956665039,14.6135807037354,13.9942760467529,14.2040405273438,2264140,13.0218238830566
2021-09-15,14.2539854049683,15.2528619766235,14.1041526794434,14.3139171600342,4275998,13.1225557327271
2021-09-16,14.1840629577637,14.3838386535645,13.4948377609253,13.9543209075928,2444443,12.7928886413574
2021-09-17,13.9742994308472,13.9842882156372,13.175196647644,13.7545461654663,1744057,12.6097421646118
2021-09-20,13.4848489761353,13.5248041152954,12.2262630462646,12.7856340408325,2245720,11.7214727401733
2021-09-21,12.7856340408325,13.1951742172241,12.7356910705566,12.9454545974731,1296354,11.8679914474487
2021-09-22,13.2051630020142,14.6335582733154,13.1152639389038,14.6335582733154,4127532,13.4155931472778
2021-09-23,14.8133563995361,14.9831647872925,14.014253616333,14.3838386535645,2302283,13.1866569519043
2021-09-24,14.2839508056641,14.4437713623047,13.6946134567261,14.1141424179077,1752666,12.9394083023071
2021-09-27,14.3838386535645,14.6835021972656,13.2551069259644,13.7845115661621,2673300,12.6372127532959
2021-09-28,13.7845115661621,14.4637489318848,13.1951742172241,13.1951742172241,2319803,12.0969266891479
2021-09-29,13.095287322998,13.7645349502563,12.7656574249268,13.5248041152954,2938597,12.3991212844849
2021-09-30,13.6047143936157,14.0342321395874,13.3649835586548,13.9643096923828,1776393,12.8020467758179
2021-10-01,13.9842882156372,15.2129068374634,13.8244667053223,14.1441078186035,5615602,12.9668798446655
2021-10-04,14.1041526794434,15.123007774353,14.004264831543,14.8433227539062,4098599,13.6078977584839
2021-10-05,14.9731769561768,14.9831647872925,14.1840629577637,14.1840629577637,1660463,13.0035104751587
2021-10-06,13.934344291687,14.7034797668457,13.2151517868042,14.5736255645752,5715113,13.3606491088867
2021-10-07,14.7134675979614,14.783390045166,13.9043779373169,14.1640863418579,2800242,12.9851951599121
2021-10-08,14.2839508056641,14.2939395904541,13.8344564437866,13.8644218444824,2537447,12.7104721069336
2021-10-11,14.0841751098633,14.6235685348511,14.0542087554932,14.6235685348511,1775092,13.4064340591431
2021-10-13,14.6435470581055,14.9831647872925,14.5836143493652,14.9831647872925,1615412,13.7361011505127
2021-10-14,15.1130199432373,16.211784362793,15.0630760192871,15.4526376724243,6348825,14.1664991378784
2021-10-15,15.6524143218994,16.3316497802734,15.1429862976074,16.2817077636719,4861856,14.9265651702881
2021-10-18,16.1818199157715,16.9309768676758,15.7822675704956,15.9820432662964,3362473,14.6518421173096
2021-10-19,15.9320993423462,16.4615039825439,15.4526376724243,15.4526376724243,3164751,14.1664991378784
2021-10-20,15.6124582290649,15.9221105575562,15.043098449707,15.1429862976074,3166653,13.8826208114624
2021-10-21,14.6735134124756,15.1829414367676,13.664647102356,14.0841751098633,3376188,12.9119358062744
2021-10-22,13.7845115661621,14.3338947296143,13.2950620651245,13.9842882156372,4255275,12.8203620910645
2021-10-25,14.0841751098633,14.8333339691162,14.0841751098633,14.6934909820557,2033281,13.4705371856689
2021-10-26,14.5836143493652,14.9531993865967,14.2340068817139,14.8033666610718,2045395,13.5712671279907
2021-10-27,14.6835021972656,14.7234573364258,13.7145910263062,13.7145910263062,2416111,12.5731115341187
2021-10-28,13.674635887146,13.6946134567261,12.6358032226562,12.6957349777222,4157565,11.6390562057495
2021-10-29,12.7656574249268,12.8855218887329,11.9665546417236,12.7556676864624,2443342,11.6940002441406
2021-11-01,12.9454545974731,12.9454545974731,12.1363639831543,12.5359153747559,1341805,11.4925384521484
2021-11-03,12.4659938812256,13.2850732803345,12.2961835861206,13.2151517868042,2397090,12.1152410507202
2021-11-04,13.2451181411743,13.3849611282349,12.326150894165,12.4859714508057,3532564,11.4467515945435
2021-11-05,12.4959602355957,12.9953994750977,12.306173324585,12.9254770278931,2125285,11.8496770858765
2021-11-08,12.9854097366333,13.2850732803345,12.7856340408325,12.9953994750977,1850877,11.913779258728
2021-11-09,12.7856340408325,12.8056116104126,12.0464649200439,12.6957349777222,2327512,11.6390562057495
2021-11-10,12.7057237625122,12.8655452728271,12.3661060333252,12.4959602355957,1365932,11.4559087753296
2021-11-11,12.6358032226562,13.6946134567261,12.6358032226562,13.6946134567261,2457958,12.5547971725464
2021-11-12,13.5647592544556,13.6246919631958,12.8955106735229,13.2151517868042,2585801,12.1152410507202
2021-11-16,13.1152639389038,13.2351293563843,12.4060611724854,12.4859714508057,1704012,11.4467515945435
2021-11-17,12.5958480834961,12.815601348877,11.8966331481934,12.4260377883911,2336221,11.391806602478
2021-11-18,12.4659938812256,12.5259256362915,12.1263751983643,12.3461284637451,1419392,11.3185482025146
2021-11-19,12.3461284637451,12.655779838562,12.1263751983643,12.4659938812256,1683088,11.4284372329712
2021-11-22,12.4759817123413,12.7656574249268,12.3561172485352,12.3561172485352,1608004,11.3277053833008
2021-11-23,12.5858592987061,13.2750854492188,12.3661060333252,13.2251405715942,2101158,12.1243991851807
2021-11-24,13.1252527236938,13.4848489761353,12.9953994750977,13.1052751541138,1914848,12.0145101547241
2021-11-25,13.2551069259644,13.5547704696655,12.9354658126831,13.4349050521851,1183828,12.316704750061
2021-11-26,13.0453433990479,13.4349050521851,12.6657686233521,12.9254770278931,1391761,11.8496770858765
2021-11-29,13.1851863861084,13.7445573806763,13.0253648757935,13.4748601913452,1769485,12.3533344268799
2021-11-30,13.3649835586548,13.8344564437866,11.9565658569336,11.9565658569336,7088054,10.9614095687866
2021-12-01,12.316162109375,12.4460163116455,11.3772172927856,11.3772172927856,2492697,10.4302797317505
2021-12-02,11.4870929718018,11.9166107177734,10.957688331604,11.1874303817749,3056330,10.2562894821167
2021-12-03,11.2173957824707,11.9965209960938,11.1574640274048,11.9965209960938,3443464,10.9980382919312
2021-12-06,11.9965209960938,12.7356910705566,11.9066219329834,12.7356910705566,1835960,11.675687789917
2021-12-07,12.8855218887329,13.1452302932739,12.5658807754517,12.8056116104126,1977419,11.7397880554199
2021-12-08,12.8555555343628,13.0053882598877,12.5159368515015,12.5958480834961,2436934,11.5474824905396
2021-12-09,12.5958480834961,12.7756462097168,12.306173324585,12.4360265731812,2201871,11.4009637832642
2021-12-10,12.4360265731812,12.5059490203857,11.8866443634033,12.326150894165,2843791,11.3002328872681
2021-12-13,12.326150894165,12.815601348877,12.326150894165,12.3561172485352,1563254,11.3277053833008
2021-12-14,12.386082649231,12.5658807754517,12.0664415359497,12.0664415359497,921834,11.0621404647827
2021-12-15,12.0065097808838,12.5059490203857,11.8666667938232,12.4460163116455,1051880,11.4101209640503
2021-12-16,12.4859714508057,12.6058359146118,12.2961835861206,12.3361387252808,1977919,11.3093891143799
2021-12-17,12.3760948181152,12.3760948181152,11.6968584060669,11.9066219329834,11217889,10.9156227111816
2021-12-20,11.9465770721436,11.9665546417236,11.2873182296753,11.537036895752,1404075,10.5767974853516
2021-12-21,11.537036895752,12.3960723876953,11.3572387695312,12.2062854766846,3199690,11.1903438568115
2021-12-22,12.306173324585,12.6757583618164,12.0464649200439,12.1962966918945,2817461,11.1811866760254
2021-12-23,12.2362518310547,12.6757583618164,12.1863079071045,12.386082649231,1907040,11.3551759719849
2021-12-27,12.5758695602417,12.7956228256226,12.2462396621704,12.7956228256226,1713623,11.7306308746338
2021-12-28,12.7456789016724,12.9055004119873,12.4759817123413,12.7856340408325,2152816,11.7214727401733
2021-12-29,12.7257022857666,13.2850732803345,12.5558929443359,12.8955106735229,1779997,11.8222045898438
2021-12-30,12.9154891967773,13.6546583175659,12.8555555343628,13.6546583175659,5828741,12.5181674957275
2022-01-03,13.6546583175659,13.7245798110962,13.2051630020142,13.3849611282349,1426500,12.2709178924561
2022-01-04,13.4848489761353,13.6346807479858,12.7257022857666,12.7257022857666,920733,11.6665287017822
2022-01-05,12.7356910705566,12.9154891967773,11.8367013931274,12.1863079071045,2333719,11.1720294952393
2022-01-06,12.1863079071045,12.5658807754517,11.9066219329834,12.4560050964355,1681587,11.4192800521851
2022-01-07,12.386082649231,12.9754209518433,12.0964088439941,12.9754209518433,1811633,11.8954639434814
2022-01-10,12.8655452728271,13.9243545532227,12.6657686233521,13.7345676422119,3205397,12.5914249420166
2022-01-11,13.7845115661621,14.3938283920288,13.674635887146,14.3838386535645,2377167,13.1866569519043
2022-01-12,14.3838386535645,14.9831647872925,14.3039293289185,14.8832778930664,2327812,13.6445283889771
2022-01-13,14.773401260376,15.1429862976074,14.6735134124756,14.9432096481323,2630452,13.6994714736938
2022-01-14,14.7334461212158,15.4526376724243,14.6335582733154,15.2228956222534,2012959,13.9558792114258
2022-01-17,15.1829414367676,15.5625152587891,14.8233451843262,15.023120880127,1157799,13.7727317810059
2022-01-18,15.2228956222534,15.7822675704956,15.0830526351929,15.7023572921753,2237911,14.3954343795776
2022-01-19,15.9820432662964,16.5414142608643,15.7622900009155,16.1318740844727,3418436,14.7892026901245
2022-01-20,16.1918087005615,16.6812572479248,16.0120105743408,16.2317638397217,1988231,14.8807792663574
2022-01-21,16.1618404388428,16.6812572479248,15.9920320510864,16.1019096374512,1463442,14.7617321014404
2022-01-24,15.9920320510864,16.1518516540527,15.4526376724243,15.882155418396,2593110,14.5602674484253
2022-01-25,15.9021329879761,16.4615039825439,15.6923694610596,16.0419769287109,2270648,14.706787109375
2022-01-26,16.1918087005615,16.8410778045654,16.0719413757324,16.731201171875,2699729,15.3386468887329
2022-01-27,16.8510665893555,16.8510665893555,16.1318740844727,16.4914703369141,2711342,15.1188678741455
2022-01-28,16.4315376281738,16.9309768676758,16.2517395019531,16.8810329437256,2950210,15.4760074615479
2022-01-31,16.9309768676758,17.4304161071777,16.6912460327148,17.3205394744873,2058710,15.8789319992065
2022-02-01,17.3005619049072,17.760046005249,16.990909576416,17.250617980957,2315999,15.8148326873779
2022-02-02,17.3804721832275,17.6102142333984,17.0108871459961,17.3704833984375,1254007,15.9247207641602
2022-02-03,17.4204273223877,17.5602703094482,17.1007862091064,17.3105506896973,920633,15.8697757720947
2022-02-04,17.3305282592773,17.4004497528076,16.8510665893555,17.3804721832275,2926183,15.933876991272
2022-02-07,17.3105506896973,18.0497207641602,17.3105506896973,17.4503936767578,2179646,15.9979810714722
2022-02-08,17.5303039550781,18.8088665008545,17.3904609680176,18.679012298584,5830843,17.124340057373
2022-02-09,18.679012298584,19.4181823730469,18.5791244506836,19.0785636901855,2407001,17.4906349182129
2022-02-10,19.4781150817871,19.9775543212891,19.0186309814453,19.188440322876,2999466,17.591365814209
2022-02-11,19.1484851837158,19.9775543212891,18.5991039276123,19.7777786254883,4923825,18.1316547393799
2022-02-14,19.9775543212891,20.9065093994141,19.7777786254883,20.2971954345703,2889943,18.6078395843506
2022-02-15,20.2971954345703,20.6468029022217,19.9375991821289,20.2872066497803,2666092,18.5986824035645
2022-02-16,20.5569038391113,20.7866458892822,20.3870944976807,20.6867561340332,2430027,18.9649772644043
2022-02-17,20.6867561340332,20.6867561340332,19.8177337646484,19.957576751709,1959098,18.2964878082275
2022-02-18,20.0175094604492,20.1873188018799,19.3882160186768,19.4980926513672,2030678,17.8752460479736
2022-02-21,19.4980926513672,20.5868701934814,19.438159942627,20.2772178649902,2194863,18.5895233154297
2022-02-22,20.6068477630615,20.9564533233643,19.9475879669189,20.0774421691895,1743056,18.4063777923584
2022-02-23,20.1273860931396,20.4070720672607,18.9087543487549,18.9986534118652,1849775,17.4173755645752
2022-02-24,19.2783393859863,20.1773300170898,18.6190795898438,19.1384963989258,3435755,17.5455799102783
2022-02-25,19.1285076141357,19.9375991821289,18.7589225769043,19.9375991821289,1876305,18.2781734466553
2022-03-02,22.175085067749,22.3748607635498,20.5269374847412,22.175085067749,2927785,20.3294315338135
2022-03-03,22.4947261810303,23.4336719512939,21.8454551696777,22.1251411437988,3703756,20.2836437225342
2022-03-04,22.2649841308594,23.5934906005859,21.7355785369873,23.443660736084,2644467,21.4924221038818
2022-03-07,24.8720550537109,24.8720550537109,21.4459037780762,21.9753093719482,4030523,20.1462821960449
2022-03-08,22.1551074981689,22.4947261810303,21.1562309265137,22.1950626373291,2940800,20.3477439880371
2022-03-09,22.2949504852295,22.2949504852295,20.4170608520508,20.5369262695312,3382496,18.827615737915
2022-03-10,20.5768814086914,21.1961841583252,19.717845916748,20.976432800293,4280003,19.2305431365967
2022-03-11,20.7666683197021,21.655668258667,20.3970832824707,20.3970832824707,1640040,18.6994132995605
2022-03-14,20.0974197387695,20.7267112731934,19.0585861206055,19.1285076141357,2892245,17.5364227294922
2022-03-15,18.9786758422852,19.6579132080078,18.6690235137939,19.0086421966553,2554767,17.42653465271
2022-03-16,19.9875431060791,20.1873188018799,18.3094272613525,19.0086421966553,4866361,17.42653465271
2022-03-17,19.1484851837158,19.9276103973389,19.0186309814453,19.5380477905273,2595112,17.9118766784668
2022-03-18,19.5280590057373,20.0774421691895,19.448148727417,19.8477001190186,1468948,18.1957550048828
2022-03-21,20.2772178649902,22.2849617004395,20.2772178649902,22.2050514221191,3411228,20.3569030761719
2022-03-22,22.2050514221191,22.934232711792,21.925365447998,22.6245803833008,3685235,20.7415142059326
2022-03-23,22.7144794464111,23.7433223724365,22.5246925354004,23.2538738250732,2669696,21.318431854248
2022-03-24,23.3138065338135,23.6534233093262,22.5246925354004,22.8443336486816,2323007,20.9429779052734
2022-03-25,22.6545467376709,22.9641990661621,22.3349056243896,22.7044906616211,1704813,20.8147735595703
2022-03-28,22.7044906616211,22.7044906616211,21.8854103088379,22.2849617004395,1579472,20.4301624298096
2022-03-29,21.8154888153076,21.9753093719482,21.0163879394531,21.5757579803467,2510317,19.7799854278564
2022-03-30,20.9664421081543,21.0363636016846,19.9276103973389,20.2772178649902,5720019,18.5895233154297
2022-03-31,20.22727394104,20.5768814086914,19.5780029296875,20.0274982452393,1997541,18.3605899810791
2022-04-01,20.1273860931396,20.6667804718018,19.6878795623779,19.9076328277588,2818563,18.2506999969482
2022-04-04,20.1473636627197,20.2772178649902,19.6179580688477,19.9475879669189,1606502,18.2873306274414
2022-04-05,19.9475879669189,19.957576751709,19.0785636901855,19.5180702209473,2204273,17.8935623168945
2022-04-06,19.3882160186768,19.7777786254883,19.0086421966553,19.2583618164062,3541674,17.6554698944092
2022-04-07,19.1684627532959,19.1684627532959,18.2095413208008,18.3294067382812,7452663,16.8038311004639
2022-04-08,18.3194179534912,18.9686870574951,17.7101020812988,17.8699226379395,8112704,16.3825912475586
2022-04-11,17.4204273223877,18.2395076751709,17.0608310699463,17.9797992706299,4555312,16.4833221435547
2022-04-12,18.0796852111816,18.3993263244629,17.4803600311279,17.5602703094482,4642009,16.0987129211426
2022-04-13,17.6301918029785,18.3893394470215,17.6301918029785,18.1496086120605,3391806,16.6389980316162
2022-04-14,18.0497207641602,18.3194179534912,17.8699226379395,18.0297431945801,2605924,16.529109954834
2022-04-18,18.009765625,18.3393955230713,17.7300796508789,17.9398441314697,2050300,16.4466934204102
2022-04-19,17.8099899291992,18.009765625,17.230640411377,17.4703712463379,2826772,16.0162944793701
2022-04-20,17.2905731201172,17.8599338531494,17.2905731201172,17.760046005249,3956239,16.2818584442139
2022-04-22,17.2905731201172,17.3804721832275,15.282829284668,15.7223348617554,10373842,14.4137487411499
2022-04-25,15.2628507614136,15.8322124481201,14.6035919189453,15.7722787857056,7927496,14.4595365524292
2022-04-26,15.5924806594849,16.1918087005615,15.0031433105469,16.1718292236328,5458425,14.825831413269
2022-04-27,16.5713806152344,17.0308647155762,16.1918087005615,17.0008983612061,3263362,15.5858974456787
2022-04-28,17.0508422851562,17.3205394744873,16.6113357543945,17.3205394744873,2460060,15.8789319992065
2022-04-29,17.5303039550781,17.6401805877686,16.9209880828857,17.1207637786865,4100702,15.6957855224609
2022-05-02,17.0208759307861,17.0208759307861,16.051965713501,16.4515151977539,3615757,15.2538280487061
2022-05-03,16.3815937042236,16.5713806152344,15.7523012161255,16.221773147583,3287589,15.0408115386963
2022-05-04,16.1218852996826,16.2517395019531,15.2428741455078,16.2517395019531,6779908,15.0685958862305
2022-05-05,16.1518516540527,16.3316497802734,15.3327732086182,15.5125713348389,2941100,14.3832397460938
2022-05-06,15.4526376724243,15.5325479507446,14.4637489318848,14.5636367797852,6058198,13.5033893585205
2022-05-09,14.1940517425537,14.3039293289185,12.2961835861206,12.4759817123413,11918175,11.5677165985107
2022-05-10,12.6857471466064,13.0653200149536,12.2062854766846,12.9454545974731,6106553,12.0030117034912
2022-05-11,12.9953994750977,13.3749723434448,12.6857471466064,13.1452302932739,9390638,12.1882438659668
2022-05-12,13.0053882598877,13.095287322998,12.3960723876953,12.7157125473022,3333240,11.7899951934814
2022-05-13,12.7856340408325,13.4548826217651,12.6957349777222,13.155219078064,2979643,12.1975049972534
2022-05-16,13.0753087997437,13.3649835586548,12.9154891967773,13.1951742172241,2063816,12.2345514297485
2022-05-17,13.6846237182617,14.6435470581055,13.6846237182617,14.2539854049683,6912057,13.2162809371948
2022-05-18,14.2040405273438,14.3239059448242,13.6246919631958,14.2240180969238,3140124,13.188494682312
2022-05-19,14.2340068817139,14.8233451843262,13.7245798110962,14.6335582733154,5079300,13.5682201385498
2022-05-20,14.8633003234863,15.5425367355347,14.5436592102051,14.8932657241821,4041535,13.8090200424194
2022-05-23,15.0131320953369,15.7822675704956,14.9432096481323,15.3727283477783,4513164,14.2535772323608
2022-05-24,14.9831647872925,15.3827171325684,14.7933788299561,15.3827171325684,3643589,14.2628393173218
2022-05-25,15.2528619766235,15.9420881271362,15.0830526351929,15.7523012161255,3114595,14.6055173873901
2022-05-26,15.9820432662964,16.1118965148926,15.123007774353,15.4626274108887,3835404,14.336932182312
2022-05-27,15.5725030899048,16.0319862365723,15.5725030899048,15.6823797225952,3064439,14.5406856536865
2022-05-30,15.7023572921753,16.1318740844727,15.4426488876343,16.0319862365723,1887217,14.8648405075073
2022-05-31,16.2317638397217,16.6113357543945,15.8222227096558,16.3716049194336,4594255,15.1797351837158
2022-06-01,16.4315376281738,16.4315376281738,15.8122339248657,16.2817077636719,2649673,15.0963821411133
2022-06-02,16.4315376281738,16.5114479064941,15.9221105575562,16.2717170715332,2803946,15.0871181488037
2022-06-03,16.1718292236328,16.1918087005615,15.7123460769653,15.8422002792358,2307189,14.688871383667
2022-06-06,15.9820432662964,16.051965713501,15.2029190063477,15.882155418396,2121781,14.7259178161621
2022-06-07,15.6923694610596,16.051965713501,15.552526473999,15.882155418396,1869698,14.7259178161621
2022-06-08,15.7023572921753,15.7922563552856,14.4937152862549,14.8932657241821,4060557,13.8090200424194
2022-06-09,14.6535358428955,14.9831647872925,14.004264831543,14.004264831543,2678906,12.9847402572632
2022-06-10,13.7645349502563,13.8344564437866,13.3549947738647,13.5847368240356,2064817,12.5957546234131
2022-06-13,13.165207862854,13.2650957107544,12.3461284637451,12.655779838562,4634000,11.7344255447388
2022-06-14,12.7057237625122,12.815601348877,11.7468023300171,11.8367013931274,6429215,10.9749774932861
2022-06-15,12.0264873504639,12.2562294006348,11.7068462371826,11.796745300293,4253473,10.9379301071167
2022-06-17,11.5769920349121,11.5769920349121,10.7978677749634,11.1274967193604,4659829,10.317403793335
2022-06-20,10.7878789901733,10.9976434707642,10.4182939529419,10.7978677749634,2983147,10.0117721557617
2022-06-21,10.8577995300293,11.3272733688354,10.5481481552124,11.1374864578247,4379615,10.3266658782959
2022-06-22,10.8178453445435,10.9077444076538,10.2984285354614,10.3283948898315,5112938,9.57647705078125
2022-06-23,10.4282827377319,10.697979927063,10.2085304260254,10.6879911422729,5367023,9.90989398956299
2022-06-24,10.8378229141235,11.6569032669067,10.3283948898315,11.4870929718018,6353129,10.6508207321167
2022-06-27,11.6469135284424,12.0864200592041,11.5869808197021,11.6968584060669,4504054,10.8453149795532
2022-06-28,11.9066219329834,12.6957349777222,11.8566780090332,12.1863079071045,4475022,11.2991313934326
2022-06-29,12.1463527679443,12.2762069702148,11.6968584060669,11.7667789459229,2310092,10.9101448059082
2022-06-30,11.4171724319458,11.6968584060669,11.0076322555542,11.5670042037964,3964549,10.7249145507812
2022-07-01,11.0176210403442,11.3872060775757,10.6480360031128,10.9377107620239,3731287,10.1414337158203
2022-07-04,10.8378229141235,10.957688331604,10.628059387207,10.8677892684937,2109267,10.076602935791
2022-07-05,10.6879911422729,10.7679014205933,10.3283948898315,10.6879911422729,2364753,9.90989398956299
2022-07-06,10.8478116989136,11.0475873947144,10.3983173370361,10.8877668380737,4304831,10.0951261520386
2022-07-07,11.4571266174316,11.7268238067627,11.1374864578247,11.4071826934814,6311282,10.5767278671265
2022-07-08,11.1874303817749,11.4471378326416,10.6680135726929,10.6680135726929,3739797,9.89137077331543
2022-07-11,10.4382724761963,10.4882164001465,10.1485967636108,10.2384958267212,2966529,9.49312305450439
2022-07-12,10.2384958267212,10.2384958267212,9.74904632568359,9.85892295837402,5365321,9.14118385314941
2022-07-13,9.77901172637939,10.2684631347656,9.48933792114258,10.0886650085449,4995005,9.35420036315918
2022-07-14,9.85892295837402,9.90886688232422,9.34949493408203,9.40942764282227,4455199,8.7244119644165
2022-07-15,9.44938278198242,9.90886688232422,9.17968559265137,9.5193042755127,4363096,8.82628917694092
2022-07-18,9.88888931274414,10.2784509658813,9.63916969299316,9.98877716064453,3448370,9.26158428192139
2022-07-19,9.96879863739014,10.1685752868652,9.83894538879395,9.9588098526001,5804514,9.23379802703857
2022-07-20,9.97878837585449,10.2384958267212,9.63916969299316,9.74904632568359,3136820,9.03930568695068
2022-07-21,9.84893417358398,9.9588098526001,9.45937156677246,9.79899024963379,5314364,9.08561420440674
2022-07-22,9.93883323669434,10.4182939529419,9.88888931274414,10.1386079788208,3270770,9.4005069732666
2022-07-25,10.3983173370361,10.5281705856323,9.98877716064453,10.0786762237549,3276477,9.34493827819824
2022-07-26,10.0986528396606,10.3283948898315,9.88888931274414,10.0586977005005,2093949,9.32641410827637
2022-07-27,10.1585855484009,10.8278341293335,10.0886650085449,10.7679014205933,4333863,9.98398685455322
2022-07-28,10.8378229141235,11.2773294448853,10.7778902053833,11.1674528121948,3570707,10.3544502258301
2022-07-29,10.9876546859741,11.3772172927856,10.7878789901733,11.2373743057251,3839609,10.4192819595337
2022-08-01,11.0176210403442,11.1574640274048,10.8078565597534,11.0975313186646,4688561,10.2896194458008
2022-08-02,11.1374864578247,11.1774406433105,10.8677892684937,11.0076322555542,4033827,10.2062654495239
2022-08-03,11.0675649642944,11.2373743057251,10.8278341293335,11.0076322555542,2103360,10.2062654495239
2022-08-04,11.0575761795044,11.2273845672607,10.9377107620239,11.0875415802002,2470572,10.2803573608398
2022-08-05,11.1574640274048,11.5670042037964,11.0975313186646,11.2973070144653,2309591,10.4748516082764
2022-08-08,11.4271612167358,11.6768798828125,11.3572387695312,11.5869808197021,3256254,10.7434368133545
2022-08-09,11.7268238067627,11.8367013931274,11.4870929718018,11.7867574691772,3125707,10.9286689758301
2022-08-10,11.9865322113037,12.3561172485352,11.7767677307129,12.0964088439941,4886083,11.2157773971558
2022-08-11,12.2861957550049,12.7756462097168,12.1763191223145,12.1962966918945,11006952,11.3083934783936
2022-08-12,12.1962966918945,12.6657686233521,12.1962966918945,12.5059490203857,4007297,11.5955028533936
2022-08-15,12.1962966918945,12.3760948181152,11.9765434265137,12.1763191223145,3814681,11.289870262146
2022-08-16,12.1663303375244,12.7456789016724,12.1663303375244,12.5858592987061,3316221,11.6695957183838
2022-08-17,12.5159368515015,13.3949499130249,12.306173324585,13.0852975845337,5268412,12.1326742172241
2022-08-18,13.175196647644,13.3849611282349,13.0553312301636,13.2850732803345,3531563,12.3179063796997
2022-08-19,13.1851863861084,13.2451181411743,12.9254770278931,13.0553312301636,2609828,12.1048889160156
2022-08-22,12.9354658126831,13.0852975845337,12.6857471466064,13.0253648757935,2012858,12.0771045684814
2022-08-23,13.1152639389038,14.0941638946533,13.1152639389038,13.8044900894165,5113338,12.7995090484619
2022-08-24,13.8344564437866,14.1640863418579,13.6546583175659,14.014253616333,2926384,12.9940013885498
2022-08-25,14.0342321395874,14.3638610839844,14.0242433547974,14.1940517425537,2638561,13.1607103347778
2022-08-26,14.3738498687744,14.5037040710449,13.9543209075928,13.9942760467529,2765003,12.9754781723022
2022-08-29,13.9043779373169,14.1840629577637,13.8044900894165,13.9842882156372,2226398,12.9662179946899
2022-08-30,13.934344291687,13.9842882156372,12.9654321670532,13.0653200149536,4246665,12.1141510009766
2022-08-31,12.9554443359375,13.1252527236938,12.7956228256226,12.8355779647827,1967708,11.9011344909668
2022-09-01,12.7356910705566,12.9354658126831,12.386082649231,12.9354658126831,3860232,11.9937496185303
2022-09-02,12.9354658126831,13.1851863861084,12.7956228256226,12.9953994750977,3948030,12.0493202209473
2022-09-05,13.3849611282349,13.7645349502563,13.2650957107544,13.5747480392456,2853602,12.5864925384521
2022-09-06,13.4349050521851,13.5148153305054,13.0753087997437,13.2850732803345,2329013,12.3179063796997
2022-09-08,13.4049386978149,13.7645349502563,12.8855218887329,13.7545461654663,4469616,12.7532014846802
2022-09-09,14.0442199707031,14.9232330322266,14.0342321395874,14.5636367797852,6765492,13.5033893585205
2022-09-12,14.6635246276855,14.7634124755859,14.1840629577637,14.3239059448242,1893725,13.2811107635498
2022-09-13,14.3139171600342,14.4737377166748,13.6546583175659,13.7145910263062,1623522,12.7161550521851
2022-09-14,13.5148153305054,13.6446685791016,12.6258144378662,13.0153760910034,3932813,12.0678424835205
2022-09-15,12.9754209518433,13.4448938369751,12.6457920074463,13.2750854492188,2503609,12.3086452484131
2022-09-16,12.9854097366333,13.2950620651245,12.8755331039429,13.1352424621582,3624567,12.1789827346802
2022-09-19,13.0053882598877,13.2950620651245,12.7057237625122,13.0753087997437,2856705,12.1234121322632
2022-09-20,13.0753087997437,13.2551069259644,12.5459041595459,12.6457920074463,2385477,11.7251644134521
2022-09-21,12.5159368515015,12.6058359146118,11.6868686676025,11.8866443634033,8393119,11.0212841033936
2022-09-22,12.0164985656738,12.0764312744141,11.3072948455811,11.3872060775757,12077053,10.5582056045532
2022-09-23,11.1974191665649,11.2573518753052,10.5181818008423,10.6879911422729,7395900,9.90989398956299
2022-09-26,10.5781154632568,10.6180696487427,10.1785640716553,10.3184061050415,5601386,9.56721591949463
2022-09-27,10.5381603240967,10.6680135726929,10.2784509658813,10.358362197876,3536869,9.60426330566406
2022-09-28,10.3983173370361,11.2673397064209,10.1785640716553,11.0875415802002,5318368,10.2803573608398
2022-09-29,11.3372621536255,12.0364761352539,11.0575761795044,11.3872060775757,7106875,10.5582056045532
2022-09-30,11.2573518753052,11.6668910980225,11.1374864578247,11.4271612167358,3493821,10.5952520370483
2022-10-03,11.5869808197021,11.806734085083,11.3172836303711,11.5769920349121,3342050,10.7341747283936
2022-10-04,11.8367013931274,12.1663303375244,11.6768798828125,11.9266004562378,3832601,11.058331489563
2022-10-05,11.7567901611328,12.2162742614746,11.7567901611328,12.1363639831543,1925560,11.2528238296509
2022-10-06,12.1663303375244,12.2462396621704,11.9166107177734,11.9965209960938,2947307,11.123161315918
2022-10-07,12.0164985656738,12.0864200592041,11.6469135284424,11.7867574691772,2227099,10.9286689758301
2022-10-10,11.806734085083,12.1263751983643,11.7368125915527,11.9865322113037,1838763,11.1139001846313
2022-10-11,11.9565658569336,11.9565658569336,11.1674528121948,11.2273845672607,5058376,10.4100189208984
2022-10-13,11.3872060775757,11.9365882873535,11.0975313186646,11.7767677307129,7711854,10.9194068908691
2022-10-14,11.8766555786133,11.8766555786133,10.8577995300293,10.9776659011841,3761221,10.1784801483154
2022-10-17,11.0176210403442,11.0176210403442,10.6580247879028,10.707968711853,5041357,9.92841720581055
2022-10-18,10.9377107620239,11.1374864578247,10.8877668380737,11.0575761795044,1878708,10.2525730133057
2022-10-19,11.0176210403442,11.0176210403442,10.3783388137817,10.5980920791626,4941445,9.82653999328613
2022-10-20,10.6580247879028,11.1874303817749,10.4282827377319,10.9177331924438,7305999,10.1229104995728
2022-10-21,10.8777780532837,11.3772172927856,10.7878789901733,11.3072948455811,3899075,10.4841117858887
2022-10-24,11.1674528121948,11.3072948455811,10.7978677749634,11.1574640274048,1854381,10.3451890945435
2022-10-25,11.0975313186646,11.5070705413818,10.9776659011841,11.2273845672607,1905138,10.4100189208984
2022-10-26,11.1175088882446,11.6569032669067,11.0575761795044,11.2573518753052,3853724,10.4378051757812
2022-10-27,11.1474752426147,11.3072948455811,10.8977556228638,11.1974191665649,2353441,10.3822355270386
2022-10-28,11.0475873947144,11.1274967193604,10.6480360031128,10.8278341293335,3202393,10.0395565032959
2022-10-31,10.6879911422729,11.0875415802002,10.4882164001465,11.0276098251343,3102381,10.2247886657715
2022-11-01,11.2873182296753,11.7767677307129,11.1774406433105,11.3072948455811,4587148,10.4841117858887
2022-11-03,11.1274967193604,11.7567901611328,11.0675649642944,11.3872060775757,3670118,10.5582056045532
2022-11-04,11.8866443634033,12.386082649231,11.7867574691772,12.2362518310547,5603889,11.3454399108887
2022-11-07,12.2762069702148,12.2762069702148,11.6369247436523,11.7867574691772,2671698,10.9286689758301
2022-11-08,11.6868686676025,12.056453704834,11.6469135284424,11.9565658569336,4264886,11.0861148834229
2022-11-09,11.8966331481934,11.9365882873535,11.3072948455811,11.3672275543213,3650596,10.5396814346313
2022-11-10,10.967677116394,11.4271612167358,10.7778902053833,10.9876546859741,5475444,10.1877422332764
2022-11-11,11.3672275543213,12.4659938812256,11.1474752426147,12.4360265731812,9416267,11.5306701660156
2022-11-14,12.5858592987061,12.8655452728271,12.1863079071045,12.7257022857666,3834203,11.7992572784424
2022-11-16,12.8755331039429,13.1851863861084,12.306173324585,12.5459041595459,6429315,11.6325492858887
2022-11-17,12.1863079071045,12.2162742614746,11.2973070144653,11.5270490646362,5631419,10.6878681182861
2022-11-18,11.8766555786133,12.3561172485352,11.1974191665649,11.6668910980225,5465633,10.8175287246704
2022-11-21,11.6169481277466,11.7667789459229,10.5881032943726,11.1274967193604,4524077,10.317403793335
2022-11-22,11.1974191665649,11.4970817565918,10.6879911422729,10.8178453445435,4938442,10.0302953720093
2022-11-23,10.7379350662231,10.9177331924438,10.3683500289917,10.4782266616821,4385321,9.71540069580078
2022-11-24,10.5980920791626,11.1075201034546,10.3883275985718,11.03759765625,2717750,10.2340488433838
2022-11-25,11.0675649642944,11.1574640274048,10.6180696487427,10.8078565597534,1794013,10.0210332870483
2022-11-28,10.8078565597534,10.9377107620239,10.0986528396606,10.2484846115112,2850198,9.50238418579102
2022-11-29,10.4582490921021,11.0276098251343,10.2784509658813,10.9476985931396,3897474,10.1506948471069
2022-11-30,10.9876546859741,12.2562294006348,10.9876546859741,12.0864200592041,6666381,11.2065162658691
2022-12-01,12.0864200592041,12.306173324585,11.8267116546631,11.9565658569336,2767305,11.0861148834229
2022-12-02,11.9765434265137,12.1063976287842,11.4870929718018,12.0264873504639,1968809,11.1509466171265
2022-12-05,12.0264873504639,12.5558929443359,11.8866443634033,12.0065097808838,2949910,11.1324234008789
2022-12-06,12.056453704834,12.5758695602417,11.9166107177734,12.316162109375,2967630,11.4195327758789
2022-12-07,12.1063976287842,12.3361387252808,11.9266004562378,12.056453704834,2551062,11.2653350830078
2022-12-08,12.0065097808838,12.306173324585,11.9365882873535,12.0264873504639,4193606,11.2373352050781
2022-12-09,12.0464649200439,12.6158246994019,11.9965209960938,12.2362518310547,1624022,11.4333353042603
2022-12-12,12.1863079071045,12.2162742614746,11.7667789459229,12.0065097808838,3241838,11.2186679840088
2022-12-13,12.0364761352539,12.1463527679443,11.2973070144653,11.3572387695312,1957797,10.6120014190674
2022-12-14,11.0475873947144,11.467116355896,10.7379350662231,11.3572387695312,3718973,10.6120014190674
2022-12-15,11.2673397064209,11.3872060775757,10.707968711853,10.7679014205933,3993481,10.0613346099854
2022-12-16,10.7379350662231,10.7579126358032,10.358362197876,10.5681257247925,3330437,9.87466812133789
2022-12-19,10.6080808639526,10.7279462814331,10.2384958267212,10.6780023574829,3652799,9.97733497619629
2022-12-20,10.628059387207,11.0276098251343,10.3883275985718,10.4582490921021,5758262,9.77200126647949
2022-12-21,10.4882164001465,10.5980920791626,10.118631362915,10.5681257247925,4887985,9.87466812133789
2022-12-22,10.5980920791626,10.6879911422729,10.1585855484009,10.2784509658813,4289814,9.60400104522705
2022-12-23,10.3283948898315,10.7279462814331,10.2185192108154,10.5681257247925,2152315,9.87466812133789
2022-12-26,10.5581369400024,10.7679014205933,10.4282827377319,10.6180696487427,1023148,9.9213342666626
2022-12-27,10.6680135726929,11.2573518753052,10.6080808639526,11.1874303817749,2863613,10.4533348083496
2022-12-28,11.1874303817749,11.4371500015259,10.9377107620239,11.0575761795044,1773390,10.3320016860962
2022-12-29,11.0975313186646,11.6369247436523,10.9976434707642,11.537036895752,3247844,10.7800016403198
2023-01-02,11.3872060775757,11.3872060775757,10.4782266616821,10.8877668380737,2447947,10.1733350753784
2023-01-03,10.8677892684937,10.9476985931396,10.4083051681519,10.4682378768921,2481885,9.78133487701416
2023-01-04,10.5181818008423,10.7379350662231,10.3683500289917,10.5980920791626,2099556,9.90266799926758
2023-01-05,10.6780023574829,10.9776659011841,10.4982042312622,10.8378229141235,1918753,10.1266679763794
2023-01-06,10.8577995300293,11.1175088882446,10.8378229141235,11.0875415802002,1999343,10.3600006103516
2023-01-09,11.0276098251343,11.9166107177734,11.0176210403442,11.6169481277466,3345254,10.8546686172485
2023-01-10,11.5769920349121,12.0664415359497,11.467116355896,11.8866443634033,2316399,11.10666847229
2023-01-11,11.8866443634033,12.1263751983643,11.7468023300171,11.8866443634033,3518748,11.10666847229
2023-01-12,11.816722869873,12.0864200592041,11.6569032669067,11.9965209960938,1533521,11.2093353271484
2023-01-13,11.8566780090332,12.3461284637451,11.7368125915527,12.0164985656738,2107264,11.2280015945435
2023-01-16,11.9565658569336,12.2662181854248,11.9066219329834,12.2662181854248,1798218,11.4613351821899
2023-01-17,12.2861957550049,12.8555555343628,12.1962966918945,12.3960723876953,2509916,11.5826683044434
2023-01-18,12.6358032226562,13.1452302932739,12.4160499572754,13.0653200149536,7929999,12.2080020904541
2023-01-19,12.7356910705566,13.3649835586548,12.6358032226562,13.095287322998,3959443,12.2360029220581
2023-01-20,13.0353536605835,13.3450059890747,12.7856340408325,13.2351293563843,2406801,12.3666687011719
2023-01-23,13.3050508499146,13.5847368240356,12.9354658126831,12.9854097366333,2931189,12.1333351135254
2023-01-24,13.0153760910034,13.0753087997437,12.4959602355957,12.6358032226562,3294497,11.8066692352295
2023-01-25,12.5459041595459,12.7556676864624,12.1663303375244,12.5558929443359,3929009,11.7320022583008
2023-01-26,12.5758695602417,13.0453433990479,12.4360265731812,12.9254770278931,4932235,12.077335357666
2023-01-27,12.9554443359375,13.0453433990479,12.2662181854248,12.5159368515015,2905060,11.6946678161621
2023-01-30,12.5159368515015,12.6058359146118,12.2262630462646,12.3661060333252,1658661,11.5546684265137
2023-01-31,12.3661060333252,13.0353536605835,12.306173324585,12.6857471466064,2653578,11.8533353805542
2023-02-01,12.655779838562,12.8455667495728,11.9965209960938,12.4859714508057,3457680,11.6666688919067
2023-02-02,12.3960723876953,12.4659938812256,11.5570154190063,11.7468023300171,3315320,10.9760026931763
2023-02-03,11.7368125915527,11.9166107177734,11.3572387695312,11.4171724319458,2750586,10.6680021286011
2023-02-06,11.4071826934814,12.0364761352539,10.967677116394,11.2573518753052,4539894,10.5186681747437
2023-02-07,11.3272733688354,11.4271612167358,11.0575761795044,11.2673397064209,2073226,10.528000831604
2023-02-08,11.3672275543213,11.3772172927856,10.957688331604,11.03759765625,2515122,10.3133344650269
2023-02-09,11.0475873947144,11.2673397064209,10.8977556228638,10.9776659011841,1651553,10.2573347091675
2023-02-10,10.9776659011841,11.1774406433105,10.8078565597534,10.9177331924438,2028276,10.2013349533081
2023-02-13,10.8677892684937,10.9876546859741,10.5781154632568,10.7778902053833,1961501,10.07066822052
2023-02-14,10.7978677749634,11.03759765625,10.5881032943726,10.6580247879028,2343530,9.95866775512695
2023-02-15,10.6680135726929,10.9377107620239,10.628059387207,10.7379350662231,2658183,10.0333347320557
2023-02-16,10.7179584503174,11.0276098251343,10.6180696487427,10.8977556228638,3427646,10.1826686859131
2023-02-17,10.8877668380737,10.9077444076538,10.6180696487427,10.7778902053833,1455633,10.07066822052
2023-02-22,10.6480360031128,11.1574640274048,10.6480360031128,10.8378229141235,2184251,10.1266679763794
2023-02-23,10.8577995300293,11.0176210403442,10.3883275985718,10.5681257247925,2171937,9.87466812133789
2023-02-24,10.4982042312622,10.6080808639526,10.2085304260254,10.3883275985718,2615535,9.70666790008545
2023-02-27,10.4083051681519,10.5081930160522,10.3084182739258,10.3983173370361,1718428,9.71600246429443
2023-02-28,10.4282827377319,10.6879911422729,10.3883275985718,10.4083051681519,2566580,9.72533416748047
2023-03-01,10.6180696487427,10.9876546859741,10.4982042312622,10.6780023574829,5149378,9.97733497619629
2023-03-02,10.6879911422729,10.8777780532837,10.6080808639526,10.7379350662231,1565456,10.0333347320557
2023-03-03,10.8577995300293,10.9277219772339,10.5181818008423,10.7679014205933,2636458,10.0613346099854
2023-03-06,10.8378229141235,10.8378229141235,10.1585855484009,10.2684631347656,4170980,9.5946683883667
2023-03-07,10.2684631347656,10.3483734130859,9.84893417358398,10.0986528396606,3491518,9.43600082397461
2023-03-08,10.1086416244507,10.4282827377319,9.9288444519043,10.0087537765503,3325732,9.35200119018555
2023-03-09,10.0087537765503,10.1286201477051,9.57923698425293,9.73905658721924,3473898,9.10000038146973
2023-03-10,9.42940521240234,9.48933792114258,8.88002300262451,9.12974166870117,10428703,8.53066730499268
2023-03-13,9.01986503601074,9.01986503601074,8.50044918060303,8.53041458129883,6763590,7.97066688537598
2023-03-14,8.59034824371338,8.62031364440918,7.97104406356812,8.10089778900146,6261326,7.56933403015137
2023-03-15,7.93108892440796,7.93108892440796,7.25185203552246,7.34175109863281,9064472,6.86000108718872
2023-03-16,7.4416389465332,7.68136882781982,7.36172819137573,7.37171697616577,4195808,6.88800048828125
2023-03-17,7.46161603927612,7.46161603927612,6.93221092224121,6.93221092224121,8727694,6.47733402252197
2023-03-20,6.95218896865845,7.06206512451172,6.82233381271362,6.96217679977417,2947608,6.5053334236145
2023-03-21,7.04208707809448,7.09203100204468,6.84231185913086,6.91223287582397,2151214,6.45866680145264
2023-03-22,6.91223287582397,7.09203100204468,6.74242401123047,6.92222213745117,2718951,6.46800088882446
2023-03-23,7.00213193893433,7.04208707809448,6.57261514663696,6.70246887207031,3235230,6.26266717910767
2023-03-24,6.73243522644043,6.84231185913086,6.60258102416992,6.76240205764771,2934893,6.31866788864136
2023-03-27,6.79236793518066,6.92222213745117,6.62255907058716,6.69248008728027,2020867,6.25333404541016
2023-03-28,6.69248008728027,7.34175109863281,6.66251420974731,7.23187398910522,6782712,6.75733375549316
2023-03-29,7.33176183700562,7.47160482406616,7.22188520431519,7.41167211532593,4072570,6.92533397674561
2023-03-30,7.50157117843628,7.85117816925049,7.46161603927612,7.59146976470947,6334909,7.09333372116089
2023-03-31,7.60145902633667,7.69135808944702,7.4416389465332,7.57149314880371,2148611,7.07466793060303
2023-04-03,7.56150388717651,7.80123519897461,7.34175109863281,7.43165016174316,2576291,6.94400119781494
2023-04-04,7.18193006515503,7.18193006515503,6.20303010940552,6.20303010940552,15330504,5.79600048065186
2023-04-05,6.26296281814575,6.34287309646606,5.84343385696411,5.9033670425415,6116964,5.51600074768066
2023-04-06,5.94332218170166,6.43277215957642,5.76352405548096,5.99326610565186,6930778,5.60000085830688
2023-04-10,6.09315395355225,6.26296281814575,5.9633002281189,5.98327684402466,3186776,5.59066724777222
2023-04-11,6.24298477172852,6.37283897399902,6.05319881439209,6.31290721893311,6873413,5.89866781234741
2023-04-12,6.31290721893311,6.44276094436646,6.16307497024536,6.22300815582275,6290359,5.81466770172119
2023-04-13,6.33288383483887,6.38282823562622,6.12311983108521,6.21301889419556,3712766,5.80533409118652
2023-04-14,6.16307497024536,6.24298477172852,5.9533109664917,6.02323198318481,2843090,5.62800025939941
2023-04-17,6.01324319839478,6.04321002960205,5.9033670425415,5.97328805923462,3065240,5.58133363723755
2023-04-18,6.04321002960205,6.04321002960205,5.87340116500854,5.98327684402466,3708261,5.59066724777222
2023-04-19,5.91335582733154,5.92334413528442,5.70359086990356,5.82345676422119,3263262,5.44133377075195
2023-04-20,5.83344507217407,5.86341190338135,5.71358013153076,5.79348993301392,2081235,5.41333341598511
2023-04-24,5.71358013153076,5.7235689163208,5.52379322052002,5.52379322052002,3550084,5.1613335609436
2023-04-25,5.44388294219971,5.48383808135986,5.14421987533569,5.2740740776062,4972680,4.92800045013428
2023-04-26,5.2740740776062,5.39393901824951,5.07429790496826,5.0942759513855,4333062,4.76000070571899
2023-04-27,5.06431007385254,5.28406286239624,5.06431007385254,5.264084815979,3435255,4.91866683959961
2023-04-28,5.0942759513855,5.29405117034912,5.02435398101807,5.2740740776062,3458981,5.2740740776062
2023-05-02,5.25409603118896,5.3240180015564,4.96442222595215,4.99438810348511,3362273,4.99438810348511
2023-05-03,5.02435398101807,5.11425304412842,4.97441101074219,5.03434276580811,2572186,5.03434276580811
2023-05-04,5.08428716659546,5.0942759513855,4.83456802368164,4.89449977874756,3998187,4.89449977874756
2023-05-05,4.94444417953491,5.37396192550659,4.92446708679199,5.37396192550659,4174885,5.37396192550659
2023-05-08,5.71358013153076,5.74354600906372,5.24410820007324,5.31402921676636,2883135,5.31402921676636
2023-05-09,5.11425304412842,5.12424182891846,4.82457876205444,4.99438810348511,9856161,4.99438810348511
2023-05-10,5.03434276580811,5.08428716659546,4.89449977874756,4.94444417953491,3903881,4.94444417953491
2023-05-11,4.96442222595215,4.96442222595215,4.85454511642456,4.8745231628418,4442986,4.8745231628418
2023-05-12,4.8745231628418,4.92446708679199,4.83456802368164,4.90448904037476,3312517,4.90448904037476
2023-05-15,4.94444417953491,5.22413015365601,4.89449977874756,5.0942759513855,4815304,5.0942759513855
2023-05-16,5.07429790496826,5.13423109054565,4.91447782516479,4.91447782516479,3131914,4.91447782516479
2023-05-17,4.97441101074219,5.38395023345947,4.97441101074219,5.35398387908936,7042803,5.35398387908936
2023-05-18,5.35398387908936,5.44388294219971,5.264084815979,5.39393901824951,3272672,5.39393901824951
2023-05-19,5.43389415740967,5.63366985321045,5.30403995513916,5.52379322052002,3538170,5.52379322052002
2023-05-22,5.52379322052002,5.75353479385376,5.5038161277771,5.64365911483765,3980967,5.64365911483765
2023-05-23,5.64365911483765,5.66363620758057,5.30403995513916,5.30403995513916,3331238,5.30403995513916
2023-05-24,5.3240180015564,5.46386098861694,5.15420913696289,5.18417501449585,3304108,5.18417501449585
2023-05-25,5.30403995513916,5.37396192550659,5.22413015365601,5.264084815979,3418136,5.264084815979
2023-05-26,5.44388294219971,5.56374788284302,5.36397314071655,5.41391706466675,2652476,5.41391706466675
2023-05-29,5.37396192550659,5.58372592926025,5.35398387908936,5.52379322052002,2180847,5.52379322052002
2023-05-30,5.5437707901001,5.61369180679321,5.24410820007324,5.37396192550659,3341149,5.37396192550659
2023-05-31,5.36397314071655,5.36397314071655,5.12424182891846,5.19416379928589,6442830,5.19416379928589
2023-06-01,5.2740740776062,5.3240180015564,5.19416379928589,5.21414089202881,3952535,5.21414089202881
2023-06-02,5.40392780303955,5.58372592926025,5.37396192550659,5.5437707901001,5083905,5.5437707901001
2023-06-05,5.55376005172729,5.66363620758057,5.35398387908936,5.5038161277771,2776115,5.5038161277771
2023-06-06,5.51380491256714,5.65364694595337,5.42390584945679,5.62368106842041,3911990,5.62368106842041
2023-06-07,5.66363620758057,5.76352405548096,5.40392780303955,5.60370397567749,6546647,5.60370397567749
2023-06-09,5.64365911483765,5.75353479385376,5.59371519088745,5.70359086990356,4471518,5.70359086990356
2023-06-12,5.74354600906372,5.91335582733154,5.56374788284302,5.81346797943115,6621431,5.81346797943115
2023-06-13,5.89337778091431,6.02323198318481,5.68361377716064,5.733558177948,7115185,5.733558177948
2023-06-14,5.76352405548096,6.08316516876221,5.76352405548096,5.99326610565186,10340104,5.99326610565186
2023-06-15,6.06318712234497,6.06318712234497,5.75353479385376,5.84343385696411,7351450,5.84343385696411
2023-06-16,5.81346797943115,5.84343385696411,5.5437707901001,5.62368106842041,8476412,5.62368106842041
2023-06-19,5.65364694595337,5.83344507217407,5.48383808135986,5.74354600906372,4014605,5.74354600906372
2023-06-20,5.71358013153076,5.71358013153076,5.43389415740967,5.52379322052002,8709073,5.52379322052002
2023-06-21,5.52379322052002,5.52379322052002,5.13423109054565,5.16419696807861,14894415,5.16419696807861
2023-06-22,5.14421987533569,5.22413015365601,5.02435398101807,5.19416379928589,11219791,5.19416379928589
2023-06-23,5.23411893844604,5.34399509429932,5.16419696807861,5.20415210723877,7766716,5.20415210723877
2023-06-26,5.19416379928589,5.44388294219971,5.18417501449585,5.24410820007324,5915238,5.24410820007324
2023-06-27,5.34399509429932,5.37396192550659,5.17418622970581,5.18417501449585,3465989,5.18417501449585
2023-06-28,5.18417501449585,5.22413015365601,5.00437688827515,5.01436614990234,6264230,5.01436614990234
2023-06-29,5.05432081222534,5.13423109054565,5.00437688827515,5.01436614990234,7416122,5.01436614990234
2023-06-30,5.0443320274353,5.08428716659546,4.99438810348511,5.03434276580811,8069956,5.03434276580811
2023-07-03,5.0443320274353,5.13423109054565,4.99438810348511,5.06431007385254,6712132,5.06431007385254
2023-07-04,5.06431007385254,5.36397314071655,5.05432081222534,5.29405117034912,6401083,5.29405117034912
2023-07-05,5.23411893844604,5.30403995513916,5.07429790496826,5.07429790496826,6780709,5.07429790496826
2023-07-06,5.07429790496826,5.19416379928589,5.03434276580811,5.06431007385254,5552231,5.06431007385254
2023-07-07,5.06431007385254,5.25409603118896,5.06431007385254,5.21414089202881,4907507,5.21414089202881
2023-07-10,5.22413015365601,5.30403995513916,5.17418622970581,5.18417501449585,3622565,5.18417501449585
2023-07-11,5.21414089202881,5.23411893844604,5.1042652130127,5.18417501449585,2792233,5.18417501449585
2023-07-12,5.25409603118896,5.44388294219971,5.01436614990234,5.02435398101807,14579462,5.02435398101807
2023-07-13,5.08428716659546,5.264084815979,5.02435398101807,5.14421987533569,13387824,5.14421987533569
2023-07-14,5.0942759513855,5.0942759513855,4.61481523513794,4.6447811126709,31138445,4.6447811126709
2023-07-17,4.6447811126709,4.76464605331421,4.50493812561035,4.72469091415405,13358792,4.72469091415405
2023-07-18,4.69472503662109,4.83456802368164,4.51492691040039,4.52491617202759,9212438,4.52491617202759
2023-07-19,4.55488204956055,4.61481523513794,4.49494886398315,4.60482597351074,5100724,4.60482597351074
2023-07-20,4.61481523513794,4.73468017578125,4.57486009597778,4.62480306625366,4048143,4.62480306625366
2023-07-21,4.6347918510437,4.76464605331421,4.56487083435059,4.71470212936401,4289614,4.71470212936401
2023-07-24,4.69472503662109,4.79461288452148,4.69472503662109,4.74466896057129,5460428,4.74466896057129
2023-07-25,4.83456802368164,5.07429790496826,4.78462409973145,5.01436614990234,11001746,5.01436614990234
2023-07-26,4.99438810348511,5.16419696807861,4.96442222595215,5.0942759513855,4687460,5.0942759513855
2023-07-27,5.13423109054565,5.14421987533569,4.96442222595215,4.99438810348511,4704980,4.99438810348511
2023-07-28,5.01436614990234,5.01436614990234,4.85454511642456,4.97441101074219,3497625,4.97441101074219
2023-07-31,5.01436614990234,5.3240180015564,4.98439884185791,5.29405117034912,8621775,5.29405117034912
2023-08-01,5.22413015365601,5.37396192550659,5.17418622970581,5.28406286239624,5447713,5.28406286239624
2023-08-02,5.264084815979,5.264084815979,5.0942759513855,5.11425304412842,4348580,5.11425304412842
2023-08-03,5.1042652130127,5.22413015365601,5.06431007385254,5.16419696807861,3834603,5.16419696807861
2023-08-04,5.15420913696289,5.28406286239624,5.11425304412842,5.16419696807861,3565401,5.16419696807861
2023-08-07,5.19416379928589,5.23411893844604,5.00437688827515,5.0942759513855,3670719,5.0942759513855
2023-08-08,4.88451194763184,5.05432081222534,4.71470212936401,4.98439884185791,11089145,4.98439884185791
2023-08-09,4.98439884185791,5.1042652130127,4.96442222595215,4.99438810348511,3432251,4.99438810348511
2023-08-10,4.99438810348511,5.07429790496826,4.97441101074219,5.00437688827515,2608127,5.00437688827515
2023-08-11,5.00437688827515,5.02435398101807,4.84455585479736,4.89449977874756,2899854,4.89449977874756
2023-08-14,4.89449977874756,4.89449977874756,4.74466896057129,4.80460119247437,4154262,4.80460119247437
2023-08-15,4.8145899772644,4.83456802368164,4.60482597351074,4.61481523513794,7023982,4.61481523513794
2023-08-16,4.6347918510437,4.6347918510437,4.49494886398315,4.49494886398315,5064984,4.49494886398315
2023-08-17,4.55488204956055,4.57486009597778,4.27519607543945,4.27519607543945,7573799,4.27519607543945
2023-08-18,4.25521898269653,4.35510587692261,4.17530822753906,4.2352409362793,8543588,4.2352409362793
2023-08-21,4.25521898269653,4.29517412185669,4.14534187316895,4.14534187316895,4686859,4.14534187316895
2023-08-22,4.19528579711914,4.21526384353638,4.13535308837891,4.15533113479614,5600585,4.15533113479614
2023-08-23,4.1852970123291,4.26520681381226,4.16531991958618,4.2352409362793,6438926,4.2352409362793
2023-08-24,4.21526384353638,4.22525215148926,4.11537599563599,4.11537599563599,5853469,4.11537599563599
2023-08-25,4.13535308837891,4.16531991958618,4.07542085647583,4.08540916442871,4275398,4.08540916442871
2023-08-28,4.08540916442871,4.22525215148926,4.08540916442871,4.10538721084595,4675046,4.10538721084595
2023-08-29,4.14534187316895,4.29517412185669,4.12536478042603,4.26520681381226,4898697,4.26520681381226
2023-08-30,4.28518486022949,4.3650951385498,4.2352409362793,4.24523019790649,2718851,4.24523019790649
2023-08-31,4.27519607543945,4.35510587692261,4.24523019790649,4.27519607543945,5272116,4.27519607543945
2023-09-01,4.30516290664673,4.54489278793335,4.30516290664673,4.51492691040039,5268813,4.51492691040039
2023-09-04,4.53490400314331,4.72469091415405,4.52491617202759,4.62480306625366,4361895,4.62480306625366
2023-09-05,4.62480306625366,4.69472503662109,4.49494886398315,4.67474699020386,3580618,4.67474699020386
2023-09-06,4.69472503662109,4.74466896057129,4.65476989746094,4.69472503662109,3287889,4.69472503662109
2023-09-08,4.6847357749939,4.6847357749939,4.49494886398315,4.49494886398315,3017386,4.49494886398315
2023-09-11,4.55488204956055,4.61481523513794,4.42502784729004,4.51492691040039,4127732,4.51492691040039
2023-09-12,4.50493812561035,4.71470212936401,4.50493812561035,4.6847357749939,3935416,4.6847357749939
2023-09-13,4.6847357749939,4.80460119247437,4.58484792709351,4.61481523513794,3878352,4.61481523513794
2023-09-14,4.66475820541382,4.71470212936401,4.60482597351074,4.62480306625366,2657081,4.62480306625366
2023-09-15,4.61481523513794,4.91447782516479,4.5948371887207,4.91447782516479,7835593,4.91447782516479
2023-09-18,4.88451194763184,4.89449977874756,4.74466896057129,4.74466896057129,2490094,4.74466896057129
2023-09-19,4.74466896057129,4.76464605331421,4.6847357749939,4.69472503662109,1812434,4.69472503662109
2023-09-20,4.70471382141113,4.85454511642456,4.70471382141113,4.78462409973145,2636859,4.78462409973145
2023-09-21,4.69472503662109,4.72469091415405,4.56487083435059,4.72469091415405,3693044,4.72469091415405
2023-09-22,4.77463483810425,4.8145899772644,4.61481523513794,4.66475820541382,2190658,4.66475820541382
2023-09-25,4.5948371887207,4.65476989746094,4.49494886398315,4.6347918510437,2922379,4.6347918510437
2023-09-26,4.58484792709351,4.61481523513794,4.4150390625,4.43501710891724,3277778,4.43501710891724
2023-09-27,4.4649829864502,4.48496103286743,4.31515121459961,4.38507318496704,2892446,4.38507318496704
2023-09-28,4.3650951385498,4.49494886398315,4.3650951385498,4.4649829864502,2547158,4.4649829864502
2023-09-29,4.55488204956055,4.75465679168701,4.54489278793335,4.56487083435059,4638005,4.56487083435059
2023-10-02,4.54489278793335,4.57486009597778,4.38507318496704,4.43501710891724,5327578,4.43501710891724
2023-10-03,4.38507318496704,4.43501710891724,4.27519607543945,4.29517412185669,4318746,4.29517412185669
2023-10-04,4.30516290664673,4.30516290664673,4.20527505874634,4.26520681381226,3236932,4.26520681381226
2023-10-05,4.26520681381226,4.35510587692261,4.16531991958618,4.16531991958618,3117598,4.16531991958618
2023-10-06,4.15533113479614,4.26520681381226,4.11537599563599,4.1852970123291,2697627,4.1852970123291
2023-10-09,4.13535308837891,4.21526384353638,4.09539794921875,4.20527505874634,2304686,4.20527505874634
2023-10-10,4.22525215148926,4.34511804580688,4.21526384353638,4.31515121459961,3663711,4.31515121459961
2023-10-11,4.32513999938965,4.47497177124023,4.27519607543945,4.32513999938965,4620885,4.32513999938965
2023-10-13,4.28518486022949,4.55488204956055,4.24523019790649,4.38507318496704,4964371,4.38507318496704
2023-10-16,4.4050498008728,4.47497177124023,4.31515121459961,4.34511804580688,2739474,4.34511804580688
2023-10-17,4.30516290664673,4.31515121459961,4.15533113479614,4.16531991958618,4637003,4.16531991958618
2023-10-18,4.14534187316895,4.15533113479614,4.0054988861084,4.0054988861084,6142994,4.0054988861084
2023-10-19,4.0154881477356,4.04545402526855,3.89562296867371,3.89562296867371,3978765,3.89562296867371
2023-10-20,3.89562296867371,3.90561103820801,3.70583605766296,3.80572390556335,6603010,3.80572390556335
2023-10-23,3.80572390556335,3.92558908462524,3.80572390556335,3.86565589904785,2707038,3.86565589904785
2023-10-24,3.93557810783386,3.98552203178406,3.80572390556335,3.81571197509766,2656881,3.81571197509766
2023-10-25,3.80572390556335,3.83569002151489,3.67586994171143,3.70583605766296,3850521,3.70583605766296
2023-10-26,3.69584703445435,3.7857460975647,3.68585801124573,3.7857460975647,2570985,3.7857460975647
2023-10-27,3.7857460975647,3.84567904472351,3.66588091850281,3.67586994171143,3092470,3.67586994171143
2023-10-30,3.69584703445435,3.80572390556335,3.68585801124573,3.70583605766296,3266365,3.70583605766296
2023-10-31,3.71582508087158,3.83569002151489,3.71582508087158,3.79573488235474,3815482,3.79573488235474
2023-11-01,3.79573488235474,3.84567904472351,3.77575707435608,3.80572390556335,3022892,3.80572390556335
2023-11-03,3.89562296867371,4.06543207168579,3.89562296867371,3.99551010131836,6216676,3.99551010131836
2023-11-06,4.09539794921875,4.12536478042603,4.0154881477356,4.07542085647583,3896973,4.07542085647583
2023-11-07,4.07542085647583,4.19528579711914,4.05544281005859,4.19528579711914,3527058,4.19528579711914
2023-11-08,4.20527505874634,4.26520681381226,4.16531991958618,4.21526384353638,3058031,4.21526384353638
2023-11-09,3.97553300857544,4.0154881477356,3.64590311050415,3.64590311050415,16963838,3.64590311050415
2023-11-10,3.60594797134399,3.79573488235474,3.54601502418518,3.71582508087158,8443976,3.71582508087158
2023-11-13,3.71582508087158,3.7857460975647,3.69584703445435,3.77575707435608,3425544,3.77575707435608
2023-11-14,3.79999995231628,3.90000009536743,3.78999996185303,3.82999992370605,4352000,3.82999992370605
2023-11-16,3.82999992370605,4.17000007629395,3.77999997138977,4.11999988555908,12429500,4.11999988555908
2023-11-17,4.11999988555908,4.32999992370605,3.95000004768372,4.19000005722046,8743900,4.19000005722046
2023-11-20,4.23000001907349,4.30999994277954,4.1399998664856,4.26999998092651,5247100,4.26999998092651
2023-11-21,4.26000022888184,4.48000001907349,4.21999979019165,4.48000001907349,6360200,4.48000001907349
2023-11-22,4.46999979019165,4.59999990463257,4.32999992370605,4.3899998664856,5148000,4.3899998664856
2023-11-23,4.38000011444092,4.38000011444092,4.28999996185303,4.34000015258789,2475200,4.34000015258789
2023-11-24,4.32999992370605,4.32999992370605,4.09999990463257,4.09999990463257,3830900,4.09999990463257
2023-11-27,4.09999990463257,4.1399998664856,4,4.01999998092651,3397000,4.01999998092651
2023-11-28,4.03000020980835,4.09999990463257,3.9300000667572,4.09999990463257,5378500,4.09999990463257
2023-11-29,4.1100001335144,4.17000007629395,4.07000017166138,4.09000015258789,3748800,4.09000015258789
2023-11-30,4.09999990463257,4.15999984741211,4.05000019073486,4.1399998664856,2314900,4.1399998664856
2023-12-01,4.15000009536743,4.15999984741211,4.05999994277954,4.09999990463257,3952600,4.09999990463257
2023-12-04,4.09999990463257,4.09999990463257,3.97000002861023,4.01999998092651,4042800,4.01999998092651
2023-12-05,4.01999998092651,4.23999977111816,4.01999998092651,4.17999982833862,8309100,4.17999982833862
2023-12-06,4.17999982833862,4.21999979019165,4.07999992370605,4.15000009536743,3906200,4.15000009536743
2023-12-07,4.15000009536743,4.17999982833862,4.05999994277954,4.07000017166138,3706100,4.07000017166138
2023-12-08,4.07000017166138,4.23000001907349,4.01999998092651,4.23000001907349,5422000,4.23000001907349
2023-12-11,4.23000001907349,4.30999994277954,4.17999982833862,4.17999982833862,2926800,4.17999982833862
2023-12-12,4.21000003814697,4.21000003814697,4.05999994277954,4.1100001335144,3162000,4.1100001335144
2023-12-13,4.1100001335144,4.44999980926514,4.1100001335144,4.44999980926514,5714000,4.44999980926514
2023-12-14,4.44999980926514,4.6100001335144,4.40000009536743,4.57000017166138,5637200,4.57000017166138
2023-12-15,4.59999990463257,4.65000009536743,4.42999982833862,4.55000019073486,3141500,4.55000019073486
2023-12-18,4.5,4.65000009536743,4.48999977111816,4.48999977111816,3524300,4.48999977111816
2023-12-19,4.48999977111816,4.59000015258789,4.46000003814697,4.51999998092651,2940300,4.51999998092651
2023-12-20,4.55999994277954,4.59999990463257,4.44999980926514,4.46000003814697,3195500,4.46000003814697
2023-12-21,4.51999998092651,4.94000005722046,4.51000022888184,4.88000011444092,6632400,4.88000011444092
2023-12-22,4.88000011444092,5.07999992370605,4.82000017166138,5,7794700,5
2023-12-26,5,5.25,4.96000003814697,5.19999980926514,5852900,5.19999980926514
2023-12-27,5.21999979019165,5.34999990463257,5.15999984741211,5.30000019073486,3919100,5.30000019073486
2023-12-28,5.26999998092651,5.30999994277954,5.07000017166138,5.09999990463257,5536700,5.09999990463257
2024-01-02,5.05999994277954,5.19999980926514,4.98000001907349,5.03000020980835,3988500,5.03000020980835
2024-01-03,5.03000020980835,5.09999990463257,5.01000022888184,5.09000015258789,2959400,5.09000015258789
2024-01-04,5.09999990463257,5.23000001907349,4.88000011444092,4.8899998664856,4799100,4.8899998664856
2024-01-05,4.88000011444092,5.13000011444092,4.76999998092651,5.07999992370605,4257100,5.07999992370605
2024-01-08,5.03999996185303,5.07000017166138,4.86999988555908,5,3066600,5
2024-01-09,4.98000001907349,4.98999977111816,4.76999998092651,4.80999994277954,4350400,4.80999994277954
2024-01-10,4.80999994277954,4.82999992370605,4.6399998664856,4.65999984741211,2821400,4.65999984741211
2024-01-11,4.65999984741211,4.71000003814697,4.57000017166138,4.67999982833862,3006700,4.67999982833862
2024-01-12,4.73999977111816,4.82000017166138,4.61999988555908,4.6399998664856,3052500,4.6399998664856
2024-01-15,4.6399998664856,4.6399998664856,4.5,4.53000020980835,1908200,4.53000020980835
2024-01-16,4.5,4.5,4.3600001335144,4.3899998664856,2903100,4.3899998664856
2024-01-17,4.34999990463257,4.34999990463257,4.17999982833862,4.17999982833862,3599200,4.17999982833862
2024-01-18,4.19999980926514,4.23999977111816,4.11999988555908,4.11999988555908,3448600,4.11999988555908
2024-01-19,4.15000009536743,4.19999980926514,4.03000020980835,4.17000007629395,4429900,4.17000007629395
2024-01-22,4.19000005722046,4.19000005722046,3.91000008583069,3.92000007629395,5556300,3.92000007629395
2024-01-23,3.95000004768372,4.15999984741211,3.95000004768372,4.07999992370605,4445100,4.07999992370605
2024-01-24,4.15000009536743,4.26000022888184,4.1100001335144,4.19000005722046,3562500,4.19000005722046
2024-01-25,4.19999980926514,4.23000001907349,4.05999994277954,4.05999994277954,3034800,4.05999994277954
2024-01-26,4.05999994277954,4.19999980926514,4.05999994277954,4.15000009536743,2891100,4.15000009536743
2024-01-29,4.17000007629395,4.17999982833862,3.99000000953674,4.01999998092651,3570200,4.01999998092651
2024-01-30,4.01000022888184,4.01999998092651,3.88000011444092,3.95000004768372,4103700,3.95000004768372
2024-01-31,3.96000003814697,4.09999990463257,3.92000007629395,4.01999998092651,5578200,4.01999998092651
2024-02-01,4.03000020980835,4.07000017166138,3.86999988555908,3.98000001907349,5405800,3.98000001907349
2024-02-02,3.98000001907349,3.99000000953674,3.80999994277954,3.80999994277954,5785300,3.80999994277954
2024-02-05,3.80999994277954,3.84999990463257,3.75,3.8199999332428,5398400,3.8199999332428
2024-02-06,3.84999990463257,4.05000019073486,3.8199999332428,3.95000004768372,4591000,3.95000004768372
2024-02-07,3.95000004768372,3.97000002861023,3.83999991416931,3.84999990463257,3199300,3.84999990463257
2024-02-08,3.85999989509583,3.85999989509583,3.77999997138977,3.80999994277954,4571100,3.80999994277954
2024-02-09,3.8199999332428,3.86999988555908,3.75999999046326,3.84999990463257,3948900,3.84999990463257
2024-02-14,3.84999990463257,3.84999990463257,3.61999988555908,3.64000010490417,6622400,3.64000010490417
2024-02-15,3.66000008583069,3.90000009536743,3.66000008583069,3.74000000953674,4828100,3.74000000953674
2024-02-16,3.78999996185303,3.94000005722046,3.77999997138977,3.88000011444092,4547000,3.88000011444092
2024-02-19,3.89000010490417,4.01000022888184,3.80999994277954,3.96000003814697,3915500,3.96000003814697
2024-02-20,3.90000009536743,4.07000017166138,3.88000011444092,4.05000019073486,4576600,4.05000019073486
2024-02-21,4.03999996185303,4.1399998664856,3.97000002861023,4.03999996185303,3629100,4.03999996185303
2024-02-22,4.07999992370605,4.19000005722046,3.99000000953674,4.01999998092651,4039100,4.01999998092651
2024-02-23,4.05999994277954,4.1100001335144,3.89000010490417,3.9300000667572,3192200,3.9300000667572
2024-02-26,3.92000007629395,3.9300000667572,3.82999992370605,3.86999988555908,3446700,3.86999988555908
2024-02-27,3.86999988555908,4.05999994277954,3.86999988555908,4.03000020980835,3161700,4.03000020980835
2024-02-28,4.03999996185303,4.09999990463257,4,4.01999998092651,2249700,4.01999998092651
2024-02-29,4.01000022888184,4.01999998092651,3.95000004768372,4,2195400,4
2024-03-01,4,4.17000007629395,3.99000000953674,4.03000020980835,2912000,4.03000020980835
2024-03-04,4.01000022888184,4.13000011444092,3.92000007629395,3.95000004768372,2304900,3.95000004768372
2024-03-05,3.96000003814697,4.05000019073486,3.9300000667572,3.96000003814697,1975900,3.96000003814697
2024-03-06,3.96000003814697,4.01000022888184,3.90000009536743,3.92000007629395,2232700,3.92000007629395
2024-03-07,3.92000007629395,3.96000003814697,3.89000010490417,3.91000008583069,2174500,3.91000008583069
2024-03-08,3.79999995231628,4.23999977111816,3.79999995231628,3.96000003814697,9695200,3.96000003814697
2024-03-11,3.94000005722046,4.07000017166138,3.90000009536743,4,3036100,4
2024-03-12,4.01000022888184,4.09000015258789,3.92000007629395,3.97000002861023,3730000,3.97000002861023
2024-03-13,3.95000004768372,4.19999980926514,3.92000007629395,4.19999980926514,5978200,4.19999980926514
2024-03-14,4.21000003814697,4.23999977111816,4.09999990463257,4.13000011444092,2922900,4.13000011444092
2024-03-15,4.13000011444092,4.13000011444092,3.98000001907349,4,4074600,4
2024-03-18,4.01000022888184,4.03000020980835,3.94000005722046,3.98000001907349,2224800,3.98000001907349
2024-03-19,4.01000022888184,4.09999990463257,3.95000004768372,4.03000020980835,3448500,4.03000020980835
2024-03-20,4.03000020980835,4.13000011444092,3.98000001907349,4.11999988555908,2476100,4.11999988555908
2024-03-21,4.13000011444092,4.19000005722046,4.05999994277954,4.19000005722046,2575500,4.19000005722046
2024-03-22,4.17999982833862,4.17999982833862,4.07999992370605,4.09999990463257,1672600,4.09999990463257
2024-03-25,4.07999992370605,4.23999977111816,4.05000019073486,4.17000007629395,3557900,4.17000007629395
2024-03-26,4.15000009536743,4.19999980926514,4.1100001335144,4.15000009536743,1653400,4.15000009536743
2024-03-27,4.1399998664856,4.19000005722046,4.07000017166138,4.15000009536743,2151400,4.15000009536743
2024-03-28,4.17000007629395,4.17000007629395,4.07999992370605,4.07999992370605,1744900,4.07999992370605
2024-04-01,4.09999990463257,4.1399998664856,4.03000020980835,4.05999994277954,1676800,4.05999994277954
2024-04-02,4.09000015258789,4.09999990463257,4.01000022888184,4.03999996185303,1619900,4.03999996185303
2024-04-03,4.01999998092651,4.09999990463257,3.96000003814697,4.05000019073486,2665800,4.05000019073486
2024-04-04,4.07999992370605,4.44000005722046,4.07999992370605,4.34000015258789,7893500,4.34000015258789
2024-04-05,4.34999990463257,4.6399998664856,4.30999994277954,4.53000020980835,5596900,4.53000020980835
2024-04-08,4.57999992370605,4.90999984741211,4.57000017166138,4.8899998664856,6392800,4.8899998664856
2024-04-09,4.90000009536743,5.15999984741211,4.8899998664856,5.05000019073486,8963300,5.05000019073486
2024-04-10,5.03999996185303,5.03999996185303,4.61999988555908,4.71000003814697,7512700,4.71000003814697
2024-04-11,4.71999979019165,4.90000009536743,4.69999980926514,4.86999988555908,2820500,4.86999988555908
2024-04-12,4.92000007629395,4.96999979019165,4.69999980926514,4.73000001907349,3640700,4.73000001907349
2024-04-15,4.80000019073486,5.13000011444092,4.73000001907349,4.80000019073486,8052800,4.80000019073486
2024-04-16,4.78000020980835,5.03999996185303,4.6399998664856,4.92000007629395,5816100,4.92000007629395
2024-04-17,4.96999979019165,5.09999990463257,4.82999992370605,4.84999990463257,3021500,4.84999990463257
2024-04-18,4.84999990463257,5.05999994277954,4.84999990463257,4.98000001907349,3956800,4.98000001907349
2024-04-19,4.98000001907349,5.1399998664856,4.92999982833862,5.1100001335144,4104200,5.1100001335144
2024-04-22,5.15000009536743,5.21999979019165,5.01999998092651,5.11999988555908,4168700,5.11999988555908
2024-04-23,5.01000022888184,5.09999990463257,4.94999980926514,5.03999996185303,4067500,5.03999996185303
2024-04-24,5.05999994277954,5.1399998664856,4.94999980926514,5.03000020980835,3409900,5.03000020980835
2024-04-25,4.96999979019165,5.05000019073486,4.8600001335144,4.86999988555908,3555200,4.86999988555908
2024-04-26,4.86999988555908,4.86999988555908,4.86999988555908,4.86999988555908,0,4.86999988555908
2024-04-29,5.01000022888184,5.19000005722046,4.98000001907349,5.13000011444092,3040800,5.13000011444092
2024-04-30,5.03999996185303,5.17999982833862,5.03000020980835,5.17000007629395,3848900,5.17000007629395
2024-05-02,5.19000005722046,5.28000020980835,5.13000011444092,5.1399998664856,3179200,5.1399998664856
2024-05-03,5.17999982833862,5.34000015258789,5.13000011444092,5.23999977111816,3338400,5.23999977111816
2024-05-06,5.23000001907349,5.28000020980835,5.01000022888184,5.07999992370605,4744600,5.07999992370605
2024-05-07,5.15000009536743,5.44999980926514,5.1100001335144,5.21999979019165,6919700,5.21999979019165
2024-05-08,5.1100001335144,5.21000003814697,5.01000022888184,5.09999990463257,3078000,5.09999990463257
2024-05-09,5.21999979019165,5.34000015258789,5.13000011444092,5.28000020980835,5869300,5.28000020980835
2024-05-10,5.28000020980835,5.40999984741211,5.21000003814697,5.32000017166138,4439400,5.32000017166138
2024-05-13,5.3600001335144,5.51999998092651,5.30000019073486,5.51999998092651,5347100,5.51999998092651
2024-05-14,5.46999979019165,5.86999988555908,5.46999979019165,5.84999990463257,5291000,5.84999990463257
2024-05-15,5.82000017166138,6.13000011444092,5.80000019073486,6.09999990463257,6996400,6.09999990463257
2024-05-16,6.11999988555908,6.3600001335144,6.11999988555908,6.26999998092651,6099700,6.26999998092651
2024-05-17,6.28000020980835,6.34999990463257,6.11999988555908,6.26000022888184,3050700,6.26000022888184
2024-05-20,6.25,6.84999990463257,6.23000001907349,6.80000019073486,8092500,6.80000019073486
2024-05-21,6.84999990463257,6.96999979019165,6.76999998092651,6.8899998664856,3540900,6.8899998664856
2024-05-22,6.84999990463257,6.8600001335144,6.48999977111816,6.67999982833862,6033800,6.67999982833862
2024-05-23,6.6399998664856,6.71000003814697,6.48999977111816,6.59999990463257,5076600,6.59999990463257
2024-05-24,6.6100001335144,6.86999988555908,6.59999990463257,6.73000001907349,3229200,6.73000001907349
2024-05-27,6.73000001907349,6.78000020980835,6.6100001335144,6.76999998092651,1781400,6.76999998092651
2024-05-28,6.80000019073486,7,6.71999979019165,6.92000007629395,4465100,6.92000007629395
2024-05-29,6.88000011444092,7.36999988555908,6.80000019073486,7.28000020980835,7459800,7.28000020980835
2024-05-31,7.21999979019165,7.26999998092651,6.90000009536743,7.11999988555908,6320300,7.11999988555908
2024-06-03,7.07999992370605,7.13000011444092,6.8600001335144,7.05999994277954,3423200,7.05999994277954
2024-06-04,6.98999977111816,7,6.55000019073486,6.6399998664856,4489400,6.6399998664856
2024-06-05,6.57000017166138,6.86999988555908,6.44999980926514,6.78999996185303,4801100,6.78999996185303
2024-06-06,6.78999996185303,7.21999979019165,6.78999996185303,7.15999984741211,3612900,7.15999984741211
2024-06-07,7.07000017166138,7.23000001907349,6.96999979019165,7.15999984741211,2440000,7.15999984741211
2024-06-10,7.01000022888184,7.25,6.96999979019165,7.01000022888184,3634900,7.01000022888184
2024-06-11,7.01000022888184,7.05999994277954,6.78000020980835,6.90999984741211,3272000,6.90999984741211
2024-06-12,6.92999982833862,7.03999996185303,6.71999979019165,6.73999977111816,3180100,6.73999977111816
2024-06-13,6.75,6.78000020980835,6.51000022888184,6.53999996185303,2944400,6.53999996185303
2024-06-14,6.51999998092651,6.57000017166138,6.21999979019165,6.53000020980835,4089400,6.53000020980835
2024-06-17,6.46999979019165,6.59999990463257,6.13000011444092,6.26000022888184,4582400,6.26000022888184
2024-06-18,6.21000003814697,6.51999998092651,6.17999982833862,6.48000001907349,3072200,6.48000001907349
2024-06-19,6.48000001907349,6.48999977111816,6.34999990463257,6.40999984741211,1219000,6.40999984741211
2024-06-20,6.42999982833862,6.55000019073486,6.3600001335144,6.38000011444092,2857200,6.38000011444092
2024-06-21,6.26999998092651,6.46999979019165,6.07000017166138,6.46999979019165,5503700,6.46999979019165
2024-06-24,6.42999982833862,6.78000020980835,6.42999982833862,6.73000001907349,2865000,6.73000001907349
2024-06-25,6.75,6.78000020980835,6.61999988555908,6.69000005722046,1418500,6.69000005722046
2024-06-26,6.73999977111816,6.92999982833862,6.69000005722046,6.82999992370605,2877900,6.82999992370605
2024-06-27,6.8600001335144,6.94999980926514,6.71999979019165,6.78999996185303,1924800,6.78999996185303
2024-06-28,6.82999992370605,7.01999998092651,6.76000022888184,6.96000003814697,2865200,6.96000003814697
2024-07-01,6.96000003814697,7.07999992370605,6.80000019073486,6.86999988555908,2357400,6.86999988555908
2024-07-02,6.8600001335144,7.01000022888184,6.73000001907349,6.86999988555908,2072000,6.86999988555908
2024-07-03,6.96000003814697,7.15999984741211,6.90000009536743,6.96000003814697,3233000,6.96000003814697
2024-07-04,7.01999998092651,7.17000007629395,6.98000001907349,6.98000001907349,2338500,6.98000001907349
2024-07-05,7,7.15999984741211,6.94999980926514,7.07000017166138,3576000,7.07000017166138
2024-07-08,7.07000017166138,7.23000001907349,7.01999998092651,7.11999988555908,2480800,7.11999988555908
2024-07-09,7.1100001335144,7.34999990463257,7.03999996185303,7.32000017166138,3942200,7.32000017166138
2024-07-10,7.34999990463257,7.46000003814697,7.26000022888184,7.34000015258789,3174900,7.34000015258789
2024-07-11,7.40000009536743,7.59000015258789,7.38000011444092,7.53999996185303,3623900,7.53999996185303
2024-07-12,7.53999996185303,7.55999994277954,7.38000011444092,7.40000009536743,2469600,7.40000009536743
2024-07-15,7.42000007629395,7.46999979019165,7.28000020980835,7.28000020980835,2129700,7.28000020980835
2024-07-16,7.46999979019165,7.61999988555908,7.26000022888184,7.28000020980835,2772200,7.28000020980835
2024-07-17,7.26000022888184,7.42000007629395,6.90000009536743,6.94000005722046,4786200,6.94000005722046
2024-07-18,6.94000005722046,6.98999977111816,6.73999977111816,6.80999994277954,2492300,6.80999994277954
2024-07-19,6.78000020980835,6.88000011444092,6.59000015258789,6.67000007629395,3297800,6.67000007629395
2024-07-22,6.6399998664856,6.69999980926514,6.46000003814697,6.48000001907349,4024800,6.48000001907349
2024-07-23,6.46000003814697,6.48000001907349,5.63000011444092,5.67000007629395,13068000,5.67000007629395
2024-07-24,5.69000005722046,5.69999980926514,5.19999980926514,5.21999979019165,9163600,5.21999979019165
2024-07-25,5.19000005722046,5.73999977111816,5.17999982833862,5.53999996185303,7894000,5.53999996185303
2024-07-26,5.55999994277954,5.65000009536743,5.32000017166138,5.32000017166138,3753700,5.32000017166138
2024-07-29,5.28000020980835,5.3899998664856,5.23000001907349,5.25,1815700,5.25
2024-07-30,5.21999979019165,5.21999979019165,5.05000019073486,5.09999990463257,2922300,5.09999990463257
2024-07-31,5.19999980926514,5.36999988555908,5.07000017166138,5.30999994277954,6322200,5.30999994277954
2024-08-01,5.36999988555908,5.42999982833862,5.01000022888184,5.01000022888184,4359000,5.01000022888184
2024-08-02,5.01000022888184,5.13000011444092,4.84000015258789,4.8899998664856,4806700,4.8899998664856
2024-08-05,4.73000001907349,5.01999998092651,4.67000007629395,4.96999979019165,2348700,4.96999979019165
2024-08-06,4.98999977111816,5.07000017166138,4.80999994277954,4.84000015258789,3630900,4.84000015258789
2024-08-07,4.84000015258789,4.90000009536743,4.75,4.86999988555908,2144600,4.86999988555908
2024-08-08,4.76999998092651,4.82000017166138,4.6100001335144,4.69999980926514,4938400,4.69999980926514
2024-08-09,4.71999979019165,4.80000019073486,4.61999988555908,4.65999984741211,2442200,4.65999984741211
2024-08-12,4.67999982833862,4.84999990463257,4.67999982833862,4.76999998092651,2360500,4.76999998092651
2024-08-13,4.80999994277954,4.94999980926514,4.80000019073486,4.88000011444092,1900800,4.88000011444092
2024-08-14,4.88000011444092,4.8899998664856,4.59000015258789,4.61999988555908,2928000,4.61999988555908
2024-08-15,4.6399998664856,4.73000001907349,4.61999988555908,4.67999982833862,2396300,4.67999982833862
2024-08-16,4.71000003814697,4.73999977111816,4.55999994277954,4.69999980926514,2411800,4.69999980926514
2024-08-19,4.75,5.19999980926514,4.75,5.19000005722046,5030600,5.19000005722046
2024-08-20,5.25,5.48000001907349,5.15000009536743,5.21999979019165,4319600,5.21999979019165
2024-08-21,5.26999998092651,5.46000003814697,5.26999998092651,5.34000015258789,3899200,5.34000015258789
2024-08-22,5.34999990463257,5.36999988555908,5.15000009536743,5.21000003814697,2588300,5.21000003814697
2024-08-23,5.25,5.59000015258789,5.21999979019165,5.42000007629395,3571400,5.42000007629395
2024-08-26,5.57999992370605,5.76999998092651,5.46000003814697,5.48000001907349,4792800,5.48000001907349
2024-08-27,5.5,5.65999984741211,5.40000009536743,5.48999977111816,3424700,5.48999977111816
2024-08-28,5.42999982833862,5.42999982833862,5.07000017166138,5.23000001907349,6899600,5.23000001907349
2024-08-29,5.25,5.25,4.96000003814697,5.07999992370605,2880900,5.07999992370605
2024-08-30,5.05000019073486,5.07999992370605,4.92000007629395,4.98000001907349,2759700,4.98000001907349
2024-09-02,4.96999979019165,5.01000022888184,4.88000011444092,4.96999979019165,1399400,4.96999979019165
2024-09-03,4.96999979019165,5.01000022888184,4.65999984741211,4.75,6057900,4.75
2024-09-04,4.76000022888184,4.92000007629395,4.76000022888184,4.82999992370605,2325700,4.82999992370605
2024-09-05,4.80999994277954,4.90000009536743,4.80999994277954,4.84999990463257,1845300,4.84999990463257
2024-09-06,4.90000009536743,4.90000009536743,4.67999982833862,4.67999982833862,3305500,4.67999982833862
2024-09-09,4.65999984741211,4.75,4.57999992370605,4.61999988555908,2341100,4.61999988555908
2024-09-10,4.61999988555908,4.6399998664856,4.51000022888184,4.59999990463257,2322700,4.59999990463257
2024-09-11,4.65999984741211,4.73000001907349,4.55999994277954,4.61999988555908,2329500,4.61999988555908
2024-09-12,4.69999980926514,4.82000017166138,4.65000009536743,4.67000007629395,2414200,4.67000007629395
2024-09-13,4.67000007629395,4.8600001335144,4.67000007629395,4.84000015258789,2607700,4.84000015258789
2024-09-16,4.88000011444092,5.05000019073486,4.84000015258789,5.05000019073486,4044300,5.05000019073486
2024-09-17,5.03999996185303,5.03999996185303,4.80999994277954,4.98999977111816,5126900,4.98999977111816
2024-09-18,4.96000003814697,5.11999988555908,4.90000009536743,4.96000003814697,2421600,4.96000003814697
2024-09-19,5.03000020980835,5.09000015258789,4.84000015258789,4.84000015258789,2362800,4.84000015258789
2024-09-20,4.82999992370605,4.88000011444092,4.63000011444092,4.69999980926514,3134600,4.69999980926514
2024-09-23,4.65999984741211,4.75,4.59000015258789,4.69000005722046,1819500,4.69000005722046
2024-09-24,5,5.40000009536743,4.94000005722046,5.38000011444092,9214000,5.38000011444092
2024-09-25,5.32999992370605,5.65000009536743,5.19999980926514,5.26999998092651,3712600,5.26999998092651
2024-09-26,5.3899998664856,5.65000009536743,5.3899998664856,5.57999992370605,5202400,5.57999992370605
2024-09-27,5.59000015258789,5.78000020980835,5.5,5.5,3984800,5.5
2024-09-30,5.59000015258789,5.63000011444092,5.42000007629395,5.48000001907349,2399400,5.48000001907349
2024-10-01,5.48000001907349,5.61999988555908,5.3899998664856,5.51000022888184,3036000,5.51000022888184
2024-10-02,5.57999992370605,5.82999992370605,5.57000017166138,5.78000020980835,4199200,5.78000020980835
2024-10-03,5.69999980926514,5.73000001907349,5.55000019073486,5.67999982833862,2734700,5.67999982833862
2024-10-04,5.69000005722046,6.21999979019165,5.69000005722046,6.17000007629395,9955800,6.17000007629395
2024-10-07,6.25,6.3600001335144,6.03000020980835,6.11999988555908,4968700,6.11999988555908
2024-10-08,5.8899998664856,5.90000009536743,5.71999979019165,5.75,6881300,5.75
2024-10-09,5.6399998664856,5.73999977111816,5.55000019073486,5.57999992370605,3758700,5.57999992370605
2024-10-10,5.63000011444092,5.69999980926514,5.5,5.51000022888184,2242400,5.51000022888184
2024-10-11,5.65000009536743,5.80000019073486,5.6100001335144,5.75,4352500,5.75
2024-10-14,5.78999996185303,5.8600001335144,5.6100001335144,5.67000007629395,4453500,5.67000007629395
2024-10-15,5.6399998664856,5.92999982833862,5.6399998664856,5.86999988555908,4532400,5.86999988555908
2024-10-16,5.90000009536743,5.96999979019165,5.80000019073486,5.82999992370605,2053000,5.82999992370605
2024-10-17,5.69999980926514,5.76000022888184,5.61999988555908,5.69000005722046,3858600,5.69000005722046
2024-10-18,5.73000001907349,5.82000017166138,5.6399998664856,5.69000005722046,1959700,5.69000005722046
2024-10-21,5.71000003814697,5.80000019073486,5.61999988555908,5.78000020980835,1889100,5.78000020980835
2024-10-22,5.76999998092651,5.96000003814697,5.73000001907349,5.94999980926514,3232200,5.94999980926514
2024-10-23,5.90999984741211,5.92999982833862,5.80999994277954,5.88000011444092,7067700,5.88000011444092
2024-10-24,5.90000009536743,5.98999977111816,5.75,5.80000019073486,3477300,5.80000019073486
2024-10-25,5.82000017166138,6.01999998092651,5.82000017166138,5.92999982833862,3249200,5.92999982833862
2024-10-28,5.94000005722046,6.05999994277954,5.84000015258789,5.88000011444092,2772200,5.88000011444092
2024-10-29,5.96000003814697,6.03999996185303,5.88000011444092,5.92999982833862,3144500,5.92999982833862
