"CMIN3.SA.Open","CMIN3.SA.High","CMIN3.SA.Low","CMIN3.SA.Close","CMIN3.SA.Volume","CMIN3.SA.Adjusted"
8.92000007629395,9.30000019073486,8.67000007629395,9.28999996185303,10507000,5.51845550537109
9.5,9.60000038146973,9.10000038146973,9.11999988555908,9243700,5.41747283935547
9.15999984741211,9.27999973297119,9.06999969482422,9.14999961853027,6550600,5.43529319763184
9.18000030517578,9.28999996185303,9,9.05000019073486,6054200,5.37589168548584
9.14999961853027,9.17000007629395,8.89999961853027,8.93000030517578,4849000,5.30460834503174
9.05000019073486,9.09000015258789,8.81999969482422,8.94999980926514,6578700,5.31648921966553
8.97000026702881,9.05000019073486,8.51000022888184,8.80000019073486,6141500,5.22738599777222
8.89999961853027,8.89999961853027,8.18000030517578,8.48999977111816,10191700,5.04323959350586
8.51000022888184,8.55000019073486,8.09000015258789,8.44999980926514,17915200,5.01947832107544
8.39999961853027,8.53999996185303,8.30000019073486,8.51000022888184,9965700,5.05511999130249
8.39999961853027,8.52000045776367,8.35000038146973,8.51000022888184,4979600,5.05511999130249
8.44999980926514,8.48999977111816,8.26000022888184,8.47000026702881,3953300,5.03135824203491
8.5,8.5,8.19999980926514,8.39000034332275,9782800,4.98383665084839
8.44999980926514,8.72999954223633,8.3100004196167,8.5,7448100,5.04918003082275
8.46000003814697,8.51000022888184,8.35999965667725,8.48999977111816,2243400,5.04323959350586
8.44999980926514,8.52999973297119,8.35999965667725,8.48999977111816,2556300,5.04323959350586
8.48999977111816,8.64999961853027,8.47000026702881,8.5,2252700,5.04918003082275
8.51000022888184,8.72999954223633,8.44999980926514,8.61999988555908,2550800,5.12046146392822
8.60000038146973,8.65999984741211,8.42000007629395,8.48999977111816,4666500,5.04323959350586
8.52999973297119,8.52999973297119,8.39000034332275,8.52999973297119,2795400,5.06699991226196
8.4399995803833,8.47999954223633,8.3100004196167,8.39999961853027,2194800,4.98977708816528
8.39999961853027,8.4399995803833,8.23999977111816,8.31999969482422,2289600,4.94225549697876
8.38000011444092,8.40999984741211,8.3100004196167,8.35999965667725,1764200,4.96601724624634
8.5,8.55000019073486,8.30000019073486,8.30000019073486,4809400,4.93037509918213
8.44999980926514,8.5,8.3100004196167,8.35999965667725,4067400,4.96601724624634
8.35999965667725,9.19999980926514,8.35999965667725,9.17000007629395,10506900,5.44717311859131
9.14999961853027,9.4399995803833,9,9.02000045776367,8874400,5.35807037353516
9.05000019073486,9.25,9.05000019073486,9.1899995803833,5409900,5.4590539932251
9.30000019073486,9.42000007629395,9.02000045776367,9.05000019073486,6402600,5.37589168548584
9.18000030517578,9.30000019073486,9.17000007629395,9.19999980926514,3784100,5.46499395370483
9.22000026702881,9.36999988555908,9.21000003814697,9.25,4143800,5.49469614028931
9.34000015258789,9.38000011444092,9.26000022888184,9.38000011444092,4412700,5.57191848754883
9.39000034332275,9.5,9.30000019073486,9.30000019073486,4841100,5.5243968963623
9.30000019073486,9.43000030517578,9.15999984741211,9.36999988555908,3099000,5.56597709655762
9.38000011444092,9.5,9.31999969482422,9.43000030517578,4062100,5.60161876678467
9.43000030517578,9.44999980926514,9.3100004196167,9.38000011444092,3709000,5.57191848754883
9.36999988555908,9.47999954223633,9.30000019073486,9.47000026702881,10782400,5.62538051605225
9.52999973297119,9.77000045776367,9.52999973297119,9.6899995803833,10601300,5.75606346130371
9.6899995803833,9.82999992370605,9.47000026702881,9.56999969482422,7175300,5.68478155136108
9.68000030517578,9.77999973297119,9.61999988555908,9.72000026702881,5841400,5.77388572692871
9.78999996185303,10.0699996948242,9.64999961853027,9.65999984741211,7337800,5.73824405670166
9.81999969482422,9.84000015258789,9.53999996185303,9.65999984741211,5257900,5.73824405670166
9.75,9.85999965667725,9.68000030517578,9.75,4640400,5.79170608520508
9.90999984741211,10.0299997329712,9.82999992370605,9.92000007629395,7569500,5.89268970489502
9.97999954223633,10.3999996185303,9.94999980926514,10.25,10525600,6.08871555328369
10.25,10.710000038147,10.25,10.6599998474121,7548900,6.33226490020752
10.8999996185303,11.1999998092651,10.5200004577637,10.8000001907349,16410300,6.41542816162109
10.75,10.75,10.4899997711182,10.4899997711182,7332800,6.23128128051758
10.539999961853,10.5799999237061,10.1700000762939,10.1899995803833,8011400,6.08298587799072
10.2299995422363,10.289999961853,9.8100004196167,10.1199998855591,9051100,6.04119920730591
10.1899995803833,10.2799997329712,9.90999984741211,10.1000003814697,15848800,6.02925872802734
10.3000001907349,10.5,10.1999998092651,10.5,10379600,6.26804304122925
10.6599998474121,10.8500003814697,10.5,10.6199998855591,9213900,6.33967781066895
11,11.0699996948242,10.4099998474121,10.6199998855591,13198600,6.33967781066895
10.5500001907349,10.8999996185303,10.3199996948242,10.8999996185303,8752700,6.5068244934082
10.25,10.4700002670288,10.039999961853,10.039999961853,142911300,5.99344348907471
10,10.1499996185303,9.71000003814697,9.86999988555908,13571300,5.89196062088013
9.69999980926514,9.81999969482422,9.5,9.53999996185303,11768300,5.69496393203735
9.60000038146973,9.84000015258789,9.57999992370605,9.64999961853027,7634200,5.76063013076782
9.77999973297119,9.97999954223633,9.61999988555908,9.77000045776367,13950600,5.83226490020752
9.60000038146973,9.60000038146973,9.31999969482422,9.40999984741211,9867200,5.61736011505127
9.44999980926514,9.48999977111816,9.3100004196167,9.34000015258789,7367800,5.57557344436646
9.27999973297119,9.30000019073486,9.10000038146973,9.22999954223633,8097000,5.50990772247314
9.14000034332275,9.25,9.02999973297119,9.23999977111816,9010300,5.51587724685669
9.28999996185303,9.39999961853027,9.0600004196167,9.11999988555908,6475700,5.44424295425415
9.03999996185303,9.17000007629395,8.90999984741211,9.0600004196167,15932800,5.40842580795288
9.13000011444092,9.32999992370605,9.11999988555908,9.22000026702881,10164300,5.5039381980896
9.35000038146973,9.4399995803833,9.19999980926514,9.31999969482422,7474900,5.56363391876221
9.43000030517578,9.5,9.30000019073486,9.39000034332275,5398300,5.60542154312134
9.59000015258789,9.61999988555908,9.44999980926514,9.60000038146973,6978600,5.73078346252441
9.60000038146973,9.6899995803833,9.47999954223633,9.65999984741211,7619300,5.76659965515137
9.60000038146973,9.68000030517578,9.40999984741211,9.46000003814697,7392300,5.64720821380615
9.42000007629395,9.42000007629395,9.14999961853027,9.38000011444092,5470300,5.59945201873779
9.36999988555908,9.46000003814697,9.22999954223633,9.3100004196167,3924200,5.55766487121582
9.39000034332275,9.4399995803833,9.30000019073486,9.43000030517578,3996300,5.62929916381836
9.44999980926514,9.52000045776367,9.35000038146973,9.52000045776367,3959300,5.68302583694458
9.60999965667725,9.71000003814697,9.5600004196167,9.71000003814697,4887200,5.79644632339478
9.73999977111816,9.89000034332275,9.64000034332275,9.69999980926514,5471800,5.79047775268555
9.6899995803833,9.69999980926514,9.52999973297119,9.67000007629395,3631100,5.77256870269775
9.60999965667725,9.63000011444092,9.40999984741211,9.47000026702881,6982100,5.6531777381897
9.47000026702881,9.47999954223633,9.26000022888184,9.32999992370605,6984000,5.56960344314575
9.35000038146973,9.44999980926514,9.27999973297119,9.44999980926514,4857800,5.64123916625977
9.22999954223633,9.4399995803833,9.02000045776367,9.4399995803833,5364100,5.63526773452759
9.40999984741211,9.43000030517578,9.31999969482422,9.39000034332275,3472300,5.60542154312134
9.43000030517578,9.46000003814697,9.32999992370605,9.36999988555908,5450700,5.59348201751709
9.40999984741211,9.47999954223633,9.3100004196167,9.38000011444092,11729500,5.59945201873779
9.39999961853027,9.43000030517578,9.32999992370605,9.35999965667725,5822100,5.58751249313354
9.36999988555908,9.38000011444092,9.14999961853027,9.30000019073486,6553500,5.55169582366943
9.27999973297119,9.38000011444092,9.22000026702881,9.27999973297119,5205200,5.53975582122803
9.25,9.28999996185303,9.10999965667725,9.15999984741211,7203500,5.46812057495117
9.1899995803833,9.23999977111816,9.05000019073486,9.10000038146973,6259100,5.43230438232422
9.13000011444092,9.22000026702881,9.11999988555908,9.13000011444092,3312800,5.45021200180054
9.25,9.26000022888184,9.14000034332275,9.17000007629395,2446600,5.47409057617188
9.15999984741211,9.25,9.10000038146973,9.14999961853027,2984800,5.46215152740479
9.21000003814697,9.21000003814697,9.09000015258789,9.14000034332275,5528200,5.4561824798584
9.07999992370605,9.14000034332275,8.76000022888184,9.0600004196167,6475700,5.40842580795288
9.15999984741211,9.22999954223633,9.06999969482422,9.15999984741211,5345900,5.46812057495117
9.15999984741211,9.22999954223633,9.09000015258789,9.13000011444092,3092900,5.45021200180054
9.14999961853027,9.22000026702881,9.10999965667725,9.14000034332275,4232200,5.4561824798584
9.13000011444092,9.19999980926514,9.10000038146973,9.10000038146973,2324600,5.43230438232422
9.18000030517578,9.18000030517578,9.06999969482422,9.10000038146973,3552400,5.43230438232422
9.0600004196167,9.0600004196167,8.90999984741211,9.02999973297119,5242700,5.39051628112793
9.02999973297119,9.10000038146973,8.96000003814697,9.06999969482422,3512900,5.41439485549927
9.03999996185303,9.14000034332275,9.01000022888184,9.01000022888184,3668100,5.37857866287231
8.98999977111816,9.06999969482422,8.92000007629395,9.06999969482422,3074900,5.41439485549927
9.0600004196167,9.06999969482422,8.97999954223633,9.03999996185303,2337200,5.39648628234863
9.03999996185303,9.25,9.01000022888184,9.19999980926514,5387000,5.49199962615967
9.22000026702881,9.22999954223633,8.97000026702881,9.17000007629395,4846700,5.47409057617188
9.30000019073486,9.30000019073486,9.02999973297119,9.10999965667725,9089300,5.43827295303345
9.22000026702881,9.5,9.18000030517578,9.47999954223633,11595000,5.65914726257324
9.35000038146973,9.4399995803833,9.15999984741211,9.19999980926514,8118200,5.49199962615967
8.98999977111816,9.10000038146973,8.88000011444092,8.94999980926514,4999900,5.54186153411865
8.97000026702881,8.97999954223633,8.56999969482422,8.71000003814697,8180500,5.39325332641602
8.78999996185303,8.82999992370605,8.64999961853027,8.75,5443700,5.4180212020874
8.69999980926514,8.73999977111816,8.47999954223633,8.5,9572300,5.26322031021118
8.55000019073486,8.59000015258789,8.47000026702881,8.5,3334600,5.26322031021118
8.39999961853027,8.43000030517578,8.22999954223633,8.35000038146973,7047000,5.1703405380249
8.35000038146973,8.47000026702881,8.30000019073486,8.3100004196167,4218300,5.14557218551636
8.35999965667725,8.38000011444092,8.25,8.27999973297119,3600800,5.12699604034424
8.27999973297119,8.30000019073486,8.11999988555908,8.22999954223633,3931200,5.09603548049927
8.27000045776367,8.27999973297119,7.92000007629395,8.03999996185303,5751400,4.97838687896729
8.03999996185303,8.03999996185303,7.42999982833862,7.76000022888184,15754800,4.8050103187561
7.71000003814697,7.75,7.13000011444092,7.23000001907349,15353900,4.47683382034302
7.11999988555908,7.28999996185303,7.01000022888184,7.01000022888184,10851000,4.34060859680176
6.78999996185303,7.09000015258789,6.69999980926514,6.98999977111816,9604400,4.32822465896606
6.98999977111816,7.21999979019165,6.80999994277954,6.80999994277954,8400300,4.21676778793335
6.84999990463257,6.92999982833862,6.65000009536743,6.67999982833862,9417400,4.13627195358276
6.84000015258789,7.42999982833862,6.84000015258789,7.40000009536743,9553500,4.58209753036499
7.40000009536743,7.53999996185303,7.26999998092651,7.28999996185303,5837300,4.51398515701294
7.32000017166138,7.36999988555908,7.05000019073486,7.05000019073486,6015900,4.3653769493103
7.15000009536743,7.44000005722046,7.15000009536743,7.34000015258789,7532800,4.54494571685791
7.34000015258789,7.57000017166138,7.32000017166138,7.53999996185303,6011800,4.668785572052
7.46999979019165,7.46999979019165,7.11999988555908,7.11999988555908,9548900,4.40872144699097
7.03000020980835,7.15999984741211,6.86999988555908,7.01000022888184,6161700,4.34060859680176
7.05000019073486,7.09000015258789,6.80000019073486,6.80000019073486,8316900,4.21057653427124
6.98999977111816,7.23999977111816,6.84999990463257,6.94000005722046,7334800,4.29726457595825
6.80000019073486,7.07000017166138,6.80000019073486,7.03000020980835,3919200,4.35299348831177
6.92999982833862,6.96999979019165,6.75,6.75,8648700,4.17961645126343
6.75,6.80999994277954,6.55000019073486,6.65000009536743,9799700,4.1176962852478
6.90999984741211,6.96000003814697,6.6399998664856,6.69999980926514,6050400,4.14865636825562
6.75,6.80999994277954,6.67000007629395,6.76999998092651,4668100,4.1919994354248
6.78999996185303,6.80000019073486,6.59000015258789,6.59000015258789,5775300,4.08054351806641
6.59000015258789,6.59000015258789,6.34000015258789,6.34000015258789,10826200,3.92574310302734
6.28999996185303,6.28999996185303,6.03000020980835,6.07000017166138,11857700,3.75855803489685
6,6.07999992370605,5.82999992370605,5.96000003814697,32433300,3.69044589996338
5.59999990463257,5.78000020980835,5.42999982833862,5.69999980926514,17339000,3.52945351600647
5.80999994277954,5.92000007629395,5.71000003814697,5.84000015258789,9964200,3.61614203453064
6.15999984741211,6.19999980926514,5.90999984741211,5.98999977111816,9641300,3.70902252197266
5.98999977111816,6.15000009536743,5.86999988555908,5.96000003814697,9241200,3.69044589996338
5.98000001907349,6.01000022888184,5.82999992370605,5.90000009536743,9333400,3.65329432487488
6.01999998092651,6.36999988555908,5.94999980926514,6.26999998092651,12914800,3.88239932060242
6.15000009536743,6.15000009536743,5.88000011444092,5.90999984741211,13251100,3.65948605537415
6.01999998092651,6.17999982833862,5.8899998664856,6.1399998664856,9742000,3.80190277099609
6.30000019073486,6.59999990463257,6.23000001907349,6.36999988555908,20567800,3.94431924819946
6.3899998664856,6.53999996185303,6.28000020980835,6.51999998092651,8398900,4.0371994972229
6.55000019073486,6.55999994277954,6.25,6.25,6117000,3.87001490592957
6.26000022888184,6.3899998664856,6.15000009536743,6.17999982833862,4876000,3.82667064666748
6.05999994277954,6.21999979019165,6.01000022888184,6.1399998664856,8152500,3.80190277099609
6.21999979019165,6.25,6.07999992370605,6.09999990463257,10518500,3.77713465690613
6.25,6.38000011444092,6.19000005722046,6.23000001907349,8694300,3.85763049125671
6.44999980926514,6.57999992370605,6.26999998092651,6.42999982833862,12155300,3.98147130012512
6.34999990463257,6.36999988555908,6.09999990463257,6.19999980926514,18778100,3.83905482292175
6.23000001907349,6.26999998092651,6.07000017166138,6.1100001335144,8133700,3.78332710266113
6.13000011444092,6.67000007629395,6.11999988555908,6.65000009536743,18195400,4.1176962852478
6.57000017166138,6.78999996185303,6.44999980926514,6.71000003814697,8724400,4.15484809875488
6.59999990463257,6.65999984741211,6.42000007629395,6.44999980926514,7304700,3.99385476112366
6.48000001907349,6.51000022888184,6.1399998664856,6.15999984741211,11595900,3.81428575515747
5.96999979019165,6.05999994277954,5.84999990463257,6.01000022888184,8809200,3.72140669822693
5.94999980926514,6.11999988555908,5.90000009536743,6.05000019073486,11676800,3.74617457389832
6.1100001335144,6.13000011444092,5.92999982833862,6,12136000,3.71521472930908
6,6.03999996185303,5.71000003814697,5.78999996185303,7470800,3.58518171310425
5.86999988555908,5.90999984741211,5.65999984741211,5.67999982833862,5890100,3.51706910133362
5.65000009536743,5.73000001907349,5.5,5.5,9447500,3.40561294555664
5.5,5.57999992370605,5.23000001907349,5.26999998092651,9449100,3.26319622993469
5.28000020980835,5.40999984741211,5.23999977111816,5.38000011444092,8884800,3.33130860328674
5.32000017166138,5.3600001335144,5.15000009536743,5.21000003814697,12588900,3.22604465484619
5.01000022888184,5.36999988555908,4.96999979019165,5.21999979019165,18334800,3.23223662376404
5.19999980926514,5.55000019073486,5.17000007629395,5.53000020980835,11491500,3.42418909072876
5.65000009536743,5.84999990463257,5.57999992370605,5.80000019073486,12563600,3.59137392044067
5.73999977111816,6,5.67999982833862,5.76000022888184,13874400,3.56660556793213
5.69999980926514,5.84999990463257,5.57000017166138,5.57999992370605,12203100,3.45514893531799
5.90999984741211,6.28999996185303,5.8600001335144,6.1399998664856,16427900,3.80190277099609
6.09999990463257,6.46999979019165,6.05000019073486,6.1100001335144,9141700,3.78332710266113
6.09000015258789,6.1399998664856,5.88000011444092,5.90000009536743,3804500,3.65329432487488
5.96999979019165,6.09000015258789,5.80999994277954,5.82000017166138,4305000,3.60375809669495
5.82999992370605,5.84000015258789,5.69000005722046,5.69999980926514,6569300,3.52945351600647
5.73000001907349,6.03999996185303,5.73000001907349,5.92999982833862,9259400,3.67186951637268
6.09999990463257,6.26000022888184,5.96999979019165,5.96999979019165,15084600,3.69663763046265
6.23999977111816,6.48999977111816,6.03999996185303,6.07999992370605,11534500,3.76475024223328
6.15000009536743,6.30000019073486,6.07999992370605,6.21999979019165,5090500,3.85143876075745
6.25,6.32000017166138,6.1399998664856,6.19999980926514,3674300,3.83905482292175
5.92999982833862,6.09999990463257,5.78000020980835,6,7717300,3.71521472930908
6.21999979019165,6.25,5.96999979019165,5.96999979019165,7192300,3.69663763046265
5.96000003814697,6.09999990463257,5.88000011444092,5.96999979019165,5746600,3.69663763046265
6.07000017166138,6.19000005722046,5.8600001335144,5.8600001335144,8589000,3.62852597236633
5.90000009536743,6.1399998664856,5.90000009536743,6.09000015258789,5224100,3.77094292640686
6.05000019073486,6.32000017166138,6,6.01999998092651,6788300,3.7275984287262
6.09999990463257,6.32000017166138,6.01000022888184,6.26000022888184,8325700,3.87620615959167
6.48999977111816,6.73999977111816,6.42999982833862,6.53999996185303,13716800,4.04958343505859
6.53999996185303,6.71000003814697,6.38000011444092,6.5,11147000,4.02481508255005
6.46000003814697,6.80000019073486,6.42999982833862,6.76999998092651,8407100,4.1919994354248
6.76000022888184,6.94999980926514,6.57999992370605,6.69000005722046,7627000,4.14246368408203
6.8899998664856,7.19999980926514,6.84999990463257,6.86999988555908,12049600,4.25392007827759
6.88000011444092,7.01000022888184,6.67000007629395,6.73000001907349,5833300,4.16723155975342
6.73000001907349,6.84000015258789,6.5,6.78999996185303,7633800,4.20438385009766
7.01999998092651,7.05000019073486,6.67000007629395,6.92000007629395,13812300,4.2848801612854
6.8899998664856,7.25,6.82000017166138,7.21000003814697,10064600,4.46444892883301
7.01999998092651,7.05000019073486,6.73000001907349,6.73000001907349,9790800,4.16723155975342
6.88000011444092,7.01000022888184,6.73999977111816,6.92000007629395,9094600,4.2848801612854
6.90999984741211,6.90999984741211,6.63000011444092,6.63000011444092,5805100,4.10531187057495
6.67000007629395,6.69000005722046,6.46999979019165,6.63000011444092,4269100,4.10531187057495
6.57000017166138,6.76999998092651,6.55000019073486,6.69000005722046,4210100,4.14246368408203
6.65999984741211,6.65999984741211,6.42999982833862,6.51999998092651,7015700,4.0371994972229
6.48999977111816,6.67000007629395,6.42999982833862,6.57999992370605,6493200,4.07435178756714
6.6100001335144,6.96999979019165,6.57999992370605,6.73999977111816,48470300,4.22889375686646
6.82999992370605,7.15999984741211,6.59000015258789,7.05000019073486,13281500,4.42339706420898
7.1100001335144,7.59000015258789,7.09000015258789,7.55000019073486,17917900,4.7371129989624
7.44999980926514,7.48000001907349,6.8899998664856,6.96000003814697,11435200,4.36692810058594
7.1100001335144,7.17999982833862,6.76999998092651,6.82000017166138,7867700,4.27908754348755
6.8899998664856,7.13000011444092,6.76999998092651,6.98000001907349,7379300,4.37947702407837
6.8899998664856,7.03000020980835,6.69000005722046,6.98999977111816,6413000,4.38575172424316
6.98999977111816,7.19999980926514,6.96000003814697,7,5508500,4.39202499389648
7.17000007629395,7.44000005722046,7.03000020980835,7.30999994277954,12597400,4.58652973175049
7.23999977111816,7.3600001335144,7.1399998664856,7.15999984741211,4670900,4.4924144744873
7.15000009536743,7.23000001907349,7.07999992370605,7.17999982833862,3739200,4.50496387481689
7.13000011444092,7.19999980926514,7.03000020980835,7.03999996185303,3172900,4.41712331771851
7.03000020980835,7.26999998092651,6.96999979019165,7.19999980926514,6224500,4.51751136779785
7.40999984741211,7.5,7.26999998092651,7.30000019073486,7777600,4.58025550842285
7.32999992370605,7.48000001907349,7.21999979019165,7.21999979019165,4111100,4.53006076812744
7.17999982833862,7.3600001335144,7.17000007629395,7.17999982833862,4145600,4.50496387481689
7.07999992370605,7.09000015258789,6.90999984741211,7,5142300,4.39202499389648
7,7.30000019073486,6.94000005722046,7.23000001907349,7937200,4.53633594512939
7.30000019073486,7.53000020980835,7.21999979019165,7.23000001907349,11452900,4.53633594512939
7.30999994277954,7.3899998664856,7.07000017166138,7.11999988555908,9175200,4.46731805801392
7.28000020980835,7.28000020980835,7.09999990463257,7.15000009536743,8390700,4.48613977432251
7.13000011444092,7.1399998664856,6.94999980926514,6.98000001907349,9465000,4.37947702407837
6.96999979019165,7.26000022888184,6.96999979019165,7.19999980926514,7327700,4.51751136779785
7.21000003814697,7.36999988555908,7.15000009536743,7.17000007629395,6626100,4.4986891746521
7.17000007629395,7.21999979019165,7.07000017166138,7.15999984741211,3745000,4.4924144744873
7.15999984741211,7.21000003814697,6.98999977111816,7.11999988555908,7753900,4.46731805801392
7.15999984741211,7.26000022888184,7.09999990463257,7.11999988555908,9622400,4.46731805801392
7.13000011444092,7.21000003814697,7.03999996185303,7.07000017166138,6874000,4.43594598770142
7.07999992370605,7.09999990463257,6.88000011444092,6.94000005722046,11310300,4.35437965393066
7.03999996185303,7.15000009536743,6.84000015258789,6.86999988555908,15482500,4.31045913696289
6.86999988555908,6.90000009536743,6.59999990463257,6.59999990463257,11664400,4.14105272293091
6.55000019073486,6.71999979019165,6.53000020980835,6.67000007629395,5742400,4.18497323989868
6.53999996185303,6.69000005722046,6.51999998092651,6.65000009536743,4196000,4.17242479324341
6.67000007629395,6.78000020980835,6.59999990463257,6.6399998664856,5999500,4.16615009307861
6.57000017166138,6.59000015258789,6.36999988555908,6.38000011444092,5496100,4.00301790237427
6.48999977111816,6.48999977111816,6.28999996185303,6.30000019073486,4431600,3.95282316207886
6.40000009536743,6.44999980926514,6.11999988555908,6.17999982833862,4924200,3.87753129005432
6.23000001907349,6.30999994277954,6.19000005722046,6.26000022888184,4462200,3.92772531509399
6.25,6.34999990463257,6.13000011444092,6.13000011444092,5547900,3.84615921974182
5.84999990463257,6.11999988555908,5.78000020980835,6.07999992370605,10722700,3.81478786468506
6,6.23999977111816,6,6.19999980926514,7375600,3.89007973670959
6.42000007629395,6.51999998092651,6.30999994277954,6.48000001907349,6050000,4.06576156616211
6.53999996185303,6.78999996185303,6.53999996185303,6.63000011444092,9975400,4.15987586975098
6.61999988555908,6.76000022888184,6.51999998092651,6.73999977111816,5557300,4.22889375686646
6.80999994277954,7,6.71000003814697,6.78000020980835,8828500,4.253990650177
6.84999990463257,6.90000009536743,6.53000020980835,6.53000020980835,6496300,4.09713268280029
6.51000022888184,6.78999996185303,6.44000005722046,6.71000003814697,8543300,4.21007013320923
6.5,6.67000007629395,6.32000017166138,6.5,8186800,4.07830905914307
6.53999996185303,6.73000001907349,6.44000005722046,6.44000005722046,6140800,4.04066371917725
6.34999990463257,6.44999980926514,6.01000022888184,6.03999996185303,7304600,3.78969073295593
5.98999977111816,5.98999977111816,5.67000007629395,5.71999979019165,7914400,3.58891224861145
6,6.01999998092651,5.59999990463257,5.67000007629395,11554600,3.55754065513611
5.73999977111816,5.80999994277954,5.69000005722046,5.75,5197300,3.60773539543152
5.78000020980835,6.1399998664856,5.75,6.1399998664856,11521000,3.8524341583252
6.13000011444092,6.23000001907349,6.07999992370605,6.17000007629395,4823900,3.87125682830811
6.1399998664856,6.32999992370605,6.13000011444092,6.23000001907349,5612300,3.90890264511108
6.23000001907349,6.30000019073486,6.1100001335144,6.1100001335144,4708200,3.83361124992371
6.13000011444092,6.17999982833862,6.03999996185303,6.1399998664856,7669000,3.8524341583252
6.15000009536743,6.30000019073486,6.13000011444092,6.15000009536743,5572500,3.85870862007141
6.19999980926514,6.21999979019165,6.07000017166138,6.09000015258789,6540000,3.82106280326843
6.15000009536743,6.19000005722046,6.01000022888184,6.03000020980835,6202500,3.78341627120972
6.09999990463257,6.26999998092651,6.05999994277954,6.1100001335144,8251900,3.83361124992371
6.13000011444092,6.17999982833862,6.03000020980835,6.03000020980835,5356700,3.78341627120972
6.09000015258789,6.21999979019165,6.07999992370605,6.11999988555908,4228800,3.83988475799561
6.13000011444092,6.30000019073486,6.1100001335144,6.19999980926514,4189500,3.89007973670959
6.17999982833862,6.17999982833862,5.94999980926514,5.96000003814697,6674400,3.73949599266052
5.96999979019165,5.96999979019165,5.82999992370605,5.90999984741211,6033600,3.70812439918518
5.84000015258789,5.92000007629395,5.80000019073486,5.88000011444092,4255800,3.68930125236511
5.84999990463257,5.86999988555908,5.71999979019165,5.82999992370605,7194200,3.65792965888977
5.75,5.92000007629395,5.71999979019165,5.86999988555908,4406500,3.68302631378174
5.98000001907349,5.98000001907349,5.73999977111816,5.80000019073486,9284100,3.63910698890686
5.78000020980835,5.94999980926514,5.78000020980835,5.8600001335144,6046300,3.67675304412842
5.80999994277954,5.84999990463257,5.76999998092651,5.82000017166138,2949100,3.65165567398071
5.78000020980835,5.84999990463257,5.71999979019165,5.80999994277954,3062500,3.64538192749023
5.76000022888184,5.82999992370605,5.71000003814697,5.80999994277954,3119300,3.64538192749023
5.76999998092651,5.78999996185303,5.55999994277954,5.57000017166138,5588600,3.49479722976685
5.51000022888184,5.57000017166138,5.38000011444092,5.40000009536743,5098100,3.38813400268555
5.26999998092651,5.3600001335144,5.21000003814697,5.34000015258789,5416100,3.35048842430115
5.34000015258789,5.3600001335144,5.07000017166138,5.07000017166138,5987900,3.18108129501343
5.21000003814697,5.26999998092651,5.15000009536743,5.17000007629395,5434300,3.24382472038269
5.23999977111816,5.28000020980835,5.1100001335144,5.19999980926514,4946400,3.26264715194702
5.26000022888184,5.40999984741211,5.15999984741211,5.19999980926514,8330100,3.26264715194702
4.80999994277954,4.86999988555908,4.69000005722046,4.84000015258789,7669300,3.33108472824097
4.88000011444092,5.11999988555908,4.82999992370605,5.03999996185303,8960800,3.46873307228088
5.01000022888184,5.30000019073486,4.94999980926514,5.23999977111816,9106200,3.60638117790222
5.15000009536743,5.19999980926514,4.8600001335144,4.8899998664856,10706000,3.36549687385559
4.86999988555908,4.90000009536743,4.73999977111816,4.76000022888184,5976900,3.27602553367615
4.69000005722046,4.69000005722046,4.55999994277954,4.6100001335144,6420500,3.17278957366943
4.57999992370605,4.65000009536743,4.28000020980835,4.28000020980835,12910700,2.94567036628723
4.32999992370605,4.48000001907349,4.28999996185303,4.32999992370605,11468400,2.98008227348328
4.26000022888184,4.26000022888184,4.1399998664856,4.19000005722046,9168800,2.88372874259949
4.25,4.38000011444092,4.21000003814697,4.34000015258789,6604800,2.98696446418762
4.38000011444092,4.3899998664856,4.26999998092651,4.32000017166138,6602300,2.97320008277893
4.40999984741211,4.44999980926514,4.26999998092651,4.26999998092651,9178300,2.93878769874573
4.23999977111816,4.23999977111816,4.07999992370605,4.07999992370605,8863800,2.80802202224731
4.1100001335144,4.48000001907349,4.09999990463257,4.44999980926514,14710900,3.06267070770264
4.55999994277954,4.69999980926514,4.55000019073486,4.6100001335144,9851500,3.17278957366943
4.71000003814697,4.80000019073486,4.61999988555908,4.6399998664856,7900600,3.19343709945679
4.51000022888184,4.67000007629395,4.46999979019165,4.61999988555908,4746100,3.17967200279236
4.61999988555908,4.65999984741211,4.59000015258789,4.59999990463257,5769700,3.16590714454651
4.57999992370605,4.69999980926514,4.57999992370605,4.67000007629395,4030100,3.21408367156982
4.71999979019165,4.84000015258789,4.69000005722046,4.73000001907349,8569900,3.25537872314453
4.75,4.78999996185303,4.71000003814697,4.76000022888184,3221400,3.27602553367615
4.78000020980835,4.90999984741211,4.78000020980835,4.82999992370605,6305700,3.32420206069946
4.82999992370605,4.92000007629395,4.80999994277954,4.84999990463257,4247400,3.33796739578247
4.94999980926514,5.34000015258789,4.94999980926514,5.30000019073486,14614500,3.64767575263977
5.30000019073486,5.32000017166138,5.1399998664856,5.15000009536743,6212000,3.54443955421448
5.23000001907349,5.25,5.13000011444092,5.25,5984500,3.61326384544373
5.19999980926514,5.25,5.11999988555908,5.13000011444092,6373800,3.53067517280579
5.03999996185303,5.23000001907349,4.98000001907349,5.01999998092651,12623700,3.45496821403503
4.98999977111816,5.17000007629395,4.94000005722046,5.01999998092651,8675800,3.45496821403503
4.96000003814697,5.26000022888184,4.84999990463257,5.21999979019165,10563800,3.59261584281921
5.05999994277954,5.15000009536743,4.92999982833862,5.07000017166138,11004200,3.48938012123108
5.09000015258789,5.1100001335144,4.76000022888184,4.80000019073486,8980700,3.30355548858643
4.84999990463257,4.84999990463257,4.65000009536743,4.73000001907349,11305900,3.25537872314453
4.59999990463257,4.6399998664856,4.46999979019165,4.51999998092651,10302300,3.11084794998169
4.36999988555908,4.44000005722046,4.32000017166138,4.34000015258789,8062800,2.98696446418762
4.42000007629395,4.46000003814697,4.28999996185303,4.30000019073486,6499600,2.95943522453308
4.19000005722046,4.28000020980835,4.1399998664856,4.23000001907349,7512900,2.91125798225403
4.30000019073486,4.34999990463257,4.09000015258789,4.1100001335144,10209200,2.82866907119751
4.15999984741211,4.19000005722046,4.07000017166138,4.1399998664856,8465400,2.84931635856628
4.26000022888184,4.30999994277954,4.21999979019165,4.23000001907349,5054400,2.91125798225403
4.30000019073486,4.32000017166138,4.15999984741211,4.19000005722046,6903100,2.88372874259949
4.21000003814697,4.21999979019165,4.09999990463257,4.11999988555908,7000300,2.83555173873901
4.07000017166138,4.07999992370605,3.85999989509583,3.85999989509583,16174500,2.65660905838013
3.83999991416931,3.85999989509583,3.67000007629395,3.80999994277954,9434300,2.62219715118408
3.73000001907349,3.79999995231628,3.64000010490417,3.71000003814697,9487000,2.55337285995483
3.67000007629395,3.69000005722046,3.51999998092651,3.63000011444092,11904100,2.49831366539001
3.60999989509583,3.70000004768372,3.5699999332428,3.64000010490417,9962600,2.50519609451294
3.76999998092651,3.80999994277954,3.71000003814697,3.71000003814697,5855000,2.55337285995483
3.72000002861023,3.77999997138977,3.66000008583069,3.69000005722046,6943700,2.53960847854614
3.57999992370605,3.63000011444092,3.50999999046326,3.51999998092651,5531600,2.42260694503784
3.50999999046326,3.55999994277954,3.45000004768372,3.50999999046326,6257100,2.41572451591492
3.48000001907349,3.54999995231628,3.45000004768372,3.49000000953674,8191600,2.40195989608765
3.4300000667572,3.44000005722046,3.32999992370605,3.32999992370605,8387800,2.29184150695801
3.30999994277954,3.39000010490417,3.27999997138977,3.33999991416931,6239700,2.29872393608093
3.4300000667572,3.49000000953674,3.3199999332428,3.32999992370605,9220000,2.29184150695801
3.33999991416931,3.45000004768372,3.32999992370605,3.44000005722046,5055200,2.36754822731018
3.44000005722046,3.49000000953674,3.40000009536743,3.49000000953674,5226300,2.40195989608765
3.47000002861023,3.51999998092651,3.44000005722046,3.49000000953674,5380100,2.40195989608765
3.53999996185303,3.6800000667572,3.36999988555908,3.40000009536743,15583800,2.34001851081848
3.50999999046326,3.51999998092651,3.36999988555908,3.36999988555908,10578400,2.31937098503113
3.42000007629395,3.4300000667572,3.26999998092651,3.27999997138977,10646400,2.25742936134338
3.29999995231628,3.44000005722046,3.28999996185303,3.44000005722046,7940200,2.36754822731018
3.50999999046326,3.5699999332428,3.45000004768372,3.53999996185303,8491700,2.43637180328369
3.53999996185303,3.54999995231628,3.44000005722046,3.5,8184300,2.40884208679199
3.5,3.51999998092651,3.44000005722046,3.48000001907349,6983300,2.3950777053833
3.5,3.5699999332428,3.4300000667572,3.54999995231628,8329600,2.44325423240662
3.55999994277954,3.57999992370605,3.47000002861023,3.50999999046326,6072600,2.41572451591492
3.51999998092651,3.71000003814697,3.49000000953674,3.66000008583069,13517500,2.51896095275879
3.70000004768372,3.74000000953674,3.64000010490417,3.70000004768372,5664300,2.54649066925049
3.75999999046326,3.77999997138977,3.6800000667572,3.70000004768372,9045900,2.54649066925049
3.6800000667572,3.75,3.64000010490417,3.75,7163500,2.58090233802795
3.77999997138977,3.89000010490417,3.77999997138977,3.88000011444092,6236500,2.67037391662598
3.90000009536743,3.98000001907349,3.86999988555908,3.88000011444092,9068800,2.67037391662598
3.88000011444092,3.98000001907349,3.88000011444092,3.94000005722046,8182300,2.71166849136353
3.85999989509583,3.90000009536743,3.83999991416931,3.89000010490417,6177700,2.67725610733032
3.85999989509583,3.90000009536743,3.8199999332428,3.84999990463257,12697500,2.6497266292572
3.84999990463257,4.05999994277954,3.75999999046326,4.01999998092651,17663500,2.76672744750977
4.03000020980835,4.05000019073486,3.90000009536743,3.9300000667572,11064200,2.70478582382202
3.90000009536743,3.91000008583069,3.72000002861023,3.73000001907349,8159800,2.56713771820068
3.71000003814697,3.71000003814697,3.58999991416931,3.65000009536743,7518500,2.51207852363586
3.6800000667572,3.92000007629395,3.66000008583069,3.91000008583069,8039000,2.69102096557617
3.92000007629395,3.98000001907349,3.84999990463257,3.9300000667572,8432700,2.70478582382202
3.95000004768372,3.98000001907349,3.88000011444092,3.92000007629395,6266000,2.69790387153625
3.94000005722046,4.03000020980835,3.83999991416931,3.83999991416931,6740000,2.6428439617157
3.79999995231628,3.84999990463257,3.76999998092651,3.78999996185303,5030900,2.60843181610107
3.76999998092651,3.80999994277954,3.60999989509583,3.61999988555908,8338600,2.49143099784851
3.65000009536743,3.67000007629395,3.57999992370605,3.61999988555908,8855000,2.49143099784851
3.55999994277954,3.59999990463257,3.48000001907349,3.59999990463257,11720000,2.47766661643982
3.61999988555908,3.6800000667572,3.52999997138977,3.55999994277954,14130000,2.45013689994812
3.63000011444092,3.74000000953674,3.60999989509583,3.64000010490417,4539700,2.50519609451294
3.64000010490417,3.64000010490417,3.54999995231628,3.54999995231628,4969900,2.44325423240662
3.57999992370605,3.58999991416931,3.46000003814697,3.54999995231628,11018400,2.44325423240662
3.59999990463257,3.75,3.59999990463257,3.74000000953674,11106600,2.57402014732361
3.78999996185303,3.8199999332428,3.75,3.76999998092651,5269800,2.5946671962738
3.73000001907349,3.75999999046326,3.66000008583069,3.67000007629395,7739500,2.52584338188171
3.67000007629395,3.67000007629395,3.5699999332428,3.59999990463257,8573400,2.47766661643982
3.57999992370605,3.61999988555908,3.50999999046326,3.53999996185303,5100900,2.43637180328369
3.5,3.52999997138977,3.47000002861023,3.5,9448400,2.40884208679199
3.49000000953674,3.55999994277954,3.45000004768372,3.55999994277954,11326400,2.45013689994812
3.53999996185303,3.55999994277954,3.45000004768372,3.53999996185303,10687900,2.43637180328369
3.51999998092651,3.51999998092651,3.4300000667572,3.44000005722046,15507000,2.36754822731018
3.5,3.58999991416931,3.48000001907349,3.58999991416931,10715500,2.47078418731689
3.53999996185303,3.55999994277954,3.41000008583069,3.46000003814697,11125300,2.38131284713745
3.4300000667572,3.47000002861023,3.35999989509583,3.35999989509583,8884400,2.3124885559082
3.41000008583069,3.46000003814697,3.32999992370605,3.34999990463257,9712600,2.30560636520386
3.38000011444092,3.38000011444092,3.26999998092651,3.29999995231628,13200000,2.27119421958923
3.25999999046326,3.27999997138977,3.1800000667572,3.23000001907349,7571400,2.22301769256592
3.23000001907349,3.33999991416931,3.1800000667572,3.30999994277954,16498500,2.27807664871216
3.36999988555908,3.50999999046326,3.33999991416931,3.5,9103100,2.40884208679199
3.54999995231628,3.73000001907349,3.54999995231628,3.69000005722046,13169900,2.53960847854614
3.70000004768372,3.73000001907349,3.65000009536743,3.69000005722046,7458100,2.53960847854614
3.70000004768372,3.71000003814697,3.59999990463257,3.71000003814697,10335500,2.55337285995483
3.67000007629395,3.76999998092651,3.65000009536743,3.71000003814697,7286400,2.55337285995483
3.72000002861023,3.75999999046326,3.66000008583069,3.6800000667572,4584800,2.53272604942322
3.65000009536743,3.67000007629395,3.5699999332428,3.59999990463257,5152000,2.47766661643982
3.53999996185303,3.53999996185303,3.35999989509583,3.40000009536743,18071200,2.34001851081848
3.41000008583069,3.4300000667572,3.25,3.25999999046326,12366500,2.24366450309753
3.29999995231628,3.29999995231628,3.24000000953674,3.26999998092651,8005200,2.25054693222046
3.32999992370605,3.41000008583069,3.3199999332428,3.35999989509583,6196900,2.3124885559082
3.34999990463257,3.38000011444092,3.25999999046326,3.28999996185303,7459900,2.26431179046631
3.29999995231628,3.4300000667572,3.27999997138977,3.35999989509583,8777400,2.3124885559082
3.32999992370605,3.5,3.29999995231628,3.47000002861023,6210900,2.38819551467896
3.4300000667572,3.45000004768372,3.36999988555908,3.40000009536743,5146800,2.34001851081848
3.38000011444092,3.41000008583069,3.3199999332428,3.3199999332428,5946700,2.2849588394165
3.32999992370605,3.33999991416931,3.23000001907349,3.25999999046326,11801900,2.24366450309753
3.27999997138977,3.36999988555908,3.20000004768372,3.32999992370605,10957100,2.29184150695801
3.26999998092651,3.28999996185303,3.21000003814697,3.25999999046326,10587800,2.24366450309753
3.19000005722046,3.32999992370605,3.16000008583069,3.29999995231628,10038400,2.27119421958923
3.32999992370605,3.57999992370605,3.3199999332428,3.54999995231628,18555600,2.44325423240662
3.54999995231628,3.54999995231628,3.39000010490417,3.50999999046326,9269000,2.41572451591492
3.61999988555908,3.74000000953674,3.61999988555908,3.69000005722046,12681200,2.53960847854614
3.6800000667572,3.75,3.63000011444092,3.66000008583069,7614900,2.51896095275879
3.90000009536743,4.05000019073486,3.85999989509583,4.01999998092651,29678200,2.76672744750977
4.05999994277954,4.1399998664856,3.96000003814697,3.97000002861023,18450000,2.73231530189514
3.97000002861023,4.09000015258789,3.86999988555908,4.07999992370605,23144200,2.80802202224731
3.82999992370605,3.83999991416931,3.65000009536743,3.77999997138977,25289000,2.92058753967285
3.80999994277954,3.86999988555908,3.70000004768372,3.77999997138977,11623100,2.92058753967285
3.77999997138977,3.92000007629395,3.74000000953674,3.85999989509583,11441200,2.98239874839783
3.75,3.77999997138977,3.67000007629395,3.75999999046326,10665500,2.90513443946838
3.84999990463257,3.84999990463257,3.63000011444092,3.63000011444092,8321300,2.80469107627869
3.64000010490417,3.66000008583069,3.51999998092651,3.55999994277954,6842700,2.75060606002808
3.55999994277954,3.69000005722046,3.54999995231628,3.5699999332428,8326200,2.75833249092102
3.54999995231628,3.61999988555908,3.45000004768372,3.57999992370605,11672400,2.76605892181396
3.61999988555908,3.71000003814697,3.58999991416931,3.64000010490417,3625800,2.81241750717163
3.6800000667572,3.76999998092651,3.57999992370605,3.59999990463257,6504300,2.78151178359985
3.57999992370605,3.57999992370605,3.50999999046326,3.54999995231628,3009800,2.74287962913513
3.57999992370605,3.85999989509583,3.57999992370605,3.8199999332428,12048600,2.95149326324463
3.85999989509583,3.95000004768372,3.80999994277954,3.86999988555908,11176200,2.99012517929077
3.85999989509583,3.85999989509583,3.77999997138977,3.80999994277954,4497000,2.94376659393311
3.85999989509583,3.88000011444092,3.74000000953674,3.80999994277954,6128200,2.94376659393311
3.83999991416931,3.97000002861023,3.77999997138977,3.79999995231628,9366600,2.93604040145874
3.8199999332428,3.84999990463257,3.73000001907349,3.80999994277954,8302100,2.94376659393311
3.75999999046326,3.79999995231628,3.73000001907349,3.75999999046326,4323600,2.90513443946838
3.78999996185303,3.84999990463257,3.6800000667572,3.70000004768372,8929800,2.85877633094788
3.75,4.07999992370605,3.75,4.07000017166138,24405200,3.14465403556824
4,4.01999998092651,3.79999995231628,3.83999991416931,11857900,2.96694540977478
3.85999989509583,3.95000004768372,3.73000001907349,3.79999995231628,10883300,2.93604040145874
3.79999995231628,3.94000005722046,3.74000000953674,3.89000010490417,13978400,3.00557804107666
3.94000005722046,4.03999996185303,3.84999990463257,3.85999989509583,10268500,2.98239874839783
3.85999989509583,3.95000004768372,3.80999994277954,3.83999991416931,8843500,2.96694540977478
3.78999996185303,3.88000011444092,3.72000002861023,3.83999991416931,8039400,2.96694540977478
3.83999991416931,4.03000020980835,3.83999991416931,3.96000003814697,7973700,3.05966281890869
4.03999996185303,4.05000019073486,3.92000007629395,3.94000005722046,6502300,3.04421019554138
3.94000005722046,4.01999998092651,3.88000011444092,4,7429200,3.09056878089905
4,4.05999994277954,3.96000003814697,4.03000020980835,9097300,3.1137478351593
4.03000020980835,4.07999992370605,4.01000022888184,4.03000020980835,2944300,3.1137478351593
4.07999992370605,4.11999988555908,4.01999998092651,4.07999992370605,6818500,3.15237975120544
4.09000015258789,4.15999984741211,4.07999992370605,4.1100001335144,5580200,3.17555928230286
4.15000009536743,4.17000007629395,4.05999994277954,4.07999992370605,5939200,3.16469430923462
4.09999990463257,4.09999990463257,3.97000002861023,4.03999996185303,4162100,3.13366842269897
4.03000020980835,4.09000015258789,3.96000003814697,3.99000000953674,8068500,3.0948851108551
4.01999998092651,4.03000020980835,3.91000008583069,3.98000001907349,7613500,3.08712863922119
4,4.07999992370605,3.90000009536743,4.05000019073486,11753600,3.14142489433289
4.09999990463257,4.34999990463257,4.09999990463257,4.30000019073486,19131500,3.33534002304077
4.21999979019165,4.34000015258789,4.19000005722046,4.26000022888184,9457400,3.30431342124939
4.28000020980835,4.57000017166138,4.28000020980835,4.53999996185303,12877300,3.52149868011475
4.59999990463257,4.61999988555908,4.51999998092651,4.51999998092651,11297100,3.50598526000977
4.55000019073486,4.59999990463257,4.51999998092651,4.53000020980835,7379300,3.51374197006226
4.53999996185303,4.59999990463257,4.48999977111816,4.57999992370605,6488400,3.55252480506897
4.48999977111816,4.48999977111816,4.40000009536743,4.40999984741211,4760000,3.42066216468811
4.46999979019165,4.55999994277954,4.44000005722046,4.53999996185303,5806100,3.52149868011475
4.69000005722046,4.84000015258789,4.69000005722046,4.73999977111816,12981000,3.67663049697876
4.73999977111816,4.76999998092651,4.6399998664856,4.71000003814697,8825100,3.65336108207703
4.71999979019165,4.8600001335144,4.71999979019165,4.73000001907349,8345300,3.66887426376343
4.76999998092651,4.92999982833862,4.76999998092651,4.90999984741211,7061600,3.80849266052246
4.94000005722046,5.03999996185303,4.90000009536743,5.01000022888184,6837800,3.88605833053589
5.01000022888184,5.17999982833862,5.01000022888184,5.15999984741211,7117400,4.00240755081177
5.19000005722046,5.26000022888184,5.17000007629395,5.21999979019165,5739100,4.04894781112671
5.21999979019165,5.26000022888184,5.05999994277954,5.1399998664856,7454700,3.98689436912537
5.19999980926514,5.30000019073486,5.11999988555908,5.15999984741211,6153700,4.00240755081177
5.17000007629395,5.40000009536743,5.17000007629395,5.34000015258789,11767200,4.14202690124512
5.32999992370605,5.3899998664856,5.23999977111816,5.34000015258789,7430400,4.14202690124512
5.25,5.30000019073486,4.94000005722046,4.96000003814697,12985300,3.84727597236633
4.92000007629395,5.09999990463257,4.92000007629395,4.94999980926514,8418600,3.83951902389526
4.94999980926514,5,4.86999988555908,4.90999984741211,10292100,3.80849266052246
4.8899998664856,4.94999980926514,4.84999990463257,4.92999982833862,5573500,3.8240053653717
4.94000005722046,5,4.88000011444092,4.98000001907349,5043500,3.86278915405273
5.03999996185303,5.09999990463257,4.88000011444092,4.8899998664856,7848100,3.79297971725464
4.88000011444092,4.96999979019165,4.84000015258789,4.90000009536743,5061100,3.80073666572571
4.88000011444092,4.8899998664856,4.69999980926514,4.82999992370605,5089200,3.74643993377686
4.84999990463257,4.90999984741211,4.76999998092651,4.76999998092651,6176000,3.69990015029907
4.80999994277954,5.03999996185303,4.78000020980835,5.01999998092651,14520300,3.89381527900696
5.03000020980835,5.11999988555908,4.90000009536743,4.90000009536743,7190200,3.80073666572571
4.90999984741211,4.94000005722046,4.84000015258789,4.90999984741211,5210400,3.80849266052246
4.86999988555908,4.94000005722046,4.84000015258789,4.90999984741211,4252000,3.80849266052246
4.90999984741211,4.98000001907349,4.76999998092651,4.8899998664856,8713800,3.79297971725464
4.82999992370605,4.92000007629395,4.6100001335144,4.61999988555908,9630300,3.58355116844177
4.57999992370605,4.65999984741211,4.53000020980835,4.63000011444092,5881700,3.59130787849426
4.61999988555908,4.69000005722046,4.6100001335144,4.65999984741211,8043700,3.61457777023315
4.75,4.92000007629395,4.75,4.78000020980835,12292300,3.70765686035156
4.80000019073486,4.88000011444092,4.76999998092651,4.86999988555908,8244100,3.77746653556824
4.88000011444092,5.03000020980835,4.86999988555908,4.98999977111816,5243600,3.87054562568665
4.94999980926514,5.01999998092651,4.88000011444092,4.98999977111816,7202700,3.87054562568665
5.01000022888184,5.01999998092651,4.88000011444092,4.92999982833862,6358900,3.8240053653717
4.96000003814697,5.09999990463257,4.90000009536743,5.07999992370605,8147200,3.94035506248474
5.19000005722046,5.19999980926514,4.82999992370605,4.82999992370605,20504000,3.74643993377686
4.82999992370605,4.94999980926514,4.69000005722046,4.75,8098700,3.68438696861267
4.71999979019165,4.92000007629395,4.67999982833862,4.8899998664856,8110400,3.79297971725464
4.88000011444092,4.94999980926514,4.80999994277954,4.8600001335144,6052400,3.76971006393433
4.76000022888184,4.82999992370605,4.59000015258789,4.69000005722046,12072900,3.63784718513489
4.71999979019165,4.75,4.61999988555908,4.67999982833862,11542600,3.63009071350098
4.67999982833862,4.76000022888184,4.59999990463257,4.61999988555908,7401700,3.58355116844177
4.57000017166138,4.69999980926514,4.55999994277954,4.69000005722046,5709000,3.63784718513489
4.65999984741211,4.71000003814697,4.48000001907349,4.5,6921700,3.49047207832336
4.46999979019165,4.59999990463257,4.46000003814697,4.51999998092651,8119000,3.50598526000977
4.51000022888184,4.63000011444092,4.40999984741211,4.48000001907349,5803900,3.47495889663696
4.5,4.55999994277954,4.46000003814697,4.53999996185303,8238100,3.52149868011475
4.6100001335144,4.61999988555908,4.46000003814697,4.48999977111816,5618200,3.48271512985229
4.51000022888184,4.6399998664856,4.48000001907349,4.55000019073486,6613700,3.52925515174866
4.59999990463257,4.65999984741211,4.55000019073486,4.59000015258789,5268800,3.56028127670288
4.67999982833862,4.80000019073486,4.63000011444092,4.78000020980835,5906500,3.70765686035156
4.80000019073486,4.92000007629395,4.76999998092651,4.84000015258789,8021600,3.75419688224792
4.84000015258789,4.84000015258789,4.59999990463257,4.71999979019165,8021100,3.6611168384552
4.69999980926514,4.69999980926514,4.53999996185303,4.6100001335144,8194100,3.57579469680786
4.61999988555908,4.63000011444092,4.48000001907349,4.53000020980835,5411800,3.51374197006226
4.48999977111816,4.57999992370605,4.48000001907349,4.55999994277954,3047700,3.53701138496399
4.55999994277954,4.67000007629395,4.55000019073486,4.6399998664856,4340600,3.59906435012817
4.75,4.90000009536743,4.75,4.82000017166138,7313900,3.73868298530579
4.84000015258789,4.98999977111816,4.78999996185303,4.94000005722046,7840100,3.83176255226135
4.90999984741211,4.92000007629395,4.82999992370605,4.86999988555908,7478900,3.77746653556824
4.82999992370605,4.82999992370605,4.65999984741211,4.71999979019165,8155300,3.6611168384552
4.73000001907349,4.76999998092651,4.67999982833862,4.69999980926514,5318500,3.64560389518738
4.78999996185303,4.80000019073486,4.67000007629395,4.71000003814697,6863000,3.65336108207703
4.65000009536743,4.67999982833862,4.57000017166138,4.6100001335144,3892200,3.57579469680786
4.59000015258789,4.67000007629395,4.55999994277954,4.65999984741211,6165600,3.61457777023315
4.51999998092651,4.53000020980835,4.38000011444092,4.40999984741211,11811500,3.42066216468811
4.38000011444092,4.38000011444092,4.25,4.26999998092651,6898300,3.3120698928833
4.26999998092651,4.44000005722046,4.26999998092651,4.40999984741211,7979600,3.42066216468811
4.3899998664856,4.48999977111816,4.3899998664856,4.46000003814697,4606800,3.45944547653198
4.46000003814697,4.67999982833862,4.44999980926514,4.6399998664856,10061900,3.59906435012817
4.51999998092651,4.59999990463257,4.44000005722046,4.51999998092651,10213800,3.59524655342102
4.51000022888184,4.53999996185303,4.44000005722046,4.46999979019165,6873300,3.55547618865967
4.6100001335144,4.69000005722046,4.26000022888184,4.34999990463257,19265700,3.46002721786499
4.40000009536743,4.59000015258789,4.38000011444092,4.57000017166138,33812000,3.63501715660095
4.69000005722046,4.84999990463257,4.63000011444092,4.78000020980835,23043600,3.80205273628235
4.42000007629395,4.63000011444092,4.38000011444092,4.55000019073486,11327100,3.89056348800659
4.55999994277954,4.6100001335144,4.48000001907349,4.53000020980835,6964600,3.87346220016479
4.46000003814697,4.48999977111816,4.34000015258789,4.36999988555908,11074400,3.73665142059326
4.34000015258789,4.42000007629395,4.32000017166138,4.40999984741211,5801500,3.77085399627686
4.46000003814697,4.51999998092651,4.42000007629395,4.46999979019165,7176000,3.82215809822083
4.44999980926514,4.5,4.40000009536743,4.44999980926514,7684900,3.80505681037903
4.5,4.71999979019165,4.48999977111816,4.69000005722046,10284400,4.01027345657349
4.71000003814697,4.76999998092651,4.65999984741211,4.73000001907349,8218100,4.04447603225708
4.75,4.98999977111816,4.71000003814697,4.90000009536743,12159300,4.18983793258667
4.90000009536743,4.98000001907349,4.76000022888184,4.78000020980835,8267800,4.08722925186157
4.75,4.76000022888184,4.65000009536743,4.67000007629395,7858700,3.99317193031311
4.6100001335144,4.6100001335144,4.48000001907349,4.51999998092651,8419300,3.8649115562439
4.55000019073486,4.57999992370605,4.48999977111816,4.53000020980835,5088700,3.87346220016479
4.65999984741211,4.65999984741211,4.53999996185303,4.57999992370605,9003500,3.91621541976929
4.63000011444092,4.65000009536743,4.57000017166138,4.57000017166138,4461200,3.90766477584839
4.59999990463257,4.59999990463257,4.42000007629395,4.44000005722046,6367300,3.79650568962097
4.42000007629395,4.46000003814697,4.36999988555908,4.40000009536743,6406600,3.76230311393738
4.44999980926514,4.51000022888184,4.40000009536743,4.46999979019165,8694100,3.82215809822083
4.6399998664856,4.73000001907349,4.61999988555908,4.67000007629395,11128700,3.99317193031311
4.69000005722046,4.75,4.6399998664856,4.73000001907349,6181300,4.04447603225708
4.73000001907349,4.82000017166138,4.71000003814697,4.76999998092651,7798300,4.07867860794067
4.78000020980835,4.80000019073486,4.59999990463257,4.6100001335144,14839500,3.94186758995056
4.67000007629395,4.67999982833862,4.53999996185303,4.55999994277954,12585300,3.89911413192749
4.53000020980835,4.53000020980835,4.44000005722046,4.48000001907349,10513600,3.83070826530457
4.53999996185303,4.55000019073486,4.36999988555908,4.40999984741211,11759900,3.77085399627686
4.44999980926514,4.48999977111816,4.40999984741211,4.48999977111816,20282600,3.83925938606262
4.5,4.53000020980835,4.44999980926514,4.48999977111816,10265400,3.83925938606262
4.5,4.53999996185303,4.46999979019165,4.46999979019165,11212800,3.82215809822083
4.46999979019165,4.55000019073486,4.42999982833862,4.53000020980835,7482700,3.87346220016479
4.51999998092651,4.53000020980835,4.42999982833862,4.44999980926514,8449600,3.80505681037903
4.44999980926514,4.46000003814697,4.3600001335144,4.38000011444092,12196900,3.74520206451416
4.36999988555908,4.40999984741211,4.30000019073486,4.32000017166138,7112400,3.69389772415161
4.30000019073486,4.36999988555908,4.26999998092651,4.34999990463257,7607500,3.71954965591431
4.3600001335144,4.40000009536743,4.34000015258789,4.36999988555908,6359100,3.73665142059326
4.40999984741211,4.44000005722046,4.34000015258789,4.34999990463257,7210600,3.71954965591431
4.3600001335144,4.42000007629395,4.23999977111816,4.25,11138200,3.63404273986816
4.26000022888184,4.28000020980835,4.21999979019165,4.26000022888184,11965900,3.64259386062622
4.28000020980835,4.28999996185303,4.17999982833862,4.17999982833862,12922400,3.5741879940033
4.19000005722046,4.26000022888184,4.19000005722046,4.23000001907349,5222600,3.61694169044495
4.21999979019165,4.23999977111816,4.19999980926514,4.21000003814697,4111800,3.59983992576599
4.19000005722046,4.23000001907349,4.17000007629395,4.19000005722046,6127400,3.58273887634277
4.19000005722046,4.19999980926514,4.11999988555908,4.11999988555908,7519300,3.52288389205933
4.13000011444092,4.25,4.11999988555908,4.21000003814697,6141800,3.59983992576599
4.19000005722046,4.19999980926514,4.09999990463257,4.11999988555908,7123500,3.52288389205933
4.13000011444092,4.1399998664856,4.07999992370605,4.11999988555908,9019500,3.52288389205933
4.17000007629395,4.21999979019165,4.11999988555908,4.11999988555908,6275800,3.52288389205933
4.15000009536743,4.25,4.1399998664856,4.21000003814697,6399900,3.59983992576599
4.23000001907349,4.25,4.17999982833862,4.21000003814697,5056800,3.59983992576599
4.21000003814697,4.23000001907349,4.17000007629395,4.23000001907349,5064500,3.61694169044495
4.19999980926514,4.23000001907349,4.15000009536743,4.15000009536743,8879300,3.5485360622406
4.15000009536743,4.15999984741211,4.07999992370605,4.11999988555908,6131900,3.52288389205933
4.15000009536743,4.17000007629395,4.07999992370605,4.07999992370605,5390800,3.48868131637573
4.09000015258789,4.15000009536743,4.07999992370605,4.15000009536743,5431800,3.5485360622406
4.1399998664856,4.34000015258789,4.1100001335144,4.32000017166138,10184400,3.69389772415161
4.38000011444092,4.53999996185303,4.36999988555908,4.42000007629395,9682500,3.77940487861633
4.42999982833862,4.46999979019165,4.36999988555908,4.46000003814697,4973700,3.81360745429993
4.46000003814697,4.5,4.34000015258789,4.34000015258789,5498400,3.71099901199341
4.34000015258789,4.3600001335144,4.25,4.28999996185303,4886100,3.66824531555176
4.32000017166138,4.44999980926514,4.28999996185303,4.44999980926514,8154800,3.80505681037903
4.44999980926514,4.44999980926514,4.36999988555908,4.40000009536743,3768600,3.76230311393738
4.40000009536743,4.40000009536743,4.28000020980835,4.32000017166138,7021000,3.69389772415161
4.32000017166138,4.34000015258789,4.25,4.28999996185303,7080400,3.66824531555176
4.26000022888184,4.28999996185303,4.21000003814697,4.21000003814697,7445400,3.59983992576599
4.21000003814697,4.26999998092651,4.17999982833862,4.26999998092651,4781100,3.65114426612854
4.21999979019165,4.21999979019165,4.15999984741211,4.19999980926514,5409600,3.59128928184509
4.19999980926514,4.21000003814697,4.1100001335144,4.1399998664856,6024100,3.5399854183197
4.15000009536743,4.17000007629395,4.1100001335144,4.13000011444092,5284100,3.53143453598022
4.13000011444092,4.17000007629395,4.09999990463257,4.1399998664856,3917800,3.5399854183197
4.11999988555908,4.15000009536743,4.09000015258789,4.11999988555908,6289700,3.52288389205933
4.11999988555908,4.15000009536743,4.07000017166138,4.07999992370605,4648100,3.48868131637573
4.1100001335144,4.1100001335144,4.05000019073486,4.05000019073486,7245500,3.46302914619446
4.1100001335144,4.1399998664856,4.05000019073486,4.05000019073486,5299600,3.46302914619446
4.05000019073486,4.09000015258789,4.01999998092651,4.05999994277954,5508100,3.47158002853394
4.05000019073486,4.05999994277954,4.01999998092651,4.05999994277954,6183500,3.47158002853394
4.09999990463257,4.15999984741211,4.07999992370605,4.1100001335144,6253900,3.51433300971985
4.15000009536743,4.19000005722046,4.09999990463257,4.19000005722046,7776500,3.58273887634277
4.19000005722046,4.19999980926514,4.09999990463257,4.09999990463257,7717500,3.50578260421753
4.1100001335144,4.13000011444092,4.05999994277954,4.09000015258789,3727700,3.49723172187805
4.1100001335144,4.1399998664856,4.07999992370605,4.1399998664856,5944700,3.5399854183197
4.15000009536743,4.26999998092651,4.15000009536743,4.23000001907349,6442300,3.61694169044495
4.26000022888184,4.38000011444092,4.25,4.34999990463257,8035300,3.71954965591431
4.38000011444092,4.3899998664856,4.28000020980835,4.28000020980835,6188300,3.65969491004944
4.32999992370605,4.3899998664856,4.28999996185303,4.3600001335144,7140400,3.72810029983521
4.36999988555908,4.48000001907349,4.36999988555908,4.40999984741211,5775800,3.77085399627686
4.40999984741211,4.42000007629395,4.32000017166138,4.32999992370605,8290700,3.70244812965393
4.32000017166138,4.34999990463257,4.26000022888184,4.28999996185303,6245300,3.66824531555176
4.25,4.25,4.15999984741211,4.21000003814697,7267800,3.59983992576599
4.25,4.40000009536743,4.23000001907349,4.38000011444092,9374400,3.74520206451416
4.38000011444092,4.3899998664856,4.30000019073486,4.30000019073486,6962800,3.67679643630981
4.28999996185303,4.32999992370605,4.25,4.28999996185303,5248900,3.66824531555176
4.40000009536743,4.44999980926514,4.34999990463257,4.42999982833862,8870800,3.78795504570007
4.44000005722046,4.53000020980835,4.40999984741211,4.48999977111816,10676400,3.83925938606262
4.48000001907349,4.51000022888184,4.40000009536743,4.46999979019165,6625300,3.82215809822083
4.44999980926514,4.46999979019165,4.40000009536743,4.46000003814697,6752200,3.81360745429993
4.44999980926514,4.61999988555908,4.44999980926514,4.55000019073486,9541900,3.89056348800659
4.57999992370605,4.65000009536743,4.53000020980835,4.61999988555908,17582700,3.95041823387146
4.65000009536743,4.71000003814697,4.6100001335144,4.67999982833862,10446100,4.00172281265259
4.6399998664856,4.65000009536743,4.57999992370605,4.61999988555908,6203500,3.95041823387146
4.57999992370605,4.61999988555908,4.51999998092651,4.55999994277954,8225900,3.89911413192749
4.59000015258789,4.67999982833862,4.55000019073486,4.59999990463257,8036000,3.93331742286682
4.6100001335144,4.67999982833862,4.6100001335144,4.67999982833862,10169400,4.00172281265259
4.69000005722046,4.86999988555908,4.67000007629395,4.84999990463257,10681700,4.14708423614502
4.84999990463257,4.92000007629395,4.78999996185303,4.78999996185303,9268000,4.09577989578247
4.73999977111816,4.78999996185303,4.71000003814697,4.73999977111816,8507000,4.05302619934082
4.71999979019165,4.78000020980835,4.6100001335144,4.65999984741211,8219900,3.98462080955505
4.6399998664856,4.71000003814697,4.63000011444092,4.67000007629395,7794500,3.99317193031311
4.63000011444092,4.69999980926514,4.57999992370605,4.65999984741211,7512000,3.98462080955505
4.6100001335144,4.69000005722046,4.55999994277954,4.65999984741211,7485200,3.98462080955505
4.67999982833862,4.78000020980835,4.67000007629395,4.73000001907349,8015200,4.04447603225708
4.73999977111816,4.84999990463257,4.73000001907349,4.82000017166138,7194700,4.12143230438232
4.78999996185303,4.90000009536743,4.75,4.82999992370605,9904000,4.12998294830322
4.8899998664856,4.98999977111816,4.88000011444092,4.92000007629395,7588600,4.20693874359131
4.92000007629395,4.96999979019165,4.8600001335144,4.92999982833862,8144400,4.21548938751221
4.8899998664856,4.92000007629395,4.75,4.76999998092651,11775400,4.07867860794067
4.78000020980835,4.84999990463257,4.73000001907349,4.78000020980835,10799300,4.08722925186157
4.73000001907349,4.76999998092651,4.67000007629395,4.69999980926514,8984800,4.01882362365723
4.69000005722046,4.80999994277954,4.67000007629395,4.80000019073486,8607800,4.10433053970337
4.8600001335144,4.96999979019165,4.82999992370605,4.92999982833862,12680100,4.21548938751221
4.96000003814697,4.98000001907349,4.84000015258789,4.84000015258789,10759900,4.13853359222412
4.84000015258789,4.94000005722046,4.78999996185303,4.92999982833862,6949200,4.21548938751221
4.94999980926514,5,4.90000009536743,4.94999980926514,11995900,4.23259115219116
5,5.13000011444092,5,5.07000017166138,13835200,4.3351993560791
5.07000017166138,5.23000001907349,5.05999994277954,5.17999982833862,9369600,4.42925691604614
5.23000001907349,5.32999992370605,5.19999980926514,5.32999992370605,15009300,4.55751705169678
5.38000011444092,5.67000007629395,5.38000011444092,5.63000011444092,14276800,4.81403779983521
5.61999988555908,5.78999996185303,5.6100001335144,5.69000005722046,13889700,4.86534214019775
5.63000011444092,5.82000017166138,5.59000015258789,5.76999998092651,11213600,4.9337477684021
5.76999998092651,5.90000009536743,5.76999998092651,5.90000009536743,9993300,5.04490661621094
5.90999984741211,5.96999979019165,5.76999998092651,5.8899998664856,9429200,5.03635549545288
5.90000009536743,6.03000020980835,5.80999994277954,6.03000020980835,9230200,5.15606546401978
6.01999998092651,6.17999982833862,5.88000011444092,6.17999982833862,9523400,5.28432607650757
6.26000022888184,6.61999988555908,6.26000022888184,6.55000019073486,17001800,5.60070133209229
6.55000019073486,7,6.53999996185303,6.96000003814697,17281700,5.95127964019775
6.96000003814697,7,6.6399998664856,6.8600001335144,17955500,5.86577272415161
6.92000007629395,7.13000011444092,6.92000007629395,7.11999988555908,10128800,6.08809041976929
6.80999994277954,7.09999990463257,6.75,7.05000019073486,14912300,6.24655103683472
7.05000019073486,7.09999990463257,6.88000011444092,7.03999996185303,11202600,6.23769092559814
7,7,6.51000022888184,6.57000017166138,16087700,5.82125377655029
6.55999994277954,6.61999988555908,6.48999977111816,6.53000020980835,13370300,5.78581237792969
6.51999998092651,6.96999979019165,6.42999982833862,6.94000005722046,15230200,6.14908695220947
6.80000019073486,7.09999990463257,6.75,7.09999990463257,8994800,6.29085254669189
7.07999992370605,7.19000005722046,6.98000001907349,7,10201900,6.20224952697754
7.09000015258789,7.19000005722046,6.94999980926514,7.15999984741211,9904900,6.34401512145996
7.15999984741211,7.32000017166138,7.07999992370605,7.09999990463257,8451800,6.29085254669189
7.05000019073486,7.15000009536743,6.86999988555908,6.90999984741211,12737000,6.1225061416626
6.90999984741211,6.98000001907349,6.75,6.90000009536743,9313300,6.11364555358887
6.98000001907349,7.09999990463257,6.84999990463257,6.86999988555908,9050900,6.08706474304199
6.96999979019165,7.07000017166138,6.92000007629395,6.94000005722046,6730000,6.14908695220947
7.01999998092651,7.15000009536743,6.94999980926514,7.1399998664856,6119100,6.3262939453125
6.88000011444092,7.07999992370605,6.82999992370605,7.01999998092651,7140300,6.21996974945068
7.05000019073486,7.09999990463257,7.01000022888184,7.09000015258789,3434100,6.28199243545532
7.05999994277954,7.30000019073486,7.03000020980835,7.30000019073486,11450400,6.46806001663208
7.30999994277954,7.36999988555908,7.09999990463257,7.15000009536743,8174500,6.33515453338623
7.1399998664856,7.26000022888184,7.05999994277954,7.15999984741211,6326400,6.34401512145996
7.15999984741211,7.25,7.13000011444092,7.17000007629395,4611800,6.35287523269653
7.17999982833862,7.40999984741211,7.17000007629395,7.40000009536743,5701200,6.55666351318359
7.42000007629395,7.46999979019165,7.19999980926514,7.25,6489300,6.42375802993774
7.32999992370605,7.44000005722046,7.26999998092651,7.42000007629395,4446300,6.5743842124939
7.40999984741211,7.55000019073486,7.26999998092651,7.42000007629395,5260600,6.5743842124939
7.44999980926514,7.69999980926514,7.42999982833862,7.63000011444092,6301000,6.76045179367065
7.63000011444092,7.96000003814697,7.61999988555908,7.82999992370605,8052400,6.93765878677368
7.80000019073486,7.94999980926514,7.71000003814697,7.82999992370605,5803100,6.93765878677368
7.80000019073486,7.96000003814697,7.75,7.8899998664856,7861400,7.0623893737793
7.88000011444092,8.05000019073486,7.80000019073486,7.98999977111816,6495600,7.15189981460571
7.96999979019165,7.96999979019165,7.61999988555908,7.8600001335144,9880300,7.03553628921509
7.80000019073486,7.90999984741211,7.69999980926514,7.8600001335144,5359000,7.03553628921509
7.78999996185303,7.88000011444092,7.67000007629395,7.75,6873500,6.93707466125488
7.69000005722046,7.71999979019165,7.48000001907349,7.53000020980835,5697400,6.74015140533447
7.42999982833862,7.42999982833862,7.1399998664856,7.36999988555908,12212000,6.59693384170532
7.34999990463257,7.36999988555908,7.09000015258789,7.21000003814697,8973000,6.45371675491333
7.15999984741211,7.21999979019165,6.98999977111816,7.17000007629395,11809400,6.41791296005249
7,7.01999998092651,6.80999994277954,6.94000005722046,9595800,6.21203851699829
6.90000009536743,6.92000007629395,6.78000020980835,6.80999994277954,8415700,6.09567451477051
6.78000020980835,6.78999996185303,6.65000009536743,6.67999982833862,6304300,5.97931051254272
6.73999977111816,6.76000022888184,6.6399998664856,6.67999982833862,4174400,5.97931051254272
6.73999977111816,6.75,6.59999990463257,6.65999984741211,4201400,5.96140813827515
6.63000011444092,6.65000009536743,6.46000003814697,6.48999977111816,7356700,5.80924034118652
6.53999996185303,6.67999982833862,6.53999996185303,6.57000017166138,6282700,5.88084888458252
6.65999984741211,6.86999988555908,6.65999984741211,6.73000001907349,7325400,6.02406597137451
6.76000022888184,6.82000017166138,6.55000019073486,6.65999984741211,5859200,5.96140813827515
6.65999984741211,6.8600001335144,6.65999984741211,6.82000017166138,4822300,6.1046257019043
6.82999992370605,6.8600001335144,6.69999980926514,6.82999992370605,5945600,6.11357688903809
6.82000017166138,6.92999982833862,6.67999982833862,6.90000009536743,7715700,6.17623424530029
6.86999988555908,7.03000020980835,6.80000019073486,6.80000019073486,6458000,6.08672332763672
6.78000020980835,6.84999990463257,6.69000005722046,6.82000017166138,4747500,6.1046257019043
6.78000020980835,6.84000015258789,6.63000011444092,6.63000011444092,5674100,5.9345555305481
6.59999990463257,6.6100001335144,6.3600001335144,6.46000003814697,7004200,5.78238725662231
6.46000003814697,6.65999984741211,6.46000003814697,6.53000020980835,7918000,5.84504508972168
6.53000020980835,6.65999984741211,6.46999979019165,6.53999996185303,13948500,5.85399580001831
6.57999992370605,6.75,6.53999996185303,6.59000015258789,5756400,5.8987512588501
6.59000015258789,6.67999982833862,6.46999979019165,6.46999979019165,3250300,5.7913384437561
6.48000001907349,6.48000001907349,6.26000022888184,6.26999998092651,5150000,5.61231708526611
6.28000020980835,6.5,6.28000020980835,6.40000009536743,6543800,5.7286810874939
6.44999980926514,6.67000007629395,6.40999984741211,6.51000022888184,6091000,5.8271427154541
6.5,6.5,6.32999992370605,6.32999992370605,3546700,5.66602325439453
6.26999998092651,6.28000020980835,6.09000015258789,6.17999982833862,11787900,5.53175735473633
6.15000009536743,6.28999996185303,6.09999990463257,6.28000020980835,7868600,5.6212682723999
6.30000019073486,6.38000011444092,6.19999980926514,6.21999979019165,4969700,5.56756114959717
6.25,6.30000019073486,6.15000009536743,6.15000009536743,4296200,5.50490427017212
6.13000011444092,6.19999980926514,6.05999994277954,6.17999982833862,7280300,5.53175735473633
6.23000001907349,6.3600001335144,6.23000001907349,6.28999996185303,4864300,5.63021898269653
6.25,6.28999996185303,6.11999988555908,6.13000011444092,3923800,5.4870023727417
6.11999988555908,6.17999982833862,6.03999996185303,6.07000017166138,5307400,5.43329572677612
6.07000017166138,6.09000015258789,5.98999977111816,6.01999998092651,4174800,5.38854026794434
6.01999998092651,6.1399998664856,6,6.07999992370605,5485200,5.44224643707275
6.07000017166138,6.07999992370605,5.98999977111816,6,5539400,5.37063789367676
6.05999994277954,6.11999988555908,5.94000005722046,5.96999979019165,6962400,5.34378480911255
6.15999984741211,6.34999990463257,6.01000022888184,6.05000019073486,16520800,5.4153938293457
6,6.05999994277954,5.92000007629395,5.94999980926514,5263700,5.32588291168213
5.86999988555908,5.86999988555908,5.71000003814697,5.78000020980835,6965800,5.17371511459351
5.82000017166138,5.92999982833862,5.80999994277954,5.86999988555908,6313400,5.25427436828613
5.82000017166138,5.92000007629395,5.80999994277954,5.82000017166138,7023400,5.2095193862915
5.80000019073486,5.82000017166138,5.63000011444092,5.67000007629395,5336900,5.07525300979614
5.63000011444092,5.65999984741211,5.44000005722046,5.44000005722046,23978000,4.86937856674194
5.51999998092651,5.69999980926514,5.51000022888184,5.59000015258789,9939000,5.00364446640015
5.69000005722046,5.78999996185303,5.67999982833862,5.67999982833862,8631000,5.08420419692993
5.71000003814697,5.75,5.63000011444092,5.6399998664856,7300700,5.04839992523193
5.69999980926514,5.78000020980835,5.6399998664856,5.6399998664856,7978300,5.04839992523193
5.6399998664856,5.65999984741211,5.48000001907349,5.48000001907349,7480600,4.90518283843994
5.48999977111816,5.53000020980835,5.34000015258789,5.36999988555908,7717800,4.80672121047974
5.34000015258789,5.34000015258789,5.23999977111816,5.25,6524800,4.69930839538574
5.23999977111816,5.32999992370605,5.17000007629395,5.30999994277954,8595400,4.75301456451416
5.30999994277954,5.42000007629395,5.21000003814697,5.30000019073486,14167000,4.74406385421753
5.34999990463257,5.42000007629395,5.30999994277954,5.30999994277954,9838900,4.75301456451416
5.32999992370605,5.38000011444092,5.17000007629395,5.28000020980835,10009900,4.72616195678711
5.23000001907349,5.26000022888184,5.13000011444092,5.19999980926514,8160700,4.65455293655396
5.19000005722046,5.32000017166138,5.17999982833862,5.21999979019165,8328100,4.67245531082153
5.21999979019165,5.23000001907349,5.09000015258789,5.09999990463257,9949500,4.56504249572754
5.19999980926514,5.38000011444092,5.17000007629395,5.34000015258789,12286000,4.77986812591553
5.44999980926514,5.48000001907349,5.26999998092651,5.42999982833862,14914900,4.86042785644531
5.3899998664856,5.3899998664856,5.09999990463257,5.09999990463257,20479400,4.56504249572754
5.11999988555908,5.15999984741211,5.07000017166138,5.07999992370605,8202600,4.54714059829712
5.13000011444092,5.19000005722046,5.03000020980835,5.07000017166138,8935700,4.53818941116333
5.09000015258789,5.13000011444092,4.98999977111816,5.05999994277954,10306900,4.52923822402954
4.96999979019165,4.96999979019165,4.90000009536743,4.92999982833862,10924200,4.41287422180176
5.07999992370605,5.21999979019165,5.05999994277954,5.19999980926514,16995700,4.65455293655396
5.26000022888184,5.28999996185303,5.15999984741211,5.25,16186600,4.69930839538574
5.21000003814697,5.30000019073486,5.19000005722046,5.30000019073486,10260100,4.74406385421753
5.28000020980835,5.28000020980835,5.15999984741211,5.19999980926514,9536200,4.65455293655396
5.09999990463257,5.15000009536743,5.01999998092651,5.05000019073486,9075800,4.52028751373291
5.1100001335144,5.1100001335144,5.03999996185303,5.05000019073486,8935200,4.52028751373291
5.05000019073486,5.05000019073486,4.94999980926514,4.94999980926514,7495000,4.43077611923218
5,5.03000020980835,4.94999980926514,4.98000001907349,5143000,4.45762968063354
4.96999979019165,5.03999996185303,4.92999982833862,5,7962900,4.47553205490112
5,5.01999998092651,4.90000009536743,4.94000005722046,9109300,4.42182588577271
4.98999977111816,5.17000007629395,4.98999977111816,5.11999988555908,9645800,4.58294439315796
5.17999982833862,5.21999979019165,5.1100001335144,5.17999982833862,8017100,4.63665103912354
5.19000005722046,5.28999996185303,5.1100001335144,5.1100001335144,7448800,4.57399368286133
5.15000009536743,5.21999979019165,5.07999992370605,5.13000011444092,9343700,4.59189605712891
5.07999992370605,5.1399998664856,5.03000020980835,5.11999988555908,8624500,4.58294439315796
5.09000015258789,5.11999988555908,5.03000020980835,5.07999992370605,9375700,4.54714059829712
5.21999979019165,5.28999996185303,5.01000022888184,5.07000017166138,15698800,4.53818941116333
5.15000009536743,5.53000020980835,5.15000009536743,5.5,23189800,4.92308521270752
5.53000020980835,5.57000017166138,5.28000020980835,5.3600001335144,22602000,4.79777050018311
5.17000007629395,5.19000005722046,5,5.15999984741211,12258100,4.78559160232544
5.21000003814697,5.26999998092651,5.13000011444092,5.19000005722046,11541200,4.81341505050659
5.25,5.32000017166138,5.23000001907349,5.25,9756800,4.86906147003174
5.26000022888184,5.44999980926514,5.21000003814697,5.38000011444092,11080700,4.98962879180908
5.40999984741211,5.57999992370605,5.40999984741211,5.51000022888184,10831800,5.11019611358643
5.55000019073486,5.57000017166138,5.40000009536743,5.42000007629395,8847100,5.02672624588013
5.40000009536743,5.42000007629395,5.23000001907349,5.28999996185303,7654000,4.90615892410278
5.28000020980835,5.3600001335144,5.25,5.28999996185303,4529700,4.90615892410278
5.28000020980835,5.34000015258789,5.21999979019165,5.34000015258789,2937500,4.95253133773804
5.36999988555908,5.3899998664856,5.1100001335144,5.13000011444092,9366700,4.75776863098145
5.09999990463257,5.11999988555908,4.98000001907349,5.07000017166138,14049800,4.7021222114563
5.03999996185303,5.05999994277954,4.92000007629395,4.94000005722046,11183800,4.58155488967896
4.92000007629395,4.94000005722046,4.76000022888184,4.82999992370605,15225600,4.47953653335571
4.76999998092651,4.82000017166138,4.69000005722046,4.69999980926514,13082800,4.35896921157837
4.67999982833862,4.71999979019165,4.6100001335144,4.67000007629395,14727400,4.33114624023438
4.71000003814697,4.92999982833862,4.65999984741211,4.90000009536743,11352900,4.54445743560791
4.84999990463257,4.92000007629395,4.80999994277954,4.86999988555908,12529900,4.51663398742676
4.88000011444092,4.96999979019165,4.78999996185303,4.8899998664856,8076900,4.53518295288086
4.80000019073486,4.94999980926514,4.73999977111816,4.94999980926514,14935400,4.59082937240601
4.98999977111816,5.03000020980835,4.80000019073486,4.82999992370605,7635800,4.47953653335571
4.84999990463257,4.98999977111816,4.80999994277954,4.98999977111816,5950600,4.62792682647705
5,5,4.8600001335144,4.88000011444092,4757200,4.52590847015381
4.82000017166138,4.90000009536743,4.80000019073486,4.8600001335144,4200500,4.50735998153687
4.8600001335144,5.07999992370605,4.84999990463257,5.05000019073486,9469700,4.68357372283936
5.03000020980835,5.09999990463257,4.90999984741211,5.07000017166138,7862600,4.7021222114563
5.09999990463257,5.23999977111816,5.05999994277954,5.15000009536743,10763500,4.77631759643555
5.1100001335144,5.19999980926514,5.07999992370605,5.19000005722046,16597800,4.81341505050659
5.1399998664856,5.17999982833862,5.03999996185303,5.17999982833862,9309300,4.80414056777954
5.17999982833862,5.17999982833862,5.07000017166138,5.09000015258789,7017200,4.7206711769104
5.15000009536743,5.17000007629395,5.07000017166138,5.17000007629395,12623700,4.79486656188965
5.17999982833862,5.21000003814697,5.09999990463257,5.15000009536743,10216500,4.77631759643555
5.15000009536743,5.21999979019165,5.1399998664856,5.19000005722046,10690800,4.81341505050659
5.28999996185303,5.5,5.26000022888184,5.44999980926514,15961700,5.05454921722412
5.46999979019165,5.51999998092651,5.32000017166138,5.42000007629395,13354400,5.02672624588013
5.48999977111816,5.6399998664856,5.48999977111816,5.53999996185303,14759900,5.13801908493042
5.57000017166138,5.59000015258789,5.42999982833862,5.42999982833862,6552000,5.03600072860718
5.3899998664856,5.46999979019165,5.3600001335144,5.42999982833862,6465500,5.03600072860718
5.38000011444092,5.3899998664856,5.21000003814697,5.28000020980835,9787800,4.89688491821289
5.28000020980835,5.28999996185303,5.23000001907349,5.26999998092651,5370400,4.88761043548584
5.28999996185303,5.34999990463257,5.21000003814697,5.28000020980835,8413100,4.89688491821289
5.28999996185303,5.3600001335144,5.25,5.34000015258789,6611600,4.95253133773804
5.34999990463257,5.5,5.32000017166138,5.48000001907349,6638800,5.08237266540527
5.48000001907349,5.53999996185303,5.40999984741211,5.53999996185303,5790600,5.13801908493042
5.51999998092651,5.53000020980835,5.3899998664856,5.42000007629395,7678700,5.02672624588013
5.42000007629395,5.44999980926514,5.38000011444092,5.3899998664856,4537400,4.99890279769897
5.3899998664856,5.40000009536743,5.19999980926514,5.21000003814697,6310000,4.83196401596069
5.25,5.25,5.09999990463257,5.11999988555908,9599900,4.74849414825439
5.11999988555908,5.21000003814697,5.1100001335144,5.21000003814697,6800000,4.83196401596069
5.1399998664856,5.15000009536743,4.92000007629395,4.94999980926514,14815700,4.59082937240601
4.94000005722046,5.05999994277954,4.92000007629395,5.01999998092651,7726200,4.6557502746582
4.98000001907349,5.07999992370605,4.92999982833862,5.01999998092651,6438800,4.6557502746582
5.05999994277954,5.07999992370605,5,5,7563900,4.6372013092041
5.01000022888184,5.03999996185303,4.96999979019165,5.01999998092651,4785100,4.6557502746582
4.96999979019165,5,4.90999984741211,4.96999979019165,5282100,4.60937786102295
4.98999977111816,5.17000007629395,4.96000003814697,5.11999988555908,11867700,4.74849414825439
5.1399998664856,5.21000003814697,4.94999980926514,4.96000003814697,11315900,4.60010385513306
4.98000001907349,5.05000019073486,4.8600001335144,4.8600001335144,9606700,4.50735998153687
4.78999996185303,4.88000011444092,4.73000001907349,4.84999990463257,8385900,4.49808549880981
4.8600001335144,4.90000009536743,4.78000020980835,4.84000015258789,5792800,4.48881101608276
4.88000011444092,4.92000007629395,4.82000017166138,4.82000017166138,6534900,4.47026252746582
4.80000019073486,4.8600001335144,4.78999996185303,4.82000017166138,5957600,4.47026252746582
4.82999992370605,4.90999984741211,4.80999994277954,4.90999984741211,4733000,4.5537314414978
4.92999982833862,4.98000001907349,4.90999984741211,4.92999982833862,7479000,4.5722804069519
5.1399998664856,5.36999988555908,5.1100001335144,5.23999977111816,22598200,4.85978698730469
5.19000005722046,5.19999980926514,5,5,16667600,4.6372013092041
4.98999977111816,5.15999984741211,4.94999980926514,5.11999988555908,13477700,4.74849414825439
5.11999988555908,5.13000011444092,5.01999998092651,5.01999998092651,9050300,4.6557502746582
5.07000017166138,5.30000019073486,5.05999994277954,5.26999998092651,13727400,4.88761043548584
5.26999998092651,5.34000015258789,5.19000005722046,5.26000022888184,10225800,4.87833595275879
5.42999982833862,5.55000019073486,5.32000017166138,5.46000003814697,17479500,5.06382417678833
5.5,5.51000022888184,5.38000011444092,5.40000009536743,8680500,5.00817775726318
5.40000009536743,5.6100001335144,5.3600001335144,5.55000019073486,8148800,5.14729356765747
5.63000011444092,5.73999977111816,5.55999994277954,5.57000017166138,16861900,5.16584253311157
5.65000009536743,5.78000020980835,5.59000015258789,5.69000005722046,12477000,5.27713537216187
5.67000007629395,5.67999982833862,5.46999979019165,5.55999994277954,16083900,5.15656805038452
5.53999996185303,5.65999984741211,5.53999996185303,5.65000009536743,12610000,5.24003791809082
5.59999990463257,5.82999992370605,5.59999990463257,5.67999982833862,16393500,5.26786088943481
5.57000017166138,5.73999977111816,5.55000019073486,5.71000003814697,9141200,5.29568386077881
5.67000007629395,5.67999982833862,5.57000017166138,5.59000015258789,10663800,5.18439149856567
5.61999988555908,5.80000019073486,5.59999990463257,5.73999977111816,11746000,5.3235068321228
5.67999982833862,5.96000003814697,5.61999988555908,5.92999982833862,16172600,5.49972057342529
5.96000003814697,6.21000003814697,5.8899998664856,6.17999982833862,23120400,5.73158073425293
6.1399998664856,6.15999984741211,5.86999988555908,5.90999984741211,20393200,5.48117208480835
5.90000009536743,6,5.82999992370605,5.94000005722046,14603900,5.5089955329895
5.96000003814697,6.15999984741211,5.96000003814697,6.1100001335144,17737400,5.66666030883789
6.19999980926514,6.36999988555908,6.17000007629395,6.30999994277954,23195300,5.85214805603027
6.32000017166138,6.6399998664856,6.30000019073486,6.6399998664856,20756300,6.15820360183716
6.65000009536743,7.09999990463257,6.53999996185303,7.09999990463257,14959700,6.58482599258423
7,7.26999998092651,6.82000017166138,6.90000009536743,20723000,6.39933824539185
6.73999977111816,6.80000019073486,6.32999992370605,6.32999992370605,16474400,5.87069702148438
6.42000007629395,6.61999988555908,6.3899998664856,6.40999984741211,17124300,5.94489192962646
6.40000009536743,6.42000007629395,6.23999977111816,6.34000015258789,11495700,5.87997150421143
6.25,6.5,6.01000022888184,6.32999992370605,11193600,5.87069702148438
6.57999992370605,6.73000001907349,6.51999998092651,6.59000015258789,15532200,6.11183166503906
6.6399998664856,6.84999990463257,6.6399998664856,6.75,14421700,6.2602219581604
6.92000007629395,7.19999980926514,6.88000011444092,7.19999980926514,24346000,6.67756986618042
7.25,7.28999996185303,6.90999984741211,6.90999984741211,11620700,6.40861225128174
7.15000009536743,7.17999982833862,6.80000019073486,6.90000009536743,9993900,6.39933824539185
7.03000020980835,7.23000001907349,6.94999980926514,7.11999988555908,14758600,6.60337495803833
7.19999980926514,7.40000009536743,7.19999980926514,7.34000015258789,13376300,6.80741167068481
7.32999992370605,7.3899998664856,7.1399998664856,7.19999980926514,13497500,6.67756986618042
6.59000015258789,6.59000015258789,6.30999994277954,6.34000015258789,11918900,6.34000015258789
6.36999988555908,6.40000009536743,6.23999977111816,6.28000020980835,8774900,6.28000020980835
6.05000019073486,6.09999990463257,6.01000022888184,6.05000019073486,11401000,6.05000019073486
6,6.01000022888184,5.8899998664856,5.90000009536743,9106300,5.90000009536743
5.94999980926514,5.98999977111816,5.84999990463257,5.88000011444092,5534900,5.88000011444092
5.8600001335144,5.94000005722046,5.80999994277954,5.94000005722046,5598700,5.94000005722046
5.94000005722046,5.98000001907349,5.8600001335144,5.98000001907349,5313300,5.98000001907349
5.96999979019165,5.98999977111816,5.90000009536743,5.94999980926514,4341000,5.94999980926514
6,6.1100001335144,5.90999984741211,5.90999984741211,9568600,5.90999984741211
5.84999990463257,5.96999979019165,5.78000020980835,5.94000005722046,8813700,5.94000005722046
6,6.07999992370605,5.8899998664856,5.92999982833862,6843200,5.92999982833862
5.96000003814697,6.03999996185303,5.92999982833862,6,6040800,6
5.92999982833862,5.96999979019165,5.88000011444092,5.96000003814697,4998900,5.96000003814697
5.88000011444092,5.92000007629395,5.84999990463257,5.84999990463257,4519500,5.84999990463257
5.84999990463257,5.88000011444092,5.78000020980835,5.84000015258789,4724200,5.84000015258789
5.8600001335144,5.98000001907349,5.8600001335144,5.94999980926514,6927000,5.94999980926514
6.05000019073486,6.09999990463257,5.98999977111816,6.05999994277954,5755300,6.05999994277954
6.05000019073486,6.09999990463257,5.96999979019165,6.01000022888184,7276400,6.01000022888184
