"CURY3.SA.Open","CURY3.SA.High","CURY3.SA.Low","CURY3.SA.Close","CURY3.SA.Volume","CURY3.SA.Adjusted"
8.90999984741211,9.6899995803833,8.72000026702881,9.46000003814697,17307900,7.04917192459106
9.40999984741211,9.67000007629395,9.28999996185303,9.67000007629395,2531900,7.20565366744995
9.63000011444092,9.72999954223633,9.52999973297119,9.64000034332275,2641500,7.18329954147339
9.64000034332275,10,9.52000045776367,10,1182700,7.4515552520752
9.97999954223633,10.3900003433228,9.81999969482422,10.3900003433228,863900,7.74216651916504
10.3900003433228,10.6999998092651,9.90999984741211,10.289999961853,1667600,7.66765069961548
10.75,10.9700002670288,10.1499996185303,10.2200002670288,2452000,7.61548948287964
10.3999996185303,10.8000001907349,10.1099996566772,10.8000001907349,1756200,8.04767894744873
10.6899995803833,11.1000003814697,10.5600004196167,11.1000003814697,2213400,8.27122592926025
10.9099998474121,11.1999998092651,10.6000003814697,10.6800003051758,1126100,7.95826101303101
10.8000001907349,10.8999996185303,10.3999996185303,10.8999996185303,1528700,8.12219524383545
10.8999996185303,11.1899995803833,10.7200002670288,11.1000003814697,1082100,8.27122592926025
11.1000003814697,11.1000003814697,10.8100004196167,10.9499998092651,668900,8.15945148468018
11,11.0200004577637,10.7799997329712,10.8999996185303,743000,8.12219524383545
11.039999961853,11.3500003814697,10.9200000762939,10.960000038147,1189500,8.16690349578857
10.960000038147,11.1000003814697,10.75,10.75,1092000,8.01042175292969
10.8000001907349,10.9499998092651,10.6099996566772,10.7200002670288,493300,7.98806667327881
10.7600002288818,11.0900001525879,10.539999961853,10.6400003433228,1254100,7.92845439910889
10.789999961853,10.8000001907349,10.4399995803833,10.5500001907349,1282200,7.86139011383057
10.8000001907349,10.8000001907349,10.4399995803833,10.5100002288818,339400,7.83158445358276
10.5100002288818,10.6999998092651,10.5100002288818,10.6599998474121,322600,7.94335794448853
10.6899995803833,10.9499998092651,10.5900001525879,10.6800003051758,745400,7.95826101303101
10.8000001907349,10.8500003814697,10.4300003051758,10.6000003814697,768900,7.89864873886108
10.539999961853,10.6700000762939,10.1999998092651,10.1999998092651,1338000,7.60058546066284
10.3400001525879,10.4499998092651,10.1700000762939,10.1999998092651,442000,7.60058546066284
10.3100004196167,10.3500003814697,9.97000026702881,10.3299999237061,371000,7.69745588302612
10.1899995803833,10.25,9.77999973297119,9.82999992370605,742400,7.32487726211548
9.77000045776367,10.3999996185303,9.72000026702881,10.3999996185303,301000,7.74961566925049
10.2600002288818,10.789999961853,9.96000003814697,10.789999961853,811400,8.04022789001465
10.6899995803833,10.7399997711182,10.4399995803833,10.6999998092651,959700,7.97316312789917
10.75,11.3299999237061,10.5799999237061,11.210000038147,573000,8.35319423675537
11.210000038147,11.3900003433228,11.0600004196167,11.2700004577637,541400,8.39790344238281
11.1599998474121,11.5500001907349,10.9499998092651,11.3400001525879,593700,8.45006275177002
11.5500001907349,11.7799997329712,11.1899995803833,11.3299999237061,936300,8.44261169433594
11.460000038147,11.460000038147,10.8299999237061,10.8299999237061,1107400,8.07003402709961
10.8999996185303,11.0299997329712,10.6999998092651,10.8500003814697,558100,8.08493804931641
10.8400001525879,10.960000038147,10.5,10.6000003814697,558000,7.89864873886108
10.6499996185303,10.75,10.4300003051758,10.6000003814697,692500,7.89864873886108
10.5100002288818,11.2299995422363,10.5100002288818,11.1000003814697,684900,8.27122592926025
10.9700002670288,11,10.8599996566772,10.9399995803833,399000,8.15200138092041
10.9399995803833,10.9399995803833,10.4200000762939,10.4200000762939,723400,7.7645206451416
10.4899997711182,10.7399997711182,10.3800001144409,10.5500001907349,524600,7.86139011383057
10.9300003051758,11.1000003814697,10.5600004196167,11.1000003814697,698100,8.27122592926025
11,11.1899995803833,10.7600002288818,10.9399995803833,1592200,8.15200138092041
10.8999996185303,11.25,10.8599996566772,11.25,676800,8.3829984664917
11.210000038147,11.3400001525879,11,11.1099996566772,704700,8.27867794036865
11.1199998855591,11.3000001907349,11.0699996948242,11.3000001907349,627700,8.42025566101074
11.2799997329712,11.3999996185303,11.1400003433228,11.3000001907349,761900,8.42025566101074
11.3800001144409,11.4799995422363,11.1800003051758,11.3299999237061,508800,8.44261169433594
11.3999996185303,11.3999996185303,11,11.1000003814697,1036100,8.27122592926025
11.1499996185303,11.289999961853,11.0200004577637,11.1700000762939,524200,8.32338714599609
11.1599998474121,11.2600002288818,10.8999996185303,10.8999996185303,617800,8.12219524383545
10.8999996185303,11.0500001907349,10.6499996185303,10.8999996185303,562800,8.12219524383545
10.7799997329712,10.9799995422363,10.7600002288818,10.8999996185303,423300,8.12219524383545
10.8999996185303,10.9799995422363,10.6400003433228,10.6400003433228,576300,7.92845439910889
10.6700000762939,10.7299995422363,10.1499996185303,10.1499996185303,1383200,7.5633282661438
10.0799999237061,10.289999961853,10.0100002288818,10.25,913800,7.63784313201904
10.25,10.4200000762939,10.1300001144409,10.1300001144409,745900,7.54842519760132
10.1300001144409,10.3400001525879,10.1300001144409,10.3100004196167,581400,7.68255281448364
10.3999996185303,10.4099998474121,10.1499996185303,10.4099998474121,444100,7.75706815719604
10.4300003051758,10.5500001907349,10.289999961853,10.5500001907349,609100,7.86139011383057
10.5600004196167,10.6199998855591,10.3500003814697,10.6199998855591,642100,7.91355133056641
10.4399995803833,10.4700002670288,10.210000038147,10.210000038147,1171100,7.60803747177124
10.2200002670288,10.3100004196167,9.96000003814697,10.1400003433228,1388500,7.55587720870972
10.3900003433228,10.4799995422363,10.1899995803833,10.2399997711182,932300,7.63039255142212
10.3400001525879,10.3999996185303,10.210000038147,10.3000001907349,887500,7.67510366439819
10.3000001907349,10.8400001525879,10.3000001907349,10.5900001525879,1074100,7.89119577407837
10.6599998474121,10.7700004577637,10.3999996185303,10.3999996185303,1134000,7.74961566925049
10.4399995803833,10.6899995803833,10.3100004196167,10.4499998092651,1296800,7.78687334060669
10.6000003814697,10.8900003433228,10.4099998474121,10.5900001525879,978200,7.89119577407837
10.6099996566772,10.6800003051758,10.1000003814697,10.1800003051758,1689800,7.5856819152832
10.3500003814697,10.6099996566772,10.3299999237061,10.539999961853,926900,7.85393905639648
10.6300001144409,10.9700002670288,10.4300003051758,10.6099996566772,1182400,7.90609931945801
10.6000003814697,10.9499998092651,10.5100002288818,10.710000038147,1019700,7.98061561584473
10.8599996566772,10.8699998855591,10.6400003433228,10.75,543700,8.01042175292969
10.7399997711182,11.1999998092651,10.7399997711182,11.1800003051758,548200,8.33083915710449
11.210000038147,11.4399995803833,11.1400003433228,11.3699998855591,729400,8.4724178314209
11.3699998855591,11.5900001525879,11.1999998092651,11.5900001525879,436700,8.63635158538818
11.7399997711182,11.7600002288818,11.1499996185303,11.1499996185303,629500,8.30848217010498
11.2299995422363,11.539999961853,11.1499996185303,11.3900003433228,415500,8.48732089996338
11.4200000762939,11.6000003814697,11.2600002288818,11.5600004196167,911400,8.61399745941162
11.6599998474121,11.7399997711182,11.2700004577637,11.5600004196167,413200,8.61399745941162
11.3800001144409,11.3999996185303,11.0100002288818,11.039999961853,541000,8.2265157699585
11.039999961853,11.1999998092651,10.7799997329712,11.0500001907349,472500,8.23396778106689
11.0500001907349,11.1499996185303,10.9200000762939,11.0500001907349,307800,8.23396778106689
11.0500001907349,11.1700000762939,10.8800001144409,11.0799999237061,386300,8.25632286071777
11.0699996948242,11.1199998855591,10.6800003051758,10.8000001907349,530900,8.04767894744873
11.0100002288818,11.0900001525879,10.8000001907349,11.0500001907349,456700,8.23396778106689
11.0699996948242,11.4700002670288,11.0100002288818,11.1599998474121,642000,8.31593418121338
11.3100004196167,11.4499998092651,11.25,11.3900003433228,437100,8.48732089996338
11.4200000762939,11.6800003051758,11.1099996566772,11.1199998855591,821500,8.28612899780273
11.2600002288818,11.3000001907349,10.9300003051758,11.1899995803833,568300,8.33829021453857
11.2399997711182,11.3100004196167,10.9899997711182,11.1599998474121,464200,8.31593418121338
11.1899995803833,11.1899995803833,10.7299995422363,10.7799997329712,575400,8.03277587890625
10.8299999237061,10.8800001144409,10.5100002288818,10.7700004577637,606800,8.02532482147217
10.7700004577637,10.8800001144409,10.5299997329712,10.8000001907349,620500,8.04767894744873
10.7200002670288,10.7200002670288,10.4300003051758,10.539999961853,599700,7.85393905639648
10.6199998855591,10.6199998855591,10.1999998092651,10.4399995803833,564500,7.77942276000977
10.4399995803833,10.4799995422363,10.1499996185303,10.1499996185303,554500,7.5633282661438
10.2299995422363,10.3900003433228,10.0799999237061,10.3599996566772,603800,7.71981143951416
10,10.0699996948242,9.77000045776367,9.92000007629395,897500,7.39194107055664
10.0299997329712,10.1300001144409,9.8100004196167,10.0100002288818,600700,7.45900678634644
10.0900001525879,10.0900001525879,9.8100004196167,10.0900001525879,494300,7.5186185836792
10,10.0600004196167,9.72999954223633,9.8100004196167,588300,7.30997657775879
9.84000015258789,9.85000038146973,9.43000030517578,9.55000019073486,675600,7.11623477935791
9.63000011444092,9.67000007629395,9.25,9.36999988555908,935800,6.98210668563843
9.35000038146973,9.48999977111816,9.02000045776367,9.27000045776367,1100900,6.90759086608887
9.25,9.27000045776367,8.6899995803833,8.96000003814697,965400,6.67659282684326
9.0600004196167,9.34000015258789,8.90999984741211,9.32999992370605,1082100,6.95230054855347
9.32999992370605,9.46000003814697,8.98999977111816,9.46000003814697,905900,7.04917192459106
9.34000015258789,9.35000038146973,8.61999988555908,8.64999961853027,908200,6.4455943107605
8.6899995803833,8.8100004196167,8.23999977111816,8.47999954223633,1676700,6.31891870498657
8.51000022888184,8.75,8.26000022888184,8.51000022888184,1069100,6.34127378463745
8.61999988555908,8.72000026702881,8.40999984741211,8.60999965667725,1165500,6.4157886505127
8.5,8.72000026702881,8.4399995803833,8.72000026702881,469600,6.49775552749634
8.64999961853027,8.84000015258789,8.56999969482422,8.77999973297119,607000,6.54246473312378
8.75,8.85999965667725,8.52999973297119,8.67000007629395,709800,6.46049737930298
8.67000007629395,8.94999980926514,8.59000015258789,8.88000011444092,617600,6.6169810295105
8.89999961853027,8.89999961853027,8.60999965667725,8.85999965667725,605900,6.60207748413086
8.90999984741211,9.5,8.88000011444092,9.25,1069200,6.89268779754639
9.34000015258789,9.4399995803833,9.10999965667725,9.35000038146973,686500,6.96720409393311
9.35000038146973,9.53999996185303,9.15999984741211,9.35000038146973,1044100,6.96720409393311
9.35999965667725,9.4399995803833,8.85999965667725,8.85999965667725,520800,6.60207748413086
8.89999961853027,9.77999973297119,8.73999977111816,8.97999954223633,2487500,6.69149494171143
9.07999992370605,9.1899995803833,8.88000011444092,9,1244000,6.70639944076538
9,9.09000015258789,8.77000045776367,9.07999992370605,561600,6.7660117149353
9.06999969482422,9.42000007629395,9,9.35000038146973,2669100,6.96720409393311
9.35000038146973,9.73999977111816,9.34000015258789,9.73999977111816,1006800,7.25781440734863
9.56999969482422,9.73999977111816,9.47000026702881,9.56999969482422,815200,7.13113784790039
9.5600004196167,9.85000038146973,9.47000026702881,9.85000038146973,919500,7.33978128433228
9.85000038146973,9.97999954223633,9.5600004196167,9.86999988555908,1216300,7.35468482971191
9.76000022888184,9.98999977111816,9.71000003814697,9.8100004196167,1383000,7.30997657775879
9.85999965667725,9.97999954223633,9.71000003814697,9.89999961853027,895700,7.37703895568848
9.76000022888184,10.25,9.67000007629395,10.1999998092651,731800,7.60058546066284
10.1899995803833,10.1899995803833,9.96000003814697,10.0699996948242,712500,7.50371551513672
10.0699996948242,10.1000003814697,9.72999954223633,9.97000026702881,2033500,7.42919969558716
10.25,10.4499998092651,9.81999969482422,10.0600004196167,1184800,7.49626398086548
10.1499996185303,10.3699998855591,9.71000003814697,10.1000003814697,3040600,7.52607107162476
10.1599998474121,10.3900003433228,10.0200004577637,10.3699998855591,731900,7.7272629737854
10.3699998855591,10.4899997711182,10.1700000762939,10.4899997711182,785600,7.81667995452881
10.4899997711182,10.4899997711182,10.1000003814697,10.4499998092651,926100,7.78687334060669
10.5,10.5,10.1700000762939,10.1700000762939,1174300,7.57823133468628
10.3000001907349,10.3299999237061,9.96000003814697,10,2488600,7.4515552520752
9.80000019073486,10.0699996948242,9.6899995803833,10.0500001907349,933300,7.79597806930542
10.0500001907349,10.0500001907349,9.71000003814697,9.77000045776367,729500,7.57877635955811
9.77000045776367,9.85000038146973,9.43000030517578,9.71000003814697,749000,7.53223371505737
9.72999954223633,9.77000045776367,9.60000038146973,9.6899995803833,722000,7.51671934127808
9.77999973297119,10.0699996948242,9.60999965667725,9.82999992370605,2982700,7.625319480896
9.72999954223633,10.0900001525879,9.64999961853027,9.80000019073486,866900,7.60204792022705
9.80000019073486,9.97000026702881,9.60000038146973,9.77999973297119,989000,7.58653211593628
9.8100004196167,9.98999977111816,9.68000030517578,9.85000038146973,1032100,7.64083480834961
9.89000034332275,10.0600004196167,9.77999973297119,9.92000007629395,692200,7.69513416290283
9.90999984741211,10.0900001525879,9.8100004196167,10.0900001525879,344800,7.82700681686401
10.1599998474121,10.3699998855591,9.97999954223633,10.25,944500,7.95112085342407
10.1899995803833,10.3299999237061,10.0299997329712,10.1999998092651,873900,7.91233396530151
10.1499996185303,10.1499996185303,9.63000011444092,9.77999973297119,1322100,7.58653211593628
9.80000019073486,10.0299997329712,9.75,9.93000030517578,699200,7.70289087295532
10.1099996566772,10.3299999237061,9.89999961853027,10.1700000762939,847000,7.88906383514404
10.1700000762939,10.2799997329712,10.0200004577637,10.0900001525879,548200,7.82700681686401
10.0900001525879,10.0900001525879,9.86999988555908,10,413700,7.75719165802002
9.92000007629395,9.98999977111816,9.75,9.75,524100,7.56326103210449
9.75,9.85999965667725,9.60999965667725,9.69999980926514,782900,7.52447652816772
9.72999954223633,9.72999954223633,9.22999954223633,9.40999984741211,1551700,7.29951620101929
9.44999980926514,9.44999980926514,9.17000007629395,9.3100004196167,1237600,7.22194480895996
9.35999965667725,9.38000011444092,9.13000011444092,9.13000011444092,905400,7.08231496810913
9.1899995803833,9.28999996185303,9.05000019073486,9.11999988555908,5749300,7.07455825805664
9.17000007629395,9.4399995803833,9.11999988555908,9.4399995803833,1109100,7.32278871536255
9.44999980926514,9.59000015258789,9.31999969482422,9.48999977111816,526300,7.36157464981079
9.48999977111816,9.57999992370605,9.39000034332275,9.39999961853027,487300,7.29175996780396
9.48999977111816,9.60999965667725,9.43000030517578,9.47999954223633,466100,7.35381746292114
9.47999954223633,9.73999977111816,9.44999980926514,9.52999973297119,1018400,7.39260339736938
9.44999980926514,9.80000019073486,9.4399995803833,9.72000026702881,730200,7.53999042510986
9.77999973297119,9.77999973297119,9.55000019073486,9.65999984741211,365300,7.49344825744629
9.69999980926514,9.78999996185303,9.56999969482422,9.67000007629395,534100,7.50120401382446
9.72000026702881,9.78999996185303,9.56999969482422,9.76000022888184,564400,7.57101964950562
9.80000019073486,9.80000019073486,9.52000045776367,9.77000045776367,535800,7.57877635955811
10.0500001907349,10.1499996185303,9.77000045776367,9.97000026702881,1502500,7.73392105102539
9.97999954223633,10.210000038147,9.94999980926514,10.1000003814697,847400,7.83476305007935
10.1000003814697,10.3100004196167,10.0900001525879,10.2299995422363,922100,7.93560695648193
10.2299995422363,10.3299999237061,10.0100002288818,10.210000038147,578300,7.92009353637695
10.3800001144409,10.3800001144409,10.0900001525879,10.3100004196167,471200,7.9976634979248
10.3299999237061,10.4700002670288,10.2399997711182,10.3100004196167,583200,7.9976634979248
10.3000001907349,10.4499998092651,10.2399997711182,10.4099998474121,721000,8.07523727416992
10.4899997711182,10.5,10.3000001907349,10.3000001907349,531600,7.98990726470947
10.25,10.5,10.0200004577637,10.3999996185303,690800,8.06747817993164
10.4899997711182,10.6000003814697,10.2600002288818,10.2600002288818,559300,7.95887899398804
10.3199996948242,10.5500001907349,10.25,10.3599996566772,701500,8.03645038604736
10.3199996948242,10.5100002288818,10.1599998474121,10.2299995422363,392200,7.93560695648193
10.2299995422363,10.289999961853,10.0600004196167,10.2299995422363,477700,7.93560695648193
10.2299995422363,10.2399997711182,10.039999961853,10.2399997711182,451300,7.9433650970459
10.1999998092651,10.25,9.90999984741211,10.0600004196167,524700,7.80373573303223
10.0600004196167,10.1599998474121,9.97000026702881,10.0500001907349,475400,7.79597806930542
10.0500001907349,10.1400003433228,9.94999980926514,10.0500001907349,276000,7.79597806930542
10.3000001907349,10.4300003051758,9.8100004196167,9.86999988555908,1011600,7.65634822845459
9.97000026702881,10.1700000762939,9.8100004196167,10.1099996566772,527900,7.84252071380615
9.86999988555908,9.97999954223633,9.73999977111816,9.97999954223633,595900,7.74167585372925
10.0500001907349,10.2799997329712,9.90999984741211,10.210000038147,604300,7.92009353637695
10.25,10.2600002288818,9.96000003814697,10,878500,7.75719165802002
10.0200004577637,10.2299995422363,10.0200004577637,10.1499996185303,586700,7.87354898452759
10.0699996948242,10.1999998092651,9.96000003814697,9.97999954223633,358000,7.74167585372925
10.0500001907349,10.0900001525879,9.81999969482422,9.89999961853027,530300,7.67961835861206
9.85999965667725,9.85999965667725,9.55000019073486,9.75,509200,7.56326103210449
9.65999984741211,9.85999965667725,9.60999965667725,9.77999973297119,529400,7.58653211593628
9.77999973297119,9.80000019073486,9.60999965667725,9.73999977111816,512900,7.55550479888916
9.75,9.97000026702881,9.65999984741211,9.84000015258789,4355700,7.6330771446228
9.82999992370605,9.86999988555908,9.56999969482422,9.57999992370605,832900,7.43138790130615
9.5600004196167,9.61999988555908,9.34000015258789,9.44999980926514,485800,7.33054637908936
9.31999969482422,9.42000007629395,9.06999969482422,9.23999977111816,705100,7.16764450073242
9.27000045776367,9.53999996185303,9.17000007629395,9.31999969482422,561700,7.22970151901245
9.31999969482422,9.42000007629395,9.28999996185303,9.3100004196167,347800,7.22194480895996
9.28999996185303,9.35999965667725,9.02999973297119,9.11999988555908,701600,7.07455825805664
9.14000034332275,9.47000026702881,9.10000038146973,9.26000022888184,540100,7.1831579208374
9.19999980926514,9.23999977111816,9.05000019073486,9.21000003814697,513700,7.14437246322632
9.15999984741211,9.27999973297119,8.75,8.86999988555908,2363400,6.88062858581543
8.96000003814697,8.96000003814697,8.75,8.89999961853027,444700,6.90390062332153
8.84000015258789,9.03999996185303,8.80000019073486,8.93000030517578,392800,6.92717170715332
8.96000003814697,9.02999973297119,8.75,8.75,469400,6.78754281997681
8.75,8.86999988555908,8.60000038146973,8.60999965667725,420100,6.67894077301025
8.61999988555908,8.68000030517578,8.44999980926514,8.55000019073486,445800,6.63239908218384
8.56999969482422,8.56999969482422,8.10999965667725,8.13000011444092,976600,6.30659580230713
8.21000003814697,8.55000019073486,8.14999961853027,8.25,2921600,6.39968252182007
8.22000026702881,8.25,7.8600001335144,8.06999969482422,1165000,6.2600531578064
7.98999977111816,8.17000007629395,7.71999979019165,8.10000038146973,1380400,6.2833251953125
8.14999961853027,8.34000015258789,7.98999977111816,8.14999961853027,1014800,6.32211065292358
7.88000011444092,8.23999977111816,7.86999988555908,8.10999965667725,979100,6.29108190536499
8.11999988555908,8.31999969482422,7.92999982833862,8.11999988555908,806300,6.29883861541748
8.19999980926514,8.22999954223633,7.94000005722046,8.09000015258789,740300,6.27556753158569
8.10000038146973,8.52000045776367,8.09000015258789,8.4399995803833,969700,6.54706954956055
8.39999961853027,8.53999996185303,8.34000015258789,8.39999961853027,414300,6.51604080200195
8.35000038146973,8.39000034332275,8.09000015258789,8.13000011444092,482800,6.30659580230713
8.13000011444092,8.27000045776367,8.02000045776367,8.23999977111816,1116200,6.39192581176758
8.31999969482422,8.31999969482422,7.98999977111816,8,702300,6.20575332641602
8.10999965667725,8.14000034332275,7.8600001335144,7.8600001335144,1382900,6.09715223312378
7.90999984741211,7.98000001907349,7.82999992370605,7.84000015258789,718300,6.08163785934448
7.8899998664856,7.8899998664856,7.69000005722046,7.69999980926514,1002500,5.97303771972656
7.82999992370605,7.8600001335144,7.65000009536743,7.69999980926514,2356000,5.97303771972656
7.69999980926514,7.76999998092651,7.53000020980835,7.53000020980835,574800,5.84116554260254
7.53000020980835,7.59000015258789,7.1100001335144,7.1100001335144,902200,5.5153636932373
7.03000020980835,7.55000019073486,7.03000020980835,7.44999980926514,1302900,5.77910709381104
7.61999988555908,7.67000007629395,7.19000005722046,7.19000005722046,3017800,5.57741975784302
7.28999996185303,7.86999988555908,7.26999998092651,7.84999990463257,2148100,6.08939504623413
7.90000009536743,8.39000034332275,7.84999990463257,8.19999980926514,2865100,6.36089706420898
8.19999980926514,8.28999996185303,7.94000005722046,8.13000011444092,1042100,6.30659580230713
8.07999992370605,8.15999984741211,7.96000003814697,8.06999969482422,386300,6.2600531578064
7.92999982833862,8.23999977111816,7.92000007629395,8.23999977111816,1022300,6.39192581176758
8.14000034332275,8.26000022888184,7.71999979019165,8.05000019073486,1238000,6.24453973770142
8.10000038146973,8.4399995803833,7.94999980926514,8.38000011444092,1138100,6.5005259513855
8.42000007629395,8.52000045776367,8.23999977111816,8.35000038146973,810600,6.47725534439087
8.32999992370605,8.5,8.11999988555908,8.17000007629395,707900,6.33762502670288
8.14999961853027,8.21000003814697,8.01000022888184,8.1899995803833,449100,6.35313892364502
8.15999984741211,8.23999977111816,7.94000005722046,7.94000005722046,475100,6.15921020507812
7.90999984741211,7.90999984741211,7.3899998664856,7.3899998664856,1036600,5.73256349563599
7.51000022888184,7.51999998092651,7.26000022888184,7.30000019073486,1051300,5.66274976730347
7.26999998092651,7.34999990463257,7.15000009536743,7.21000003814697,929900,5.59293508529663
7.34999990463257,7.46999979019165,7.19000005722046,7.32000017166138,1552500,5.67826414108276
7.32999992370605,7.46999979019165,6.98000001907349,7.07000017166138,709300,5.48433494567871
7.17000007629395,7.19999980926514,6.92000007629395,7.05000019073486,626700,5.46882057189941
6.92000007629395,7.34000015258789,6.90000009536743,7.28000020980835,919400,5.64723539352417
7.38000011444092,7.48000001907349,7.25,7.42999982833862,1116100,5.76359367370605
7.42999982833862,7.69999980926514,7.42999982833862,7.67000007629395,598100,5.94976568222046
7.51999998092651,7.69000005722046,7.51999998092651,7.53999996185303,642000,5.84892177581787
7.59999990463257,7.82999992370605,7.48000001907349,7.71999979019165,848000,5.98855113983154
8.01000022888184,8.0600004196167,7.80999994277954,7.82000017166138,1779400,6.06612348556519
7.73999977111816,7.98000001907349,7.73999977111816,7.82000017166138,2121200,6.06612348556519
7.80999994277954,8.09000015258789,7.75,7.90999984741211,754800,6.13593816757202
7.84999990463257,7.90999984741211,7.36999988555908,7.46999979019165,897800,5.79462146759033
7.46999979019165,7.55000019073486,7.26999998092651,7.30999994277954,627800,5.67050695419312
7.13000011444092,7.26000022888184,6.8600001335144,6.94000005722046,2050600,5.38349056243896
6.92000007629395,6.92000007629395,6.3899998664856,6.78999996185303,1185700,5.26713371276855
6.80999994277954,7.17999982833862,6.80999994277954,7.17999982833862,1720800,5.56966352462769
7.09000015258789,7.09999990463257,6.82999992370605,6.92000007629395,1152000,5.36797666549683
6.8899998664856,7.11999988555908,6.82000017166138,7.03999996185303,1130600,5.46106243133545
7.09999990463257,7.09999990463257,6.78999996185303,6.92999982833862,1051300,5.37573289871216
7,7,6.61999988555908,6.73999977111816,1369800,5.22834634780884
6.80999994277954,7.03999996185303,6.71999979019165,6.92000007629395,1009000,5.36797666549683
6.92000007629395,7.34999990463257,6.86999988555908,7.21000003814697,719900,5.59293508529663
7.1100001335144,7.36999988555908,6.92000007629395,6.94999980926514,756800,5.39124774932861
6.94999980926514,7.30999994277954,6.94999980926514,7.25,573400,5.62396383285522
7.23999977111816,7.23999977111816,6.92000007629395,6.96000003814697,546300,5.39900541305542
6.88000011444092,7.3600001335144,6.88000011444092,7.21999979019165,705100,5.60069179534912
7.21999979019165,7.46000003814697,7.13000011444092,7.40999984741211,595600,5.74807834625244
7.51999998092651,7.6399998664856,7.30000019073486,7.3899998664856,833600,5.73256349563599
7.53999996185303,7.67999982833862,7.36999988555908,7.51000022888184,872500,5.82565021514893
7.55999994277954,7.55999994277954,6.92999982833862,6.92999982833862,962300,5.37573289871216
7.01999998092651,7.03999996185303,6.67999982833862,6.76999998092651,717600,5.25161838531494
6.84000015258789,6.96999979019165,6.73000001907349,6.76000022888184,386000,5.24386215209961
6.8600001335144,7.11999988555908,6.80999994277954,6.98999977111816,449200,5.42227649688721
6.90000009536743,7.09000015258789,6.75,6.82999992370605,552500,5.29816150665283
6.84999990463257,6.8899998664856,6.55999994277954,6.67000007629395,582800,5.17404699325562
6.57999992370605,6.78999996185303,6.5,6.59999990463257,577600,5.11974668502808
6.59999990463257,6.90000009536743,6.59999990463257,6.90000009536743,336000,5.35246276855469
6.73999977111816,6.78999996185303,6.55999994277954,6.75,740600,5.23610353469849
6.80999994277954,6.84000015258789,6.53000020980835,6.84000015258789,1520800,5.30591821670532
6.71000003814697,6.75,6.38000011444092,6.73000001907349,1087000,5.22059011459351
6.71999979019165,6.86999988555908,6.55999994277954,6.73000001907349,815500,5.22059011459351
6.8899998664856,6.98000001907349,6.6100001335144,6.98000001907349,924000,5.41451978683472
6.98000001907349,7.34000015258789,6.82000017166138,6.98000001907349,1417000,5.41451978683472
7.23999977111816,7.23999977111816,6.90999984741211,6.98000001907349,1078200,5.41451978683472
7.05999994277954,7.15999984741211,6.82000017166138,6.90000009536743,1001500,5.35246276855469
6.73000001907349,7.11999988555908,6.51999998092651,7.11999988555908,927400,5.66373300552368
6.98000001907349,7.28000020980835,6.84999990463257,6.88000011444092,920200,5.47282123565674
6.96000003814697,7.21999979019165,6.94000005722046,7.07999992370605,557500,5.6319146156311
7.07999992370605,7.21999979019165,6.8600001335144,6.8600001335144,439500,5.45691156387329
6.84999990463257,7.23999977111816,6.80999994277954,6.88000011444092,748100,5.47282123565674
6.90000009536743,6.90000009536743,6.63000011444092,6.78000020980835,443500,5.39327383041382
6.78000020980835,6.90000009536743,6.67000007629395,6.80999994277954,581400,5.41713809967041
6.84999990463257,7.09000015258789,6.63000011444092,7.09000015258789,704900,5.63986968994141
6.94999980926514,7.01000022888184,6.67999982833862,6.67999982833862,836900,5.31372737884521
6.69999980926514,6.71999979019165,6.42999982833862,6.53999996185303,771900,5.20236110687256
6.55999994277954,6.73000001907349,6.48000001907349,6.65000009536743,436800,5.28986406326294
6.61999988555908,6.78999996185303,6.57000017166138,6.63000011444092,585200,5.27395439147949
6.6399998664856,6.82000017166138,6.59999990463257,6.73999977111816,759600,5.36145544052124
6.67000007629395,7.01000022888184,6.67000007629395,6.94000005722046,356700,5.52054929733276
6.96999979019165,7.05000019073486,6.82000017166138,6.94000005722046,461700,5.52054929733276
6.98999977111816,7.05000019073486,6.88000011444092,7,829600,5.56827688217163
7,7.01999998092651,6.63000011444092,6.67000007629395,610900,5.30577278137207
6.73999977111816,6.73999977111816,6.46000003814697,6.57000017166138,917600,5.22622585296631
6.61999988555908,6.61999988555908,5.96999979019165,6.05999994277954,1164800,4.82053709030151
6.13000011444092,6.21000003814697,5.8899998664856,6.15000009536743,1134800,4.89212942123413
6.1399998664856,6.1399998664856,5.94999980926514,6.09000015258789,840200,4.84440135955811
6.15000009536743,6.15000009536743,5.71999979019165,5.71999979019165,3238900,4.55007839202881
5.84999990463257,6.07000017166138,5.78000020980835,6.05000019073486,480500,4.81258249282837
6.07000017166138,6.44000005722046,6.03999996185303,6.44000005722046,976500,5.12281465530396
6.44000005722046,6.53000020980835,6.26000022888184,6.53000020980835,705800,5.19440698623657
6.48000001907349,6.59000015258789,6.30999994277954,6.59000015258789,709000,5.2421350479126
6.5,6.69999980926514,6.40000009536743,6.69999980926514,687100,5.32963609695435
6.59999990463257,6.6399998664856,6.40000009536743,6.40000009536743,699100,5.09099578857422
6.51000022888184,6.92999982833862,6.51000022888184,6.80999994277954,1621000,5.41713809967041
6.80999994277954,7.44999980926514,6.73999977111816,7.26000022888184,1888700,5.7750997543335
7.21000003814697,7.76000022888184,7.21000003814697,7.76000022888184,1130200,6.17283344268799
7.65999984741211,7.78000020980835,7.55999994277954,7.67000007629395,1333500,6.10124063491821
7.65000009536743,8.03999996185303,7.53000020980835,7.98999977111816,1424700,6.35579061508179
8.06999969482422,8.10000038146973,7.84999990463257,7.84999990463257,1560600,6.24442529678345
7.92999982833862,8.03999996185303,7.86999988555908,7.94999980926514,990700,6.32397222518921
7.92000007629395,8.01000022888184,7.80999994277954,7.98000001907349,785600,6.34783554077148
7.98999977111816,8.38000011444092,7.8899998664856,8.22999954223633,1262900,6.54670238494873
8.22000026702881,8.48999977111816,7.94000005722046,8.44999980926514,1787600,6.7217059135437
8.46000003814697,8.60000038146973,8.28999996185303,8.28999996185303,1512600,6.59443044662476
8.27000045776367,8.46000003814697,8.1899995803833,8.3100004196167,839400,6.61034059524536
8.3100004196167,8.3100004196167,7.71999979019165,7.71999979019165,724100,6.14101362228394
7.80000019073486,7.90000009536743,7.55999994277954,7.61999988555908,574300,6.06146717071533
7.61999988555908,7.69000005722046,7.51000022888184,7.6100001335144,586400,6.05351305007935
7.6100001335144,7.73000001907349,7.44000005722046,7.44000005722046,855500,5.91828346252441
7.44000005722046,7.61999988555908,7.40999984741211,7.61999988555908,641500,6.06146717071533
7.57999992370605,7.88000011444092,7.46000003814697,7.53999996185303,942200,5.99783039093018
7.46000003814697,7.53000020980835,7.26999998092651,7.32000017166138,470000,5.82282733917236
7.3600001335144,7.51000022888184,7.15000009536743,7.26000022888184,1054900,5.7750997543335
7.26000022888184,7.34000015258789,7.1399998664856,7.30000019073486,844300,5.80691719055176
7.26999998092651,7.28999996185303,7.07000017166138,7.19000005722046,4029500,5.71941661834717
7.21999979019165,7.5,7.19999980926514,7.46999979019165,1178100,5.94214725494385
7.46999979019165,7.46999979019165,7.01000022888184,7.28000020980835,575100,5.79100847244263
7.32000017166138,7.42000007629395,7.15000009536743,7.34999990463257,605300,5.84669065475464
7.3899998664856,7.3899998664856,7.13000011444092,7.30999994277954,542600,5.81487131118774
7.1399998664856,7.55999994277954,6.90000009536743,7.46999979019165,1645000,5.94214725494385
7.44999980926514,7.55000019073486,7.30000019073486,7.53999996185303,792400,5.99783039093018
7.53999996185303,7.65000009536743,7.42999982833862,7.55000019073486,458900,6.00578451156616
7.5,7.73999977111816,7.40000009536743,7.55000019073486,693200,6.00578451156616
7.55000019073486,7.55000019073486,6.98999977111816,7.05000019073486,892700,5.60805034637451
7.01999998092651,7.01999998092651,6.61999988555908,6.65000009536743,1126400,5.28986406326294
6.71000003814697,6.80000019073486,6.53999996185303,6.6399998664856,688700,5.28190851211548
6.71000003814697,7.23999977111816,6.67999982833862,7.23999977111816,1172800,5.75919008255005
7.09999990463257,7.11999988555908,6.78000020980835,6.92999982833862,1333500,5.51259469985962
6.94999980926514,6.96000003814697,6.30000019073486,6.76000022888184,1729800,5.37736511230469
6.75,6.76999998092651,6.21999979019165,6.26999998092651,1398100,4.98758506774902
6.25,6.63000011444092,6.21999979019165,6.59999990463257,1262400,5.2500901222229
6.61999988555908,6.76000022888184,6.46999979019165,6.69999980926514,1143400,5.32963609695435
6.69000005722046,6.78999996185303,6.44999980926514,6.78999996185303,1392700,5.40122842788696
6.90999984741211,7.3600001335144,6.8600001335144,7.19000005722046,2488800,5.71941661834717
7.19000005722046,7.28999996185303,6.88000011444092,7.15000009536743,1279000,5.68759727478027
7.15000009536743,7.34000015258789,7.07000017166138,7.26999998092651,967300,5.78305435180664
7.26999998092651,7.44999980926514,7.11999988555908,7.30000019073486,1144500,5.80691719055176
7.3600001335144,7.6100001335144,7.32000017166138,7.44999980926514,788800,5.9262375831604
7.44999980926514,7.82999992370605,7.44999980926514,7.78000020980835,916200,6.18874263763428
7.80999994277954,7.94000005722046,7.6100001335144,7.6100001335144,695800,6.05351305007935
7.67999982833862,8.09000015258789,7.67999982833862,7.75,1123700,6.16487836837769
7.80000019073486,8.01000022888184,7.69000005722046,7.78999996185303,928900,6.19669723510742
7.8600001335144,7.8600001335144,7.55999994277954,7.57000017166138,478200,6.02169418334961
7.61999988555908,7.80999994277954,7.55999994277954,7.80000019073486,357100,6.20465183258057
7.84000015258789,8.05000019073486,7.63000011444092,7.94999980926514,766300,6.32397222518921
7.94999980926514,8.27000045776367,7.8899998664856,7.90999984741211,1308800,6.29215288162231
7.84999990463257,8.14000034332275,7.59999990463257,7.94000005722046,1252600,6.31601715087891
7.92000007629395,7.94999980926514,7.69999980926514,7.80999994277954,775700,6.21260643005371
7.8600001335144,7.90000009536743,7.63000011444092,7.65000009536743,290700,6.08533191680908
7.6100001335144,7.6100001335144,7.40000009536743,7.46000003814697,750400,5.9341926574707
7.48000001907349,7.73999977111816,7.44999980926514,7.5,1299400,5.96601104736328
7.6100001335144,7.92999982833862,7.6100001335144,7.69000005722046,1167400,6.11715030670166
7.71000003814697,7.75,7.44000005722046,7.51000022888184,339700,5.97396612167358
7.53000020980835,7.57000017166138,7.36999988555908,7.44000005722046,505700,5.91828346252441
7.46000003814697,7.65999984741211,7.36999988555908,7.63000011444092,426100,6.06942224502563
7.63000011444092,7.67999982833862,7.46000003814697,7.5,369300,5.96601104736328
7.40999984741211,7.5,7.26999998092651,7.48999977111816,974800,5.95805644989014
7.46000003814697,7.51000022888184,7.19000005722046,7.42000007629395,749700,5.90237426757812
7.34000015258789,7.53000020980835,7.19999980926514,7.23000001907349,469200,5.75123500823975
7.28000020980835,7.44000005722046,7.15000009536743,7.26000022888184,689100,5.7750997543335
7.25,7.44000005722046,7.1399998664856,7.44000005722046,1037700,5.91828346252441
7.55999994277954,7.67999982833862,7.30000019073486,7.32999992370605,1357700,5.83078098297119
6.8899998664856,6.98999977111816,6.55000019073486,6.73000001907349,1312000,5.75835275650024
6.75,6.78999996185303,6.44999980926514,6.67000007629395,1118900,5.70701599121094
6.57999992370605,7.15000009536743,6.36999988555908,7.15000009536743,1487200,6.11771535873413
7.01000022888184,7.01999998092651,6.57000017166138,6.69999980926514,1261300,5.73268365859985
6.57999992370605,6.65999984741211,6.44999980926514,6.5,773300,5.56156015396118
6.3899998664856,6.51000022888184,6.21999979019165,6.40000009536743,660000,5.47599649429321
6.53000020980835,6.61999988555908,6.3600001335144,6.5,602700,5.56156015396118
6.44000005722046,6.53000020980835,6.28999996185303,6.28999996185303,872300,5.38187789916992
6.28000020980835,6.67999982833862,6.21999979019165,6.67999982833862,1306000,5.71557140350342
6.59999990463257,6.76999998092651,6.46999979019165,6.57999992370605,1002900,5.63000965118408
6.57999992370605,6.57999992370605,6.32999992370605,6.40000009536743,1064200,5.47599649429321
6.42000007629395,6.57000017166138,6.21999979019165,6.23999977111816,1205600,5.3390965461731
6.28000020980835,6.28999996185303,6.05999994277954,6.15000009536743,2388800,5.2620906829834
6.15999984741211,6.28000020980835,6.07999992370605,6.25,1036400,5.34765338897705
6.28000020980835,6.42999982833862,6.21999979019165,6.26999998092651,872500,5.36476564407349
6.28000020980835,6.48000001907349,6.28000020980835,6.32999992370605,786100,5.41610336303711
6.21999979019165,6.3600001335144,6.17999982833862,6.30999994277954,392200,5.39899063110352
6.26999998092651,6.36999988555908,6.15000009536743,6.19999980926514,1226400,5.30487155914307
6.19999980926514,6.53999996185303,6.19999980926514,6.53999996185303,1087400,5.59578418731689
6.51000022888184,6.78999996185303,6.46000003814697,6.78999996185303,1027100,5.80969047546387
6.73000001907349,6.88000011444092,6.61999988555908,6.67000007629395,719500,5.70701599121094
6.76000022888184,6.78000020980835,6.51000022888184,6.59999990463257,874800,5.64712142944336
6.57000017166138,6.69999980926514,6.40000009536743,6.69999980926514,783600,5.73268365859985
6.71000003814697,6.73000001907349,6.53000020980835,6.67999982833862,1391700,5.71557140350342
6.61999988555908,6.63000011444092,6.42000007629395,6.63000011444092,1148500,5.67279100418091
6.69000005722046,6.69000005722046,6.32999992370605,6.32999992370605,852000,5.41610336303711
6.30999994277954,6.32999992370605,6.17999982833862,6.25,667700,5.34765338897705
6.21999979019165,6.26999998092651,6.09999990463257,6.11999988555908,992500,5.23642158508301
6.1399998664856,6.28999996185303,6.07000017166138,6.26000022888184,852100,5.35621023178101
6.15999984741211,6.19999980926514,6.05000019073486,6.11999988555908,1259900,5.23642158508301
6.01000022888184,6.09999990463257,5.90000009536743,5.98999977111816,1386300,5.12519025802612
5.98999977111816,6.1100001335144,5.94000005722046,6.03999996185303,933300,5.16797208786011
6.09999990463257,6.25,6.09000015258789,6.1100001335144,1149600,5.22786617279053
6.01000022888184,6.09000015258789,5.80999994277954,6.09000015258789,1005000,5.21075344085693
6.09000015258789,6.09000015258789,5.8899998664856,5.98999977111816,731100,5.12519025802612
6.03000020980835,6.09000015258789,5.90999984741211,5.94000005722046,610000,5.08240938186646
5.90000009536743,5.98999977111816,5.80999994277954,5.86999988555908,758900,5.02251577377319
5.94000005722046,6.07999992370605,5.94000005722046,6.07000017166138,619200,5.19364070892334
6.09999990463257,6.1100001335144,5.84000015258789,6,1150100,5.13374757766724
6.03000020980835,6.05999994277954,5.94000005722046,6,562400,5.13374757766724
6.03999996185303,6.17999982833862,5.92000007629395,5.94999980926514,710600,5.09096622467041
5.96000003814697,6.03999996185303,5.84000015258789,6.03999996185303,1093100,5.16797208786011
5.94999980926514,6.15000009536743,5.84000015258789,6.15000009536743,1332100,5.2620906829834
6.1100001335144,6.30000019073486,5.96000003814697,6.30000019073486,1999600,5.39043521881104
6.23999977111816,6.34999990463257,6.11999988555908,6.17999982833862,1001700,5.28775930404663
6.15000009536743,6.32999992370605,6.07000017166138,6.26000022888184,1683600,5.35621023178101
6.23000001907349,6.46999979019165,6.17999982833862,6.34000015258789,623600,5.42465972900391
6.44000005722046,6.76999998092651,6.32999992370605,6.76999998092651,2065200,5.79257774353027
6.76000022888184,7.25,6.69000005722046,7.25,2338100,6.20327806472778
7.17000007629395,7.26999998092651,6.98000001907349,7.07000017166138,1599800,6.04926490783691
7.15000009536743,7.51999998092651,7.1100001335144,7.46999979019165,1611800,6.39151525497437
7.40000009536743,7.51999998092651,7.26000022888184,7.26999998092651,994800,6.22039079666138
7.21000003814697,7.28999996185303,7.15000009536743,7.23000001907349,767900,6.18616533279419
7.26000022888184,7.65000009536743,7.09999990463257,7.65000009536743,2422300,6.54552745819092
7.71999979019165,7.80000019073486,7.23000001907349,7.23000001907349,1108700,6.18616533279419
7.25,7.40999984741211,7.21999979019165,7.30000019073486,968200,6.24605894088745
7.32999992370605,7.44000005722046,7.25,7.28000020980835,1448700,6.22894668579102
7.23999977111816,7.6100001335144,7.23999977111816,7.6100001335144,2315500,6.51130294799805
7.59999990463257,7.67000007629395,7.36999988555908,7.36999988555908,1176000,6.30595302581787
7.3600001335144,7.44999980926514,7.11999988555908,7.11999988555908,723100,6.09204626083374
7.13000011444092,7.17000007629395,6.8600001335144,6.88000011444092,1073300,5.88669729232788
6.92999982833862,7.30000019073486,6.82000017166138,7.21999979019165,975800,6.17760896682739
7.28000020980835,7.92999982833862,7.23999977111816,7.90000009536743,1721000,6.75943374633789
7.94999980926514,8.27000045776367,7.80000019073486,8.11999988555908,1009600,6.94767141342163
8.13000011444092,8.13000011444092,7.59000015258789,7.69999980926514,1961500,6.58830833435059
7.67000007629395,7.98999977111816,7.63000011444092,7.98000001907349,1587600,6.82788324356079
8,8.28999996185303,8,8.14999961853027,1062400,6.97334051132202
8.1899995803833,8.52999973297119,8.17000007629395,8.34000015258789,891100,7.13590860366821
8.30000019073486,8.73999977111816,8.27000045776367,8.59000015258789,912700,7.3498158454895
8.69999980926514,8.85999965667725,8.59000015258789,8.64999961853027,821200,7.40115118026733
8.65999984741211,8.77999973297119,8.42000007629395,8.5,1109000,7.27280759811401
8.60000038146973,9.52999973297119,8.60000038146973,9.25,2517500,7.91452598571777
9.25,9.34000015258789,8.82999992370605,8.94999980926514,864500,7.65783882141113
8.96000003814697,9.11999988555908,8.75,8.75,810500,7.48671436309814
8.64999961853027,9.39999961853027,8.64999961853027,9.28999996185303,1478700,7.94875240325928
9.31999969482422,9.36999988555908,8.76000022888184,8.80000019073486,1276600,7.52949571609497
8.6899995803833,8.89000034332275,8.64999961853027,8.69999980926514,944800,7.44393348693848
8.77999973297119,8.81999969482422,8.14999961853027,8.14999961853027,2699700,6.97334051132202
8.09000015258789,8.23999977111816,8.03999996185303,8.13000011444092,994300,6.95622777938843
8.01000022888184,8.22999954223633,7.94000005722046,8.14999961853027,949700,6.97334051132202
8.22999954223633,8.4399995803833,8.14000034332275,8.36999988555908,851400,7.1615777015686
8.36999988555908,9.05000019073486,8.36999988555908,8.98999977111816,1600200,7.69206380844116
9.02999973297119,9.05000019073486,8.71000003814697,8.89999961853027,916100,7.61505794525146
8.89999961853027,9.05000019073486,8.80000019073486,8.81999969482422,880400,7.54660844802856
8.80000019073486,9.15999984741211,8.57999992370605,8.9399995803833,1251800,7.64928197860718
8.97999954223633,9.14000034332275,8.82999992370605,8.86999988555908,2269700,7.58938932418823
8.92000007629395,9.05000019073486,8.77999973297119,8.97000026702881,843900,7.67495250701904
9.25,9.25,8.92000007629395,9.19999980926514,9447500,7.87174463272095
9.27000045776367,9.73999977111816,9.21000003814697,9.52999973297119,3442200,8.15410137176514
9.60000038146973,9.85000038146973,9.47999954223633,9.85000038146973,1155700,8.42790222167969
9.75,9.80000019073486,9.39000034332275,9.67000007629395,1814500,8.27388954162598
9.69999980926514,9.97000026702881,9.57999992370605,9.82999992370605,2041000,8.41078853607178
9.9399995803833,10.0600004196167,9.77000045776367,9.85000038146973,2314400,8.42790222167969
9.96000003814697,10.0799999237061,9.73999977111816,9.89000034332275,2646400,8.46212768554688
9.77000045776367,10.210000038147,9.64000034332275,9.93000030517578,2709000,8.49635124206543
9.90999984741211,10.5699996948242,9.84000015258789,10.25,3160200,8.77015209197998
10.25,10.4700002670288,10.1300001144409,10.3500003814697,9492200,8.85571479797363
10.2799997329712,10.8299999237061,10.2299995422363,10.789999961853,2889400,9.2321891784668
10.8599996566772,10.9799995422363,10.5799999237061,10.8100004196167,1845200,9.24930095672607
10.789999961853,10.8699998855591,10.6000003814697,10.75,1362100,9.19796371459961
10.710000038147,11.1099996566772,10.6199998855591,11,1582600,9.41187000274658
11.0699996948242,11.5500001907349,10.9399995803833,11.5500001907349,1827700,9.88246440887451
11.2399997711182,11.6400003433228,11.2299995422363,11.5,2436100,9.83968257904053
11.4200000762939,11.4200000762939,10.8699998855591,10.9200000762939,1560500,9.34342002868652
11.0799999237061,11.1099996566772,10.7200002670288,10.9200000762939,1810500,9.34342002868652
10.8999996185303,11.2200002670288,10.7200002670288,11.1099996566772,1269700,9.50598907470703
10.9799995422363,11.3100004196167,10.8500003814697,11.25,2428200,9.62577533721924
11.1899995803833,11.9899997711182,10.789999961853,11.8900003433228,3041000,10.173376083374
12,12.8699998855591,11.8900003433228,12.7200002670288,4487800,10.883544921875
12.8000001907349,12.8299999237061,12.039999961853,12.3400001525879,2334800,10.5584077835083
12.3400001525879,12.4899997711182,12,12,1394100,10.2674951553345
12,12.4300003051758,11.9399995803833,12.1999998092651,1564700,10.4386186599731
12.210000038147,12.539999961853,12.1000003814697,12.2600002288818,2659500,10.4899568557739
12.3000001907349,12.4700002670288,12.1400003433228,12.3400001525879,1660900,10.5584077835083
12.2600002288818,12.3800001144409,12.0600004196167,12.1899995803833,1343400,10.4300622940063
12.0299997329712,12.3800001144409,11.9499998092651,12.2200002670288,1516400,10.4557323455811
12.3699998855591,12.4200000762939,12.039999961853,12.1499996185303,2114800,10.3958377838135
12.1899995803833,12.460000038147,11.9700002670288,12.0500001907349,1372300,10.3102760314941
12.1099996566772,12.2799997329712,11.960000038147,12.0600004196167,1332000,10.3188323974609
11.9399995803833,12.2299995422363,11.7600002288818,11.9099998474121,1190800,10.1904878616333
11.9799995422363,12.0500001907349,11.4899997711182,11.789999961853,2401200,10.0878133773804
11.75,12.2700004577637,11.6899995803833,12.0299997329712,3090300,10.2931623458862
11.8900003433228,12.1599998474121,11.7600002288818,11.8800001144409,875100,10.1648187637329
11.8699998855591,12.0699996948242,11.6300001144409,11.8000001907349,940400,10.0963687896729
11.6700000762939,11.7700004577637,11.1499996185303,11.2200002670288,1156200,9.60010719299316
11.1800003051758,11.8400001525879,11.0900001525879,11.789999961853,1379300,10.0878133773804
11.6700000762939,11.9799995422363,11.5500001907349,11.9399995803833,1291200,10.2161569595337
11.7399997711182,12.8000001907349,11.7299995422363,12.460000038147,2782600,10.6610813140869
12.8000001907349,12.8999996185303,12.1400003433228,12.6899995803833,1401500,10.8578748703003
12.4700002670288,13,12.4399995803833,12.8000001907349,1610100,10.9519929885864
13,13.3400001525879,12.8699998855591,13.1999998092651,3313500,11.2942428588867
13.1899995803833,13.1899995803833,11.9700002670288,12.210000038147,1673200,10.4471750259399
12.3299999237061,12.4099998474121,12.0500001907349,12.3199996948242,1114200,10.5412940979004
12.3500003814697,12.9399995803833,12.210000038147,12.3000001907349,2429100,10.5241813659668
12.0500001907349,12.210000038147,11.4399995803833,11.6999998092651,3554900,10.0108070373535
11.8999996185303,12,11.2200002670288,11.460000038147,3097900,9.80545806884766
11.3999996185303,11.9399995803833,11.3999996185303,11.6899995803833,1064900,10.0022497177124
11.6800003051758,11.75,10.8400001525879,11.0500001907349,2053600,9.45465183258057
11.0299997329712,11.0299997329712,9.97000026702881,10.8500003814697,3077400,9.28352737426758
10.9499998092651,11.5,10.8100004196167,10.8100004196167,1345600,9.24930095672607
10.8699998855591,11.4799995422363,10.8500003814697,11.1899995803833,1218100,9.57443809509277
11.2600002288818,11.3500003814697,10.6300001144409,10.7799997329712,1124000,9.2236328125
10.6400003433228,10.7799997329712,10.1899995803833,10.460000038147,1845600,8.94983196258545
10.5299997329712,11.289999961853,10.5299997329712,11.039999961853,902500,9.44609451293945
11.0200004577637,11.0500001907349,10.5500001907349,10.6700000762939,1343800,9.12951374053955
10.5799999237061,10.6899995803833,10.3599996566772,10.5600004196167,1693700,9.0353946685791
10.6000003814697,11.1000003814697,10.4300003051758,11,1503800,9.41187000274658
11,11.1999998092651,10.5799999237061,11.0100002288818,5113800,9.42042636871338
10.9200000762939,11.2399997711182,10.710000038147,10.9099998474121,1443300,9.33486461639404
10.9099998474121,11.6099996566772,10.8000001907349,11.4899997711182,790200,9.83112621307373
11.4099998474121,11.460000038147,10.6800003051758,10.6800003051758,1054600,9.13807010650635
10.6700000762939,10.8599996566772,10.4200000762939,10.5900001525879,1862200,9.06106376647949
10.460000038147,10.960000038147,10.460000038147,10.6700000762939,7337100,9.12951374053955
10.5799999237061,10.8900003433228,10.5299997329712,10.6999998092651,2241300,9.15518283843994
10.8599996566772,11.1300001144409,10.5100002288818,10.8199996948242,2461100,9.25785636901855
10.7200002670288,10.8999996185303,10.3500003814697,10.4899997711182,1703200,8.97550010681152
10.5100002288818,10.7399997711182,10.2600002288818,10.3500003814697,859600,8.85571479797363
10.3500003814697,10.7700004577637,10.1300001144409,10.7700004577637,1437000,9.2150764465332
10.6899995803833,11.3800001144409,10.6400003433228,11.1499996185303,1419100,9.54021263122559
11.1300001144409,11.3299999237061,10.6700000762939,10.6700000762939,2504800,9.12951374053955
10.6899995803833,11.6999998092651,10.6300001144409,11.4700002670288,1666200,9.81401252746582
11.4499998092651,12.1999998092651,11.2299995422363,12.0100002288818,2518800,10.2760524749756
12.1899995803833,12.3199996948242,11.8400001525879,12.1499996185303,2260600,10.3958377838135
12.3999996185303,12.5600004196167,12.0900001525879,12.1800003051758,1741800,10.4215068817139
12.1499996185303,12.6300001144409,12.1499996185303,12.1499996185303,2401800,10.3958377838135
12.1499996185303,12.289999961853,11.8999996185303,12.1700000762939,585200,10.4129505157471
12.210000038147,12.4200000762939,11.8699998855591,12.1499996185303,1274400,10.3958377838135
12.1999998092651,12.5200004577637,12.1899995803833,12.3800001144409,1617900,10.5926313400269
12.4399995803833,12.8000001907349,12.1999998092651,12.6599998474121,2618500,10.8322067260742
12.5,12.5,11.6599998474121,11.8299999237061,1272700,10.1220378875732
11.8500003814697,11.8900003433228,11.5799999237061,11.6000003814697,1264400,9.92524528503418
11.6300001144409,11.8699998855591,11.5299997329712,11.6400003433228,1076100,9.95946884155273
11.6999998092651,12.0299997329712,11.6400003433228,11.8500003814697,1447500,10.1391515731812
11.8699998855591,12.6000003814697,11.8699998855591,12.1000003814697,1755100,10.3530578613281
12.0600004196167,12.1599998474121,11.710000038147,11.9499998092651,936200,10.2247133255005
11.9099998474121,12.4200000762939,11.6899995803833,12.1199998855591,2177400,10.3701696395874
12.1800003051758,12.4399995803833,11.8900003433228,12.4099998474121,842200,10.6183004379272
12.2600002288818,12.8900003433228,12.0299997329712,12.6099996566772,1189900,10.7894258499146
12.5,12.8000001907349,12.1899995803833,12.539999961853,1372800,10.729531288147
12.4200000762939,12.460000038147,11.8999996185303,12.0900001525879,1226800,10.344500541687
12.1000003814697,12.6800003051758,12.0600004196167,12.2799997329712,1896100,10.5070686340332
12.4300003051758,12.9200000762939,11.9899997711182,12,1947500,10.2674951553345
11.9399995803833,11.9899997711182,11.4300003051758,11.9700002670288,2817600,10.2418251037598
12.1000003814697,12.2700004577637,11.8999996185303,12.1000003814697,1750500,10.3530578613281
12.1999998092651,12.8199996948242,12.1800003051758,12.6000003814697,1180700,10.7808704376221
12.6099996566772,13.1899995803833,12.460000038147,13.0600004196167,1036300,11.1744565963745
12.8599996566772,13.3299999237061,12.6300001144409,13.1199998855591,1947100,11.406569480896
13.1199998855591,13.3299999237061,12.8699998855591,13.0200004577637,767000,11.3196287155151
13.0100002288818,13.0100002288818,12.5600004196167,12.8400001525879,1662400,11.1631364822388
12.8599996566772,13.1999998092651,12.7799997329712,13,1193800,11.3022403717041
13.0100002288818,13.6199998855591,12.8500003814697,13.4799995422363,1884200,11.7195529937744
13.5600004196167,13.5699996948242,12.8100004196167,13.2200002670288,1600300,11.4935092926025
13.1000003814697,13.5100002288818,13.0900001525879,13.3000001907349,1141500,11.563060760498
13.2600002288818,13.3299999237061,12.8699998855591,13.0100002288818,992000,11.3109359741211
12.9499998092651,12.9499998092651,12.4300003051758,12.8000001907349,1568000,11.1283597946167
12.7600002288818,12.8400001525879,12.3999996185303,12.5900001525879,997000,10.9457855224609
12.6800003051758,12.8599996566772,12.5200004577637,12.6999998092651,622000,11.0414199829102
12.710000038147,13.0100002288818,12.4899997711182,12.4899997711182,1292400,10.8588447570801
12.4499998092651,12.9099998474121,12.4300003051758,12.7600002288818,982200,11.0935831069946
12.7799997329712,13.1300001144409,12.5200004577637,12.8599996566772,1580800,11.1805238723755
12.960000038147,13.1099996566772,12.5200004577637,12.6099996566772,874900,10.9631729125977
12.6400003433228,13.2200002670288,12.039999961853,12.8999996185303,1659600,11.2152996063232
12.8800001144409,12.8900003433228,12.4300003051758,12.75,960900,11.0848894119263
12.6300001144409,13.1199998855591,12.6199998855591,12.9899997711182,986600,11.2935466766357
12.9399995803833,13.0100002288818,12.5699996948242,12.75,1328700,11.0848894119263
12.75,13.1999998092651,12.6400003433228,12.7700004577637,947900,11.1022787094116
12.75,12.8699998855591,12.4399995803833,12.6800003051758,1174300,11.0240316390991
12.6800003051758,12.8100004196167,12.4099998474121,12.4499998092651,1086300,10.8240690231323
12.4399995803833,12.7200002670288,12.289999961853,12.6000003814697,1521600,10.9544801712036
12.5699996948242,12.7799997329712,12.1599998474121,12.3500003814697,1647900,10.7371292114258
12.3599996566772,12.4700002670288,12.1000003814697,12.1000003814697,906400,10.5197792053223
12.25,12.3000001907349,12.0600004196167,12.1800003051758,696300,10.5893306732178
12.1499996185303,12.5600004196167,12.0799999237061,12.3999996185303,873400,10.7805986404419
12.4399995803833,12.4399995803833,11.8999996185303,12.1599998474121,1316700,10.5719413757324
12.1199998855591,12.5699996948242,12.0699996948242,12.4300003051758,1786000,10.8066806793213
12.4700002670288,12.789999961853,12.4700002670288,12.6599998474121,2091600,11.0066442489624
12.6700000762939,13.1400003433228,12.1000003814697,12.8999996185303,1947200,11.2152996063232
12.8100004196167,13.3400001525879,12.5699996948242,13.1400003433228,1394000,11.4239568710327
13.2299995422363,13.3199996948242,12.4700002670288,12.6899995803833,1648600,11.0327253341675
12.539999961853,13.4799995422363,12.1700000762939,13.0900001525879,3196900,11.3804864883423
13.1300001144409,13.710000038147,12.9099998474121,13.289999961853,2220600,11.554368019104
13.25,13.3000001907349,12.7299995422363,12.9200000762939,1359400,11.2326879501343
12.8299999237061,13.4499998092651,12.5500001907349,12.5900001525879,1124200,10.9457855224609
12.5900001525879,12.8199996948242,12.3699998855591,12.6000003814697,1339300,10.9544801712036
12.5299997329712,13.039999961853,12.5299997329712,12.6800003051758,842400,11.0240316390991
12.7700004577637,12.8999996185303,11.6599998474121,12.0600004196167,2056300,10.4850015640259
12.039999961853,12.6400003433228,11.9899997711182,12.6099996566772,1380500,10.9631729125977
12.6099996566772,12.7799997329712,12.3599996566772,12.6899995803833,1897400,11.0327253341675
12.7299995422363,13.1800003051758,12.6000003814697,12.9200000762939,1915400,11.2326879501343
13.0100002288818,13.0200004577637,12.6099996566772,12.7399997711182,671600,11.0761957168579
12.9499998092651,13.1899995803833,12.6999998092651,12.8500003814697,954700,11.1718301773071
12.8400001525879,13.3500003814697,12.789999961853,12.8299999237061,1826900,11.1544427871704
13.1300001144409,13.1300001144409,12.4799995422363,12.6700000762939,1762900,11.0153369903564
12.6700000762939,13.0100002288818,12.6199998855591,12.8800001144409,841800,11.1979112625122
12.8699998855591,13.1300001144409,12.8100004196167,12.9799995422363,1238200,11.2848529815674
12.9799995422363,13.1800003051758,12.7299995422363,12.8500003814697,881900,11.1718301773071
12.8100004196167,13.0799999237061,12.4200000762939,12.5100002288818,1893300,10.8762331008911
12.6499996185303,13.3599996566772,12.6499996185303,13.1000003814697,1389600,11.389181137085
13.1300001144409,13.5799999237061,13.1000003814697,13.289999961853,1449800,11.554368019104
13.3100004196167,13.3800001144409,12.9200000762939,13.039999961853,1416000,11.3370170593262
13.2600002288818,13.5500001907349,12.9200000762939,12.960000038147,1579900,11.2674646377563
12.9399995803833,13.0600004196167,12.7600002288818,12.8299999237061,1410400,11.1544427871704
12.8100004196167,12.8599996566772,11.9099998474121,12.3699998855591,2986300,10.7545175552368
12.1800003051758,12.2799997329712,11.6800003051758,11.75,3044500,10.2154865264893
11.7600002288818,11.8299999237061,11.2700004577637,11.5699996948242,5926800,10.0589942932129
11.4899997711182,11.4899997711182,11.1099996566772,11.3599996566772,3201500,9.87642002105713
11.3000001907349,11.6300001144409,11.0100002288818,11.1199998855591,1714500,9.66776275634766
11.0699996948242,11.5200004577637,11.0100002288818,11.3100004196167,2787100,9.83295059204102
11.3100004196167,12.1400003433228,11.289999961853,12.0900001525879,2294400,10.5110836029053
12.1599998474121,12.4700002670288,12.0699996948242,12.3800001144409,2484600,10.7632093429565
12.3100004196167,12.3999996185303,11.6099996566772,11.6999998092651,2821000,10.2242889404297
11.6899995803833,11.8400001525879,11.3699998855591,11.4300003051758,1439900,9.98834323883057
11.3299999237061,11.7299995422363,11.3199996948242,11.5,1976500,10.0495147705078
11.539999961853,12.0200004577637,11.460000038147,11.8800001144409,1951900,10.3815851211548
11.9099998474121,12.210000038147,11.6199998855591,11.6199998855591,1927400,10.1543779373169
11.6000003814697,12.1800003051758,11.4899997711182,12.0699996948242,1707800,10.5476207733154
12.1599998474121,12.2700004577637,11.7799997329712,12.1499996185303,1793100,10.6175298690796
12.0799999237061,12.5500001907349,12,12.5,1429800,10.9233846664429
12.4700002670288,12.6999998092651,12.3299999237061,12.5600004196167,775300,10.9758176803589
12.6700000762939,12.6700000762939,12.2200002670288,12.6099996566772,1147200,11.019510269165
12.5200004577637,12.8900003433228,12.5,12.7600002288818,2017700,11.1505908966064
12.8199996948242,13.1499996185303,12.7799997329712,12.9700002670288,1423100,11.3341054916382
12.960000038147,13.2799997329712,12.8199996948242,13.1899995803833,1307100,11.5263566970825
13.2399997711182,13.8699998855591,13.1400003433228,13.5500001907349,2236500,11.8409490585327
13.5500001907349,13.9200000762939,13.4499998092651,13.4700002670288,1696500,11.7710409164429
13.4200000762939,13.8199996948242,13.2299995422363,13.3000001907349,2570600,11.6224813461304
13.2200002670288,13.3199996948242,12.8800001144409,12.8999996185303,1216200,11.2729330062866
13.0299997329712,13.6300001144409,13.0299997329712,13.4899997711182,1440700,11.788516998291
13.6000003814697,13.8999996185303,13.5299997329712,13.7600002288818,2165300,12.0244617462158
13.789999961853,14.039999961853,13.5699996948242,13.5699996948242,1328000,11.8584260940552
13.6199998855591,13.8699998855591,13.5299997329712,13.6199998855591,1258200,11.90212059021
13.5200004577637,13.8500003814697,13.3900003433228,13.8100004196167,1077100,12.0681562423706
13.789999961853,14.1199998855591,13.4099998474121,14.0900001525879,3678300,12.3128385543823
14.2700004577637,14.9799995422363,14.1300001144409,14.4499998092651,4101300,12.6274328231812
14.3500003814697,14.75,14.2600002288818,14.6499996185303,1326800,12.802206993103
14.710000038147,15.3000001907349,14.710000038147,14.9799995422363,2486500,13.0905847549438
15.1300001144409,15.1899995803833,14.7399997711182,14.7799997329712,3429500,12.915810585022
14.8199996948242,15.0299997329712,14.7399997711182,14.9099998474121,1011500,13.0294132232666
14.9200000762939,15.1999998092651,14.7799997329712,15.0299997329712,2819700,13.13427734375
15.0699996948242,15.0799999237061,14.0500001907349,14.1000003814697,3621200,12.3215789794922
14.1199998855591,14.8199996948242,14.1199998855591,14.7600002288818,2086000,12.8983325958252
14.75,15.1099996566772,14.75,15.0200004577637,1311200,13.1255407333374
15,15.1000003814697,14.7600002288818,15.0299997329712,1403700,13.13427734375
15.0299997329712,15.3500003814697,14.9399995803833,15.1499996185303,1314100,13.2391424179077
15.3800001144409,15.6099996566772,14.7700004577637,15.2200002670288,2474800,13.3003129959106
15.1999998092651,15.3999996185303,14.8599996566772,14.8999996185303,2550300,13.0206747055054
14.8000001907349,14.8699998855591,14.4499998092651,14.6400003433228,1701100,12.7934684753418
14.4799995422363,15.3500003814697,14.4799995422363,15.3299999237061,2518000,13.3964395523071
15.3199996948242,15.5600004196167,14.8000001907349,14.9300003051758,2128600,13.0468912124634
15.039999961853,15.1899995803833,14.5100002288818,14.8100004196167,1195800,12.9420261383057
14.8100004196167,15.1700000762939,14.7600002288818,15.0299997329712,1047900,13.13427734375
15.1000003814697,15.789999961853,15.1000003814697,15.6999998092651,1586300,13.7197723388672
15.8000001907349,16.2399997711182,15.6199998855591,16.0499992370605,10483700,14.0256271362305
16.2000007629395,16.2299995422363,15.7200002670288,15.8900003433228,2303900,13.8858079910278
15.8699998855591,16.4699993133545,15.789999961853,16.2000007629395,1984600,14.1567087173462
16.2099990844727,16.7600002288818,16.1399993896484,16.4200000762939,3026600,14.3489589691162
16.3400001525879,16.3400001525879,15.8299999237061,15.9799995422363,1230600,13.9644546508789
16.1399993896484,16.3099994659424,15.9700002670288,15.9700002670288,1197400,13.9557180404663
15.9200000762939,16.0599994659424,15.5299997329712,15.8000001907349,877600,13.8071594238281
15.6599998474121,15.7200002670288,14.8199996948242,15.5100002288818,2466500,13.5537376403809
16.2099990844727,16.4400005340576,15.8199996948242,15.9899997711182,2596500,13.9731941223145
16.0400009155273,16.4400005340576,15.9899997711182,16.2999992370605,1492400,14.2440938949585
16.2999992370605,16.3199996948242,15.6700000762939,15.8999996185303,1148500,13.8945446014404
15.8900003433228,16.3199996948242,15.6499996185303,15.960000038147,826800,13.9469785690308
15.8999996185303,16.5400009155273,15.8999996185303,16.3999996185303,1605000,14.3314800262451
16.25,16.7000007629395,16.1200008392334,16.6399993896484,870500,14.5412111282349
16.7600002288818,17,16.4400005340576,16.5599994659424,2189400,14.4713001251221
16.6000003814697,17.0799999237061,16.5900001525879,16.9400005340576,1460400,14.8033723831177
17.0400009155273,17.0900001525879,16.7000007629395,16.7999992370605,719200,14.6810293197632
16.8500003814697,17.3899993896484,16.7399997711182,17.1800003051758,2240000,15.0131006240845
17.0699996948242,17.2700004577637,16.8799991607666,16.9899997711182,707200,14.8470649719238
17.0400009155273,17.2600002288818,16.6599998474121,16.7600002288818,730000,14.6460752487183
16.9300003051758,17.3299999237061,16.7600002288818,17.2199993133545,2080200,15.0480556488037
17.2399997711182,17.8799991607666,17.2399997711182,17.7700004577637,1996100,15.5286846160889
17.7000007629395,17.8700008392334,17.5499992370605,17.6700000762939,1004300,15.4412984848022
17.5599994659424,18.0599994659424,17.5599994659424,17.6800003051758,2713000,15.4500370025635
17.8099994659424,18.1599998474121,17.5699996948242,17.6000003814697,1271200,15.3801288604736
17.5799999237061,17.9400005340576,17.3999996185303,17.4599990844727,829600,15.2577829360962
17.3299999237061,17.6100006103516,17.3299999237061,17.4799995422363,1551300,15.2752618789673
17.3099994659424,18,17.1100006103516,17.8099994659424,2043900,15.5636367797852
18.0699996948242,18.1900005340576,17.6299991607666,18.0499992370605,2875600,15.7733669281006
18.0400009155273,18.4400005340576,17.9500007629395,18.1000003814697,1805000,15.8170614242554
18.0799999237061,18.2299995422363,17.3400001525879,17.9899997711182,2764000,15.7209348678589
18.0100002288818,18.0699996948242,17.2099990844727,17.5699996948242,3015000,15.3539094924927
17.5200004577637,17.8500003814697,17.3500003814697,17.7900009155273,1650000,15.5461645126343
17.9099998474121,18.0599994659424,17.6000003814697,17.7900009155273,1456300,15.5461645126343
17.8199996948242,18.0400009155273,16.8600006103516,16.9200000762939,1982400,14.7858953475952
16.8400001525879,17.2199993133545,16.3899993896484,17.2199993133545,1427700,15.0480556488037
17.25,17.2900009155273,16.8099994659424,16.8700008392334,1764400,14.7422027587891
16.8700008392334,17.5900001525879,16.8199996948242,17.3999996185303,844700,15.2053508758545
17.3999996185303,18.0499992370605,17.3099994659424,18.0499992370605,1920300,15.7733669281006
17.8500003814697,18.1100006103516,17.6900005340576,18,1018100,15.7296743392944
18.0900001525879,18.0900001525879,17.0300006866455,17.0300006866455,1431500,14.8820199966431
17.0499992370605,17.3799991607666,16.9300003051758,16.9899997711182,830600,14.8470649719238
17,17.1499996185303,16.7299995422363,16.8899993896484,1162700,14.7596769332886
16.8899993896484,17.1399993896484,16.6299991607666,16.8700008392334,1636400,14.7422027587891
16.9400005340576,16.9799995422363,16.2000007629395,16.3099994659424,2256500,14.2528324127197
16.2700004577637,16.7299995422363,16.2700004577637,16.4599990844727,1809900,14.3839130401611
16.3500003814697,16.3799991607666,15.8800001144409,16.0300006866455,1443700,14.008150100708
15.8299999237061,16.0799999237061,15.7299995422363,15.9499998092651,1590200,13.9382381439209
15.8999996185303,16.3299999237061,15.6300001144409,15.6300001144409,780300,13.6586008071899
15.6000003814697,15.8299999237061,15.5200004577637,15.7600002288818,896700,13.7722043991089
15.789999961853,16.4099998474121,15.789999961853,16.3700008392334,2015800,14.3052654266357
16.4500007629395,16.7800006866455,16.4099998474121,16.6499996185303,688100,14.5499496459961
16.6499996185303,16.9699993133545,16.3999996185303,16.5799999237061,996100,14.4887781143188
16.6299991607666,16.8199996948242,16.2199993133545,16.25,921300,14.2004013061523
16.3400001525879,16.3400001525879,16.0799999237061,16.2000007629395,1040200,14.1567087173462
16.1700000762939,16.5900001525879,16.0400009155273,16.3400001525879,1000400,14.2790489196777
16.3700008392334,16.4200000762939,16.0699996948242,16.1700000762939,1346700,14.1304912567139
16.4099998474121,17.0699996948242,16.4099998474121,16.7199993133545,2810800,14.6111192703247
16.5799999237061,16.5799999237061,15.8000001907349,16.2199993133545,3017600,14.17418384552
16.3199996948242,16.4899997711182,16.1100006103516,16.2000007629395,1951500,14.1567087173462
15.539999961853,15.539999961853,14.8199996948242,15.1099996566772,3239600,13.6398611068726
15.0600004196167,15.3500003814697,14.8100004196167,14.8999996185303,1291800,13.4502944946289
14.9099998474121,15.3599996566772,14.8999996185303,15.0900001525879,1806300,13.6218070983887
15.0200004577637,16.1499996185303,15.0200004577637,16.0499992370605,2088500,14.4884033203125
16.2399997711182,16.7700004577637,15.9799995422363,16.2600002288818,3246400,14.6779718399048
16.2800006866455,16.4099998474121,15.9700002670288,16.1499996185303,1653200,14.5786743164062
15.9799995422363,16.2000007629395,15.6000003814697,15.7200002670288,1988300,14.1905126571655
15.8199996948242,15.9700002670288,15.4799995422363,15.7299995422363,808700,14.1995391845703
15.6499996185303,15.7700004577637,14.9700002670288,15.3500003814697,2725000,13.8565111160278
15.2600002288818,15.3999996185303,14.7700004577637,15.1999998092651,2019700,13.7211046218872
15.1599998474121,15.4099998474121,14.6499996185303,15.3100004196167,2375500,13.8204030990601
15.3900003433228,16.2299995422363,15.3599996566772,15.8999996185303,2156200,14.3529977798462
15.8999996185303,16.1700000762939,15.1999998092651,15.3400001525879,3170600,13.847484588623
15.3000001907349,15.4099998474121,15.0500001907349,15.0799999237061,1806300,13.6127805709839
15.1899995803833,15.3699998855591,14.9399995803833,15.1000003814697,1550200,13.6308355331421
15.0200004577637,15.3500003814697,14.6499996185303,14.6499996185303,1942000,13.2246179580688
14.6999998092651,14.8400001525879,14.1700000762939,14.289999961853,4300100,12.8996448516846
14.2799997329712,14.8500003814697,14.1199998855591,14.4700002670288,2378300,13.0621318817139
14.3999996185303,14.539999961853,14.0100002288818,14.210000038147,1681000,12.827428817749
14.1300001144409,14.9200000762939,14.0600004196167,14.8000001907349,1959300,13.3600234985352
14.9099998474121,15.1599998474121,14.6899995803833,15.0299997329712,1382800,13.567645072937
15.039999961853,15.1499996185303,14.6499996185303,14.6700000762939,958100,13.2426719665527
14.710000038147,15.5699996948242,14.710000038147,15.5699996948242,1959800,14.0551061630249
15.6000003814697,15.8800001144409,15.210000038147,15.210000038147,1668800,13.7301330566406
15.2700004577637,15.4700002670288,14.6899995803833,14.7700004577637,1923200,13.3329429626465
14.9099998474121,14.9499998092651,14.460000038147,14.7399997711182,1233000,13.3058605194092
14.789999961853,15.1599998474121,14.6099996566772,15,1070800,13.5405645370483
15.75,16.1000003814697,15.5600004196167,16,1568000,14.4432687759399
16.1900005340576,16.2900009155273,15.8900003433228,15.9200000762939,1366200,14.3710517883301
15.7200002670288,16.7999992370605,15.6899995803833,16.3400001525879,2271200,14.7501878738403
16.3600006103516,16.5799999237061,15.7399997711182,15.8999996185303,3678800,14.3529977798462
15.9799995422363,16.8299999237061,15.4499998092651,15.8599996566772,4055100,14.3168897628784
16,16.7700004577637,15.960000038147,16.5,2141800,14.8946218490601
16.4500007629395,16.7600002288818,16.3999996185303,16.7000007629395,1573700,15.0751628875732
16.7199993133545,17.3400001525879,16.7099990844727,16.9099998474121,3352200,15.2647304534912
16.9799995422363,17.25,16.7399997711182,16.9699993133545,2977100,15.3188924789429
17.0900001525879,17.1399993896484,16.6000003814697,16.7099990844727,945200,15.0841875076294
16.8700008392334,16.9500007629395,16.5,16.6100006103516,709000,14.9939203262329
16.6100006103516,16.6399993896484,16.0900001525879,16.1599998474121,1516900,14.587700843811
16.2199993133545,16.75,16.0200004577637,16.0200004577637,1536300,14.4613237380981
16.1000003814697,16.3799991607666,15.9200000762939,16.2999992370605,747400,14.7140798568726
16.1700000762939,16.2900009155273,15.789999961853,15.9499998092651,1026300,14.3981332778931
15.8999996185303,16.3999996185303,15.8500003814697,16.3700008392334,906100,14.7772693634033
16.3500003814697,17.0300006866455,16.2099990844727,16.9400005340576,1332100,15.2918119430542
17.0900001525879,17.3400001525879,16.7999992370605,16.7999992370605,974100,15.1654319763184
16.9799995422363,17.4799995422363,16.5699996948242,17.4799995422363,3060200,15.7792701721191
17.5400009155273,18.0599994659424,17.2999992370605,17.9200000762939,3015200,16.1764621734619
17.9200000762939,17.9300003051758,17.1700000762939,17.2199993133545,2411400,15.5445680618286
16.8799991607666,17.2199993133545,16.6499996185303,16.6499996185303,3005000,15.3372755050659
16.7099990844727,17.0300006866455,16.1599998474121,16.3500003814697,1602900,15.0609283447266
16.4899997711182,16.7099990844727,16.0200004577637,16.5699996948242,3819400,15.2635831832886
16.6800003051758,17.0599994659424,16.3700008392334,16.5900001525879,1561400,15.2820072174072
16.4599990844727,16.6000003814697,16.2099990844727,16.4699993133545,742300,15.1714668273926
16.5499992370605,16.8700008392334,16.5300006866455,16.6399993896484,1028000,15.3280630111694
16.6399993896484,17.6800003051758,16.6200008392334,17.6800003051758,1879100,16.2860698699951
17.8500003814697,18.4099998474121,17.7600002288818,18,2678500,16.5808372497559
18,18.1100006103516,16.8099994659424,17.1399993896484,2508300,15.7886428833008
17.2000007629395,17.3799991607666,16.8099994659424,17.1000003814697,1635900,15.7517976760864
17.0900001525879,17.6299991607666,17.0900001525879,17.6100006103516,1605200,16.2215881347656
17.6599998474121,17.8700008392334,17.4300003051758,17.7000007629395,1771900,16.3044910430908
17.8999996185303,17.8999996185303,17.5599994659424,17.6700000762939,767800,16.27685546875
17.6200008392334,17.7800006866455,17.4899997711182,17.6100006103516,887800,16.2215881347656
17.5599994659424,17.8199996948242,17.5599994659424,17.6100006103516,1120700,16.2215881347656
17.6200008392334,17.8600006103516,17.5900001525879,17.75,631800,16.350549697876
17.7900009155273,17.9899997711182,17.6000003814697,17.9899997711182,2303000,16.5716247558594
17.8099994659424,18.0900001525879,17.5400009155273,17.5400009155273,2066400,16.1571083068848
17.4899997711182,17.4899997711182,16.9699993133545,17.1499996185303,1282100,15.7978534698486
17.1499996185303,17.2299995422363,16.7299995422363,16.7999992370605,1974200,15.4754486083984
16.7000007629395,17.5100002288818,16.7000007629395,17.0300006866455,3035500,15.6873168945312
16.7399997711182,17.9300003051758,16.7199993133545,17.7299995422363,1463600,16.332124710083
17.7099990844727,17.7199993133545,17.3199996948242,17.6900005340576,813900,16.295280456543
17.7299995422363,17.9799995422363,17.5499992370605,17.8700008392334,904700,16.461088180542
17.8500003814697,18.1200008392334,17.4799995422363,17.5900001525879,1416100,16.2031631469727
17.6700000762939,17.9400005340576,16.9899997711182,17.7900009155273,1385800,16.3873958587646
17.6900005340576,18.0300006866455,17.6100006103516,17.75,664800,16.350549697876
17.7000007629395,17.9500007629395,17.4799995422363,17.7900009155273,1145600,16.3873958587646
17.7800006866455,18.6299991607666,17.6800003051758,18.3700008392334,2277400,16.9216690063477
18.4500007629395,18.5799999237061,18.0200004577637,18.0900001525879,1624900,16.6637420654297
18.1700000762939,18.6399993896484,17.9599990844727,18.3899993896484,2161700,16.9400901794434
18.5100002288818,18.5100002288818,18.2000007629395,18.4300003051758,1318000,16.976936340332
18.4599990844727,18.8500003814697,18.4300003051758,18.5499992370605,1973700,17.0874767303467
18.6700000762939,18.75,18.1100006103516,18.2000007629395,1760700,16.7650699615479
18.25,18.5699996948242,18.1900005340576,18.4599990844727,1231100,17.0045700073242
18.3799991607666,18.6399993896484,18.3099994659424,18.4500007629395,1346400,16.995361328125
18.3500003814697,18.6399993896484,18.3400001525879,18.5,1528900,17.0414161682129
18.4099998474121,18.5900001525879,18.3099994659424,18.4300003051758,1796400,16.976936340332
18.3700008392334,19.1399993896484,18.3700008392334,18.5,1784600,17.0414161682129
18.5,18.6200008392334,18.3500003814697,18.5,4101800,17.0414161682129
18.4300003051758,18.6800003051758,17.6800003051758,18.2299995422363,2772600,16.7927055358887
18.1299991607666,18.4699993133545,18.1299991607666,18.3600006103516,1965800,16.9124546051025
18.2800006866455,19.0400009155273,18.2700004577637,18.7800006866455,1427900,17.2993412017822
18.6599998474121,19.2000007629395,18.6599998474121,19.1499996185303,1692600,17.6401691436768
19.2000007629395,19.3400001525879,18.9500007629395,18.9699993133545,3135300,17.4743614196777
18.8899993896484,19.0300006866455,18.4200000762939,18.4200000762939,1781000,16.9677238464355
18.4200000762939,18.5,17.7999992370605,17.9500007629395,1290700,16.5347805023193
18.0599994659424,18.2000007629395,17.7900009155273,17.9799995422363,1755400,16.5624160766602
18.0900001525879,18.2099990844727,17.8500003814697,17.9799995422363,1218300,16.5624160766602
18.0100002288818,18.3199996948242,17.8899993896484,18.1599998474121,1050700,16.7282238006592
18.1200008392334,19,18,18.8999996185303,2909800,17.4098796844482
18.9300003051758,19.4099998474121,18.7800006866455,19.1499996185303,1696500,17.6401691436768
19.1900005340576,19.4500007629395,19.0799999237061,19.2999992370605,1200800,17.778341293335
19.2700004577637,19.4300003051758,18.5900001525879,19.1000003814697,1060700,17.5941123962402
18.9899997711182,19.4099998474121,18.9899997711182,19.1499996185303,668200,17.6401691436768
19.25,19.4200000762939,18.9799995422363,19.1599998474121,2256000,17.6493797302246
19,19.1499996185303,18.5900001525879,18.6399993896484,1306700,17.1703777313232
18.6399993896484,19.2800006866455,18.2000007629395,19.2800006866455,2732100,17.7599201202393
19.2399997711182,19.3700008392334,19.0499992370605,19.1499996185303,1001200,17.6401691436768
19.2199993133545,19.4300003051758,18.9599990844727,19.1800003051758,1350900,17.6678047180176
19.25,19.5900001525879,19.2000007629395,19.2999992370605,1943100,17.778341293335
19.3500003814697,19.6000003814697,19.2600002288818,19.4500007629395,964500,17.9165172576904
19.3799991607666,19.7800006866455,19.1200008392334,19.2099990844727,1337900,17.6954383850098
19.0699996948242,19.5100002288818,18.9200000762939,19.5100002288818,749400,17.9717864990234
19.5100002288818,19.9099998474121,19.4200000762939,19.5900001525879,2174400,18.0454788208008
20.0100002288818,20.3999996185303,19.7000007629395,20.2600002288818,4627200,18.662654876709
20.3099994659424,20.8999996185303,20.1599998474121,20.8999996185303,2006100,19.2521953582764
20.8999996185303,20.8999996185303,20.5900001525879,20.7199993133545,2030600,19.0863876342773
20.6100006103516,21.0400009155273,20.6100006103516,20.6499996185303,7868000,19.0219039916992
20.8299999237061,20.8299999237061,20.1299991607666,20.2800006866455,759100,18.681079864502
20.2900009155273,20.4200000762939,19.9400005340576,20.2900009155273,1855500,18.6902885437012
20.4899997711182,20.9699993133545,20.2099990844727,20.7000007629395,875000,19.067964553833
20.8999996185303,20.9799995422363,20.4899997711182,20.6499996185303,1393400,19.0219039916992
20.5400009155273,20.6200008392334,20.0900001525879,20.3400001525879,1048600,18.736349105835
20.5400009155273,20.5400009155273,19.7900009155273,19.8299999237061,739700,18.2665576934814
19.9400005340576,20.5699996948242,19.8700008392334,20.3600006103516,1368600,18.7547702789307
20.3999996185303,20.6800003051758,20.3899993896484,20.4099998474121,1392100,18.8008289337158
20.4099998474121,20.7000007629395,20.3600006103516,20.3600006103516,1598200,18.7547702789307
20.3400001525879,20.5900001525879,20.2099990844727,20.25,1452200,18.6534423828125
20.1000003814697,20.7800006866455,19.9400005340576,20.6200008392334,2286500,18.9942722320557
20.6599998474121,20.9899997711182,20.5699996948242,20.5699996948242,2602700,18.9482135772705
20.6100006103516,20.8299999237061,20.2600002288818,20.2900009155273,1542700,18.6902885437012
20.3899993896484,20.6800003051758,20.2999992370605,20.4400005340576,1784600,18.828462600708
20.5,20.7399997711182,20.2600002288818,20.6499996185303,1568300,19.0219039916992
20.6599998474121,20.8199996948242,20.5499992370605,20.6499996185303,2119200,19.0219039916992
20.6399993896484,20.6399993896484,19.9200000762939,20.0799999237061,1861100,18.4968452453613
20.2800006866455,20.4300003051758,19.7000007629395,20.3899993896484,1848400,18.7824039459229
20.3999996185303,20.5200004577637,19.5200004577637,19.6100006103516,1629400,18.0639038085938
19.5599994659424,19.6499996185303,18.0499992370605,18.1900005340576,6305900,16.755859375
17.9599990844727,18.3600006103516,17.5499992370605,18.2800006866455,3244500,16.8387622833252
18.4099998474121,18.8999996185303,18.3899993896484,18.6299991607666,3013500,17.161169052124
18.5599994659424,19.1100006103516,18.5100002288818,18.7999992370605,2835800,17.3177623748779
18.7800006866455,19.0400009155273,18.6000003814697,18.6700000762939,2147800,17.1980152130127
18.7099990844727,19.0799999237061,18.6499996185303,18.8799991607666,1956500,17.3914566040039
18.8799991607666,19.0200004577637,18.5900001525879,18.8600006103516,2182800,17.3730335235596
19.0100002288818,19.0300006866455,18.7999992370605,18.9200000762939,1881300,17.4283027648926
18.9200000762939,19.25,18.6900005340576,19.1100006103516,1647600,17.6033248901367
19.1200008392334,19.9500007629395,19.1200008392334,19.9400005340576,1310300,18.3678855895996
19.9899997711182,20.3400001525879,19.8799991607666,20.1000003814697,1599700,18.5152702331543
20.1000003814697,20.1100006103516,19.3199996948242,19.6000003814697,2460300,18.0546913146973
19.5100002288818,20.1800003051758,19.3899993896484,19.8199996948242,1645100,18.6463603973389
19.9500007629395,20.7000007629395,19.9500007629395,20.6100006103516,2345900,19.3895797729492
20.6700000762939,20.6900005340576,20.0900001525879,20.1800003051758,1918400,18.9850425720215
20.25,20.2800006866455,19.5799999237061,20.1299991607666,2932400,18.9380035400391
20.2099990844727,20.5900001525879,19.6499996185303,20.4699993133545,4097800,19.257869720459
19.2999992370605,19.3999996185303,18.6700000762939,18.9699993133545,2975200,18.6809539794922
18.8199996948242,19.5599994659424,18.8199996948242,19.3199996948242,2315200,19.0256214141846
19.3500003814697,19.4899997711182,18.9599990844727,19.1499996185303,1727700,18.858211517334
18.9099998474121,19.5799999237061,18.9099998474121,19.2000007629395,1293300,18.9074516296387
19,19.4899997711182,19,19.2999992370605,906800,19.0059261322021
19.5499992370605,19.6000003814697,19.1399993896484,19.3299999237061,1126900,19.0354690551758
19.3700008392334,19.3700008392334,18.7800006866455,18.8500003814697,912200,18.5627841949463
18.8500003814697,19.1299991607666,18.6599998474121,19.0900001525879,1259100,18.7991256713867
19.0300006866455,19.2000007629395,18.5499992370605,18.8500003814697,1132900,18.5627841949463
18.8500003814697,18.8500003814697,18.2700004577637,18.3500003814697,1271100,18.0704021453857
18.1000003814697,18.8999996185303,18.0699996948242,18.8299999237061,2124500,18.5430870056152
18.8199996948242,19.0900001525879,18.7600002288818,18.7800006866455,1299800,18.4938507080078
18.7800006866455,18.9099998474121,18.6599998474121,18.7800006866455,928700,18.4938507080078
18.8500003814697,19.2700004577637,18.6100006103516,18.7800006866455,1059100,18.4938507080078
18.6800003051758,18.9300003051758,18.5,18.8500003814697,817000,18.5627841949463
18.8999996185303,19.0300006866455,18.3099994659424,18.4300003051758,1596100,18.1491832733154
18.3299999237061,19.2000007629395,18.3299999237061,18.9400005340576,3188000,18.6514129638672
18.9400005340576,18.9500007629395,18.5,18.6000003814697,2019600,18.316593170166
18.6000003814697,19.6200008392334,18.5900001525879,19.2000007629395,1365500,18.9074516296387
19.1100006103516,20.0100002288818,19.1100006103516,19.7399997711182,1684900,19.4392223358154
19.5,19.9699993133545,19.2800006866455,19.2999992370605,1517900,19.0059261322021
19.2999992370605,19.5900001525879,18.9200000762939,19.1000003814697,1432900,18.8089733123779
19.2900009155273,19.4899997711182,18.9599990844727,19,3033400,18.7104969024658
19.2700004577637,19.4599990844727,18.6000003814697,18.9500007629395,1442100,18.6612606048584
19.0499992370605,19.2600002288818,18.6299991607666,18.9200000762939,1069100,18.6317157745361
18.9200000762939,18.9899997711182,18.5200004577637,18.5499992370605,2268800,18.2673530578613
18.5,18.8999996185303,18.5,18.7000007629395,974900,18.4150695800781
18.6700000762939,19.0300006866455,18.6499996185303,18.7000007629395,805100,18.4150695800781
18.6900005340576,18.8600006103516,18.3600006103516,18.6900005340576,660000,18.4052219390869
18.7900009155273,19.5300006866455,18.7900009155273,18.8899993896484,2186100,18.6021728515625
18.8199996948242,19.2900009155273,18.6900005340576,18.9500007629395,1488100,18.6612606048584
19.0599994659424,19.8400001525879,19.0599994659424,19.7000007629395,1709700,19.3998317718506
19.75,20.4400005340576,19.6100006103516,20.3999996185303,2959800,20.0891647338867
20.2900009155273,20.9300003051758,20.2399997711182,20.7199993133545,2516400,20.4042892456055
20.7999992370605,20.9799995422363,20.6499996185303,20.6900005340576,2714700,20.3747482299805
20.6499996185303,20.8600006103516,20.5300006866455,20.6000003814697,1362800,20.2861194610596
20.7099990844727,20.8299999237061,20.3799991607666,20.5699996948242,1892600,20.2565746307373
20.5799999237061,21.0699996948242,20.4400005340576,20.7999992370605,3140900,20.4830703735352
20.7999992370605,21.4899997711182,20.7999992370605,21.3999996185303,2381900,21.0739288330078
21.4699993133545,22.2000007629395,21.4699993133545,22.0699996948242,1075200,21.7337188720703
22.1399993896484,22.3299999237061,21.6800003051758,21.7199993133545,1734300,21.3890514373779
21.75,21.8099994659424,21.2700004577637,21.4500007629395,1429200,21.1231670379639
21.4200000762939,21.5499992370605,21.2999992370605,21.5499992370605,1385300,21.2216415405273
21.6100006103516,22.3199996948242,21.6100006103516,21.9500007629395,1450500,21.6155490875244
22.2000007629395,22.2000007629395,21.5799999237061,21.7199993133545,3111900,21.3890514373779
21.8999996185303,21.9400005340576,20.8400001525879,21.0100002288818,1743000,20.6898708343506
21.0200004577637,21.4099998474121,20.8199996948242,21.2000007629395,1379900,20.8769760131836
21.2900009155273,21.8299999237061,21.25,21.7399997711182,1781500,21.408748626709
21.6900005340576,22.1900005340576,21.6599998474121,21.7700004577637,1754100,21.4382915496826
21.75,21.7999992370605,21.3199996948242,21.5,1573800,21.1724052429199
21.5599994659424,22.0799999237061,21.3799991607666,21.6599998474121,1330300,21.3299674987793
21.6599998474121,22,21.6599998474121,21.8799991607666,779100,21.5466136932373
21.8299999237061,21.9500007629395,21.5699996948242,21.7000007629395,739900,21.3693580627441
21.6800003051758,21.7099990844727,21.2399997711182,21.5900001525879,743600,21.2610340118408
21.5,21.8199996948242,21.3299999237061,21.3600006103516,799000,21.034538269043
21.4500007629395,21.7299995422363,21.2600002288818,21.5799999237061,751700,21.2511863708496
21.5,21.5900001525879,21.1299991607666,21.3299999237061,728700,21.0049953460693
21.2099990844727,21.7399997711182,21.0799999237061,21.6000003814697,1834800,21.270881652832
21.75,22.3899993896484,21.7000007629395,22.2000007629395,1903400,21.8617401123047
22.1499996185303,22.5900001525879,21.9899997711182,21.9899997711182,1756900,21.6549396514893
21.9300003051758,22.5300006866455,21.7199993133545,21.9300003051758,1745900,21.595853805542
20.9899997711182,21.8099994659424,20.3999996185303,21.3799991607666,1639700,21.0542335510254
21.3799991607666,21.8099994659424,21.2000007629395,21.5699996948242,1928400,21.2413387298584
21.8099994659424,22.8400001525879,21.3299999237061,22.7099990844727,2896300,22.3639678955078
22.8999996185303,23.0400009155273,22.4599990844727,22.4599990844727,1025300,22.1177768707275
22.6599998474121,23.5200004577637,22.6000003814697,23.3099994659424,1410600,22.9548263549805
23.6000003814697,23.6000003814697,23.0900001525879,23.3299999237061,684200,22.9745216369629
23.5699996948242,23.9400005340576,23.2399997711182,23.7600002288818,1280500,23.397970199585
23.9500007629395,23.9599990844727,23.5799999237061,23.6299991607666,1021200,23.2699489593506
23.6599998474121,24,23.5100002288818,23.7000007629395,777800,23.3388843536377
24.0900001525879,24.0900001525879,23.3099994659424,23.3099994659424,792700,22.9548263549805
23.3799991607666,23.7600002288818,23.3600006103516,23.6200008392334,553900,23.260103225708
23.5200004577637,23.9899997711182,23.5100002288818,23.8099994659424,967000,23.4472064971924
23.8899993896484,24.0699996948242,23.6499996185303,23.8999996185303,1632600,23.5358352661133
23.8700008392334,24.1700000762939,23.1800003051758,23.2000007629395,1673100,22.8465023040771
23.2000007629395,24,23.1900005340576,24,1226700,23.6343116760254
24.0200004577637,24.1599998474121,23.3999996185303,23.6299991607666,1221800,23.2699489593506
23.7000007629395,24.1200008392334,23.2800006866455,23.9500007629395,1109200,23.585075378418
23.8899993896484,24.1499996185303,23.5799999237061,23.8899993896484,952600,23.5259876251221
23.9300003051758,24.0200004577637,23.2999992370605,23.3999996185303,1092000,23.0434551239014
23.3999996185303,24.2199993133545,22.8700008392334,23.8199996948242,4150200,23.4570541381836
23.7299995422363,24.3799991607666,23.7299995422363,24.0200004577637,1124200,23.6540088653564
23.9200000762939,24.4699993133545,23.9200000762939,24.0699996948242,3029700,23.7032451629639
24.0699996948242,25.1599998474121,24.0699996948242,24.5100002288818,3111300,24.1365413665771
24.5599994659424,24.75,24.3500003814697,24.6000003814697,1158100,24.225170135498
24.5900001525879,24.8299999237061,24.2000007629395,24.4899997711182,1562300,24.1168460845947
24.7199993133545,24.8099994659424,24.4899997711182,24.5699996948242,1350800,24.1956272125244
24.5599994659424,25,24.4099998474121,25,1917600,24.6190757751465
25.1000003814697,25.4099998474121,24.7999992370605,24.9799995422363,1808200,24.5993804931641
25,25.1499996185303,24.8099994659424,24.9599990844727,2037500,24.579683303833
24.9599990844727,25.6900005340576,24.9599990844727,25.4899997711182,2419100,25.1016101837158
25.4899997711182,25.7800006866455,25.4200000762939,25.6700000762939,1328800,25.2788677215576
25.6700000762939,25.8600006103516,25.4599990844727,25.5,4128600,25.111457824707
25.5,25.9300003051758,25.4400005340576,25.5200004577637,3393800,25.1311531066895
25.5499992370605,25.6800003051758,25.1100006103516,25.2399997711182,2672700,24.8554191589355
25.3400001525879,25.3400001525879,24.3899993896484,24.3899993896484,3545600,24.0183696746826
24.2700004577637,24.5499992370605,22.7999992370605,23.5599994659424,4522400,23.2010154724121
23.6399993896484,23.8299999237061,23.2999992370605,23.4500007629395,3732700,23.0926933288574
23.5400009155273,23.6200008392334,23.1499996185303,23.1499996185303,3204900,22.7972640991211
23.5200004577637,23.5300006866455,22.9200000762939,22.9300003051758,2557100,22.5806159973145
22.9400005340576,23.1499996185303,22.6599998474121,22.7000007629395,1714000,22.3541221618652
22.6499996185303,22.7399997711182,22.3600006103516,22.3600006103516,1808000,22.0193023681641
22.6900005340576,23.2900009155273,22.6900005340576,22.7299995422363,2171300,22.3836631774902
23.0400009155273,23.4799995422363,23.0300006866455,23.2999992370605,2502300,22.9449768066406
23.1599998474121,23.2199993133545,22.7900009155273,22.9500007629395,2493000,22.6003112792969
23.0300006866455,23.2999992370605,22.5599994659424,22.6399993896484,2715300,22.2950344085693
22.3999996185303,22.7600002288818,22.2299995422363,22.4099998474121,2574200,22.4099998474121
22.6700000762939,22.8400001525879,22.4799995422363,22.4799995422363,2539600,22.4799995422363
22.5300006866455,22.6200008392334,22.1000003814697,22.1700000762939,1726600,22.1700000762939
22.2900009155273,22.4400005340576,22.0799999237061,22.2999992370605,2343500,22.2999992370605
22.3500003814697,22.3799991607666,21.8400001525879,22.2099990844727,3041300,22.2099990844727
22.0900001525879,22.6100006103516,22.0900001525879,22.3600006103516,1546600,22.3600006103516
22.5499992370605,22.7800006866455,22.3400001525879,22.5499992370605,1562000,22.5499992370605
22.4300003051758,23.2099990844727,22.3899993896484,23.1200008392334,2808300,23.1200008392334
23.2199993133545,23.4200000762939,22.7399997711182,23.0900001525879,1566000,23.0900001525879
23.3299999237061,23.4599990844727,22.9899997711182,23.3999996185303,1449800,23.3999996185303
23.6100006103516,23.6399993896484,23.3199996948242,23.4300003051758,1151800,23.4300003051758
23.3899993896484,23.7700004577637,23.2099990844727,23.3799991607666,2744900,23.3799991607666
23.2399997711182,23.7000007629395,23.1599998474121,23.7000007629395,1573000,23.7000007629395
23.75,24.6100006103516,23.5100002288818,24.4099998474121,2550200,24.4099998474121
24.4200000762939,24.7000007629395,24.2199993133545,24.5499992370605,1705900,24.5499992370605
24.7000007629395,24.9400005340576,24.2299995422363,24.7299995422363,1550400,24.7299995422363
24.7299995422363,25.7600002288818,24.7299995422363,25.1000003814697,7235500,25.1000003814697
