"Date","CXSE3.SA.Open","CXSE3.SA.High","CXSE3.SA.Low","CXSE3.SA.Close","CXSE3.SA.Volume","CXSE3.SA.Adjusted"
2021-04-30,10.1899995803833,10.2200002670288,10,10.0100002288818,6254200,7.47278642654419
2021-05-03,10.1000003814697,10.1499996185303,9.72999954223633,9.88000011444092,6947800,7.37573766708374
2021-05-04,9.89000034332275,9.89000034332275,9.5,9.69999980926514,11185100,7.24136114120483
2021-05-05,9.73999977111816,9.9399995803833,9.60000038146973,9.9399995803833,4151800,7.42052936553955
2021-05-06,9.93000030517578,10.3900003433228,9.77999973297119,10.3900003433228,8034200,7.7564697265625
2021-05-07,10.2700004577637,10.9499998092651,10.1199998855591,10.9499998092651,8605000,8.17452716827393
2021-05-10,10.9499998092651,11.3900003433228,10.75,11.2299995422363,9466400,8.38355541229248
2021-05-11,11.0799999237061,11.9899997711182,11.0500001907349,11.8299999237061,11765200,8.83147525787354
2021-05-12,11.8299999237061,12.25,11.3999996185303,11.6499996185303,12877700,8.69710063934326
2021-05-13,11.75,12.1999998092651,11.7200002670288,12.1400003433228,8102600,9.06290054321289
2021-05-14,12.289999961853,12.4399995803833,12.210000038147,12.3299999237061,5249200,9.20474147796631
2021-05-17,12.4499998092651,12.9499998092651,12.1999998092651,12.3000001907349,5857800,9.18234634399414
2021-05-18,12.4300003051758,12.5799999237061,12.1599998474121,12.3999996185303,4891400,9.25699996948242
2021-05-19,12.3000001907349,12.3999996185303,11.8900003433228,12.2799997329712,5181300,9.16741561889648
2021-05-20,12.1999998092651,12.3000001907349,12.0200004577637,12.3000001907349,4082200,9.18234634399414
2021-05-21,12.3199996948242,12.3900003433228,11.9899997711182,11.9899997711182,2817700,8.95092010498047
2021-05-24,12.0500001907349,12.1499996185303,11.8000001907349,12,3721400,8.95838642120361
2021-05-25,12.0100002288818,12.1499996185303,11.8800001144409,12.1499996185303,3450400,9.07036590576172
2021-05-26,12.210000038147,12.3000001907349,12,12,2363000,8.95838642120361
2021-05-27,12.039999961853,12.1899995803833,12.039999961853,12.1899995803833,1789300,9.10022640228271
2021-05-28,12.2299995422363,12.25,12.039999961853,12.1499996185303,1658800,9.07036590576172
2021-05-31,12.1700000762939,12.289999961853,12.0500001907349,12.289999961853,2325600,9.174880027771
2021-06-01,12.25,12.3999996185303,11.8800001144409,12,3233700,8.95838642120361
2021-06-02,12.0299997329712,12.1300001144409,11.8199996948242,11.9399995803833,3111800,8.91359424591064
2021-06-04,11.9300003051758,12.0500001907349,11.5900001525879,11.6999998092651,3727100,8.73442649841309
2021-06-07,11.7200002670288,11.8199996948242,11.6499996185303,11.7799997329712,1284400,8.79414939880371
2021-06-08,11.7600002288818,11.7700004577637,11.0100002288818,11.1000003814697,4315100,8.28650760650635
2021-06-09,11.1400003433228,11.2399997711182,10.960000038147,11.1400003433228,1577700,8.31636810302734
2021-06-10,11.210000038147,12.1000003814697,11.1700000762939,11.7799997329712,7858200,8.79414939880371
2021-06-11,12.1300001144409,12.2799997329712,11.8100004196167,11.9300003051758,6123700,8.90612983703613
2021-06-14,11.8000001907349,12.2700004577637,11.5699996948242,12.2700004577637,9065900,9.15994930267334
2021-06-15,12.1599998474121,12.25,11.8699998855591,11.9300003051758,5688200,8.90612983703613
2021-06-16,11.9300003051758,12.1000003814697,11.8100004196167,12.1000003814697,4024100,9.03303909301758
2021-06-17,12.0500001907349,12.6999998092651,12.0299997329712,12.539999961853,11173200,9.36151313781738
2021-06-18,12.539999961853,12.8299999237061,12.1300001144409,12.6000003814697,4925700,9.40630531311035
2021-06-21,12.5900001525879,12.8400001525879,12.4899997711182,12.8400001525879,4931300,9.58547401428223
2021-06-22,12.7299995422363,12.9499998092651,12.6199998855591,12.8800001144409,3175500,9.61533451080322
2021-06-23,12.8500003814697,13.2299995422363,12.8299999237061,12.9300003051758,3780500,9.65266132354736
2021-06-24,13,13.1499996185303,12.8000001907349,13.0200004577637,4380300,9.71984958648682
2021-06-25,13,13.0900001525879,12.6999998092651,12.9399995803833,3662900,9.66012668609619
2021-06-28,12.8900003433228,13.4099998474121,12.8199996948242,13.4099998474121,6771400,10.0109958648682
2021-06-29,13.25,13.25,12.6199998855591,13.1300001144409,10700000,9.80196857452393
2021-06-30,13.0900001525879,13.2799997329712,12.9399995803833,13.0699996948242,5437200,9.75717544555664
2021-07-01,13,13.0600004196167,12.8100004196167,12.8199996948242,2628700,9.57054138183594
2021-07-02,12.8199996948242,12.8599996566772,12.3299999237061,12.6099996566772,3817000,9.41377067565918
2021-07-05,12.5,12.5799999237061,12.1899995803833,12.3000001907349,3850700,9.18234634399414
2021-07-06,12.3000001907349,12.3000001907349,12.0299997329712,12.1800003051758,3531200,9.09276103973389
2021-07-07,12.1800003051758,12.2399997711182,11.960000038147,12.1800003051758,3312000,9.09276103973389
2021-07-08,11.960000038147,11.9799995422363,11.7600002288818,11.8000001907349,2772600,8.80907821655273
2021-07-12,11.8000001907349,11.9300003051758,11.5200004577637,11.6999998092651,4033600,8.73442649841309
2021-07-13,11.6999998092651,11.7700004577637,11.4399995803833,11.5699996948242,4737900,8.63737678527832
2021-07-14,11.5500001907349,11.6599998474121,11.3299999237061,11.4099998474121,3653200,8.51793193817139
2021-07-15,11.3599996566772,11.3800001144409,11.0100002288818,11.0200004577637,5089300,8.22678565979004
2021-07-16,11.039999961853,11.1400003433228,10.6000003814697,10.6599998474121,8139300,7.95803260803223
2021-07-19,10.5,10.6199998855591,10.2200002670288,10.3299999237061,5436000,7.71167707443237
2021-07-20,10.3500003814697,10.5,10.0500001907349,10.3800001144409,6820800,7.74900388717651
2021-07-21,10.4099998474121,10.7700004577637,10.2600002288818,10.5200004577637,5611900,7.85352039337158
2021-07-22,10.5600004196167,10.9300003051758,10.5600004196167,10.789999961853,4908200,8.05508232116699
2021-07-23,10.8500003814697,11.460000038147,10.8199996948242,11.4399995803833,8481100,8.54032802581787
2021-07-26,11.4700002670288,12.1000003814697,11.25,11.9200000762939,10164900,8.8986644744873
2021-07-27,11.9099998474121,11.9300003051758,11.1199998855591,11.3999996185303,7195400,8.51046562194824
2021-07-28,11.3900003433228,11.3900003433228,11,11.2700004577637,4855400,8.41341686248779
2021-07-29,11.2600002288818,11.4899997711182,11.1199998855591,11.3400001525879,2709400,8.46567535400391
2021-07-30,11.2600002288818,11.3699998855591,10.960000038147,10.960000038147,3203000,8.18199348449707
2021-08-02,11.1000003814697,11.25,10.8000001907349,10.9200000762939,2930600,8.15213108062744
2021-08-03,10.8900003433228,10.8999996185303,10.6199998855591,10.8800001144409,1978800,8.12227058410645
2021-08-04,10.9200000762939,10.9700002670288,10.6199998855591,10.6300001144409,1654000,7.93563795089722
2021-08-05,10.6499996185303,10.6999998092651,10.3599996566772,10.460000038147,2513900,7.80872631072998
2021-08-06,10.3999996185303,10.7200002670288,10.3100004196167,10.5799999237061,1800600,7.89831018447876
2021-08-09,10.4700002670288,10.5699996948242,10.3999996185303,10.4799995422363,1324900,7.82365608215332
2021-08-10,10.4799995422363,10.5699996948242,10.3800001144409,10.4200000762939,1535000,7.77886533737183
2021-08-11,10.4399995803833,10.5900001525879,10.3199996948242,10.460000038147,1376900,7.80872631072998
2021-08-12,10.5100002288818,10.789999961853,10.3800001144409,10.7299995422363,5339200,8.01029014587402
2021-08-13,10.7799997329712,10.7799997329712,10.4499998092651,10.6000003814697,2392300,7.91324281692505
2021-08-16,10.5100002288818,10.5200004577637,10.1000003814697,10.1099996566772,2371600,7.54744052886963
2021-08-17,10.0699996948242,10.1099996566772,9.67000007629395,9.6899995803833,3516100,7.23389673233032
2021-08-18,9.71000003814697,10.289999961853,9.68000030517578,10.0100002288818,3561300,7.47278642654419
2021-08-19,9.94999980926514,10.2399997711182,9.82999992370605,10.1300001144409,2646500,7.56237316131592
2021-08-20,10.1199998855591,10.2700004577637,10.0100002288818,10.1199998855591,1317600,7.5549054145813
2021-08-23,10.1400003433228,10.2399997711182,9.93000030517578,9.97000026702881,2263500,7.44292640686035
2021-08-24,10.0299997329712,10.3800001144409,10.0100002288818,10.1899995803833,2735700,7.6071629524231
2021-08-25,10.1599998474121,10.3400001525879,10.0500001907349,10.2799997329712,2295300,7.67435073852539
2021-08-26,10.25,10.3299999237061,10.0299997329712,10.1300001144409,1844700,7.56237316131592
2021-08-27,10.1499996185303,10.1999998092651,10.0299997329712,10.0799999237061,2072900,7.5250449180603
2021-08-30,10.0500001907349,10.0699996948242,9.90999984741211,9.9399995803833,1515400,7.42052936553955
2021-08-31,9.90999984741211,9.97000026702881,9.81999969482422,9.86999988555908,2070600,7.36827325820923
2021-09-01,9.85999965667725,10.0299997329712,9.8100004196167,9.8100004196167,1625800,7.3234806060791
2021-09-02,9.80000019073486,9.8100004196167,9.51000022888184,9.51000022888184,1942800,7.09952068328857
2021-09-03,9.53999996185303,9.72999954223633,9.47999954223633,9.72999954223633,2897300,7.26375722885132
2021-09-06,9.64999961853027,9.80000019073486,9.52999973297119,9.53999996185303,1946400,7.12191677093506
2021-09-08,9.52000045776367,9.52000045776367,9.14000034332275,9.14000034332275,3100100,6.82330465316772
2021-09-09,9.10999965667725,9.30000019073486,8.89999961853027,9.22000026702881,3225900,6.88302755355835
2021-09-10,9.39999961853027,9.55000019073486,9.13000011444092,9.15999984741211,2966800,6.83823490142822
2021-09-13,9.25,9.59000015258789,9.21000003814697,9.38000011444092,3314600,7.00247192382812
2021-09-14,9.38000011444092,9.47000026702881,9.3100004196167,9.38000011444092,1712400,7.00247192382812
2021-09-15,9.38000011444092,9.38000011444092,9.14000034332275,9.18000030517578,1144700,6.85316514968872
2021-09-16,9.15999984741211,9.18000030517578,9.02999973297119,9.07999992370605,1324100,6.77851247787476
2021-09-17,9.05000019073486,9.05000019073486,8.75,8.75,3242700,6.53215646743774
2021-09-20,8.48999977111816,8.56999969482422,8.30000019073486,8.36999988555908,3065000,6.24847412109375
2021-09-21,8.42000007629395,8.52999973297119,8.30000019073486,8.30000019073486,4519000,6.19621753692627
2021-09-22,8.35000038146973,8.61999988555908,8.32999992370605,8.55000019073486,8013300,6.38285064697266
2021-09-23,8.60000038146973,8.72999954223633,8.48999977111816,8.5600004196167,3446700,6.39031600952148
2021-09-24,8.5,8.78999996185303,8.46000003814697,8.69999980926514,2610100,6.49483013153076
2021-09-27,8.69999980926514,8.96000003814697,8.69999980926514,8.85999965667725,2578800,6.6142749786377
2021-09-28,8.85000038146973,8.85000038146973,8.47000026702881,8.47000026702881,2724100,6.32312774658203
2021-09-29,8.5600004196167,8.57999992370605,8.32999992370605,8.32999992370605,2579000,6.2186131477356
2021-09-30,8.39000034332275,8.44999980926514,8.1899995803833,8.27000045776367,3296400,6.17382144927979
2021-10-01,8.22999954223633,8.52000045776367,8.14000034332275,8.4399995803833,3039600,6.30073118209839
2021-10-04,8.4399995803833,8.46000003814697,8.0600004196167,8.0600004196167,2690300,6.01704978942871
2021-10-05,8.11999988555908,8.15999984741211,7.94999980926514,7.94999980926514,2881800,5.93493032455444
2021-10-06,7.86999988555908,8,7.67000007629395,8,4056200,5.97225761413574
2021-10-07,8.05000019073486,8.10999965667725,7.73000001907349,7.76999998092651,2379200,5.80055522918701
2021-10-08,7.78000020980835,7.96999979019165,7.78000020980835,7.8899998664856,2969400,5.89013862609863
2021-10-11,7.8899998664856,8.38000011444092,7.84999990463257,8.09000015258789,4386000,6.03944492340088
2021-10-13,8.06999969482422,8.61999988555908,8.06999969482422,8.5,8258900,6.34552383422852
2021-10-14,8.60000038146973,8.82999992370605,8.48999977111816,8.64000034332275,4488700,6.45003843307495
2021-10-15,8.69999980926514,9.69999980926514,8.63000011444092,9.6899995803833,13934900,7.23389673233032
2021-10-18,9.64000034332275,9.93000030517578,9.15999984741211,9.89999961853027,6985800,7.3906683921814
2021-10-19,9.80000019073486,9.86999988555908,9.52000045776367,9.65999984741211,4467300,7.21150016784668
2021-10-20,9.65999984741211,9.77000045776367,9.5,9.59000015258789,3982300,7.1592435836792
2021-10-21,9.25,9.44999980926514,8.97000026702881,9.14000034332275,4738000,6.82330465316772
2021-10-22,9.13000011444092,9.1899995803833,8.5600004196167,9.03999996185303,5835000,6.74865102767944
2021-10-25,9.17000007629395,9.5600004196167,9.06999969482422,9.39999961853027,4577600,7.01740169525146
2021-10-26,9.35000038146973,9.35000038146973,8.85999965667725,9.02000045776367,6862900,6.73372030258179
2021-10-27,9.06999969482422,9.18000030517578,8.90999984741211,8.93000030517578,3055400,6.66653299331665
2021-10-28,8.89999961853027,8.98999977111816,8.75,8.77999973297119,2437900,6.55455207824707
2021-10-29,8.8100004196167,8.89000034332275,8.64000034332275,8.75,3726800,6.53215646743774
2021-11-01,8.89000034332275,9.02999973297119,8.67000007629395,8.97000026702881,2346400,6.6963939666748
2021-11-03,8.97000026702881,9.15999984741211,8.8100004196167,9.0600004196167,3344100,6.76358222961426
2021-11-04,9.06999969482422,9.27999973297119,8.98999977111816,9.0600004196167,4476700,6.76358222961426
2021-11-05,8.88000011444092,9.14999961853027,8.69999980926514,9.11999988555908,4026200,6.9972939491272
2021-11-08,9.11999988555908,9.19999980926514,8.93000030517578,9,2462200,6.90522384643555
2021-11-09,9.02000045776367,9.15999984741211,8.98999977111816,9.0600004196167,2122300,6.95126056671143
2021-11-10,9.05000019073486,9.27000045776367,9.02999973297119,9.07999992370605,2711500,6.96660423278809
2021-11-11,9.0600004196167,9.52000045776367,9.05000019073486,9.4399995803833,4161100,7.2428126335144
2021-11-12,9.39999961853027,9.60000038146973,9.30000019073486,9.35000038146973,2991600,7.17376089096069
2021-11-16,9.39999961853027,9.75,9.22999954223633,9.72999954223633,4818300,7.46531534194946
2021-11-17,9.71000003814697,9.71000003814697,9.11999988555908,9.28999996185303,3853000,7.12772607803345
2021-11-18,9.35000038146973,9.38000011444092,9.03999996185303,9.30000019073486,2570500,7.13539886474609
2021-11-19,9.28999996185303,9.47000026702881,9.19999980926514,9.46000003814697,2500600,7.25815868377686
2021-11-22,9.44999980926514,9.63000011444092,9.23999977111816,9.32999992370605,4361500,7.15841722488403
2021-11-23,9.36999988555908,9.36999988555908,8.81999969482422,8.85000038146973,4929900,6.79013729095459
2021-11-24,8.85000038146973,8.90999984741211,8.60000038146973,8.68000030517578,3616700,6.65970516204834
2021-11-25,8.6899995803833,9,8.6899995803833,8.92000007629395,1905500,6.84384489059448
2021-11-26,8.76000022888184,8.92000007629395,8.64000034332275,8.72000026702881,1982300,6.69039535522461
2021-11-29,8.85000038146973,8.93000030517578,8.68000030517578,8.72999954223633,2090800,6.69806814193726
2021-11-30,8.72999954223633,8.72999954223633,8.10000038146973,8.22000026702881,8247500,6.30677175521851
2021-12-01,8.30000019073486,8.40999984741211,8.05000019073486,8.10000038146973,6074500,6.21470260620117
2021-12-02,8.18000030517578,8.4399995803833,8.18000030517578,8.28999996185303,3293600,6.36047887802124
2021-12-03,8.26000022888184,8.71000003814697,8.26000022888184,8.4399995803833,2255300,6.47556591033936
2021-12-06,8.47999954223633,8.92000007629395,8.40999984741211,8.85000038146973,3154200,6.79013729095459
2021-12-07,8.89999961853027,9.03999996185303,8.82999992370605,8.98999977111816,2570300,6.89755249023438
2021-12-08,8.94999980926514,9.10999965667725,8.86999988555908,8.9399995803833,2754600,6.85918998718262
2021-12-09,8.94999980926514,8.97000026702881,8.64999961853027,8.76000022888184,1781000,6.72108554840088
2021-12-10,8.8100004196167,8.85000038146973,8.64999961853027,8.8100004196167,1657600,6.75944805145264
2021-12-13,8.8100004196167,9.05000019073486,8.71000003814697,8.76000022888184,1817800,6.72108554840088
2021-12-14,8.76000022888184,8.89999961853027,8.38000011444092,8.39000034332275,3147700,6.43720388412476
2021-12-15,8.42000007629395,8.52000045776367,8.22000026702881,8.46000003814697,2536700,6.49091053009033
2021-12-16,8.5,8.56999969482422,8.32999992370605,8.5,3047100,6.52160120010376
2021-12-17,8.35999965667725,8.46000003814697,8.18000030517578,8.30000019073486,18504300,6.36815214157104
2021-12-20,8.30000019073486,8.30000019073486,8.06999969482422,8.22000026702881,2506300,6.30677175521851
2021-12-21,8.22000026702881,8.28999996185303,8.0600004196167,8.19999980926514,1714100,6.29142713546753
2021-12-22,8.19999980926514,8.22999954223633,8.09000015258789,8.17000007629395,1461600,6.26840972900391
2021-12-23,8.25,8.25,8.0600004196167,8.07999992370605,998600,6.19935703277588
2021-12-27,8.07999992370605,8.19999980926514,8.02999973297119,8.11999988555908,1261300,6.23004674911499
2021-12-28,8.09000015258789,8.22000026702881,7.96000003814697,8.14999961853027,2054600,6.25306415557861
2021-12-29,8.14999961853027,8.19999980926514,8.02000045776367,8.07999992370605,1208000,6.19935703277588
2021-12-30,8.0600004196167,8.43000030517578,7.96999979019165,8.35999965667725,3236800,6.41418647766113
2022-01-03,8.35999965667725,8.39000034332275,8.02000045776367,8.06999969482422,2727300,6.19168472290039
2022-01-04,8.10999965667725,8.14999961853027,7.98999977111816,8.01000022888184,2765800,6.14564990997314
2022-01-05,8.01000022888184,8.01000022888184,7.82999992370605,7.84999990463257,2456900,6.02289056777954
2022-01-06,7.8600001335144,7.92000007629395,7.69999980926514,7.90000009536743,1916500,6.06125259399414
2022-01-07,7.8899998664856,7.98999977111816,7.80999994277954,7.98999977111816,1489400,6.13030529022217
2022-01-10,7.98999977111816,7.98999977111816,7.78000020980835,7.90999984741211,2690300,6.06892538070679
2022-01-11,7.90999984741211,7.94999980926514,7.82999992370605,7.86999988555908,1271800,6.03823518753052
2022-01-12,7.84999990463257,7.98000001907349,7.84999990463257,7.92999982833862,704100,6.0842695236206
2022-01-13,7.92999982833862,8.11999988555908,7.90000009536743,8.09000015258789,1937300,6.20702981948853
2022-01-14,8.02999973297119,8.1899995803833,8.02000045776367,8.1899995803833,1715000,6.28375387191772
2022-01-17,8.14000034332275,8.22999954223633,8.06999969482422,8.15999984741211,805400,6.26073694229126
2022-01-18,8.10000038146973,8.13000011444092,7.82000017166138,7.88000011444092,3710300,6.04590845108032
2022-01-19,7.92000007629395,7.94000005722046,7.84999990463257,7.90000009536743,2778500,6.06125259399414
2022-01-20,7.90000009536743,8.25,7.88000011444092,8.19999980926514,8169000,6.29142713546753
2022-01-21,8.14999961853027,8.56999969482422,8.07999992370605,8.3100004196167,7210900,6.37582445144653
2022-01-24,8.27999973297119,8.27999973297119,7.96000003814697,8.22000026702881,2512900,6.30677175521851
2022-01-25,8.11999988555908,8.17000007629395,8.02000045776367,8.07999992370605,3243400,6.19935703277588
2022-01-26,8.14999961853027,8.19999980926514,8.02000045776367,8.07999992370605,5089000,6.19935703277588
2022-01-27,8.06999969482422,8.32999992370605,8.05000019073486,8.15999984741211,5245500,6.26073694229126
2022-01-28,8.11999988555908,8.5600004196167,8.0600004196167,8.47000026702881,4171900,6.4985842704773
2022-01-31,8.47999954223633,9,8.47999954223633,9,5308500,6.90522384643555
2022-02-01,8.98999977111816,9.11999988555908,8.88000011444092,9.06999969482422,2746200,6.95893096923828
2022-02-02,9.06999969482422,9.11999988555908,8.8100004196167,8.81999969482422,1956400,6.76711940765381
2022-02-03,8.85000038146973,8.98999977111816,8.8100004196167,8.84000015258789,2672500,6.78246545791626
2022-02-04,8.84000015258789,8.98999977111816,8.77000045776367,8.89999961853027,2755100,6.82849931716919
2022-02-07,8.9399995803833,9.03999996185303,8.88000011444092,8.96000003814697,1805200,6.87453460693359
2022-02-08,8.8100004196167,9.06999969482422,8.8100004196167,8.93000030517578,1902200,6.85151767730713
2022-02-09,8.90999984741211,9.11999988555908,8.90999984741211,9.0600004196167,1374400,6.95126056671143
2022-02-10,9.05000019073486,9.27000045776367,8.97000026702881,9.07999992370605,2529400,6.96660423278809
2022-02-11,9.07999992370605,9.55000019073486,9.03999996185303,9.27000045776367,4756100,7.11238145828247
2022-02-14,9.28999996185303,9.47999954223633,9.1899995803833,9.38000011444092,2977500,7.19677877426147
2022-02-15,9.39999961853027,9.47999954223633,9.3100004196167,9.38000011444092,1627000,7.19677877426147
2022-02-16,9.44999980926514,9.53999996185303,9.17000007629395,9.17000007629395,2828500,7.03565692901611
2022-02-17,9.17000007629395,9.17000007629395,8.80000019073486,8.80000019073486,4207800,6.75177526473999
2022-02-18,8.8100004196167,8.8100004196167,8.61999988555908,8.6899995803833,1936200,6.66737699508667
2022-02-21,8.64000034332275,8.68000030517578,8.39999961853027,8.4399995803833,1146200,6.47556591033936
2022-02-22,8.4399995803833,8.60000038146973,8.40999984741211,8.46000003814697,1167300,6.49091053009033
2022-02-23,8.46000003814697,8.60000038146973,8.39999961853027,8.39999961853027,1033300,6.4448766708374
2022-02-24,8.19999980926514,8.30000019073486,8.02999973297119,8.22999954223633,2192400,6.31444358825684
2022-02-25,8.17000007629395,8.35000038146973,8.17000007629395,8.31999969482422,1033200,6.3834958076477
2022-03-02,8.27999973297119,8.42000007629395,8.21000003814697,8.34000015258789,1252700,6.39884185791016
2022-03-03,8.35000038146973,8.59000015258789,8.32999992370605,8.52000045776367,1115700,6.53694581985474
2022-03-04,8.44999980926514,8.5,8.21000003814697,8.27000045776367,1250400,6.34513425827026
2022-03-07,8.23999977111816,8.30000019073486,7.90000009536743,7.90000009536743,2599100,6.06125259399414
2022-03-08,7.96000003814697,8.07999992370605,7.80999994277954,8.05000019073486,2849300,6.17634010314941
2022-03-09,8.09000015258789,8.23999977111816,7.94999980926514,7.94999980926514,3489300,6.0996150970459
2022-03-10,7.98000001907349,8.13000011444092,7.96999979019165,8.01000022888184,1533200,6.14564990997314
2022-03-11,8.02999973297119,8.05000019073486,7.73999977111816,7.78000020980835,3520200,5.96918296813965
2022-03-14,7.82999992370605,7.92000007629395,7.65000009536743,7.65000009536743,1819900,5.86944150924683
2022-03-15,7.65000009536743,7.75,7.51999998092651,7.75,2360000,5.94616556167603
2022-03-16,7.80000019073486,7.82999992370605,7.53999996185303,7.59999990463257,2578500,5.83107852935791
2022-03-17,7.61999988555908,7.92000007629395,7.59000015258789,7.90999984741211,2284800,6.06892538070679
2022-03-18,7.90999984741211,8.28999996185303,7.86999988555908,8.28999996185303,4341100,6.36047887802124
2022-03-21,8.27000045776367,8.36999988555908,8.18000030517578,8.21000003814697,2090000,6.29909896850586
2022-03-22,8.22000026702881,8.52000045776367,8.22000026702881,8.47999954223633,2114400,6.50625610351562
2022-03-23,8.44999980926514,8.56999969482422,8.27999973297119,8.47000026702881,2015900,6.4985842704773
2022-03-24,8.5,8.68000030517578,8.44999980926514,8.64000034332275,1405700,6.62901639938354
2022-03-25,8.63000011444092,8.77000045776367,8.60000038146973,8.68000030517578,931800,6.65970516204834
2022-03-28,8.68000030517578,8.85999965667725,8.60000038146973,8.85000038146973,1830800,6.79013729095459
2022-03-29,8.85000038146973,9.0600004196167,8.81999969482422,8.97999954223633,1930200,6.88987874984741
2022-03-30,8.97999954223633,8.97999954223633,8.8100004196167,8.86999988555908,906400,6.80548238754272
2022-03-31,8.89999961853027,8.9399995803833,8.73999977111816,8.89000034332275,1083500,6.82082796096802
2022-04-01,8.9399995803833,9.05000019073486,8.68000030517578,8.77999973297119,1539700,6.73643016815186
2022-04-04,8.77000045776367,8.77999973297119,8.5,8.5,1782700,6.52160120010376
2022-04-05,8.5,8.5,8.11999988555908,8.11999988555908,1918200,6.23004674911499
2022-04-06,8.11999988555908,8.14000034332275,7.94999980926514,8.11999988555908,2070300,6.23004674911499
2022-04-07,8.09000015258789,8.21000003814697,8.07999992370605,8.14999961853027,629600,6.25306415557861
2022-04-08,8.13000011444092,8.17000007629395,8.05000019073486,8.09000015258789,702000,6.20702981948853
2022-04-11,8.02999973297119,8.10999965667725,8,8.02000045776367,1238300,6.15332269668579
2022-04-12,8.10000038146973,8.27000045776367,8.0600004196167,8.14999961853027,2349200,6.25306415557861
2022-04-13,8.17000007629395,8.19999980926514,7.92000007629395,7.96999979019165,3075500,6.11495971679688
2022-04-14,8,8.02000045776367,7.8600001335144,7.92999982833862,1908800,6.0842695236206
2022-04-18,8.10999965667725,8.39000034332275,8.10999965667725,8.3100004196167,2908300,6.37582445144653
2022-04-19,8.34000015258789,8.5,8.17000007629395,8.30000019073486,6941300,6.36815214157104
2022-04-20,8.34000015258789,8.57999992370605,8.27000045776367,8.40999984741211,5591700,6.45254898071289
2022-04-22,7.92000007629395,8.05000019073486,7.73999977111816,7.78000020980835,3815600,6.18677949905396
2022-04-25,7.73999977111816,7.86999988555908,7.57000017166138,7.80000019073486,4667900,6.2026834487915
2022-04-26,7.78000020980835,7.84000015258789,7.59000015258789,7.67000007629395,5279500,6.09930610656738
2022-04-27,7.67000007629395,8,7.65000009536743,7.84999990463257,5621700,6.24244451522827
2022-04-28,7.86999988555908,8.02000045776367,7.76000022888184,8.02000045776367,3923100,6.37763166427612
2022-04-29,7.98999977111816,8.01000022888184,7.80000019073486,7.84000015258789,4355300,6.23449277877808
2022-05-02,7.80999994277954,7.80999994277954,7.57000017166138,7.71999979019165,6155900,6.13906621932983
2022-05-03,7.71999979019165,7.71999979019165,7.59000015258789,7.71000003814697,2084600,6.13111448287964
2022-05-04,7.71000003814697,7.98999977111816,7.53999996185303,7.98999977111816,6483900,6.35377502441406
2022-05-05,7.94000005722046,7.96000003814697,7.67000007629395,7.67000007629395,2344800,6.09930610656738
2022-05-06,7.67999982833862,7.71999979019165,7.48000001907349,7.53999996185303,2463700,5.99592781066895
2022-05-09,7.48999977111816,7.71000003814697,7.46000003814697,7.59999990463257,2012100,6.04364109039307
2022-05-10,7.6100001335144,7.86999988555908,7.44999980926514,7.46000003814697,2633000,5.93231010437012
2022-05-11,7.46999979019165,7.51999998092651,7.3600001335144,7.3899998664856,1603300,5.8766450881958
2022-05-12,7.38000011444092,7.51999998092651,7.38000011444092,7.44000005722046,2603700,5.91640615463257
2022-05-13,7.44000005722046,7.57000017166138,7.42999982833862,7.48999977111816,2372600,5.95616626739502
2022-05-16,7.51000022888184,7.57000017166138,7.40000009536743,7.44000005722046,2537700,5.91640615463257
2022-05-17,7.51999998092651,7.63000011444092,7.42000007629395,7.48000001907349,2550300,5.94821500778198
2022-05-18,7.48000001907349,7.59999990463257,7.44000005722046,7.55000019073486,2336900,6.00388050079346
2022-05-19,7.57000017166138,7.80000019073486,7.48000001907349,7.80000019073486,1859300,6.2026834487915
2022-05-20,7.80000019073486,7.82999992370605,7.55999994277954,7.6399998664856,2349000,6.07544898986816
2022-05-23,7.65000009536743,7.69999980926514,7.59999990463257,7.63000011444092,1455800,6.06749773025513
2022-05-24,7.6100001335144,7.69000005722046,7.55999994277954,7.69000005722046,1707300,6.11521005630493
2022-05-25,7.69000005722046,7.71000003814697,7.59999990463257,7.6100001335144,896600,6.05159282684326
2022-05-26,7.6399998664856,7.67000007629395,7.57999992370605,7.6100001335144,1975000,6.05159282684326
2022-05-27,7.61999988555908,7.82000017166138,7.57999992370605,7.82000017166138,1337300,6.21858882904053
2022-05-30,7.78999996185303,7.92999982833862,7.69999980926514,7.76999998092651,1522200,6.17882776260376
2022-05-31,7.78999996185303,7.8899998664856,7.73999977111816,7.8600001335144,2809600,6.25039720535278
2022-06-01,7.8600001335144,7.90999984741211,7.73999977111816,7.76999998092651,1388300,6.17882776260376
2022-06-02,7.78999996185303,7.8600001335144,7.71000003814697,7.71000003814697,3296900,6.13111448287964
2022-06-03,7.71000003814697,7.80000019073486,7.61999988555908,7.61999988555908,2386200,6.05954551696777
2022-06-06,7.69999980926514,7.69999980926514,7.44999980926514,7.44999980926514,2573100,5.92435836791992
2022-06-07,7.46000003814697,7.48000001907349,7.32000017166138,7.32999992370605,2391200,5.828932762146
2022-06-08,7.34000015258789,7.44999980926514,7.26999998092651,7.32999992370605,2100700,5.828932762146
2022-06-09,7.32999992370605,7.38000011444092,7.19999980926514,7.19999980926514,2675300,5.72555446624756
2022-06-10,7.19999980926514,7.23999977111816,7.11999988555908,7.13000011444092,2359600,5.6698899269104
2022-06-13,7.09999990463257,7.11999988555908,6.8899998664856,6.92999982833862,5874600,5.51084613800049
2022-06-14,6.98999977111816,7.03999996185303,6.84999990463257,6.94999980926514,3470900,5.52675008773804
2022-06-15,7,7.07000017166138,6.8899998664856,7.01000022888184,3377100,5.57446432113647
2022-06-17,6.96000003814697,7.01999998092651,6.75,7.01999998092651,4037100,5.58241510391235
2022-06-20,7.01999998092651,7.11999988555908,6.90000009536743,7.01999998092651,2984900,5.58241510391235
2022-06-21,7.05000019073486,7.26000022888184,7.03999996185303,7.17999982833862,2494400,5.70965051651001
2022-06-22,7.1100001335144,7.21999979019165,7.1100001335144,7.1100001335144,1090200,5.65398502349854
2022-06-23,7.09999990463257,7.19999980926514,7.05000019073486,7.05000019073486,1103500,5.60627222061157
2022-06-24,7.15000009536743,7.15000009536743,7.01000022888184,7.05000019073486,1019700,5.60627222061157
2022-06-27,7.09999990463257,7.1399998664856,7.01000022888184,7.05000019073486,1963700,5.60627222061157
2022-06-28,7.07999992370605,7.19999980926514,7.03000020980835,7.03999996185303,1602200,5.59832000732422
2022-06-29,7.03999996185303,7.17000007629395,7.01999998092651,7.03000020980835,1892800,5.59036779403687
2022-06-30,7.03000020980835,7.05000019073486,6.92000007629395,6.92999982833862,4338400,5.51084613800049
2022-07-01,6.98999977111816,7,6.92000007629395,6.94000005722046,1151800,5.51879835128784
2022-07-04,6.96000003814697,6.98000001907349,6.82000017166138,6.82000017166138,1795300,5.42337226867676
2022-07-05,6.82000017166138,6.84000015258789,6.69000005722046,6.80999994277954,1725800,5.41541957855225
2022-07-06,6.80999994277954,6.90000009536743,6.76000022888184,6.80000019073486,2119600,5.40746831893921
2022-07-07,6.84999990463257,6.96999979019165,6.84999990463257,6.8899998664856,1405800,5.47903680801392
2022-07-08,6.90000009536743,6.94999980926514,6.82000017166138,6.84999990463257,1535800,5.44722843170166
2022-07-11,6.80000019073486,6.84000015258789,6.67999982833862,6.73999977111816,1575400,5.35975503921509
2022-07-12,6.73999977111816,6.76999998092651,6.61999988555908,6.67999982833862,1573500,5.31204175949097
2022-07-13,6.65999984741211,6.71000003814697,6.6399998664856,6.65000009536743,1336300,5.28818559646606
2022-07-14,6.65000009536743,6.67000007629395,6.59000015258789,6.6399998664856,1698600,5.28023338317871
2022-07-15,6.67000007629395,6.86999988555908,6.65999984741211,6.82999992370605,1773000,5.43132448196411
2022-07-18,6.84000015258789,6.96000003814697,6.71000003814697,6.73000001907349,1177000,5.35180282592773
2022-07-19,6.75,6.82999992370605,6.75,6.82999992370605,1165500,5.43132448196411
2022-07-20,6.71999979019165,6.94000005722046,6.71999979019165,6.8600001335144,1543500,5.45518159866333
2022-07-21,6.8600001335144,6.96999979019165,6.82999992370605,6.90999984741211,1153300,5.49494218826294
2022-07-22,6.94999980926514,7.01999998092651,6.92999982833862,7,1457600,5.5665111541748
2022-07-25,6.90999984741211,7.01999998092651,6.90000009536743,6.98999977111816,1440600,5.55855846405029
2022-07-26,6.98999977111816,7.05000019073486,6.92000007629395,6.92000007629395,1912100,5.50289392471313
2022-07-27,6.98999977111816,7.25,6.96999979019165,7.25,1272100,5.76531553268433
2022-07-28,7.23999977111816,7.44000005722046,7.19999980926514,7.3600001335144,2197000,5.85278844833374
2022-07-29,7.38000011444092,7.51000022888184,7.30000019073486,7.44999980926514,3378500,5.92435836791992
2022-08-01,7.44999980926514,7.57999992370605,7.34999990463257,7.3899998664856,1772000,5.8766450881958
2022-08-02,7.3899998664856,7.48000001907349,7.32000017166138,7.36999988555908,1574800,5.86074066162109
2022-08-03,7.36999988555908,7.40999984741211,7.28000020980835,7.30000019073486,1542300,5.80507659912109
2022-08-04,7.34999990463257,7.67000007629395,7.34999990463257,7.61999988555908,2143300,6.05954551696777
2022-08-05,7.61999988555908,7.73000001907349,7.55000019073486,7.65000009536743,1665000,6.08340167999268
2022-08-08,7.69000005722046,7.98999977111816,7.69000005722046,7.96000003814697,2635100,6.32991886138916
2022-08-09,7.94999980926514,8.01000022888184,7.84999990463257,7.90999984741211,1875600,6.29015779495239
2022-08-10,7.98000001907349,8.10000038146973,7.92999982833862,7.96000003814697,2103800,6.32991886138916
2022-08-11,7.98999977111816,8.05000019073486,7.8600001335144,7.94999980926514,1267600,6.32196664810181
2022-08-12,7.94999980926514,8.1899995803833,7.90000009536743,8.18000030517578,1318600,6.50486612319946
2022-08-15,8.18000030517578,8.64000034332275,8.14999961853027,8.60999965667725,3132100,6.84680843353271
2022-08-16,8.85999965667725,9.42000007629395,8.72999954223633,9.27999973297119,8509400,7.37960338592529
2022-08-17,9.1899995803833,9.23999977111816,8.86999988555908,9.13000011444092,4600800,7.26032161712646
2022-08-18,9.10999965667725,9.22999954223633,9.01000022888184,9.02999973297119,2833100,7.18079948425293
2022-08-19,9,9.1899995803833,8.86999988555908,9.15999984741211,4128700,7.28417730331421
2022-08-22,9.13000011444092,9.1899995803833,8.98999977111816,9,2593300,7.15694236755371
2022-08-23,8.98999977111816,9.27000045776367,8.98999977111816,9.21000003814697,2812300,7.32393789291382
2022-08-24,9.15999984741211,9.36999988555908,9.13000011444092,9.26000022888184,3993400,7.36369943618774
2022-08-25,9.27000045776367,9.39000034332275,9.09000015258789,9.11999988555908,2288000,7.25236892700195
2022-08-26,9.14999961853027,9.28999996185303,9.10000038146973,9.21000003814697,1755100,7.32393789291382
2022-08-29,9.1899995803833,9.22999954223633,9.07999992370605,9.13000011444092,1818900,7.26032161712646
2022-08-30,9.14000034332275,9.22000026702881,8.94999980926514,9.0600004196167,2286600,7.20465707778931
2022-08-31,9.0600004196167,9.17000007629395,9.01000022888184,9.10999965667725,1813000,7.24441623687744
2022-09-01,9.10999965667725,9.14999961853027,8.89999961853027,8.92000007629395,2507800,7.09332609176636
2022-09-02,8.96000003814697,9.11999988555908,8.96000003814697,9.09000015258789,1171700,7.22851276397705
2022-09-05,9.10999965667725,9.14000034332275,8.98999977111816,9.02000045776367,1610000,7.17284774780273
2022-09-06,9,9.02000045776367,8.86999988555908,8.94999980926514,1646900,7.11718225479126
2022-09-08,8.98999977111816,9.06999969482422,8.76000022888184,8.82999992370605,3474900,7.02175617218018
2022-09-09,8.89000034332275,8.98999977111816,8.8100004196167,8.89999961853027,2995800,7.07741975784302
2022-09-12,8.90999984741211,9.03999996185303,8.90999984741211,8.94999980926514,1648300,7.11718225479126
2022-09-13,8.94999980926514,9.02000045776367,8.84000015258789,8.90999984741211,2485700,7.08537340164185
2022-09-14,9.01000022888184,9.01000022888184,8.86999988555908,8.89999961853027,2453500,7.07741975784302
2022-09-15,8.89999961853027,9.01000022888184,8.82999992370605,8.96000003814697,3366300,7.1251335144043
2022-09-16,8.96000003814697,9,8.63000011444092,8.63000011444092,6243500,6.86271333694458
2022-09-19,8.72000026702881,9.0600004196167,8.69999980926514,9,4375100,7.15694236755371
2022-09-20,9.05000019073486,9.19999980926514,9,9.10000038146973,5361800,7.23646450042725
2022-09-21,9.10000038146973,9.1899995803833,9.02000045776367,9.10000038146973,2911100,7.23646450042725
2022-09-22,9.18000030517578,9.18000030517578,8.84000015258789,8.97000026702881,2692200,7.13308668136597
2022-09-23,8.82999992370605,9.02000045776367,8.80000019073486,8.92000007629395,2542500,7.09332609176636
2022-09-26,8.89999961853027,8.90999984741211,8.64000034332275,8.72000026702881,3894100,6.93428230285645
2022-09-27,8.80000019073486,8.81999969482422,8.68000030517578,8.75,2277300,6.95813846588135
2022-09-28,8.73999977111816,8.73999977111816,8.53999996185303,8.67000007629395,2642300,6.89452266693115
2022-09-29,8.61999988555908,8.61999988555908,8.35000038146973,8.42000007629395,3219200,6.69571781158447
2022-09-30,8.40999984741211,8.5600004196167,8.31999969482422,8.51000022888184,2230400,6.76728820800781
2022-10-03,8.52999973297119,8.86999988555908,8.52999973297119,8.84000015258789,2085800,7.02970886230469
2022-10-04,8.89000034332275,9.01000022888184,8.65999984741211,8.76000022888184,2734500,6.9660906791687
2022-10-05,8.76000022888184,9.03999996185303,8.69999980926514,8.84000015258789,2356300,7.02970886230469
2022-10-06,8.86999988555908,8.94999980926514,8.73999977111816,8.77000045776367,1728200,6.97404336929321
2022-10-07,8.75,8.77000045776367,8.67000007629395,8.72999954223633,1180500,6.9422345161438
2022-10-10,8.69999980926514,8.78999996185303,8.61999988555908,8.72000026702881,1512500,6.93428230285645
2022-10-11,8.69999980926514,8.73999977111816,8.61999988555908,8.67000007629395,2301500,6.89452266693115
2022-10-13,8.60999965667725,8.82999992370605,8.52999973297119,8.73999977111816,2966000,6.95018720626831
2022-10-14,8.73999977111816,8.88000011444092,8.64999961853027,8.67000007629395,2060900,6.89452266693115
2022-10-17,8.69999980926514,8.85000038146973,8.63000011444092,8.77000045776367,1398100,6.97404336929321
2022-10-18,8.77999973297119,8.90999984741211,8.76000022888184,8.89000034332275,1991600,7.06946992874146
2022-10-19,8.85999965667725,9.01000022888184,8.80000019073486,9,1948900,7.15694236755371
2022-10-20,9,9.03999996185303,8.82999992370605,8.89000034332275,1935400,7.06946992874146
2022-10-21,8.85999965667725,9.03999996185303,8.81999969482422,8.96000003814697,2635200,7.1251335144043
2022-10-24,8.89999961853027,8.90999984741211,8.71000003814697,8.80000019073486,2219800,6.99790000915527
2022-10-25,8.78999996185303,8.80000019073486,8.64999961853027,8.67000007629395,1925300,6.89452266693115
2022-10-26,8.63000011444092,8.65999984741211,8.3100004196167,8.31999969482422,2926800,6.61619567871094
2022-10-27,8.36999988555908,8.64000034332275,8.36999988555908,8.53999996185303,3260700,6.79114389419556
2022-10-28,8.77000045776367,8.96000003814697,8.75,8.77999973297119,5513800,6.98199510574341
2022-10-31,8.5,8.81999969482422,8.46000003814697,8.81999969482422,2517500,7.01380300521851
2022-11-01,8.84000015258789,9.07999992370605,8.84000015258789,8.94999980926514,4145800,7.11718225479126
2022-11-03,8.96000003814697,9.07999992370605,8.85000038146973,9.01000022888184,6704400,7.16489458084106
2022-11-04,8.60999965667725,8.84000015258789,8.60999965667725,8.78999996185303,3427200,7.2747859954834
2022-11-07,8.78999996185303,8.92000007629395,8.57999992370605,8.60999965667725,2167700,7.12581491470337
2022-11-08,8.59000015258789,8.64000034332275,8.47000026702881,8.5600004196167,2244700,7.0844349861145
2022-11-09,8.59000015258789,8.73999977111816,8.42000007629395,8.60000038146973,7082400,7.11753940582275
2022-11-10,8.51000022888184,8.52999973297119,8.07999992370605,8.17000007629395,4195600,6.76166152954102
2022-11-11,8.17000007629395,8.25,8.0600004196167,8.22000026702881,1784200,6.80304288864136
2022-11-14,8.30000019073486,8.60000038146973,8.23999977111816,8.56999969482422,3754300,7.0927095413208
2022-11-16,8.5600004196167,8.61999988555908,8.19999980926514,8.21000003814697,1902900,6.79476642608643
2022-11-17,8.18000030517578,8.18000030517578,7.78999996185303,7.90000009536743,3098300,6.53820371627808
2022-11-18,7.94999980926514,8.07999992370605,7.82000017166138,7.94000005722046,2824700,6.57130861282349
2022-11-21,7.94999980926514,8.09000015258789,7.92000007629395,8.01000022888184,664400,6.62924289703369
2022-11-22,8.01000022888184,8.05000019073486,7.80999994277954,7.90999984741211,1595000,6.54648065567017
2022-11-23,7.90000009536743,8.05000019073486,7.80999994277954,8.03999996185303,1743700,6.65407085418701
2022-11-24,8.03999996185303,8.28999996185303,8.02999973297119,8.22999954223633,922200,6.81131839752197
2022-11-25,8.22999954223633,8.25,8.05000019073486,8.14999961853027,688500,6.74510860443115
2022-11-28,8.14999961853027,8.14999961853027,7.98000001907349,8.02000045776367,1352100,6.63751888275146
2022-11-29,8.05000019073486,8.22999954223633,7.98000001907349,8.09000015258789,1469600,6.69545221328735
2022-11-30,8.09000015258789,8.17000007629395,7.98000001907349,8.05000019073486,1818500,6.66234731674194
2022-12-01,8.02000045776367,8.23999977111816,7.98000001907349,8.1899995803833,5358400,6.77821397781372
2022-12-02,8.18000030517578,8.22000026702881,8.05000019073486,8.15999984741211,2667300,6.75338554382324
2022-12-05,8.0600004196167,8.17000007629395,8.03999996185303,8.11999988555908,1971700,6.72028064727783
2022-12-06,8.11999988555908,8.11999988555908,7.90000009536743,7.94999980926514,3716100,6.57958555221558
2022-12-07,7.90999984741211,8.02000045776367,7.90000009536743,7.90999984741211,1516600,6.54648065567017
2022-12-08,7.90999984741211,8.09000015258789,7.90000009536743,7.96000003814697,2196900,6.58786153793335
2022-12-09,8,8.07999992370605,7.86999988555908,8.01000022888184,1778000,6.62924289703369
2022-12-12,7.96999979019165,8,7.82999992370605,7.84999990463257,1562200,6.49682283401489
2022-12-13,7.84999990463257,7.92000007629395,7.5,7.5,4500500,6.20715570449829
2022-12-14,7.5,7.6399998664856,7.3600001335144,7.51999998092651,2578700,6.22370862960815
2022-12-15,7.5,7.69000005722046,7.40000009536743,7.46999979019165,6005300,6.18232679367065
2022-12-16,7.48000001907349,7.75,7.44000005722046,7.73000001907349,5373500,6.39750862121582
2022-12-19,7.75,7.8899998664856,7.67000007629395,7.75,2435700,6.41406154632568
2022-12-20,7.71999979019165,8.03999996185303,7.71000003814697,8,3478300,6.62096548080444
2022-12-21,8.02000045776367,8.11999988555908,7.96000003814697,8.11999988555908,1015800,6.72028064727783
2022-12-22,8.14000034332275,8.30000019073486,8.10000038146973,8.1899995803833,2113100,6.77821397781372
2022-12-23,8.22000026702881,8.43000030517578,8.15999984741211,8.38000011444092,1811300,6.93546199798584
2022-12-26,8.35999965667725,8.44999980926514,8.28999996185303,8.30000019073486,698000,6.86925268173218
2022-12-27,8.31999969482422,8.35999965667725,8.10000038146973,8.14000034332275,1464800,6.7368335723877
2022-12-28,8.10000038146973,8.30000019073486,8.05000019073486,8.25,1858300,6.82787179946899
2022-12-29,8.27999973297119,8.48999977111816,8.27999973297119,8.35000038146973,1550700,6.91063404083252
2023-01-02,8.23999977111816,8.25,8.06999969482422,8.11999988555908,1533100,6.72028064727783
2023-01-03,8.10000038146973,8.19999980926514,8.02999973297119,8.09000015258789,1404400,6.69545221328735
2023-01-04,8.10999965667725,8.22000026702881,8.02999973297119,8.14999961853027,1815200,6.74510860443115
2023-01-05,8.09000015258789,8.19999980926514,8.0600004196167,8.10000038146973,2278900,6.70372867584229
2023-01-06,8.10000038146973,8.13000011444092,7.96999979019165,8.0600004196167,2151300,6.67062377929688
2023-01-09,7.96999979019165,8.13000011444092,7.92000007629395,8.11999988555908,1805700,6.72028064727783
2023-01-10,8.09000015258789,8.1899995803833,8,8.14999961853027,1566300,6.74510860443115
2023-01-11,8.14999961853027,8.1899995803833,8.03999996185303,8.14999961853027,2264100,6.74510860443115
2023-01-12,8.11999988555908,8.30000019073486,8.10999965667725,8.1899995803833,2369000,6.77821397781372
2023-01-13,8.14999961853027,8.43000030517578,8.13000011444092,8.35999965667725,2230500,6.91890954971313
2023-01-16,8.30000019073486,8.34000015258789,8.15999984741211,8.15999984741211,1587700,6.75338554382324
2023-01-17,8.15999984741211,8.39999961853027,8.15999984741211,8.39000034332275,1217900,6.94373846054077
2023-01-18,8.39999961853027,8.56999969482422,8.39000034332275,8.53999996185303,1757000,7.06788206100464
2023-01-19,8.53999996185303,8.61999988555908,8.44999980926514,8.57999992370605,2037000,7.10098648071289
2023-01-20,8.5600004196167,8.57999992370605,8.39999961853027,8.43000030517578,1123100,6.97684335708618
2023-01-23,8.43000030517578,8.51000022888184,8.35999965667725,8.38000011444092,1357100,6.93546199798584
2023-01-24,8.38000011444092,8.5600004196167,8.34000015258789,8.48999977111816,1396100,7.02650022506714
2023-01-25,8.5,8.72000026702881,8.46000003814697,8.68000030517578,2116200,7.18374824523926
2023-01-26,8.68000030517578,8.76000022888184,8.63000011444092,8.6899995803833,1295400,7.19202423095703
2023-01-27,8.6899995803833,8.72999954223633,8.60000038146973,8.67000007629395,1208200,7.17547273635864
2023-01-30,8.63000011444092,8.77000045776367,8.63000011444092,8.71000003814697,993800,7.2085771560669
2023-01-31,8.72000026702881,8.81999969482422,8.68000030517578,8.6899995803833,1306500,7.19202423095703
2023-02-01,8.6899995803833,8.72000026702881,8.60999965667725,8.68000030517578,1575700,7.18374824523926
2023-02-02,8.65999984741211,8.69999980926514,8.51000022888184,8.52999973297119,1565900,7.05960512161255
2023-02-03,8.52999973297119,8.5600004196167,8.22999954223633,8.27999973297119,4509600,6.85270023345947
2023-02-06,8.27999973297119,8.4399995803833,8.18000030517578,8.42000007629395,1428000,6.96856737136841
2023-02-07,8.39999961853027,8.4399995803833,8.27999973297119,8.32999992370605,1328900,6.89408111572266
2023-02-08,8.31999969482422,8.48999977111816,8.31999969482422,8.46000003814697,1034700,7.00167226791382
2023-02-09,8.46000003814697,8.51000022888184,8.26000022888184,8.28999996185303,2301800,6.8609766960144
2023-02-10,8.23999977111816,8.40999984741211,8.23999977111816,8.38000011444092,1586000,6.93546199798584
2023-02-13,8.39000034332275,8.47999954223633,8.35999965667725,8.43000030517578,750100,6.97684335708618
2023-02-14,8.4399995803833,8.47000026702881,8.32999992370605,8.36999988555908,1389100,6.92718648910522
2023-02-15,8.36999988555908,8.48999977111816,8.31999969482422,8.42000007629395,1114600,6.96856737136841
2023-02-16,8.40999984741211,8.67000007629395,8.39999961853027,8.64999961853027,1336600,7.15891885757446
2023-02-17,8.60000038146973,8.6899995803833,8.53999996185303,8.59000015258789,1513700,7.10926246643066
2023-02-22,8.60000038146973,8.61999988555908,8.47000026702881,8.59000015258789,859000,7.10926246643066
2023-02-23,8.59000015258789,8.63000011444092,8.52000045776367,8.57999992370605,966600,7.10098648071289
2023-02-24,8.57999992370605,8.57999992370605,8.39999961853027,8.46000003814697,1810200,7.00167226791382
2023-02-27,8.46000003814697,8.55000019073486,8.43000030517578,8.53999996185303,820400,7.06788206100464
2023-02-28,8.51000022888184,8.57999992370605,8.46000003814697,8.47000026702881,1523700,7.00994825363159
2023-03-01,8.47000026702881,8.55000019073486,8.40999984741211,8.48999977111816,2578500,7.02650022506714
2023-03-02,8.48999977111816,8.55000019073486,8.35000038146973,8.39000034332275,1740600,6.94373846054077
2023-03-03,8.55000019073486,8.60000038146973,8.44999980926514,8.5,2502400,7.03477716445923
2023-03-06,8.56999969482422,8.68000030517578,8.52000045776367,8.55000019073486,2670700,7.07615756988525
2023-03-07,8.63000011444092,8.67000007629395,8.40999984741211,8.5,2401200,7.03477716445923
2023-03-08,8.5,8.56999969482422,8.43000030517578,8.52000045776367,2070200,7.05132961273193
2023-03-09,8.52000045776367,8.69999980926514,8.51000022888184,8.63000011444092,2491900,7.14236783981323
2023-03-10,8.63000011444092,8.65999984741211,8.39999961853027,8.5,2110700,7.03477716445923
2023-03-13,8.48999977111816,8.51000022888184,8.35999965667725,8.39000034332275,2434600,6.94373846054077
2023-03-14,8.40999984741211,8.44999980926514,8.32999992370605,8.35999965667725,2174200,6.91890954971313
2023-03-15,8.35999965667725,8.43000030517578,8.26000022888184,8.39999961853027,2057400,6.9520149230957
2023-03-16,8.39999961853027,8.43000030517578,8.35999965667725,8.39000034332275,1350600,6.94373846054077
2023-03-17,8.39999961853027,8.43000030517578,8.27999973297119,8.32999992370605,1854200,6.89408111572266
2023-03-20,8.32999992370605,8.40999984741211,8.25,8.26000022888184,1654800,6.83614778518677
2023-03-21,8.3100004196167,8.42000007629395,8.27999973297119,8.39999961853027,1260900,6.9520149230957
2023-03-22,8.39999961853027,8.56999969482422,8.38000011444092,8.51000022888184,2273300,7.04305362701416
2023-03-23,8.51000022888184,8.85999965667725,8.51000022888184,8.64000034332275,4423600,7.15064430236816
2023-03-24,8.64000034332275,8.64999961853027,8.51000022888184,8.61999988555908,1565700,7.1340913772583
2023-03-27,8.64000034332275,8.8100004196167,8.63000011444092,8.72999954223633,1236600,7.2251296043396
2023-03-28,8.71000003814697,8.85999965667725,8.71000003814697,8.78999996185303,1409400,7.2747859954834
2023-03-29,8.85000038146973,8.85999965667725,8.71000003814697,8.78999996185303,1384500,7.2747859954834
2023-03-30,8.81999969482422,8.9399995803833,8.77999973297119,8.80000019073486,1910700,7.28306341171265
2023-03-31,8.80000019073486,8.84000015258789,8.71000003814697,8.80000019073486,1803200,7.28306341171265
2023-04-03,8.80000019073486,8.80000019073486,8.52999973297119,8.5600004196167,2261500,7.0844349861145
2023-04-04,8.57999992370605,8.81999969482422,8.57999992370605,8.77999973297119,1324600,7.26651048660278
2023-04-05,8.76000022888184,8.82999992370605,8.73999977111816,8.80000019073486,1707200,7.28306341171265
2023-04-06,8.80000019073486,9.14999961853027,8.78999996185303,9.0600004196167,5419500,7.49824523925781
2023-04-10,9.05000019073486,9.34000015258789,9,9.30000019073486,3232700,7.6968731880188
2023-04-11,9.32999992370605,9.59000015258789,9.3100004196167,9.48999977111816,4776900,7.8541202545166
2023-04-12,9.52999973297119,10.1899995803833,9.51000022888184,9.81999969482422,6139300,8.12723541259766
2023-04-13,9.8100004196167,9.9399995803833,9.72999954223633,9.89999961853027,4136300,8.19344520568848
2023-04-14,9.85999965667725,9.89000034332275,9.72999954223633,9.85999965667725,3156300,8.16034126281738
2023-04-17,9.85999965667725,9.94999980926514,9.82999992370605,9.9399995803833,3212600,8.2265510559082
2023-04-18,9.93000030517578,9.93000030517578,9.68000030517578,9.72999954223633,2932300,8.05274963378906
2023-04-19,9.65999984741211,9.80000019073486,9.59000015258789,9.69999980926514,2314300,8.02792072296143
2023-04-20,9.64999961853027,9.76000022888184,9.63000011444092,9.71000003814697,1735300,8.03619861602783
2023-04-24,9.72999954223633,9.80000019073486,9.64999961853027,9.78999996185303,2242800,8.10240745544434
2023-04-25,9.69999980926514,9.92000007629395,9.6899995803833,9.89999961853027,2678100,8.19344520568848
2023-04-26,9.89999961853027,9.98999977111816,9.82999992370605,9.98999977111816,2475000,8.26793098449707
2023-04-27,9.98999977111816,10.1499996185303,9.8100004196167,9.92000007629395,5312300,8.20999813079834
2023-04-28,9.30000019073486,9.52000045776367,9.22999954223633,9.46000003814697,4404700,8.25394630432129
2023-05-02,9.46000003814697,9.48999977111816,9.27000045776367,9.31999969482422,3011300,8.13179397583008
2023-05-03,9.31999969482422,9.47999954223633,9.31999969482422,9.42000007629395,1747600,8.21904563903809
2023-05-04,9.42000007629395,9.55000019073486,9.36999988555908,9.46000003814697,2628300,8.25394630432129
2023-05-05,9.44999980926514,9.59000015258789,9.43000030517578,9.56999969482422,1493400,8.34992122650146
2023-05-08,9.57999992370605,9.6899995803833,9.55000019073486,9.68000030517578,2088900,8.44589805603027
2023-05-09,9.64000034332275,9.75,9.60000038146973,9.69999980926514,2055800,8.46334838867188
2023-05-10,9.69999980926514,9.78999996185303,9.61999988555908,9.78999996185303,1737400,8.54187393188477
2023-05-11,9.85000038146973,10.1700000762939,9.84000015258789,9.96000003814697,5257000,8.69020080566406
2023-05-12,9.9399995803833,10.0299997329712,9.78999996185303,9.9399995803833,2823600,8.67274951934814
2023-05-15,9.90999984741211,9.9399995803833,9.6899995803833,9.76000022888184,3399400,8.51569843292236
2023-05-16,9.69999980926514,9.84000015258789,9.67000007629395,9.77000045776367,2897300,8.52442359924316
2023-05-17,9.75,9.92000007629395,9.75,9.85000038146973,2510100,8.59422492980957
2023-05-18,9.84000015258789,9.94999980926514,9.8100004196167,9.86999988555908,2808200,8.61167430877686
2023-05-19,9.86999988555908,9.94999980926514,9.80000019073486,9.92000007629395,4032800,8.65530014038086
2023-05-22,9.85999965667725,10.0100002288818,9.80000019073486,9.85000038146973,3507400,8.59422492980957
2023-05-23,9.85000038146973,9.92000007629395,9.81999969482422,9.92000007629395,1899100,8.65530014038086
2023-05-24,9.89999961853027,10,9.86999988555908,10,2622600,8.72510051727295
2023-05-25,9.94999980926514,10.2399997711182,9.94999980926514,10.1700000762939,4571500,8.87342739105225
2023-05-26,10.1499996185303,10.2299995422363,10.1499996185303,10.1599998474121,2472700,8.86470317840576
2023-05-29,10.1999998092651,10.289999961853,10.1700000762939,10.2799997329712,1913500,8.96940422058105
2023-05-30,10.3199996948242,10.3800001144409,10.1700000762939,10.3000001907349,3445700,8.98685455322266
2023-05-31,10.3000001907349,10.3299999237061,10.1999998092651,10.2399997711182,2015200,8.93450355529785
2023-06-01,10.2700004577637,10.4799995422363,10.2700004577637,10.4399995803833,3128100,9.10900497436523
2023-06-02,10.4300003051758,10.5799999237061,10.4099998474121,10.4499998092651,1820200,9.11773109436035
2023-06-05,10.4399995803833,10.5,10.3299999237061,10.4799995422363,1955000,9.14390563964844
2023-06-06,10.4499998092651,10.5,10.3400001525879,10.3599996566772,3029900,9.03920269012451
2023-06-07,10.3999996185303,10.7299995422363,10.3999996185303,10.6300001144409,3214300,9.27478313446045
2023-06-09,10.6499996185303,10.8599996566772,10.5799999237061,10.8100004196167,3242200,9.43183422088623
2023-06-12,10.8000001907349,10.8699998855591,10.6499996185303,10.6999998092651,2616300,9.33585739135742
2023-06-13,10.6999998092651,10.7200002670288,10.5,10.539999961853,1992900,9.19625663757324
2023-06-14,10.5500001907349,10.5500001907349,10.3299999237061,10.3999996185303,1791500,9.07410430908203
2023-06-15,10.3800001144409,10.4700002670288,10.25,10.25,2019600,8.94322872161865
2023-06-16,10.210000038147,10.3199996948242,10.1400003433228,10.1599998474121,2742500,8.86470317840576
2023-06-19,10.1599998474121,10.3299999237061,10.1000003814697,10.1800003051758,1442200,8.88215351104736
2023-06-20,10.1499996185303,10.3800001144409,10.1199998855591,10.3199996948242,2177900,9.00430393218994
2023-06-21,10.3299999237061,10.4200000762939,10.3100004196167,10.3999996185303,1487000,9.07410430908203
2023-06-22,10.3599996566772,10.3999996185303,10.2700004577637,10.3299999237061,1238200,9.01302909851074
2023-06-23,10.3000001907349,10.4799995422363,10.2799997329712,10.3800001144409,2408500,9.05665588378906
2023-06-26,10.3999996185303,10.460000038147,10.25,10.3400001525879,1381700,9.02175426483154
2023-06-27,10.3400001525879,10.4700002670288,10.3100004196167,10.3500003814697,1567100,9.03048038482666
2023-06-28,10.3000001907349,10.3400001525879,10.1599998474121,10.2600002288818,1602100,8.95195388793945
2023-06-29,10.2700004577637,10.3800001144409,10.2299995422363,10.3199996948242,906100,9.00430393218994
2023-06-30,10.3299999237061,10.4300003051758,10.2799997329712,10.3000001907349,1408900,8.98685455322266
2023-07-03,10.3500003814697,10.3800001144409,10.2600002288818,10.3400001525879,1860200,9.02175426483154
2023-07-04,10.3400001525879,10.3400001525879,10.1800003051758,10.1899995803833,1445500,8.89087772369385
2023-07-05,10.1899995803833,10.3000001907349,10.1199998855591,10.25,1704600,8.94322872161865
2023-07-06,10.1999998092651,10.3299999237061,10.1999998092651,10.2200002670288,2490200,8.91705417633057
2023-07-07,10.210000038147,10.3800001144409,10.210000038147,10.2399997711182,1333800,8.93450355529785
2023-07-10,10.2399997711182,10.3400001525879,10.1199998855591,10.1199998855591,1298800,8.82980155944824
2023-07-11,10.1199998855591,10.1999998092651,9.90999984741211,10.0799999237061,1710900,8.79490184783936
2023-07-12,10.1099996566772,10.1599998474121,9.97999954223633,10,2421100,8.72510051727295
2023-07-13,10.0200004577637,10.1800003051758,10.0100002288818,10.1499996185303,1942100,8.85597705841064
2023-07-14,10.1199998855591,10.2299995422363,10.0900001525879,10.1300001144409,2097400,8.83852767944336
2023-07-17,10.1099996566772,10.3500003814697,10.1099996566772,10.3000001907349,2227300,8.98685455322266
2023-07-18,10.3000001907349,10.5,10.1199998855591,10.1499996185303,2246200,8.85597705841064
2023-07-19,10.1599998474121,10.1800003051758,10.039999961853,10.0799999237061,1416400,8.79490184783936
2023-07-20,10.1199998855591,10.1999998092651,10.0900001525879,10.1999998092651,2212900,8.89960289001465
2023-07-21,10.1999998092651,10.3299999237061,10.1899995803833,10.3000001907349,1907700,8.98685455322266
2023-07-24,10.2799997329712,10.3599996566772,10.2600002288818,10.3100004196167,1414400,8.99557876586914
2023-07-25,10.3599996566772,10.4799995422363,10.2700004577637,10.3000001907349,3479200,8.98685455322266
2023-07-26,10.3199996948242,10.3900003433228,10.2299995422363,10.3400001525879,1689700,9.02175426483154
2023-07-27,10.3999996185303,10.6300001144409,10.3999996185303,10.5100002288818,5866700,9.17008113861084
2023-07-28,10.5299997329712,10.6700000762939,10.5299997329712,10.6099996566772,2487100,9.25733184814453
2023-07-31,10.6499996185303,10.8000001907349,10.6199998855591,10.789999961853,3120800,9.41438388824463
2023-08-01,10.789999961853,10.9499998092651,10.75,10.8000001907349,2190400,9.42310905456543
2023-08-02,10.8100004196167,10.8500003814697,10.75,10.8500003814697,2121500,9.46673488616943
2023-08-03,10.8500003814697,11.0299997329712,10.8400001525879,10.8900003433228,1944200,9.50163459777832
2023-08-04,10.8900003433228,10.9700002670288,10.6999998092651,10.7299995422363,2350600,9.36203289031982
2023-08-07,10.7700004577637,10.8500003814697,10.5500001907349,10.5799999237061,2879100,9.23115634918213
2023-08-08,10.6000003814697,10.6199998855591,10.4899997711182,10.5100002288818,2493700,9.17008113861084
2023-08-09,10.5100002288818,10.6800003051758,10.4700002670288,10.6400003433228,2836400,9.28350830078125
2023-08-10,10.6899995803833,10.7600002288818,10.6300001144409,10.7399997711182,1461600,9.37075901031494
2023-08-11,10.7399997711182,10.8900003433228,10.7200002670288,10.7799997329712,2550500,9.40565776824951
2023-08-14,10.8000001907349,10.8699998855591,10.6700000762939,10.7200002670288,2959000,9.35330677032471
2023-08-15,10.8699998855591,10.9399995803833,10.6099996566772,10.6800003051758,3761900,9.31840705871582
2023-08-16,10.7299995422363,10.8000001907349,10.5200004577637,10.5200004577637,2957600,9.17880725860596
2023-08-17,10.6599998474121,10.6599998474121,10.4099998474121,10.5,3962200,9.16135597229004
2023-08-18,10.5,10.5299997329712,10.3999996185303,10.4799995422363,2969300,9.14390563964844
2023-08-21,10.5200004577637,10.6099996566772,10.4200000762939,10.4499998092651,4266500,9.11773109436035
2023-08-22,10.4799995422363,10.5699996948242,10.4499998092651,10.5200004577637,2651000,9.17880725860596
2023-08-23,10.5500001907349,10.75,10.5500001907349,10.75,2662500,9.37948226928711
2023-08-24,10.7700004577637,10.8000001907349,10.5100002288818,10.5100002288818,4463500,9.17008113861084
2023-08-25,10.5699996948242,10.6099996566772,10.4799995422363,10.6099996566772,2742100,9.25733184814453
2023-08-28,10.6199998855591,10.6999998092651,10.6099996566772,10.6700000762939,2538300,9.30968284606934
2023-08-29,10.6800003051758,10.8800001144409,10.6800003051758,10.8699998855591,2990500,9.48418521881104
2023-08-30,10.8800001144409,10.9399995803833,10.8000001907349,10.8699998855591,3376600,9.48418521881104
2023-08-31,10.8699998855591,10.9099998474121,10.789999961853,10.8000001907349,2587800,9.42310905456543
2023-09-01,10.8699998855591,11.1800003051758,10.8699998855591,11.1499996185303,6025400,9.72848796844482
2023-09-04,11.1800003051758,11.5799999237061,11.1599998474121,11.5,5423100,10.0338649749756
2023-09-05,11.539999961853,11.5600004196167,11.0600004196167,11.1000003814697,6238300,9.68486309051514
2023-09-06,11.1700000762939,11.2200002670288,10.7700004577637,11.039999961853,10144300,9.6325101852417
2023-09-08,11.039999961853,11.1700000762939,11.0299997329712,11.1099996566772,3395200,9.69358539581299
2023-09-11,11.1099996566772,11.3900003433228,11.1099996566772,11.289999961853,3134400,9.85064029693604
2023-09-12,11.3000001907349,11.3900003433228,11.1700000762939,11.3400001525879,4882800,9.89426517486572
2023-09-13,11.3800001144409,11.539999961853,11.3500003814697,11.5100002288818,4884200,10.042592048645
2023-09-14,11.5200004577637,11.6199998855591,11.4099998474121,11.4099998474121,3708900,9.95534038543701
2023-09-15,11.4499998092651,11.6000003814697,11.3800001144409,11.4899997711182,5941100,10.0251407623291
2023-09-18,11.5500001907349,11.5799999237061,11.4200000762939,11.4200000762939,2137700,9.9640645980835
2023-09-19,11.4700002670288,11.4799995422363,11.3100004196167,11.3999996185303,1539800,9.94661521911621
2023-09-20,11.3999996185303,11.539999961853,11.3500003814697,11.4799995422363,2454000,10.0164155960083
2023-09-21,11.3999996185303,11.5100002288818,11.3299999237061,11.4200000762939,1904600,9.9640645980835
2023-09-22,11.4799995422363,11.4799995422363,11.1000003814697,11.1700000762939,3841700,9.74593734741211
2023-09-25,11.1800003051758,11.4200000762939,11.1400003433228,11.3699998855591,2038600,9.92043972015381
2023-09-26,11.3800001144409,11.4300003051758,11.1499996185303,11.1499996185303,2835400,9.72848796844482
2023-09-27,11.25,11.3000001907349,11,11,3745100,9.59761142730713
2023-09-28,11.0500001907349,11.3199996948242,10.9799995422363,11.2700004577637,3553000,9.83318901062012
2023-09-29,11.2799997329712,11.3500003814697,11.1300001144409,11.1599998474121,3855900,9.73721218109131
2023-10-02,11.1899995803833,11.2700004577637,11.1300001144409,11.1400003433228,2293600,9.71976184844971
2023-10-03,11.1499996185303,11.25,11.1199998855591,11.2399997711182,2214300,9.80701351165771
2023-10-04,11.2399997711182,11.2399997711182,11.1499996185303,11.1599998474121,1449500,9.73721218109131
2023-10-05,11.1599998474121,11.3000001907349,11.1599998474121,11.2399997711182,2064500,9.80701351165771
2023-10-06,11.1800003051758,11.2799997329712,11.1300001144409,11.2399997711182,1759500,9.80701351165771
2023-10-09,11.2399997711182,11.2799997329712,11.1599998474121,11.2299995422363,1499300,9.79828834533691
2023-10-10,11.2600002288818,11.3299999237061,11.1800003051758,11.2700004577637,2453300,9.83318901062012
2023-10-11,11.2700004577637,11.3999996185303,11.2399997711182,11.3999996185303,2876300,9.94661521911621
2023-10-13,11.3999996185303,11.3999996185303,11.2299995422363,11.3500003814697,3802000,9.90299034118652
2023-10-16,11.3900003433228,11.3999996185303,11.2600002288818,11.289999961853,3957400,9.85064029693604
2023-10-17,11.2799997329712,11.3199996948242,11.1899995803833,11.2200002670288,2473900,9.78956413269043
2023-10-18,11.2200002670288,11.25,11.0600004196167,11.0600004196167,3299400,9.64996147155762
2023-10-19,11.3999996185303,11.6400003433228,11.3199996948242,11.3800001144409,11167400,9.92916488647461
2023-10-20,11.4099998474121,11.5299997329712,11.3699998855591,11.4799995422363,6320500,10.0164155960083
2023-10-23,11.5,11.6000003814697,11.460000038147,11.4799995422363,7127800,10.0164155960083
2023-10-24,11.5799999237061,11.6499996185303,11.5200004577637,11.5900001525879,6507300,10.1123914718628
2023-10-25,11.0900001525879,11.25,10.9499998092651,10.960000038147,3900800,9.99385166168213
2023-10-26,10.960000038147,11.0100002288818,10.8599996566772,10.9499998092651,3757300,9.98473358154297
2023-10-27,10.960000038147,11.0900001525879,10.8900003433228,10.9499998092651,2523200,9.98473358154297
2023-10-30,10.9799995422363,11.0200004577637,10.8800001144409,10.8999996185303,3571200,9.93914127349854
2023-10-31,10.8999996185303,10.960000038147,10.8199996948242,10.8199996948242,2660700,9.86619281768799
2023-11-01,10.8199996948242,10.960000038147,10.8199996948242,10.8999996185303,4046100,9.93914127349854
2023-11-03,10.960000038147,11.0699996948242,10.960000038147,11.0200004577637,4195200,10.04856300354
2023-11-06,11.0500001907349,11.1800003051758,11.039999961853,11.1400003433228,3395100,10.1579847335815
2023-11-07,11.1499996185303,11.2200002670288,11.1400003433228,11.1800003051758,2611900,10.1944589614868
2023-11-08,11.1899995803833,11.3000001907349,11.1700000762939,11.2700004577637,3732300,10.2765254974365
2023-11-09,11.3000001907349,11.460000038147,11.1499996185303,11.25,3553500,10.2582874298096
2023-11-10,11.2200002670288,11.3699998855591,10.6499996185303,11.3599996566772,11155500,10.3585920333862
2023-11-13,11.289999961853,11.4700002670288,11.2600002288818,11.4399995803833,3115700,10.4315376281738
2023-11-14,11.4399995803833,11.6999998092651,11.3500003814697,11.3599996566772,4470300,10.3585920333862
2023-11-16,11.4399995803833,11.460000038147,11.2299995422363,11.2399997711182,4725600,10.2491693496704
2023-11-17,11.25,11.289999961853,11.1400003433228,11.1499996185303,2634000,10.1671028137207
2023-11-20,11.2200002670288,11.25,11.0699996948242,11.1999998092651,2622400,10.2126960754395
2023-11-21,11.1999998092651,11.210000038147,11.1199998855591,11.1499996185303,2617100,10.1671028137207
2023-11-22,11.1499996185303,11.2299995422363,11.1199998855591,11.1499996185303,2494000,10.1671028137207
2023-11-23,11.1999998092651,11.460000038147,11.1599998474121,11.4099998474121,2538200,10.404182434082
2023-11-24,11.4200000762939,11.5,11.3900003433228,11.4899997711182,1863300,10.4771318435669
2023-11-27,11.4899997711182,11.6400003433228,11.4799995422363,11.5,5701700,10.4862499237061
2023-11-28,11.5200004577637,11.5900001525879,11.460000038147,11.5200004577637,5739700,10.504487991333
2023-11-29,11.5500001907349,11.5500001907349,11.3800001144409,11.4200000762939,2645000,10.4133014678955
2023-11-30,11.4200000762939,11.5699996948242,11.3699998855591,11.4300003051758,5142200,10.422420501709
2023-12-01,11.5,11.5299997329712,11.3500003814697,11.4300003051758,3701500,10.422420501709
2023-12-04,11.4200000762939,11.539999961853,11.3999996185303,11.4899997711182,2843800,10.4771318435669
2023-12-05,11.4899997711182,11.6999998092651,11.460000038147,11.5900001525879,4998200,10.5683164596558
2023-12-06,11.6599998474121,11.6700000762939,11.5600004196167,11.5600004196167,1959600,10.540961265564
2023-12-07,11.5900001525879,11.8199996948242,11.5799999237061,11.6700000762939,3874100,10.641263961792
2023-12-08,11.6999998092651,11.9099998474121,11.5900001525879,11.8100004196167,2587000,10.7689228057861
2023-12-11,11.8199996948242,12.0200004577637,11.789999961853,11.8999996185303,1906000,10.8509883880615
2023-12-12,11.9499998092651,12.0699996948242,11.8999996185303,12.0200004577637,1656400,10.9604110717773
2023-12-13,12.0299997329712,12.1499996185303,11.9399995803833,12.0799999237061,1757700,11.0151214599609
2023-12-14,12.0900001525879,12.1700000762939,11.9399995803833,11.9899997711182,2411600,10.9330549240112
2023-12-15,12.0100002288818,12.0900001525879,11.9799995422363,11.9899997711182,2799100,10.9330549240112
2023-12-18,12.0500001907349,12.1899995803833,12.039999961853,12.1199998855591,1608700,11.0515956878662
2023-12-19,12.1400003433228,12.5799999237061,12.1400003433228,12.5299997329712,2336400,11.4254522323608
2023-12-20,12.5299997329712,12.6499996185303,12.5100002288818,12.5600004196167,1945300,11.4528074264526
2023-12-21,12.6099996566772,12.7200002670288,12.5200004577637,12.6499996185303,1872800,11.5348739624023
2023-12-22,12.6499996185303,12.6999998092651,12.5200004577637,12.6000003814697,1904500,11.4892826080322
2023-12-26,12.6000003814697,12.7799997329712,12.6000003814697,12.6800003051758,1388600,11.5622310638428
2023-12-27,12.6800003051758,12.789999961853,12.6199998855591,12.6599998474121,1567400,11.5439929962158
2023-12-28,12.6599998474121,12.8999996185303,12.6599998474121,12.8999996185303,1596200,11.7628364562988
2024-01-02,12.8999996185303,12.9700002670288,12.8000001907349,12.8000001907349,2156900,11.67165184021
2024-01-03,12.8199996948242,12.960000038147,12.8000001907349,12.8000001907349,2137700,11.67165184021
2024-01-04,12.8000001907349,12.9200000762939,12.6999998092651,12.8199996948242,2219900,11.6898889541626
2024-01-05,12.8500003814697,13.0299997329712,12.8100004196167,13,1616200,11.854022026062
2024-01-08,13,13.0699996948242,12.9499998092651,13.0100002288818,1669000,11.8631410598755
2024-01-09,13.0100002288818,13.039999961853,12.8599996566772,13.0200004577637,2614000,11.8722591400146
2024-01-10,13.0200004577637,13.1199998855591,12.9399995803833,12.9399995803833,3136900,11.7993097305298
2024-01-11,12.960000038147,13.210000038147,12.8699998855591,13.1400003433228,2525400,11.9816808700562
2024-01-12,13.1999998092651,13.4499998092651,13,13.2600002288818,3181200,12.0911016464233
2024-01-15,13.2600002288818,13.4899997711182,13.1499996185303,13.3800001144409,2535000,12.2005233764648
2024-01-16,13.3800001144409,13.5600004196167,13.3800001144409,13.4499998092651,3358900,12.2643527984619
2024-01-17,13.460000038147,13.5699996948242,13.3900003433228,13.5699996948242,3483100,12.3737735748291
2024-01-18,13.6199998855591,13.789999961853,13.5799999237061,13.6700000762939,4734400,12.4649591445923
2024-01-19,13.6999998092651,13.8299999237061,13.6199998855591,13.7799997329712,3580100,12.5652618408203
2024-01-22,13.8500003814697,14.0299997329712,13.8000001907349,13.9300003051758,5905000,12.7020406723022
2024-01-23,13.9700002670288,14.5,13.8900003433228,14.460000038147,5485600,13.1853189468384
2024-01-24,14.5100002288818,14.8999996185303,14.3199996948242,14.6999998092651,5760300,13.4041624069214
2024-01-25,14.7600002288818,14.9700002670288,14.3500003814697,14.3599996566772,6919700,13.0941333770752
2024-01-26,14.3500003814697,14.4499998092651,13.6800003051758,13.9700002670288,9170400,12.7385139465332
2024-01-29,13.9700002670288,14.3000001907349,13.8800001144409,14.1000003814697,6142200,12.8570547103882
2024-01-30,14.1300001144409,14.1700000762939,13.9300003051758,13.9399995803833,3899700,12.7111577987671
2024-01-31,13.9499998092651,14.289999961853,13.7799997329712,14.1300001144409,5835300,12.88440990448
2024-02-01,14.1800003051758,14.289999961853,14.0299997329712,14.25,3915200,12.9938316345215
2024-02-02,14.25,14.3400001525879,14.0600004196167,14.2700004577637,2700900,13.0120677947998
2024-02-05,14.3199996948242,14.4200000762939,14.0299997329712,14.4200000762939,4873500,13.1488456726074
2024-02-06,14.4200000762939,14.9499998092651,14.4200000762939,14.8199996948242,6750500,13.5135850906372
2024-02-07,14.8199996948242,15.0200004577637,14.6499996185303,14.7600002288818,3505500,13.4588737487793
2024-02-08,14.5100002288818,14.6300001144409,13.75,13.8400001525879,8734500,12.6199741363525
2024-02-09,13.8400001525879,14.0600004196167,13.7600002288818,13.8400001525879,4303700,12.6199741363525
2024-02-14,13.8999996185303,14.1099996566772,13.5699996948242,13.8999996185303,7835800,12.6746845245361
2024-02-15,13.8999996185303,14.0200004577637,13.6199998855591,13.710000038147,9120500,12.5014333724976
2024-02-16,13.7200002670288,13.8999996185303,13.6800003051758,13.8299999237061,5853700,12.6108560562134
2024-02-19,13.7799997329712,14.1700000762939,13.7799997329712,14.1199998855591,4048200,12.8752918243408
2024-02-20,14.1199998855591,14.3400001525879,14.1199998855591,14.1300001144409,4723700,12.88440990448
2024-02-21,14.1300001144409,14.25,14,14.1599998474121,5751100,12.9117650985718
2024-02-22,14.1899995803833,14.7200002670288,14.1899995803833,14.7200002670288,5718800,13.4224004745483
2024-02-23,14.6999998092651,14.9700002670288,14.5,14.7700004577637,7050900,13.4679918289185
2024-02-26,14.7700004577637,14.8999996185303,14.6099996566772,14.7700004577637,4348400,13.4679918289185
2024-02-27,14.8400001525879,14.8999996185303,14.4899997711182,14.4899997711182,6477700,13.2126741409302
2024-02-28,14.4899997711182,14.6099996566772,14.2600002288818,14.3999996185303,7036000,13.1306085586548
2024-02-29,14.3999996185303,14.4899997711182,14.1000003814697,14.3699998855591,80628100,13.1032524108887
2024-03-01,14.3699998855591,14.5699996948242,14.25,14.460000038147,5224400,13.1853189468384
2024-03-04,14.5299997329712,14.8599996566772,14.5100002288818,14.8000001907349,5622600,13.4953470230103
2024-03-05,14.8000001907349,15.0600004196167,14.7600002288818,15,4775600,13.677716255188
2024-03-06,15,15.3400001525879,14.9499998092651,15.3199996948242,6231900,13.9695091247559
2024-03-07,15.3000001907349,16.1100006103516,15.2700004577637,16.1100006103516,6944500,14.6898679733276
2024-03-08,16.0200004577637,16.0400009155273,15.4099998474121,15.9899997711182,5081400,14.5804462432861
2024-03-11,15.9700002670288,16.0699996948242,15.75,15.8900003433228,3093900,14.4892616271973
2024-03-12,15.8500003814697,15.8999996185303,15.5100002288818,15.8999996185303,5466200,14.4983797073364
2024-03-13,15.8999996185303,16,15.7600002288818,15.9300003051758,3669700,14.5257368087769
2024-03-14,15.9300003051758,16.0799999237061,15.9200000762939,15.960000038147,3516700,14.5530920028687
2024-03-15,16.0300006866455,16.1499996185303,15.789999961853,16.1499996185303,7548800,14.7263412475586
2024-03-18,16.1000003814697,16.2000007629395,16,16.0100002288818,5643100,14.5986824035645
2024-03-19,16.0100002288818,16.6200008392334,16.0100002288818,16.4599990844727,4821600,15.009015083313
2024-03-20,16.4599990844727,16.8700008392334,16.4500007629395,16.7299995422363,3514300,15.2552137374878
2024-03-21,16.7999992370605,16.8700008392334,16.6299991607666,16.6499996185303,4382200,15.1822652816772
2024-03-22,16.6700000762939,16.7000007629395,16.1599998474121,16.1800003051758,3362400,14.7536973953247
2024-03-25,16.2999992370605,16.3299999237061,15.8999996185303,15.9300003051758,3529300,14.5257368087769
2024-03-26,15.9300003051758,16.4400005340576,14.9099998474121,15.5799999237061,9154800,14.2065887451172
2024-03-27,15.6700000762939,15.9899997711182,15.6199998855591,15.9300003051758,3853300,14.5257368087769
2024-03-28,15.9399995803833,16.0499992370605,15.6099996566772,15.6199998855591,4817300,14.2430629730225
2024-04-01,15.6000003814697,15.75,14.9499998092651,15.3500003814697,5957300,13.9968633651733
2024-04-02,15.3900003433228,15.4099998474121,15.1199998855591,15.2600002288818,3276100,13.914797782898
2024-04-03,15.2600002288818,15.3800001144409,15.2200002670288,15.3500003814697,3456600,13.9968633651733
2024-04-04,15.3500003814697,15.8999996185303,15.3500003814697,15.6999998092651,3203000,14.3160104751587
2024-04-05,15.710000038147,15.8400001525879,15.5100002288818,15.6400003433228,2338700,14.2613010406494
2024-04-08,15.6400003433228,15.9899997711182,15.6099996566772,15.75,2433300,14.3616027832031
2024-04-09,15.8400001525879,15.960000038147,15.6300001144409,15.8599996566772,2773900,14.4619064331055
2024-04-10,15.8699998855591,16.0799999237061,15.6999998092651,15.8199996948242,2805900,14.4254322052002
2024-04-11,15.8500003814697,16.2000007629395,15.7399997711182,16.0300006866455,3055400,14.6169214248657
2024-04-12,16.1000003814697,16.25,15.6499996185303,15.7799997329712,3709200,14.3889579772949
2024-04-15,15.8000001907349,15.8900003433228,15.539999961853,15.5900001525879,2808900,14.2157068252563
2024-04-16,15.5200004577637,15.5699996948242,15.3000001907349,15.3999996185303,2583200,14.0424556732178
2024-04-17,15.4300003051758,15.5,15.2700004577637,15.3800001144409,3328800,14.0242185592651
2024-04-18,15.4099998474121,15.539999961853,15.3299999237061,15.460000038147,3223400,14.0971670150757
2024-04-19,15.4700002670288,15.7600002288818,15.4700002670288,15.5500001907349,2144600,14.1792335510254
2024-04-22,15.6599998474121,15.960000038147,15.4899997711182,15.6000003814697,3093500,14.2248258590698
2024-04-23,15.5900001525879,15.710000038147,15.4799995422363,15.6199998855591,2678400,14.2430629730225
2024-04-24,15.7299995422363,16.0200004577637,15.7200002670288,15.9399995803833,4681600,14.5348539352417
2024-04-25,15.9399995803833,16.0699996948242,15.7399997711182,16.0100002288818,2774600,14.5986824035645
2024-04-26,16.0499992370605,16.4200000762939,16.0400009155273,16.3299999237061,4239600,14.890474319458
2024-04-29,15.7600002288818,15.8400001525879,15.0600004196167,15.6400003433228,6035800,14.7736644744873
2024-04-30,15.6000003814697,15.8199996948242,15.5100002288818,15.6599998474121,5323000,14.792555809021
2024-05-02,15.6400003433228,15.9499998092651,15.5100002288818,15.8999996185303,3758500,15.0192613601685
2024-05-03,15.960000038147,16.6399993896484,15.8699998855591,16.4400005340576,6e+06,15.5293493270874
2024-05-06,16.3999996185303,16.8500003814697,16.1299991607666,16.75,4052700,15.8221778869629
2024-05-07,16.6900005340576,16.75,16.3199996948242,16.4400005340576,3316000,15.5293493270874
2024-05-08,16.4300003051758,16.75,16.3099994659424,16.6000003814697,3166800,15.6804866790771
2024-05-09,16.5900001525879,16.6599998474121,16.2099990844727,16.2099990844727,1948200,15.3120899200439
2024-05-10,16.2999992370605,16.3999996185303,15.960000038147,16.0799999237061,4084200,15.1892919540405
2024-05-13,16.0799999237061,16.2600002288818,15.7200002670288,15.8000001907349,3817100,14.9248008728027
2024-05-14,15.7799997329712,15.8599996566772,15.3999996185303,15.6199998855591,4627000,14.754771232605
2024-05-15,15.6099996566772,15.9899997711182,15.5200004577637,15.960000038147,1960400,15.0759382247925
2024-05-16,16,16.0900001525879,15.8400001525879,15.9799995422363,1751100,15.0948295593262
2024-05-17,16,16.0499992370605,15.8199996948242,15.8900003433228,2137900,15.0098161697388
2024-05-20,15.8900003433228,16.1299991607666,15.8500003814697,16.0599994659424,2799500,15.1703987121582
2024-05-21,16.1000003814697,16.1299991607666,15.8999996185303,15.960000038147,1651200,15.0759382247925
2024-05-22,15.9799995422363,16,15.6499996185303,15.6700000762939,2536700,14.802001953125
2024-05-23,15.6800003051758,15.7200002670288,15.3500003814697,15.6300001144409,3149200,14.764217376709
2024-05-24,15.5500001907349,15.789999961853,15.5100002288818,15.5500001907349,2707200,14.6886491775513
2024-05-27,15.5500001907349,15.6700000762939,15.4300003051758,15.6099996566772,1943800,14.7453260421753
2024-05-28,15.6199998855591,15.6199998855591,14.8100004196167,14.9200000762939,6945900,14.0935468673706
2024-05-29,14.960000038147,15.1599998474121,14.6999998092651,15,8531000,14.169114112854
2024-05-31,15.0600004196167,15.1599998474121,14.5500001907349,14.8699998855591,10445900,14.0463151931763
2024-06-03,14.8299999237061,14.8500003814697,14.3699998855591,14.5699996948242,4287100,13.7629337310791
2024-06-04,14.5699996948242,14.6800003051758,14.4700002670288,14.6400003433228,2555300,13.8290567398071
2024-06-05,14.6400003433228,15,14.6000003814697,14.7799997329712,2545200,13.9612998962402
2024-06-06,14.8000001907349,14.9399995803833,14.6800003051758,14.75,1642700,13.9329633712769
2024-06-07,14.710000038147,14.7399997711182,14.5100002288818,14.5299997329712,1395000,13.7251491546631
2024-06-10,14.5500001907349,14.5699996948242,14.1599998474121,14.1999998092651,3253600,13.4134283065796
2024-06-11,14.2200002670288,14.4499998092651,14.0600004196167,14.3400001525879,2754100,13.5456733703613
2024-06-12,14.3999996185303,14.4799995422363,14.1599998474121,14.3299999237061,2561000,13.5362272262573
2024-06-13,14.2600002288818,14.5500001907349,14.2600002288818,14.3999996185303,3624800,13.6023502349854
2024-06-14,14.3999996185303,14.5200004577637,14.2700004577637,14.4799995422363,1832100,13.6779184341431
2024-06-17,14.4300003051758,14.4899997711182,14.0900001525879,14.2299995422363,3013800,13.4417667388916
2024-06-18,14.2299995422363,14.4300003051758,14.210000038147,14.25,1434800,13.4606590270996
2024-06-19,14.2399997711182,14.3299999237061,14.1000003814697,14.2700004577637,1543500,13.4795513153076
2024-06-20,14.2700004577637,14.75,14.2700004577637,14.3500003814697,2880400,13.5551204681396
2024-06-21,14.3999996185303,14.3999996185303,14.1199998855591,14.1999998092651,5443200,13.4134283065796
2024-06-24,14.2299995422363,14.4399995803833,14.1800003051758,14.2399997711182,2903700,13.4512119293213
2024-06-25,14.2600002288818,14.3400001525879,14.0900001525879,14.1800003051758,2076200,13.3945369720459
2024-06-26,14.1800003051758,14.3299999237061,14.0200004577637,14.1800003051758,3577400,13.3945369720459
2024-06-27,14.1999998092651,14.3000001907349,14.1000003814697,14.3000001907349,2681200,13.5078897476196
2024-06-28,14.3100004196167,14.3800001144409,14.1700000762939,14.3100004196167,2472400,13.5173358917236
2024-07-01,14.3199996948242,14.5100002288818,14.210000038147,14.2399997711182,2736900,13.4512119293213
2024-07-02,14.2799997329712,14.3999996185303,14.1400003433228,14.2799997329712,2749300,13.4889974594116
2024-07-03,14.3199996948242,14.6199998855591,14.3199996948242,14.3500003814697,2952100,13.5551204681396
2024-07-04,14.3900003433228,14.6999998092651,14.3900003433228,14.6499996185303,2101500,13.8385009765625
2024-07-05,14.6199998855591,14.6400003433228,14.210000038147,14.3599996566772,3149500,13.564564704895
2024-07-08,14.3599996566772,14.3800001144409,14.1199998855591,14.25,4047700,13.4606590270996
2024-07-09,14.2200002670288,14.4099998474121,14.1199998855591,14.3100004196167,3009500,13.5173358917236
2024-07-10,14.3100004196167,14.3100004196167,14.1999998092651,14.3000001907349,2554300,13.5078897476196
2024-07-11,14.289999961853,14.3699998855591,14.2200002670288,14.2700004577637,2815100,13.4795513153076
2024-07-12,14.3100004196167,14.4499998092651,14.3100004196167,14.3999996185303,1982800,13.6023502349854
2024-07-15,14.4099998474121,14.5100002288818,14.3800001144409,14.4300003051758,1682800,13.630687713623
2024-07-16,14.460000038147,14.6199998855591,14.3999996185303,14.3999996185303,2124800,13.6023502349854
2024-07-17,14.5699996948242,14.7799997329712,14.4099998474121,14.7600002288818,2428700,13.9424085617065
2024-07-18,14.7600002288818,15.039999961853,14.710000038147,14.8999996185303,3550500,14.0746536254883
2024-07-19,14.8999996185303,14.9399995803833,14.5299997329712,14.5299997329712,2005100,13.7251491546631
2024-07-22,14.6599998474121,14.8900003433228,14.5299997329712,14.7299995422363,2604600,13.9140701293945
2024-07-23,14.75,14.7799997329712,14.4099998474121,14.4099998474121,2950800,13.6117963790894
2024-07-24,14.5,14.6700000762939,14.4099998474121,14.5500001907349,1944600,13.7440414428711
2024-07-25,14.5299997329712,14.5699996948242,14.3299999237061,14.4099998474121,2105400,13.6117963790894
2024-07-26,14.4700002670288,14.5100002288818,14.3800001144409,14.4300003051758,1496000,13.630687713623
2024-07-29,14.6300001144409,14.7399997711182,14.4499998092651,14.6300001144409,1333700,13.8196096420288
2024-07-30,14.6099996566772,14.6099996566772,14.3900003433228,14.3900003433228,2180600,13.5929040908813
2024-07-31,14.4799995422363,14.5799999237061,14.4200000762939,14.4200000762939,3031100,13.6212425231934
2024-08-01,14.4799995422363,14.7600002288818,14.4799995422363,14.6300001144409,3580500,13.8196096420288
2024-08-02,14.2700004577637,14.3599996566772,13.9200000762939,14.0200004577637,4906800,13.5018081665039
2024-08-05,13.9200000762939,14.0699996948242,13.7399997711182,14.0699996948242,3078100,13.5499582290649
2024-08-06,14.1000003814697,14.1800003051758,13.9799995422363,14.039999961853,2233100,13.5210676193237
2024-08-07,14.0500001907349,14.210000038147,13.9300003051758,13.9700002670288,1711900,13.4536552429199
2024-08-08,14.0100002288818,14.0699996948242,13.8299999237061,13.8999996185303,3084200,13.3862419128418
2024-08-09,14.039999961853,14.1000003814697,13.4200000762939,13.8999996185303,6835200,13.3862419128418
2024-08-12,13.9899997711182,14.1899995803833,13.8900003433228,14.1800003051758,2649700,13.6558933258057
2024-08-13,14.1999998092651,14.3400001525879,14.1700000762939,14.2299995422363,2168700,13.7040452957153
2024-08-14,14.2299995422363,14.4300003051758,14.1999998092651,14.4099998474121,1770700,13.8773918151855
2024-08-15,14.3699998855591,14.4200000762939,14.1499996185303,14.1499996185303,2012700,13.6270017623901
2024-08-16,14.2600002288818,14.3299999237061,14.1899995803833,14.25,1959100,13.7233057022095
2024-08-19,14.2299995422363,14.6899995803833,14.1999998092651,14.6499996185303,3357100,14.1085214614868
2024-08-20,14.7299995422363,14.8900003433228,14.6499996185303,14.75,3200700,14.2048254013062
2024-08-21,14.7600002288818,15.039999961853,14.75,14.8400001525879,2505600,14.2914991378784
2024-08-22,14.9300003051758,14.9399995803833,14.6700000762939,14.7399997711182,2720400,14.1951942443848
2024-08-23,14.7399997711182,15.2700004577637,14.7399997711182,15.1300001144409,2304900,14.5707807540894
2024-08-26,15.1499996185303,15.3999996185303,14.9799995422363,15.3599996566772,3629800,14.7922782897949
2024-08-27,15.3999996185303,15.539999961853,15.3299999237061,15.4499998092651,2456800,14.8789529800415
2024-08-28,15.4499998092651,15.75,15.4399995803833,15.6899995803833,2518300,15.1100816726685
2024-08-29,15.6400003433228,15.8000001907349,15.5,15.7399997711182,5211200,15.1582336425781
2024-08-30,15.8000001907349,16.4799995422363,15.6999998092651,16.3500003814697,18737600,15.7456893920898
2024-09-02,16.2999992370605,16.4200000762939,16.0200004577637,16.2299995422363,3764400,15.6301231384277
2024-09-03,16.1700000762939,16.4699993133545,16.0499992370605,16.3799991607666,5831000,15.7745790481567
2024-09-04,16.3899993896484,16.3999996185303,15.8800001144409,15.9399995803833,6891200,15.3508415222168
2024-09-05,15.8800001144409,15.8800001144409,15.6700000762939,15.8500003814697,4285200,15.2641687393188
2024-09-06,15.8999996185303,16.0200004577637,15.710000038147,15.8500003814697,3634600,15.2641687393188
2024-09-09,15.8500003814697,15.8800001144409,15.5799999237061,15.75,3070900,15.1678647994995
2024-09-10,15.6999998092651,15.7700004577637,15.5200004577637,15.5200004577637,3697500,14.9463663101196
2024-09-11,15.5500001907349,15.5600004196167,15.0900001525879,15.1199998855591,3628000,14.561149597168
2024-09-12,15.1199998855591,15.1599998474121,14.9700002670288,15.0200004577637,1940800,14.464846611023
2024-09-13,15.1000003814697,15.1999998092651,15.0100002288818,15.0100002288818,2675800,14.4552154541016
2024-09-16,15.0500001907349,15.25,15.0200004577637,15.210000038147,2306400,14.6478233337402
2024-09-17,15.210000038147,15.2700004577637,15.0500001907349,15.0500001907349,1494800,14.4937372207642
2024-09-18,15.0100002288818,15.1700000762939,14.8199996948242,14.8699998855591,3234700,14.3203897476196
2024-09-19,14.9300003051758,15,14.7399997711182,14.7399997711182,4254500,14.1951942443848
2024-09-20,14.7399997711182,14.8699998855591,14.3599996566772,14.5,6528000,13.9640655517578
2024-09-23,14.5500001907349,14.5799999237061,14.3000001907349,14.3900003433228,3725100,13.8581314086914
2024-09-24,14.5,14.5699996948242,14.3299999237061,14.4499998092651,3877600,13.9159135818481
2024-09-25,14.5,14.5900001525879,14.4300003051758,14.5600004196167,3423400,14.0218486785889
2024-09-26,14.6499996185303,14.8299999237061,14.5900001525879,14.6599998474121,3817200,14.1181516647339
2024-09-27,14.5,14.9200000762939,14.5,14.7399997711182,2825200,14.1951942443848
2024-09-30,14.7700004577637,14.8699998855591,14.5200004577637,14.5500001907349,4540100,14.0122175216675
2024-10-01,14.5500001907349,14.6899995803833,14.3999996185303,14.4700002670288,2916600,13.9351749420166
2024-10-02,14.5699996948242,14.6599998474121,14.4499998092651,14.4700002670288,2718600,13.9351749420166
2024-10-03,14.4499998092651,14.4899997711182,14.289999961853,14.3999996185303,3258200,13.8677616119385
2024-10-04,14.4499998092651,14.4899997711182,14.2600002288818,14.4099998474121,2989600,13.8773918151855
2024-10-07,14.5,14.5,14.2299995422363,14.2600002288818,5598700,13.7329368591309
2024-10-08,14.3100004196167,14.3999996185303,14.289999961853,14.3199996948242,2266200,13.7907180786133
2024-10-09,14.3199996948242,14.3199996948242,14.0100002288818,14.0100002288818,3713600,13.4921770095825
2024-10-10,14.0699996948242,14.1599998474121,14.0100002288818,14.0600004196167,1912300,13.5403289794922
2024-10-11,14.1099996566772,14.2399997711182,14.039999961853,14.210000038147,2367700,13.6847839355469
2024-10-14,14.2299995422363,14.5100002288818,14.2299995422363,14.3999996185303,4506000,13.8677616119385
2024-10-15,14.3999996185303,14.4700002670288,14.2799997329712,14.3500003814697,3673300,13.8196096420288
2024-10-16,14.3900003433228,14.5100002288818,14.2600002288818,14.289999961853,5226500,13.7618274688721
2024-10-17,14.2700004577637,14.4300003051758,14.039999961853,14.3999996185303,5147800,13.8677616119385
2024-10-18,14.4300003051758,14.5699996948242,14.4099998474121,14.4300003051758,2618100,13.896653175354
2024-10-21,14.4300003051758,14.5200004577637,14.2399997711182,14.289999961853,2645300,13.7618274688721
2024-10-22,14.2799997329712,14.4499998092651,14.1999998092651,14.3000001907349,3843900,13.7714586257935
2024-10-23,14.3000001907349,14.4799995422363,14.2799997329712,14.3800001144409,2622100,13.8485012054443
2024-10-24,14.3800001144409,14.4499998092651,14.3199996948242,14.3400001525879,2680800,13.8099794387817
2024-10-25,14.3900003433228,14.6000003814697,14.3299999237061,14.4899997711182,3639800,13.9544353485107
2024-10-28,14.5900001525879,14.8100004196167,14.4899997711182,14.5100002288818,4214200,13.9736967086792
2024-10-29,14.5500001907349,14.789999961853,14.4799995422363,14.4799995422363,2376200,13.9448041915894
