"Date","GGPS3.SA.Open","GGPS3.SA.High","GGPS3.SA.Low","GGPS3.SA.Close","GGPS3.SA.Volume","GGPS3.SA.Adjusted"
2021-04-28,12.8900003433228,13.8800001144409,12.8000001907349,13.0900001525879,2754700,12.5273160934448
2021-04-29,13.1499996185303,13.3000001907349,12.5299997329712,12.9499998092651,2015100,12.3933343887329
2021-04-30,12.9399995803833,12.9499998092651,12.5299997329712,12.8000001907349,2276000,12.2497825622559
2021-05-03,12.8000001907349,12.8500003814697,12.3500003814697,12.5,1013500,11.9626779556274
2021-05-04,12.3999996185303,12.8599996566772,12.210000038147,12.5699996948242,1462400,12.0296688079834
2021-05-05,12.4300003051758,12.6300001144409,12.3000001907349,12.3500003814697,570800,11.8191261291504
2021-05-06,12.3800001144409,12.6999998092651,12.1999998092651,12.1999998092651,386100,11.675573348999
2021-05-07,12.289999961853,12.460000038147,11.9799995422363,12.1999998092651,1030600,11.675573348999
2021-05-10,12.2200002670288,12.4799995422363,12.0100002288818,12.1000003814697,354600,11.579873085022
2021-05-11,12.0200004577637,12.3299999237061,11.9099998474121,12.1999998092651,747500,11.675573348999
2021-05-12,12.1499996185303,12.3000001907349,12,12.0500001907349,838800,11.532021522522
2021-05-13,12.0799999237061,12.7799997329712,12.0699996948242,12.6000003814697,530900,12.0583801269531
2021-05-14,12.6999998092651,14.9499998092651,12.6999998092651,14.3900003433228,1396000,13.7714357376099
2021-05-17,14.3800001144409,14.6800003051758,14.1999998092651,14.4700002670288,121300,13.8479957580566
2021-05-18,14.4700002670288,14.4700002670288,13.9899997711182,14.2700004577637,299800,13.6565942764282
2021-05-19,14.0799999237061,14.5,13.6300001144409,13.9099998474121,351700,13.3120679855347
2021-05-20,14.039999961853,14.6999998092651,13.6999998092651,14.6999998092651,1155200,14.0681095123291
2021-05-21,14.6999998092651,14.8800001144409,14.210000038147,14.4899997711182,363000,13.8671360015869
2021-05-24,14.4899997711182,14.789999961853,14.2700004577637,14.789999961853,528200,14.1542406082153
2021-05-25,14.8999996185303,15.6800003051758,14.7399997711182,15.4799995422363,1785900,14.8145799636841
2021-05-26,15.6400003433228,16.0599994659424,15.2700004577637,16.0400009155273,352900,15.3505096435547
2021-05-27,15.8400001525879,17,15.6999998092651,16.4400005340576,472800,15.7333154678345
2021-05-28,16.7099990844727,16.75,15.9499998092651,16.3999996185303,467400,15.695032119751
2021-05-31,16.3999996185303,17.6200008392334,15.9700002670288,16.7000007629395,1012400,15.9821395874023
2021-06-01,17.1900005340576,17.3400001525879,16.6200008392334,16.6900005340576,591700,15.9725685119629
2021-06-02,17.4899997711182,17.7299995422363,17.1599998474121,17.2999992370605,2012000,16.5563449859619
2021-06-04,17.5,18.1100006103516,17.2900009155273,17.2900009155273,3782200,16.5467758178711
2021-06-07,17.2900009155273,17.9599990844727,17.2900009155273,17.5200004577637,1939200,16.7668895721436
2021-06-08,17.75,19,17.3799991607666,17.8999996185303,1157800,17.1305541992188
2021-06-09,18.1000003814697,18.2000007629395,17.0499992370605,17.75,1293300,16.987003326416
2021-06-10,17.5200004577637,17.9300003051758,17.3299999237061,17.75,483200,16.987003326416
2021-06-11,17.6200008392334,18,17.1800003051758,18,451100,17.2262554168701
2021-06-14,17.9400005340576,18.3700008392334,17.6200008392334,17.9300003051758,628700,17.1592655181885
2021-06-15,17.9300003051758,17.9899997711182,17.7000007629395,17.7600002288818,567100,16.9965724945068
2021-06-16,17.7999992370605,17.9599990844727,17.2299995422363,17.2299995422363,400300,16.4893550872803
2021-06-17,17.4200000762939,17.4699993133545,16.6700000762939,17.0499992370605,516900,16.3170928955078
2021-06-18,17.0499992370605,17.5100002288818,16.9099998474121,17.5100002288818,256700,16.7573204040527
2021-06-21,17.6200008392334,17.9599990844727,16.8700008392334,16.8700008392334,379100,16.1448307037354
2021-06-22,16.8700008392334,17.0400009155273,16.5100002288818,16.8299999237061,299800,16.1065502166748
2021-06-23,16.7299995422363,17.2700004577637,16.7299995422363,17.0400009155273,214000,16.307523727417
2021-06-24,17.0499992370605,17.5699996948242,17.0300006866455,17.1100006103516,646100,16.3745136260986
2021-06-25,17.1100006103516,17.4699993133545,16.75,16.7999992370605,683300,16.0778388977051
2021-06-28,16.8099994659424,17.2099990844727,16.7000007629395,16.8999996185303,406400,16.1735401153564
2021-06-29,16.8999996185303,17.4300003051758,16.8999996185303,17.3999996185303,283600,16.6520481109619
2021-06-30,17.3500003814697,18.25,17.2099990844727,17.2099990844727,1400000,16.47021484375
2021-07-01,17.2900009155273,17.5,16.6200008392334,17.2900009155273,1668700,16.5467758178711
2021-07-02,17.3500003814697,17.6100006103516,17.1700000762939,17.1700000762939,192300,16.4319343566895
2021-07-05,17.1700000762939,17.2700004577637,16.1000003814697,16.6499996185303,2428400,15.934287071228
2021-07-06,16.5300006866455,16.8799991607666,16.5100002288818,16.7999992370605,2114300,16.0778388977051
2021-07-07,16.7999992370605,17.2900009155273,16.7999992370605,17.1000003814697,397700,16.3649444580078
2021-07-08,16.7800006866455,17.0400009155273,16.5400009155273,16.6599998474121,1134000,15.9438581466675
2021-07-12,16.8899993896484,17.4699993133545,16.7399997711182,17.4699993133545,4883400,16.7190399169922
2021-07-13,17.5,18.7600002288818,17.5,18.5900001525879,1880000,17.7908935546875
2021-07-14,18.6100006103516,18.9699993133545,18.2199993133545,18.5,1260900,17.7047653198242
2021-07-15,18.5300006866455,19.4200000762939,18.5100002288818,18.75,930800,17.9440155029297
2021-07-16,18.8600006103516,19.5799999237061,18.8400001525879,19.5799999237061,4546200,18.738338470459
2021-07-19,19.5900001525879,19.8899993896484,18.5699996948242,18.8500003814697,3182700,18.0397205352783
2021-07-20,18.8799991607666,19.1399993896484,18.5,18.8600006103516,459100,18.0492877960205
2021-07-21,19.3199996948242,19.9899997711182,19.3199996948242,19.6599998474121,3054300,18.8149013519287
2021-07-22,19.6599998474121,20.2000007629395,19.5,19.9799995422363,2014100,19.1211452484131
2021-07-23,19.9799995422363,20.2800006866455,19.4599990844727,19.7000007629395,1298700,18.8531818389893
2021-07-26,20.2000007629395,20.4899997711182,19.7600002288818,19.7800006866455,704900,18.9297409057617
2021-07-27,19.8299999237061,19.9400005340576,19,19.25,467200,18.4225254058838
2021-07-28,19.4099998474121,19.7999992370605,19.1000003814697,19.3999996185303,4e+05,18.5660781860352
2021-07-29,19.4099998474121,19.9899997711182,19.2600002288818,19.9899997711182,296900,19.1307144165039
2021-07-30,19.8799991607666,20.0799999237061,19.3299999237061,19.5,760000,18.6617774963379
2021-08-02,19.7000007629395,19.7999992370605,18.9899997711182,18.9899997711182,418200,18.1737022399902
2021-08-03,18.7099990844727,19.3999996185303,18.1900005340576,19.0300006866455,1126700,18.2119808197021
2021-08-04,19.0100002288818,19.0100002288818,18.3799991607666,18.8700008392334,2097700,18.05885887146
2021-08-05,19.1000003814697,19.2199993133545,18.5,18.9300003051758,409900,18.1162796020508
2021-08-06,18.9300003051758,18.9300003051758,18.4500007629395,18.8600006103516,442600,18.0492877960205
2021-08-09,18.7800006866455,18.8999996185303,18.2999992370605,18.6000003814697,427700,17.800464630127
2021-08-10,18.6000003814697,19.2700004577637,18.4899997711182,18.75,444300,17.9440155029297
2021-08-11,18.9200000762939,18.9300003051758,18.0599994659424,18.75,643300,17.9440155029297
2021-08-12,18.7900009155273,19,18.2199993133545,18.3999996185303,606700,17.6090621948242
2021-08-13,18.5,19.6800003051758,17.7000007629395,19.1499996185303,1873500,18.3268222808838
2021-08-16,19.2999992370605,19.5499992370605,18.6200008392334,18.9899997711182,800300,18.1737022399902
2021-08-17,18.7199993133545,18.7199993133545,17.1599998474121,18.4799995422363,6330600,17.6856231689453
2021-08-18,18.4799995422363,18.5799999237061,17.9200000762939,18.2999992370605,872600,17.5133590698242
2021-08-19,17.9300003051758,19.1900005340576,17.75,19.0300006866455,1588800,18.2119808197021
2021-08-20,18.6299991607666,19.6499996185303,18.6299991607666,19.5900001525879,592100,18.7479095458984
2021-08-23,19.6000003814697,20.0499992370605,19,19,301600,18.1832695007324
2021-08-24,19.2700004577637,19.2700004577637,18.8299999237061,18.8999996185303,580000,18.0875682830811
2021-08-25,18.8199996948242,19.0100002288818,18.4400005340576,18.9899997711182,278800,18.1737022399902
2021-08-26,18.9200000762939,19.1000003814697,18,18,550900,17.2262554168701
2021-08-27,18.2000007629395,18.3099994659424,17.7299995422363,17.7299995422363,1039600,16.9678630828857
2021-08-30,17.8199996948242,18.5499992370605,17.6200008392334,18.1700000762939,1104300,17.3889465332031
2021-08-31,18.1700000762939,18.6399993896484,17.9200000762939,17.9300003051758,913700,17.1592655181885
2021-09-01,17.9599990844727,18.1100006103516,17.2999992370605,17.75,501100,16.987003326416
2021-09-02,17.7299995422363,17.7299995422363,16.9899997711182,17.0200004577637,342800,16.2883834838867
2021-09-03,17.25,17.2900009155273,16.4899997711182,16.8400001525879,1603800,16.1161212921143
2021-09-06,16.6800003051758,17.0499992370605,16.5799999237061,17,190100,16.2692413330078
2021-09-08,17,17.1100006103516,16,16,672100,15.3122282028198
2021-09-09,16.0900001525879,16.5699996948242,16.0100002288818,16.3400001525879,421100,15.6376123428345
2021-09-10,16.4899997711182,16.7700004577637,16.25,16.4400005340576,4201100,15.7333154678345
2021-09-13,16.6499996185303,17,16.2000007629395,16.3099994659424,1679400,15.6089019775391
2021-09-14,16.2999992370605,16.9200000762939,16.2000007629395,16.9200000762939,1685200,16.1926822662354
2021-09-15,17.0100002288818,17.5499992370605,16.4599990844727,17.2199993133545,719500,16.4797840118408
2021-09-16,17.1000003814697,17.1499996185303,16.5100002288818,16.8099994659424,449000,16.0874080657959
2021-09-17,16.6000003814697,16.9500007629395,16.2800006866455,16.9500007629395,522500,16.2213935852051
2021-09-20,16.6299991607666,16.7999992370605,16.0400009155273,16.7099990844727,3580100,15.9917058944702
2021-09-21,16.8500003814697,17.2900009155273,16.5799999237061,16.75,1746700,16.0299873352051
2021-09-22,17.0599994659424,17.8099994659424,16.9899997711182,17.5,4773800,16.7477493286133
2021-09-23,17.5599994659424,18.2600002288818,17.5499992370605,17.8999996185303,866000,17.1305541992188
2021-09-24,17.6000003814697,17.9599990844727,17.3999996185303,17.5,1009500,16.7477493286133
2021-09-27,17.6399993896484,17.7600002288818,17.2000007629395,17.4400005340576,746600,16.6903285980225
2021-09-28,17.2600002288818,17.6100006103516,16.8799991607666,17.1700000762939,386500,16.4319343566895
2021-09-29,17.3600006103516,17.3600006103516,16.8999996185303,17.1399993896484,659800,16.4032211303711
2021-09-30,17.0100002288818,17.1700000762939,16.6700000762939,16.8799991607666,970100,16.1543979644775
2021-10-01,16.7099990844727,17.1599998474121,16.5799999237061,17.1599998474121,652100,16.42236328125
2021-10-04,17.0400009155273,17.0900001525879,16.2600002288818,16.4699993133545,758000,15.7620248794556
2021-10-05,16.6000003814697,16.7900009155273,16.3600006103516,16.6800003051758,621000,15.9629974365234
2021-10-06,16.4200000762939,16.4799995422363,15.8800001144409,16.3999996185303,1140100,15.695032119751
2021-10-07,16.6399993896484,16.8500003814697,16.2999992370605,16.6000003814697,1764900,15.8864374160767
2021-10-08,16.75,17.5100002288818,16.5699996948242,16.9899997711182,337600,16.259672164917
2021-10-11,16.9799995422363,17.4799995422363,16.7999992370605,16.9599990844727,252000,16.2309608459473
2021-10-13,16.7600002288818,17.1700000762939,16.3799991607666,16.8500003814697,790700,16.1256904602051
2021-10-14,16.9899997711182,17.0599994659424,16.6499996185303,17,259300,16.2692413330078
2021-10-15,17,17.6100006103516,16.7900009155273,17.6100006103516,383900,16.8530216217041
2021-10-18,17.3700008392334,17.3700008392334,16.5799999237061,17.2199993133545,1706000,16.4797840118408
2021-10-19,16.9400005340576,16.9500007629395,16.0599994659424,16.1000003814697,2179000,15.4079294204712
2021-10-20,16.3899993896484,16.6900005340576,16.0599994659424,16.4799995422363,1109700,15.7715950012207
2021-10-21,16.1499996185303,16.3099994659424,15.289999961853,16,968400,15.3122282028198
2021-10-22,15.9499998092651,16.0300006866455,15,15.6700000762939,2136900,14.9964122772217
2021-10-25,15.9099998474121,17.1700000762939,15.9099998474121,16.9400005340576,1600000,16.211820602417
2021-10-26,16.8299999237061,17.1100006103516,16.5799999237061,16.8199996948242,612700,16.0969791412354
2021-10-27,16.8799991607666,16.9500007629395,16.4500007629395,16.5499992370605,507800,15.8385848999023
2021-10-28,16.6000003814697,16.6000003814697,15.8400001525879,15.8900003433228,598500,15.2069568634033
2021-10-29,15.960000038147,16.1700000762939,15.4899997711182,15.6999998092651,968300,15.0251235961914
2021-11-01,15.6199998855591,16.4099998474121,15.5500001907349,15.8299999237061,1267400,15.1495351791382
2021-11-03,15.7399997711182,16.8899993896484,15.6499996185303,16.8299999237061,2569900,16.1065502166748
2021-11-04,16.9699993133545,17.3999996185303,16.6599998474121,17.1599998474121,2063900,16.42236328125
2021-11-05,17.2900009155273,17.7399997711182,16.2999992370605,16.7600002288818,3394000,16.0395603179932
2021-11-08,16.5699996948242,17.0499992370605,16.1700000762939,17,920800,16.2692413330078
2021-11-09,16.6900005340576,16.9599990844727,16.3799991607666,16.5699996948242,957500,15.8577260971069
2021-11-10,16.6000003814697,17.3400001525879,16.5,16.9599990844727,1118700,16.2309608459473
2021-11-11,17.2299995422363,17.2299995422363,16.7099990844727,16.9400005340576,932600,16.211820602417
2021-11-12,16.9099998474121,17.0900001525879,16.6399993896484,16.7999992370605,703800,16.0778388977051
2021-11-16,16.9799995422363,17.0100002288818,16.5699996948242,16.6299991607666,1701600,15.9151477813721
2021-11-17,16.6399993896484,16.6399993896484,15.4499998092651,15.5299997329712,1099600,15.0317010879517
2021-11-18,15.5799999237061,15.8000001907349,15.25,15.539999961853,784700,15.0413799285889
2021-11-19,15.6000003814697,16.0699996948242,15.3800001144409,15.6499996185303,1179200,15.1478500366211
2021-11-22,15.75,15.9700002670288,14.9899997711182,15.0200004577637,1263500,14.5380659103394
2021-11-23,15.1700000762939,15.1999998092651,14.4499998092651,14.5500001907349,900600,14.0831460952759
2021-11-24,14.25,15.0200004577637,14.1999998092651,14.8500003814697,2085200,14.3735208511353
2021-11-25,14.6999998092651,15.9700002670288,14.6999998092651,15.8400001525879,1455100,15.3317546844482
2021-11-26,15.210000038147,15.3900003433228,14.6199998855591,15.0900001525879,2341600,14.6058187484741
2021-11-29,15.1599998474121,15.5799999237061,14.8599996566772,14.8599996566772,1145700,14.3831987380981
2021-11-30,14.5600004196167,14.9899997711182,13.9200000762939,14.5100002288818,8501600,14.0444288253784
2021-12-01,14.6599998474121,15.039999961853,13.8500003814697,13.960000038147,1787200,13.5120763778687
2021-12-02,14.3599996566772,14.8999996185303,14.1599998474121,14.4899997711182,1389000,14.0250701904297
2021-12-03,14.3000001907349,16.1200008392334,14.3000001907349,15.6000003814697,1547000,15.0994558334351
2021-12-06,15.5799999237061,16.4799995422363,15.3000001907349,16.2000007629395,1857700,15.6802034378052
2021-12-07,16.4599990844727,16.7399997711182,16.0699996948242,16.4500007629395,1282600,15.9221830368042
2021-12-08,16.5900001525879,17.5100002288818,16.3899993896484,16.9400005340576,1542700,16.3964595794678
2021-12-09,16.8799991607666,17.2900009155273,16.6900005340576,16.8500003814697,2163500,16.30934715271
2021-12-10,17.1900005340576,17.5300006866455,16.7099990844727,17.3099994659424,4473200,16.7545871734619
2021-12-13,17.3099994659424,18.0100002288818,17.1599998474121,17.3999996185303,1627000,16.8416996002197
2021-12-14,17.3999996185303,17.6200008392334,17.0499992370605,17.1200008392334,1117300,16.570686340332
2021-12-15,16.9599990844727,17.5200004577637,16.9599990844727,17.3099994659424,1825800,16.7545871734619
2021-12-16,17.3999996185303,17.5599994659424,16.8799991607666,17.1000003814697,2387200,16.551326751709
2021-12-17,16.8199996948242,17.25,16.6900005340576,16.8400001525879,19120700,16.2996692657471
2021-12-20,16.7000007629395,16.7000007629395,16.1399993896484,16.3899993896484,1575400,15.8641061782837
2021-12-21,16.3899993896484,16.3899993896484,15.8999996185303,16.2000007629395,633100,15.6802034378052
2021-12-22,16.1900005340576,16.2299995422363,15.7600002288818,16.0200004577637,898600,15.5059795379639
2021-12-23,16.0300006866455,16.2000007629395,15.7600002288818,16.1200008392334,439800,15.6027708053589
2021-12-27,16.2900009155273,16.2900009155273,15.9300003051758,16,703100,15.4866209030151
2021-12-28,16.2800006866455,16.2800006866455,15.7600002288818,15.9099998474121,856800,15.399507522583
2021-12-29,16.0699996948242,16.0699996948242,15.4399995803833,15.5200004577637,421700,15.0220222473145
2021-12-30,15.6300001144409,15.8699998855591,15.3999996185303,15.8699998855591,964000,15.3607921600342
2022-01-03,16.1900005340576,16.1900005340576,15,15.1899995803833,532300,14.7026100158691
2022-01-04,15.3199996948242,15.3900003433228,14.789999961853,14.789999961853,1129800,14.3154449462891
2022-01-05,14.6999998092651,14.7299995422363,13.9499998092651,14.0299997329712,464400,13.5798311233521
2022-01-06,14.1499996185303,14.1499996185303,13.6400003433228,13.8100004196167,1293800,13.3668899536133
2022-01-07,13.7299995422363,14.2799997329712,13.460000038147,13.8900003433228,888700,13.4443235397339
2022-01-10,13.7700004577637,13.7700004577637,13.0900001525879,13.5799999237061,1397400,13.1442699432373
2022-01-11,13.3699998855591,14.289999961853,13.3000001907349,14.289999961853,736900,13.831488609314
2022-01-12,14.289999961853,14.75,14.0900001525879,14.7299995422363,610800,14.2573699951172
2022-01-13,14.7700004577637,15.25,14.3599996566772,14.9200000762939,789200,14.44127368927
2022-01-14,14.9200000762939,15.1800003051758,14.6000003814697,15.1800003051758,706200,14.6929321289062
2022-01-17,14.9300003051758,15.0900001525879,14.5299997329712,14.5799999237061,616300,14.1121835708618
2022-01-18,14.6099996566772,14.6099996566772,14.0500001907349,14.25,874800,13.7927713394165
2022-01-19,14.2799997329712,14.3699998855591,13.8199996948242,14.1300001144409,981100,13.6766223907471
2022-01-20,14.1300001144409,14.6400003433228,14.0799999237061,14.2600002288818,917100,13.802451133728
2022-01-21,14.1400003433228,14.289999961853,13.9499998092651,14.1499996185303,660800,13.6959800720215
2022-01-24,14.1000003814697,14.1800003051758,13.6999998092651,14.0699996948242,884500,13.6185464859009
2022-01-25,13.8999996185303,14.4899997711182,13.7799997329712,14.460000038147,458700,13.9960336685181
2022-01-26,14.5900001525879,15.1899995803833,14.4700002670288,14.960000038147,973600,14.4799900054932
2022-01-27,15.1499996185303,16.1800003051758,14.8900003433228,16.0200004577637,1295800,15.5059795379639
2022-01-28,15.9399995803833,16.0799999237061,15.4899997711182,16.0300006866455,1835300,15.5156593322754
2022-01-31,15.8100004196167,17.1000003814697,15.8100004196167,17.1000003814697,974100,16.551326751709
2022-02-01,17.0100002288818,17.1599998474121,16.6700000762939,17.0499992370605,1020700,16.5029296875
2022-02-02,17,17,16.3799991607666,16.3799991607666,576200,15.8544273376465
2022-02-03,16.3500003814697,16.4500007629395,15.710000038147,15.710000038147,405200,15.2059259414673
2022-02-04,15.9799995422363,15.9799995422363,14.9799995422363,15.6700000762939,768800,15.1672086715698
2022-02-07,15.5900001525879,15.8199996948242,15.5,15.6499996185303,470100,15.1478500366211
2022-02-08,15.5900001525879,15.7700004577637,15.4899997711182,15.6300001144409,806600,15.1284923553467
2022-02-09,15.75,16.1700000762939,15.6199998855591,15.7600002288818,327800,15.254322052002
2022-02-10,15.8800001144409,15.8999996185303,15.5900001525879,15.8500003814697,380100,15.3414344787598
2022-02-11,15.6999998092651,15.9499998092651,15.4099998474121,15.4099998474121,623900,14.9155511856079
2022-02-14,15.5299997329712,16.2800006866455,15.5299997329712,15.75,404100,15.2446422576904
2022-02-15,15.9899997711182,16.1700000762939,15.6599998474121,15.8900003433228,2125900,15.3801507949829
2022-02-16,15.7600002288818,15.9200000762939,15.5600004196167,15.6899995803833,639200,15.1865673065186
2022-02-17,15.6300001144409,15.6999998092651,15.3100004196167,15.3500003814697,854900,14.8574771881104
2022-02-18,15.460000038147,16.8299999237061,15.3199996948242,16.5499992370605,1877300,16.0189723968506
2022-02-21,16.2800006866455,16.6299991607666,15.2799997329712,15.3500003814697,1805300,14.8574771881104
2022-02-22,15.5,16.1200008392334,15.3500003814697,15.6599998474121,1048700,15.1575298309326
2022-02-23,15.7200002670288,16.1399993896484,15.5200004577637,15.5200004577637,618700,15.0220222473145
2022-02-24,15,15.3900003433228,14.8100004196167,15.3900003433228,2623000,14.8961935043335
2022-02-25,15.3400001525879,15.5699996948242,14.960000038147,15.1800003051758,1005400,14.6929321289062
2022-03-02,15.1800003051758,15.3999996185303,14.9700002670288,15.0600004196167,265400,14.5767822265625
2022-03-03,15.0600004196167,15.3199996948242,14.7399997711182,14.9799995422363,1044800,14.4993486404419
2022-03-04,14.9799995422363,14.9799995422363,14.4200000762939,14.6000003814697,521100,14.1315422058105
2022-03-07,14.5,14.6599998474121,13.6000003814697,13.6999998092651,1001400,13.2604188919067
2022-03-08,13.9700002670288,14.2700004577637,13.460000038147,13.9799995422363,1205000,13.5314350128174
2022-03-09,14.1599998474121,15.0600004196167,14.0600004196167,15.0600004196167,688700,14.5767822265625
2022-03-10,14.8999996185303,15.3500003814697,14.5799999237061,15.2299995422363,545900,14.7413263320923
2022-03-11,15.4099998474121,15.5100002288818,14.6999998092651,14.8900003433228,1562100,14.4122371673584
2022-03-14,14.8299999237061,14.9799995422363,14.3000001907349,14.3800001144409,350100,13.9186000823975
2022-03-15,14.5,14.710000038147,14.3000001907349,14.4700002670288,926800,14.0057125091553
2022-03-16,14.5900001525879,14.9700002670288,14.4499998092651,14.7299995422363,1471500,14.2573699951172
2022-03-17,14.789999961853,15.1599998474121,14.5299997329712,15.0900001525879,307700,14.6058187484741
2022-03-18,15.0799999237061,15.960000038147,15,15.960000038147,1188900,15.447904586792
2022-03-21,15.8100004196167,15.960000038147,15.3199996948242,15.5500001907349,570200,15.0510597229004
2022-03-22,15.7700004577637,16.3999996185303,15.6400003433228,16.3899993896484,561600,15.8641061782837
2022-03-23,16.2099990844727,16.6800003051758,15.8999996185303,16.6800003051758,1038300,16.1448020935059
2022-03-24,16.5400009155273,17.1800003051758,16.3999996185303,17.0799999237061,1543400,16.5319690704346
2022-03-25,17.2000007629395,17.5699996948242,17.0400009155273,17.5100002288818,565900,16.9481716156006
2022-03-28,17.2800006866455,17.4799995422363,16.9300003051758,17.0499992370605,269900,16.5029296875
2022-03-29,17.2999992370605,17.6000003814697,17.1499996185303,17.2199993133545,1036400,16.6674747467041
2022-03-30,17.1599998474121,17.3700008392334,17,17.0100002288818,735700,16.4642124176025
2022-03-31,17.0699996948242,17.4400005340576,16.9899997711182,17.1800003051758,994700,16.6287593841553
2022-04-01,17.3500003814697,17.5599994659424,16.9599990844727,17.1399993896484,2161500,16.5900402069092
2022-04-04,17.1499996185303,17.2800006866455,16.5499992370605,16.5499992370605,1337200,16.0189723968506
2022-04-05,15.6000003814697,15.789999961853,15.3999996185303,15.5,38242700,15.0026636123657
2022-04-06,15.4799995422363,15.7399997711182,15.2600002288818,15.5900001525879,1198300,15.0897769927979
2022-04-07,15.4700002670288,15.6099996566772,15.2200002670288,15.5299997329712,573800,15.0317010879517
2022-04-08,15.4300003051758,15.6300001144409,15.0500001907349,15.3100004196167,866300,14.8187608718872
2022-04-11,15.1999998092651,15.3699998855591,14.960000038147,14.9799995422363,1804100,14.4993486404419
2022-04-12,15.1300001144409,15.4300003051758,14.7799997329712,14.8100004196167,1671600,14.3348035812378
2022-04-13,14.8800001144409,15.210000038147,14.8400001525879,14.9700002670288,2740200,14.4896697998047
2022-04-14,14.9499998092651,15.539999961853,14.8900003433228,15.2600002288818,1134300,14.7703647613525
2022-04-18,15.2799997329712,15.4799995422363,14.8900003433228,14.8900003433228,745100,14.4122371673584
2022-04-19,14.789999961853,15.0100002288818,14.75,14.8800001144409,786700,14.4025573730469
2022-04-20,14.8500003814697,15.0299997329712,14.7799997329712,14.789999961853,919200,14.3154449462891
2022-04-22,14.710000038147,15.0100002288818,14.5500001907349,14.6000003814697,927900,14.1315422058105
2022-04-25,14.5,15.0299997329712,14.4200000762939,14.9200000762939,2967000,14.44127368927
2022-04-26,14.9099998474121,15.1800003051758,14.5500001907349,14.9799995422363,1797300,14.4993486404419
2022-04-27,15.1999998092651,15.25,14.6199998855591,14.6999998092651,841300,14.2283325195312
2022-04-28,14.8199996948242,15.1999998092651,14.6899995803833,15.1000003814697,1102800,14.6154985427856
2022-04-29,15.2700004577637,15.5,14.7700004577637,14.9799995422363,6151400,14.4993486404419
2022-05-02,14.9499998092651,14.9499998092651,13.9899997711182,14.4799995422363,1850000,14.0153913497925
2022-05-03,14.2799997329712,14.6300001144409,14.25,14.4799995422363,554500,14.0153913497925
2022-05-04,14.3800001144409,15.0200004577637,14.1999998092651,14.8900003433228,903100,14.4122371673584
2022-05-05,14.7600002288818,14.8999996185303,14.3500003814697,14.4499998092651,1007000,13.9863548278809
2022-05-06,14.4499998092651,14.460000038147,13.960000038147,14.0900001525879,1024100,13.6379051208496
2022-05-09,14.1199998855591,14.1199998855591,13.3999996185303,13.5799999237061,1448400,13.1442699432373
2022-05-10,13.8599996566772,13.9099998474121,13.3999996185303,13.7299995422363,921700,13.2894563674927
2022-05-11,13.75,14.0500001907349,13.4899997711182,13.9799995422363,1386500,13.5314350128174
2022-05-12,13.9300003051758,14.1999998092651,13.7399997711182,14.039999961853,1432500,13.5895090103149
2022-05-13,14.2600002288818,14.9700002670288,14.1599998474121,14.7799997329712,2009400,14.3057651519775
2022-05-16,14.8199996948242,14.8199996948242,14.4200000762939,14.4200000762939,867900,13.9573173522949
2022-05-17,14.4799995422363,14.8000001907349,14.2200002670288,14.3400001525879,578900,13.8798837661743
2022-05-18,14.3900003433228,14.3900003433228,13.6700000762939,13.8100004196167,452800,13.3668899536133
2022-05-19,13.8100004196167,13.9799995422363,13.6499996185303,13.8000001907349,330800,13.3572101593018
2022-05-20,13.8699998855591,13.9700002670288,13.4099998474121,13.6899995803833,517500,13.2507400512695
2022-05-23,13.8500003814697,13.9499998092651,13.6000003814697,13.6499996185303,643600,13.2120227813721
2022-05-24,13.6300001144409,14.0100002288818,13.3500003814697,13.9099998474121,670600,13.463680267334
2022-05-25,13.7600002288818,14.1099996566772,13.6800003051758,13.9799995422363,420400,13.5314350128174
2022-05-26,13.8299999237061,14.3000001907349,13.8199996948242,14.0100002288818,816500,13.5604724884033
2022-05-27,13.8400001525879,14.2799997329712,13.8400001525879,14.2299995422363,510200,13.7734127044678
2022-05-30,14.25,14.4799995422363,13.960000038147,14.1999998092651,469400,13.7443752288818
2022-05-31,14.1999998092651,14.3900003433228,13.4700002670288,13.6099996566772,2996400,13.1733064651489
2022-06-01,13.7200002670288,13.75,13.3400001525879,13.4499998092651,1261800,13.0184412002563
2022-06-02,13.4200000762939,13.8500003814697,13.3800001144409,13.8100004196167,366700,13.3668899536133
2022-06-03,13.9499998092651,13.9499998092651,13.460000038147,13.6000003814697,600300,13.163628578186
2022-06-06,13.6400003433228,13.7200002670288,13.0500001907349,13.0500001907349,524600,12.631275177002
2022-06-07,12.8999996185303,13.0900001525879,12.5299997329712,12.7799997329712,2679600,12.3699378967285
2022-06-08,12.6999998092651,12.9700002670288,12.3999996185303,12.8599996566772,837800,12.4473714828491
2022-06-09,12.7200002670288,13.0699996948242,12.6400003433228,13,1609700,12.5828800201416
2022-06-10,12.8500003814697,12.9300003051758,12.5299997329712,12.6999998092651,2206300,12.2925052642822
2022-06-13,12.5,12.5200004577637,11.6599998474121,11.8599996566772,4361800,11.4794578552246
2022-06-14,11.8999996185303,12.0200004577637,11.6099996566772,11.6999998092651,796900,11.3245916366577
2022-06-15,11.8900003433228,12.0799999237061,11.7299995422363,12,1467000,11.6149663925171
2022-06-17,11.8000001907349,11.8100004196167,11.3400001525879,11.4499998092651,4276600,11.0826120376587
2022-06-20,11.4499998092651,11.6899995803833,11.2700004577637,11.2799997329712,818000,10.9180679321289
2022-06-21,11.3800001144409,11.6099996566772,11.210000038147,11.460000038147,2258900,11.0922918319702
2022-06-22,11.3299999237061,11.6499996185303,11.1899995803833,11.1899995803833,2105400,10.8309545516968
2022-06-23,11.3299999237061,11.6000003814697,11.2200002670288,11.4099998474121,1059400,11.0438966751099
2022-06-24,11.5,11.5699996948242,11.0299997329712,11.2200002670288,2825100,10.859992980957
2022-06-27,11.289999961853,11.5500001907349,11.0500001907349,11.0500001907349,2430600,10.6954469680786
2022-06-28,11.1899995803833,11.3299999237061,10.9099998474121,11,1228700,10.6470518112183
2022-06-29,11.0100002288818,11.1499996185303,10.7399997711182,10.8699998855591,586200,10.521222114563
2022-06-30,10.9300003051758,10.9300003051758,10.5500001907349,10.5500001907349,2723200,10.2114906311035
2022-07-01,10.5900001525879,10.7799997329712,10.289999961853,10.3500003814697,3073200,10.0179080963135
2022-07-04,10.3199996948242,10.8500003814697,10.289999961853,10.7299995422363,984700,10.3857145309448
2022-07-05,10.6599998474121,10.8400001525879,10.5100002288818,10.7200002670288,1730200,10.3760366439819
2022-07-06,10.710000038147,11.1599998474121,10.6999998092651,11.0900001525879,1137700,10.7341642379761
2022-07-07,11.2600002288818,11.4399995803833,11.0500001907349,11.0500001907349,1070000,10.6954469680786
2022-07-08,11.0699996948242,11.4899997711182,10.8999996185303,11.25,1114000,10.889030456543
2022-07-11,11.1300001144409,11.1700000762939,10.6400003433228,10.9799995422363,1122700,10.6276931762695
2022-07-12,10.960000038147,11,10.4499998092651,10.8299999237061,1471800,10.4825067520142
2022-07-13,10.7700004577637,11.0600004196167,10.6400003433228,10.9200000762939,1153900,10.5696182250977
2022-07-14,10.8100004196167,11.1099996566772,10.6400003433228,10.9200000762939,839300,10.5696182250977
2022-07-15,10.8999996185303,10.9899997711182,10.6499996185303,10.960000038147,1011200,10.6083354949951
2022-07-18,11.0299997329712,11.1599998474121,10.6800003051758,10.8500003814697,1177900,10.5018653869629
2022-07-19,10.8800001144409,11.1899995803833,10.789999961853,11.1899995803833,769800,10.8309545516968
2022-07-20,11.1099996566772,11.8400001525879,11.0600004196167,11.6999998092651,1196800,11.3245916366577
2022-07-21,11.6300001144409,11.8800001144409,11.5299997329712,11.5600004196167,307400,11.1890840530396
2022-07-22,11.6800003051758,11.8299999237061,11.3999996185303,11.5900001525879,470800,11.2181205749512
2022-07-25,11.6700000762939,12.0600004196167,11.4200000762939,11.9399995803833,718300,11.5568904876709
2022-07-26,11.9300003051758,12.0600004196167,11.5799999237061,11.9700002670288,1148200,11.5859289169312
2022-07-27,11.9899997711182,12.3299999237061,11.8699998855591,12.1499996185303,1314400,11.7601528167725
2022-07-28,12.1999998092651,12.6999998092651,12.0100002288818,12.539999961853,966500,12.1376390457153
2022-07-29,12.539999961853,12.6000003814697,12.3400001525879,12.4099998474121,630000,12.0118103027344
2022-08-01,12.3800001144409,12.9300003051758,12.3800001144409,12.789999961853,823500,12.37961769104
2022-08-02,12.7200002670288,13.2799997329712,12.6899995803833,13.1499996185303,1121800,12.728066444397
2022-08-03,13.1499996185303,13.3999996185303,12.9300003051758,13.3599996566772,1452300,12.9313278198242
2022-08-04,13.4099998474121,14.4700002670288,13.3999996185303,14.1499996185303,1361500,13.6959800720215
2022-08-05,14.1599998474121,14.5500001907349,13.9899997711182,14.3900003433228,1142800,13.928279876709
2022-08-08,14.5600004196167,14.75,13.8699998855591,14.0299997329712,1105600,13.5798311233521
2022-08-09,14.1199998855591,14.1800003051758,13.75,14,2466900,13.5507936477661
2022-08-10,14.1000003814697,14.6499996185303,13.960000038147,14.3100004196167,1675700,13.8508472442627
2022-08-11,14.6800003051758,14.6800003051758,13.6499996185303,13.8199996948242,750600,13.3765687942505
2022-08-12,13.9300003051758,13.960000038147,13.3100004196167,13.5,22892500,13.0668363571167
2022-08-15,13.3900003433228,14.1099996566772,13.1499996185303,13.7200002670288,1480700,13.2797775268555
2022-08-16,13.7600002288818,13.9399995803833,13.5,13.7399997711182,730200,13.2991361618042
2022-08-17,13.6700000762939,13.6700000762939,13.3500003814697,13.3900003433228,1151200,12.9603662490845
2022-08-18,13.3699998855591,13.3900003433228,12.9099998474121,13.0699996948242,1673500,12.6506328582764
2022-08-19,13.0200004577637,13.3100004196167,12.6599998474121,13.1999998092651,1428700,12.7764616012573
2022-08-22,13.0200004577637,13.5500001907349,12.9099998474121,13.3999996185303,1056100,12.9700441360474
2022-08-23,13.5,13.6700000762939,13.1800003051758,13.5,970600,13.0668363571167
2022-08-24,13.5200004577637,13.7200002670288,13.3199996948242,13.710000038147,1086900,13.2700986862183
2022-08-25,13.7600002288818,13.8699998855591,13.3000001907349,13.5500001907349,852100,13.1152324676514
2022-08-26,13.5600004196167,13.6999998092651,13.1700000762939,13.3599996566772,1245800,12.9313278198242
2022-08-29,13.3100004196167,13.6499996185303,13.1800003051758,13.4499998092651,840000,13.0184412002563
2022-08-30,13.4499998092651,13.6700000762939,13.3000001907349,13.539999961853,695000,13.1055526733398
2022-08-31,13.6099996566772,13.8699998855591,13.460000038147,13.6000003814697,944200,13.163628578186
2022-09-01,13.6300001144409,14.3000001907349,13.5600004196167,14.2299995422363,1164700,13.7734127044678
2022-09-02,14.3000001907349,14.3000001907349,13.8400001525879,13.9899997711182,988400,13.5411138534546
2022-09-05,14.0900001525879,14.1700000762939,13.789999961853,13.9499998092651,712400,13.5023975372314
2022-09-06,13.7600002288818,13.8800001144409,13.4499998092651,13.710000038147,980300,13.2700986862183
2022-09-08,13.75,13.8500003814697,13.3900003433228,13.5500001907349,646400,13.1152324676514
2022-09-09,13.7700004577637,13.8800001144409,13.4399995803833,13.6499996185303,557700,13.2120227813721
2022-09-12,13.8599996566772,13.9799995422363,13.6199998855591,13.6599998474121,1037200,13.2217025756836
2022-09-13,13.4799995422363,13.5799999237061,13.1899995803833,13.4399995803833,746600,13.0087614059448
2022-09-14,13.3900003433228,13.5500001907349,13.0200004577637,13.2200002670288,45076600,12.7958202362061
2022-09-15,13.1000003814697,13.3400001525879,13.0799999237061,13.1999998092651,1735000,12.7764616012573
2022-09-16,13,13.1899995803833,12.8299999237061,13.1099996566772,2214800,12.6893491744995
2022-09-19,12.9799995422363,13.4799995422363,12.9799995422363,13.2299995422363,1242800,12.8054990768433
2022-09-20,13.2299995422363,14,13.2299995422363,13.75,2802100,13.3088140487671
2022-09-21,13.7700004577637,13.8999996185303,13.6400003433228,13.6599998474121,1e+06,13.2217025756836
2022-09-22,13.8000001907349,13.8599996566772,13.5500001907349,13.7600002288818,1534700,13.3184938430786
2022-09-23,13.5,13.9099998474121,13.4200000762939,13.6000003814697,1293000,13.163628578186
2022-09-26,13.5,13.5,12.9499998092651,13.0799999237061,1383800,12.6603126525879
2022-09-27,13.210000038147,13.25,12.8299999237061,13.0799999237061,1233100,12.6603126525879
2022-09-28,13.1499996185303,13.3100004196167,12.9799995422363,13.1999998092651,2046900,12.7764616012573
2022-09-29,13.0500001907349,13.3699998855591,12.9499998092651,13.1999998092651,2578800,12.7764616012573
2022-09-30,13.1300001144409,13.5500001907349,12.9799995422363,13.4399995803833,3505900,13.0087614059448
2022-10-03,13.8500003814697,14.289999961853,13.8000001907349,14.1199998855591,2293000,13.6669425964355
2022-10-04,14.2600002288818,14.3299999237061,13.8199996948242,13.9099998474121,945800,13.463680267334
2022-10-05,13.9099998474121,14.1800003051758,13.8100004196167,14.0500001907349,1029300,13.5991888046265
2022-10-06,14.0799999237061,14.25,13.9200000762939,14.039999961853,1676300,13.5895090103149
2022-10-07,14.0200004577637,14.1000003814697,13.7299995422363,13.8199996948242,729500,13.3765687942505
2022-10-10,13.8500003814697,14.1300001144409,13.7299995422363,14.039999961853,1065800,13.5895090103149
2022-10-11,14,14.1599998474121,13.5900001525879,13.6899995803833,1290800,13.2507400512695
2022-10-13,13.5500001907349,13.5799999237061,13.3100004196167,13.3800001144409,1269700,12.9506864547729
2022-10-14,13.4700002670288,13.5100002288818,13.0799999237061,13.1400003433228,438600,12.7183876037598
2022-10-17,13.25,13.3999996185303,13.1499996185303,13.1599998474121,701700,12.7377462387085
2022-10-18,13.3599996566772,13.3999996185303,13.0799999237061,13.3900003433228,1465700,12.9603662490845
2022-10-19,13.3999996185303,13.4799995422363,13.1800003051758,13.3999996185303,993500,12.9700441360474
2022-10-20,13.5,13.5699996948242,13.1999998092651,13.4200000762939,1276200,12.9894037246704
2022-10-21,13.3800001144409,13.7399997711182,13.1899995803833,13.6000003814697,871900,13.163628578186
2022-10-24,13.539999961853,13.9399995803833,13.3000001907349,13.710000038147,803000,13.2700986862183
2022-10-25,13.6999998092651,13.7299995422363,13.4700002670288,13.5299997329712,789400,13.0958738327026
2022-10-26,13.4200000762939,13.5200004577637,13.0500001907349,13.1000003814697,2039800,12.6796712875366
2022-10-27,13.0799999237061,13.6899995803833,13.0600004196167,13.3500003814697,2607600,12.921648979187
2022-10-28,13.25,13.5699996948242,13.1300001144409,13.4499998092651,562200,13.0184412002563
2022-10-31,13.2399997711182,13.8400001525879,13.1800003051758,13.8199996948242,2553200,13.3765687942505
2022-11-01,13.9499998092651,13.9499998092651,13.3100004196167,13.5600004196167,1725200,13.1249113082886
2022-11-03,13.3400001525879,14.1400003433228,13.3299999237061,14.0900001525879,1897900,13.6379051208496
2022-11-04,14.3199996948242,14.5200004577637,14.1899995803833,14.3299999237061,2249200,13.8702039718628
2022-11-07,14.1400003433228,14.3199996948242,13.5900001525879,13.6000003814697,1588200,13.163628578186
2022-11-08,13.539999961853,13.9099998474121,13.3800001144409,13.6999998092651,3008200,13.2604188919067
2022-11-09,13.6300001144409,13.8000001907349,13.2200002670288,13.2200002670288,968700,12.7958202362061
2022-11-10,13.0200004577637,13.2200002670288,12.3800001144409,12.8199996948242,4396000,12.4086542129517
2022-11-11,12.8299999237061,12.8400001525879,12.1300001144409,12.6199998855591,3425600,12.2150716781616
2022-11-14,12.7600002288818,13.1999998092651,12.5799999237061,13.1400003433228,2584500,12.7183876037598
2022-11-16,13.1499996185303,13.3800001144409,12.3500003814697,12.6499996185303,2839000,12.2441091537476
2022-11-17,12.3400001525879,12.6000003814697,11.9799995422363,12.3000001907349,4995800,11.9053401947021
2022-11-18,12.4300003051758,12.960000038147,12.3199996948242,12.4499998092651,1485000,12.0505266189575
2022-11-21,12.5699996948242,13.1499996185303,12.5,12.9499998092651,2338900,12.5344839096069
2022-11-22,13.0100002288818,13.1199998855591,12.6099996566772,12.6999998092651,1592100,12.2925052642822
2022-11-23,12.5600004196167,12.6199998855591,12.1800003051758,12.289999961853,2046300,11.8956613540649
2022-11-24,12.3999996185303,13.0299997329712,12.3299999237061,12.8500003814697,713500,12.4376926422119
2022-11-25,12.8400001525879,13.0200004577637,12.4700002670288,12.5299997329712,604700,12.1279592514038
2022-11-28,12.5299997329712,12.5900001525879,12.2799997329712,12.3400001525879,784100,11.9440565109253
2022-11-29,12.3800001144409,12.8999996185303,12.3400001525879,12.6599998474121,960100,12.2537889480591
2022-11-30,12.7600002288818,12.8199996948242,12.1400003433228,12.460000038147,2358600,12.0602054595947
2022-12-01,12.4200000762939,12.6499996185303,12.2799997329712,12.4899997711182,945000,12.0892429351807
2022-12-02,12.5600004196167,12.8299999237061,12.3599996566772,12.6099996566772,474300,12.2053918838501
2022-12-05,12.3900003433228,12.4899997711182,11.8800001144409,11.9099998474121,1269000,11.527853012085
2022-12-06,11.9799995422363,12.0500001907349,11.7299995422363,11.9700002670288,1333900,11.5859289169312
2022-12-07,11.9099998474121,12.3100004196167,11.9099998474121,11.9499998092651,1760200,11.5665693283081
2022-12-08,11.9099998474121,11.9099998474121,11.3699998855591,11.6000003814697,2739800,11.2278003692627
2022-12-09,11.6199998855591,11.6499996185303,11.1199998855591,11.1999998092651,2031500,10.8406343460083
2022-12-12,11.1300001144409,11.2799997329712,10.8199996948242,11.0799999237061,1038200,10.7244844436646
2022-12-13,11.1000003814697,11.1499996185303,10.4399995803833,10.539999961853,1475400,10.2018117904663
2022-12-14,10.460000038147,10.7600002288818,10.3500003814697,10.6499996185303,665000,10.3082818984985
2022-12-15,10.5900001525879,10.8800001144409,10.4300003051758,10.8500003814697,2452300,10.5018653869629
2022-12-16,10.8299999237061,10.960000038147,10.6599998474121,10.75,6246700,10.4050731658936
2022-12-19,10.789999961853,11.0900001525879,10.6700000762939,10.8699998855591,870800,10.521222114563
2022-12-20,10.8500003814697,11.2700004577637,10.6899995803833,11.1999998092651,1345500,10.8406343460083
2022-12-21,11.1899995803833,11.3599996566772,11.0200004577637,11.1700000762939,2824200,10.8115968704224
2022-12-22,11.1800003051758,11.6199998855591,11.1800003051758,11.539999961853,747300,11.1697254180908
2022-12-23,11.5500001907349,12.3000001907349,11.5500001907349,11.960000038147,1885800,11.5762491226196
2022-12-26,11.9499998092651,12.3100004196167,11.8199996948242,11.9700002670288,989300,11.5859289169312
2022-12-27,12.0299997329712,12.2200002670288,11.8000001907349,11.9399995803833,1897900,11.5568904876709
2022-12-28,11.9700002670288,12.25,11.8800001144409,11.8800001144409,887800,11.498815536499
2022-12-29,11.8299999237061,12.1700000762939,11.6899995803833,11.9099998474121,1661900,11.527853012085
2023-01-02,11.7600002288818,11.7600002288818,11.1800003051758,11.3000001907349,1103700,10.9374256134033
2023-01-03,11.2600002288818,11.460000038147,10.7299995422363,10.7399997711182,2691300,10.395393371582
2023-01-04,10.789999961853,11.0200004577637,10.6499996185303,10.8800001144409,1052300,10.5309019088745
2023-01-05,10.9499998092651,11.2399997711182,10.9099998474121,11.0100002288818,752900,10.6567316055298
2023-01-06,11.0299997329712,11.5500001907349,11,11.2700004577637,1633700,10.9083890914917
2023-01-09,10.8000001907349,11.289999961853,10.7799997329712,11.0699996948242,896400,10.7148056030273
2023-01-10,10.960000038147,11.7700004577637,10.9499998092651,11.710000038147,1220600,11.3342704772949
2023-01-11,11.6800003051758,11.8599996566772,11.210000038147,11.5299997329712,2372900,11.1600456237793
2023-01-12,11.3900003433228,11.9399995803833,11.3400001525879,11.4700002670288,1269900,11.1019716262817
2023-01-13,11.3500003814697,11.4700002670288,11.1199998855591,11.4499998092651,1053200,11.0826120376587
2023-01-16,11.3400001525879,11.5299997329712,11.289999961853,11.5,680200,11.1310081481934
2023-01-17,11.3800001144409,11.710000038147,11.3699998855591,11.6499996185303,838600,11.276195526123
2023-01-18,11.5100002288818,11.9300003051758,11.5100002288818,11.7600002288818,2068300,11.3826665878296
2023-01-19,11.6300001144409,11.9399995803833,11.6199998855591,11.8800001144409,1344000,11.498815536499
2023-01-20,11.8800001144409,11.9399995803833,11.789999961853,11.8800001144409,700700,11.498815536499
2023-01-23,11.8699998855591,12.2399997711182,11.8599996566772,12.0799999237061,1065100,11.6923980712891
2023-01-24,12.1099996566772,12.3800001144409,12.0100002288818,12.289999961853,2240500,11.8956613540649
2023-01-25,12.3400001525879,12.6800003051758,12.1800003051758,12.5299997329712,1483200,12.1279592514038
2023-01-26,12.5500001907349,12.6999998092651,12.3000001907349,12.5699996948242,1781000,12.1666765213013
2023-01-27,12.3800001144409,12.5200004577637,12.2399997711182,12.2700004577637,637500,11.8763027191162
2023-01-30,12.3100004196167,12.3900003433228,11.9799995422363,12.25,1342500,11.8569440841675
2023-01-31,12.2600002288818,12.5900001525879,12.1999998092651,12.3999996185303,869500,12.0021305084229
2023-02-01,12.3900003433228,12.6999998092651,12.3900003433228,12.5600004196167,1400000,12.1569976806641
2023-02-02,12.4700002670288,12.8400001525879,12.3500003814697,12.3900003433228,998900,11.99245262146
2023-02-03,12.3500003814697,12.3800001144409,11.960000038147,12.0900001525879,1251900,11.7020778656006
2023-02-06,12.1499996185303,12.1499996185303,11.75,11.9399995803833,1866700,11.5568904876709
2023-02-07,11.9799995422363,11.9899997711182,11.6800003051758,11.7299995422363,643000,11.3536291122437
2023-02-08,11.8400001525879,11.8900003433228,11.5900001525879,11.7799997329712,761500,11.402024269104
2023-02-09,11.7700004577637,11.7700004577637,11.4499998092651,11.5200004577637,3020600,11.1503677368164
2023-02-10,11.4799995422363,11.9399995803833,11.4799995422363,11.8299999237061,631400,11.4504203796387
2023-02-13,11.8400001525879,11.8699998855591,11.6199998855591,11.6999998092651,4663900,11.3245916366577
2023-02-14,11.7399997711182,11.8199996948242,11.2700004577637,11.4200000762939,2209100,11.0535755157471
2023-02-15,11.4499998092651,11.7700004577637,11.2299995422363,11.6499996185303,852000,11.276195526123
2023-02-16,11.6300001144409,11.9300003051758,11.4899997711182,11.8999996185303,912800,11.5181732177734
2023-02-17,11.8299999237061,11.8299999237061,11.6000003814697,11.6800003051758,686200,11.3052339553833
2023-02-22,11.6199998855591,11.7200002670288,11.3400001525879,11.7200002670288,1908600,11.3439502716064
2023-02-23,11.8199996948242,11.8900003433228,11.6599998474121,11.7600002288818,898800,11.3826665878296
2023-02-24,11.7399997711182,11.8500003814697,11.5,11.710000038147,945400,11.3342704772949
2023-02-27,11.6800003051758,12.0200004577637,11.6499996185303,11.8400001525879,1843700,11.4601001739502
2023-02-28,11.7799997329712,12.0200004577637,11.5600004196167,11.8000001907349,1668900,11.4213829040527
2023-03-01,11.7700004577637,11.9399995803833,11.539999961853,11.7399997711182,3376200,11.3633069992065
2023-03-02,11.6800003051758,11.9300003051758,11.6700000762939,11.8599996566772,1509100,11.4794578552246
2023-03-03,11.960000038147,12.8000001907349,11.960000038147,12.5,41196000,12.0989227294922
2023-03-06,12.4799995422363,12.75,12.3500003814697,12.5699996948242,3232600,12.1666765213013
2023-03-07,12.710000038147,12.710000038147,12.1999998092651,12.4399995803833,1861100,12.0408477783203
2023-03-08,12.3999996185303,12.6800003051758,12.3100004196167,12.5900001525879,2549300,12.18603515625
2023-03-09,12.5900001525879,13.0799999237061,12.460000038147,12.6999998092651,2712100,12.2925052642822
2023-03-10,12.710000038147,12.7799997329712,12.3999996185303,12.6199998855591,1700500,12.2150716781616
2023-03-13,12.4499998092651,12.7200002670288,12.3100004196167,12.4799995422363,1103600,12.0795631408691
2023-03-14,12.4499998092651,12.5900001525879,12.25,12.3400001525879,1160700,11.9440565109253
2023-03-15,12.1199998855591,12.4799995422363,12.0500001907349,12.3500003814697,1014700,11.9537353515625
2023-03-16,12.3199996948242,12.4300003051758,12.1999998092651,12.2799997329712,885400,11.8859815597534
2023-03-17,12.1599998474121,12.2299995422363,11.9799995422363,12.0500001907349,1471700,11.6633615493774
2023-03-20,11.9899997711182,12.1000003814697,11.789999961853,11.8699998855591,1604600,11.4891366958618
2023-03-21,11.9499998092651,11.9799995422363,11.6999998092651,11.8199996948242,1152900,11.4407405853271
2023-03-22,11.75,12.3500003814697,11.75,12.0100002288818,819900,11.6246452331543
2023-03-23,12,12.0900001525879,11.5799999237061,11.7200002670288,990400,11.3439502716064
2023-03-24,11.7600002288818,11.9700002670288,11.6300001144409,11.8699998855591,1057600,11.4891366958618
2023-03-27,11.9099998474121,12.210000038147,11.9099998474121,12.0699996948242,742400,11.6827192306519
2023-03-28,12.0900001525879,12.25,11.8500003814697,11.9200000762939,1717400,11.5375328063965
2023-03-29,12,12.0500001907349,11.8100004196167,11.9799995422363,2059300,11.595606803894
2023-03-30,12.289999961853,12.4700002670288,12.1899995803833,12.2600002288818,2252400,11.866623878479
2023-03-31,12.2600002288818,12.3400001525879,11.9499998092651,12.1000003814697,2110100,11.7117576599121
2023-04-03,12.1499996185303,12.3400001525879,11.8100004196167,12.1899995803833,1269400,11.7988681793213
2023-04-04,12.3000001907349,12.6300001144409,12.3000001907349,12.3400001525879,1410700,11.9440565109253
2023-04-05,12.4399995803833,12.460000038147,12.0699996948242,12.2700004577637,1284000,11.8763027191162
2023-04-06,11.9399995803833,12.25,11.9399995803833,12.0500001907349,954900,11.9149131774902
2023-04-10,12.1000003814697,12.2200002670288,11.8599996566772,11.8599996566772,1253900,11.7270421981812
2023-04-11,12.0200004577637,12.6700000762939,12,12.4499998092651,2632200,12.3104286193848
2023-04-12,12.4899997711182,12.8299999237061,12.3699998855591,12.4099998474121,1505600,12.2708768844604
2023-04-13,12.4399995803833,12.6700000762939,12.2799997329712,12.5600004196167,1304800,12.4191961288452
2023-04-14,12.4300003051758,12.7700004577637,12.3900003433228,12.6400003433228,1512200,12.4982986450195
2023-04-17,12.6599998474121,12.8299999237061,12.5100002288818,12.6700000762939,885700,12.5279626846313
2023-04-18,12.7700004577637,12.9200000762939,12.5900001525879,12.6800003051758,1849400,12.5378503799438
2023-04-19,12.5799999237061,12.5799999237061,12.0500001907349,12.1499996185303,2027500,12.0137910842896
2023-04-20,12.1499996185303,12.5,11.9799995422363,12.4499998092651,1367300,12.3104286193848
2023-04-24,12.3900003433228,12.6800003051758,12.3500003814697,12.4300003051758,1076400,12.2906532287598
2023-04-25,12.4200000762939,12.5,12.2399997711182,12.3400001525879,899700,12.2016620635986
2023-04-26,12.3000001907349,12.4899997711182,12.289999961853,12.3599996566772,1090000,12.2214374542236
2023-04-27,12.3800001144409,12.5100002288818,12.2399997711182,12.4200000762939,824700,12.2807645797729
2023-04-28,12.5100002288818,12.7600002288818,12.4700002670288,12.5900001525879,1520700,12.4488592147827
2023-05-02,12.6000003814697,12.6000003814697,12.0699996948242,12.1099996566772,1552000,11.9742393493652
2023-05-03,12.0900001525879,12.4099998474121,12.0200004577637,12.3199996948242,894600,12.1818857192993
2023-05-04,12.5699996948242,12.710000038147,12.4899997711182,12.4899997711182,1458500,12.3499794006348
2023-05-05,12.6300001144409,13.4200000762939,12.6300001144409,13.2700004577637,4438500,13.1212358474731
2023-05-08,13.3100004196167,13.5,13.1999998092651,13.3000001907349,3112500,13.150899887085
2023-05-09,13.2799997329712,13.5900001525879,13.1800003051758,13.2399997711182,1829600,13.0915718078613
2023-05-10,13.1400003433228,13.7200002670288,13.1400003433228,13.6300001144409,1566600,13.4772005081177
2023-05-11,13.4899997711182,14.2799997329712,13.4899997711182,14.1499996185303,4185600,13.9913702011108
2023-05-12,14.0600004196167,14.539999961853,14.0200004577637,14.4300003051758,4088600,14.2682323455811
2023-05-15,14.3900003433228,14.8500003814697,14.3900003433228,14.6599998474121,1877300,14.4956531524658
2023-05-16,14.6700000762939,14.7299995422363,14.4300003051758,14.4899997711182,2828600,14.3275585174561
2023-05-17,14.539999961853,14.6700000762939,14.5,14.5699996948242,1481600,14.4066619873047
2023-05-18,14.539999961853,14.8000001907349,14.4799995422363,14.75,1966900,14.584644317627
2023-05-19,14.8000001907349,14.9799995422363,14.5,14.539999961853,2689000,14.3769979476929
2023-05-22,14.4499998092651,14.7700004577637,14.4499998092651,14.6499996185303,1939100,14.485764503479
2023-05-23,14.5799999237061,14.8000001907349,14.5,14.5699996948242,1105800,14.4066619873047
2023-05-24,14.6000003814697,14.8000001907349,14.4799995422363,14.5699996948242,785600,14.4066619873047
2023-05-25,14.8000001907349,15.3500003814697,14.7399997711182,15.2200002670288,2814800,15.0493755340576
2023-05-26,15.3199996948242,15.4899997711182,15.1300001144409,15.1899995803833,2344200,15.0197114944458
2023-05-29,15.1999998092651,15.3999996185303,14.9300003051758,15.0200004577637,1022500,14.8516178131104
2023-05-30,15.1300001144409,15.1300001144409,14.6499996185303,14.6899995803833,862700,14.5253162384033
2023-05-31,14.6999998092651,15,14.6199998855591,14.8800001144409,2479100,14.7131872177124
2023-06-01,14.8199996948242,15.1800003051758,14.8000001907349,15.0900001525879,2716400,14.9208326339722
2023-06-02,15.3599996566772,15.6099996566772,15.1400003433228,15.1400003433228,1519100,14.970272064209
2023-06-05,15.1099996566772,15.2700004577637,14.8800001144409,15.1199998855591,808600,14.950496673584
2023-06-06,15.25,15.6300001144409,15.0900001525879,15.2299995422363,1420500,15.0592622756958
2023-06-07,15.3000001907349,15.8800001144409,15.3000001907349,15.75,2065000,15.5734338760376
2023-06-09,15.8800001144409,15.9799995422363,15.3800001144409,15.4700002670288,1876400,15.2965726852417
2023-06-12,15.6000003814697,15.6000003814697,15.3000001907349,15.4099998474121,1058000,15.2372455596924
2023-06-13,15.4300003051758,15.4700002670288,15.0100002288818,15.1800003051758,1052700,15.0098237991333
2023-06-14,15.1899995803833,15.9899997711182,15.1800003051758,15.8599996566772,2256700,15.6822004318237
2023-06-15,15.8500003814697,16.1700000762939,15.6899995803833,16.0699996948242,1840600,15.8898458480835
2023-06-16,15.9899997711182,16.0499992370605,15.8199996948242,15.8599996566772,1996700,15.6822004318237
2023-06-19,15.9700002670288,16.0900001525879,15.6999998092651,15.9899997711182,763800,15.8107433319092
2023-06-20,15.9200000762939,16.2700004577637,15.9200000762939,16.0699996948242,1758600,15.8898458480835
2023-06-21,15.8999996185303,16.1399993896484,15.7799997329712,16.1000003814697,951800,15.9195098876953
2023-06-22,16,16.0400009155273,15.6700000762939,15.8999996185303,1007200,15.721752166748
2023-06-23,15.7399997711182,16.5,15.7399997711182,16.3999996185303,1815300,16.2161464691162
2023-06-26,16.3500003814697,16.4300003051758,16.0400009155273,16.1299991607666,964800,15.9491729736328
2023-06-27,16.1399993896484,16.2600002288818,15.4200000762939,15.9799995422363,1704800,15.8008546829224
2023-06-28,15.9799995422363,16.2399997711182,15.8100004196167,15.9499998092651,601200,15.7711915969849
2023-06-29,16.0799999237061,16.8199996948242,16.0100002288818,16.5799999237061,2829500,16.3941287994385
2023-06-30,16.6100006103516,17.1599998474121,16.5699996948242,16.8899993896484,4277900,16.7006530761719
2023-07-03,17,17.3899993896484,16.8199996948242,17.1000003814697,5280000,16.9083003997803
2023-07-04,17.1000003814697,17.6000003814697,17,17.3799991607666,3425000,17.1851596832275
2023-07-05,17.2000007629395,17.6200008392334,17.1700000762939,17.3700008392334,1890900,17.1752738952637
2023-07-06,17.2000007629395,17.4099998474121,17.1200008392334,17.2800006866455,3234100,17.0862827301025
2023-07-07,17.3400001525879,17.7299995422363,17.3299999237061,17.5799999237061,1213600,17.3829174041748
2023-07-10,17.5300006866455,17.6800003051758,17.2000007629395,17.2999992370605,2016900,17.1060562133789
2023-07-11,17.1499996185303,17.1599998474121,16.3700008392334,17.1299991607666,2258500,16.9379615783691
2023-07-12,17.1599998474121,17.3099994659424,17.0100002288818,17.0900001525879,811500,16.8984107971191
2023-07-13,17.1900005340576,17.2000007629395,16.7999992370605,16.9799995422363,1684100,16.789644241333
2023-07-14,17.0400009155273,17.0400009155273,16.6200008392334,16.8999996185303,2852600,16.7105407714844
2023-07-17,16.8999996185303,17.2399997711182,16.7399997711182,17.1399993896484,1331500,16.9478511810303
2023-07-18,17.1599998474121,17.3600006103516,17.0400009155273,17.2700004577637,1052500,17.0763931274414
2023-07-19,17.2600002288818,17.2600002288818,16.8400001525879,17.1399993896484,1394600,16.9478511810303
2023-07-20,17.1399993896484,17.3700008392334,17.0799999237061,17.2999992370605,1186700,17.1060562133789
2023-07-21,17.4699993133545,17.5599994659424,17.2900009155273,17.3999996185303,678100,17.2049350738525
2023-07-24,17.2999992370605,17.6200008392334,17.2600002288818,17.5200004577637,836500,17.3235912322998
2023-07-25,17.6399993896484,17.9200000762939,17.5900001525879,17.8500003814697,1953700,17.6498928070068
2023-07-26,17.7099990844727,18.1000003814697,17.7099990844727,17.8799991607666,1609500,17.6795539855957
2023-07-27,17.9400005340576,18.1000003814697,17.7999992370605,17.8199996948242,1197100,17.6202278137207
2023-07-28,17.8700008392334,18.0499992370605,17.4599990844727,17.6000003814697,1459800,17.4026947021484
2023-07-31,17.7800006866455,17.7800006866455,17.4099998474121,17.4300003051758,1646400,17.2346000671387
2023-08-01,17.4300003051758,17.5300006866455,17.2000007629395,17.3799991607666,744200,17.1851596832275
2023-08-02,17.3999996185303,17.8899993896484,17.2900009155273,17.7800006866455,2272200,17.5806770324707
2023-08-03,17.9699993133545,18.1800003051758,17.6700000762939,17.8799991607666,1078300,17.6795539855957
2023-08-04,17.8600006103516,18.3899993896484,17.8199996948242,18.1100006103516,1695800,17.9069766998291
2023-08-07,18.1499996185303,18.2800006866455,17.9400005340576,18.1599998474121,1439400,17.9564151763916
2023-08-08,17.9799995422363,18.3899993896484,17.8899993896484,18.2800006866455,1259300,18.0750713348389
2023-08-09,18.4200000762939,18.4899997711182,18.1700000762939,18.3199996948242,1498800,18.1146221160889
2023-08-10,18.3099994659424,18.4799995422363,18.0699996948242,18.1900005340576,2429900,17.9860801696777
2023-08-11,18.1900005340576,18.1900005340576,17.6499996185303,17.9500007629395,1980300,17.7487716674805
2023-08-14,18.0300006866455,18.0300006866455,17.6599998474121,17.7800006866455,1383500,17.5806770324707
2023-08-15,17.7299995422363,17.8899993896484,17.5,17.6399993896484,1751300,17.4422454833984
2023-08-16,17.6000003814697,17.7000007629395,17.2900009155273,17.3799991607666,1678400,17.1851596832275
2023-08-17,17.4200000762939,17.4400005340576,16.9200000762939,17.1599998474121,6175900,16.9676265716553
2023-08-18,17.1100006103516,17.2399997711182,16.8999996185303,17.2199993133545,2125700,17.0269527435303
2023-08-21,17.1000003814697,18,17.1000003814697,17.8099994659424,7505800,17.6103401184082
2023-08-22,17.9899997711182,18.5499992370605,17.8999996185303,18.4300003051758,3963600,18.2233905792236
2023-08-23,18.3799991607666,18.6499996185303,18.2700004577637,18.6200008392334,1496700,18.4112606048584
2023-08-24,18.7299995422363,18.8299999237061,18.5200004577637,18.5699996948242,4116600,18.3618202209473
2023-08-25,18.7000007629395,18.7700004577637,18.3099994659424,18.4699993133545,2784700,18.262939453125
2023-08-28,18.6399993896484,18.6399993896484,17.9699993133545,18.1200008392334,2099900,17.9168663024902
2023-08-29,18.2099990844727,18.7399997711182,18.0599994659424,18.6900005340576,2844900,18.4804744720459
2023-08-30,18.7800006866455,19.0599994659424,18.6000003814697,18.7700004577637,1615400,18.5595779418945
2023-08-31,18.8700008392334,18.8999996185303,18.0699996948242,18.4699993133545,3142600,18.262939453125
2023-09-01,18.8600006103516,19.0400009155273,18.5699996948242,18.8799991607666,3085900,18.6683444976807
2023-09-04,18.5100002288818,18.8400001525879,18.4699993133545,18.6000003814697,1227100,18.3914833068848
2023-09-05,18.4500007629395,18.4599990844727,18.0200004577637,18.1800003051758,2772000,17.9761924743652
2023-09-06,18.1900005340576,18.3299999237061,17.6200008392334,17.6800003051758,3144900,17.4817981719971
2023-09-08,17.6399993896484,17.75,17.5,17.6399993896484,1407800,17.4422454833984
2023-09-11,17.6599998474121,17.9300003051758,17.5100002288818,17.8199996948242,1583200,17.6202278137207
2023-09-12,17.8799991607666,18.1000003814697,17.6700000762939,18.0100002288818,1556700,17.8080978393555
2023-09-13,17.9699993133545,18.6000003814697,17.8899993896484,18.2700004577637,2419000,18.0651836395264
2023-09-14,18.4699993133545,18.4699993133545,18.2000007629395,18.3500003814697,1395100,18.144287109375
2023-09-15,18.3999996185303,18.6000003814697,17.8899993896484,18.1700000762939,2679100,17.9663047790527
2023-09-18,18.2800006866455,18.5200004577637,18.0200004577637,18.1900005340576,1617500,17.9860801696777
2023-09-19,18.25,18.2800006866455,17.7700004577637,17.9400005340576,2154800,17.738883972168
2023-09-20,17.9400005340576,18.6499996185303,17.7900009155273,18.0699996948242,2886200,17.8674240112305
2023-09-21,17.8999996185303,17.9400005340576,17.2600002288818,17.5599994659424,2097500,17.3631420135498
2023-09-22,17.6399993896484,17.8299999237061,17.5499992370605,17.5599994659424,1893400,17.3631420135498
2023-09-25,17.4300003051758,17.7000007629395,17.2700004577637,17.4099998474121,1689800,17.2148246765137
2023-09-26,17.2399997711182,17.4099998474121,16.8899993896484,17,3802500,16.809419631958
2023-09-27,17.1299991607666,17.25,16.4799995422363,16.7999992370605,2857900,16.6116619110107
2023-09-28,16.8400001525879,17.2999992370605,16.7999992370605,17.0599994659424,1511200,16.8687477111816
2023-09-29,17.3999996185303,17.5400009155273,17,17.1900005340576,1693900,16.9972915649414
2023-10-02,17.1900005340576,17.2900009155273,16.8700008392334,17.1700000762939,1704000,16.9775142669678
2023-10-03,16.9799995422363,17.2999992370605,16.6599998474121,16.7700004577637,2101100,16.5819988250732
2023-10-04,16.7800006866455,16.9899997711182,16.6599998474121,16.75,1582000,16.5622234344482
2023-10-05,16.8299999237061,16.9699993133545,16.5100002288818,16.7399997711182,947100,16.5523357391357
2023-10-06,16.5,17.0300006866455,16.2099990844727,16.8999996185303,3819200,16.7105407714844
2023-10-09,16.7999992370605,16.9799995422363,16.4699993133545,16.9200000762939,1478000,16.730318069458
2023-10-10,16.9599990844727,17.3099994659424,16.8899993896484,17.1200008392334,1051400,16.9280757904053
2023-10-11,17.1299991607666,17.2000007629395,16.75,16.8999996185303,988600,16.7105407714844
2023-10-13,16.9500007629395,16.9699993133545,16.2299995422363,16.2299995422363,1913400,16.0480518341064
2023-10-16,16.3500003814697,16.3899993896484,16.0200004577637,16.1599998474121,1141400,15.9788370132446
2023-10-17,16.0799999237061,16.2800006866455,15.9300003051758,16.0200004577637,1993100,15.840407371521
2023-10-18,15.8999996185303,15.960000038147,15.4799995422363,15.6599998474121,3373900,15.4844427108765
2023-10-19,15.6300001144409,15.8800001144409,15.5600004196167,15.6999998092651,1472200,15.5239944458008
2023-10-20,15.5600004196167,16.1499996185303,15.4300003051758,16.0499992370605,2594600,15.8700695037842
2023-10-23,15.960000038147,16.6900005340576,15.9499998092651,16.5300006866455,1958300,16.344690322876
2023-10-24,16.6900005340576,16.8899993896484,16.5499992370605,16.7199993133545,1335100,16.5325584411621
2023-10-25,16.7199993133545,16.8899993896484,16.3600006103516,16.4799995422363,1049200,16.2952499389648
2023-10-26,16.5200004577637,16.9400005340576,16.5,16.6900005340576,983100,16.5028953552246
2023-10-27,16.7800006866455,16.9300003051758,16.2099990844727,16.25,1289800,16.0678291320801
2023-10-30,16.2999992370605,16.4599990844727,15.8800001144409,16.0100002288818,1947700,15.8305187225342
2023-10-31,16.1599998474121,16.3700008392334,15.8900003433228,16.0599994659424,1271100,15.879958152771
2023-11-01,16.0400009155273,16.2000007629395,15.8800001144409,16.0599994659424,3340600,15.879958152771
2023-11-03,16.3600006103516,17.25,16.2299995422363,16.8799991607666,2916000,16.6907653808594
2023-11-06,17,17.0499992370605,16.6299991607666,16.7299995422363,1429400,16.5424461364746
2023-11-07,16.6599998474121,17.1700000762939,16.6599998474121,16.8299999237061,1649400,16.6413269042969
2023-11-08,16.8700008392334,17.1800003051758,16.7000007629395,16.75,1033900,16.5622234344482
2023-11-09,16.9200000762939,17.1700000762939,16.75,16.7999992370605,837300,16.6116619110107
2023-11-10,16.8400001525879,17.0100002288818,16.2600002288818,16.75,3499300,16.5622234344482
2023-11-13,16.7399997711182,17.0300006866455,16.6299991607666,16.8400001525879,1030300,16.6512145996094
2023-11-14,16.9400005340576,17.5200004577637,16.8400001525879,17.3099994659424,4257200,17.1159439086914
2023-11-16,17.25,18.2600002288818,17.2000007629395,18.1100006103516,4531600,17.9069766998291
2023-11-17,18.1499996185303,18.3999996185303,18.0100002288818,18.0100002288818,2114900,17.8080978393555
2023-11-20,18.0499992370605,18.4300003051758,17.9799995422363,18.0400009155273,5422500,17.8377628326416
2023-11-21,18.0499992370605,18.0499992370605,17.3500003814697,17.4400005340576,1696800,17.2444877624512
2023-11-22,17.4500007629395,17.7999992370605,17.2800006866455,17.6000003814697,1519600,17.4026947021484
2023-11-23,17.6000003814697,17.9599990844727,17.5599994659424,17.7600002288818,615300,17.5608997344971
2023-11-24,17.7800006866455,18.1599998474121,17.6499996185303,17.8400001525879,1141200,17.6400032043457
2023-11-27,17.9699993133545,18.0799999237061,17.7399997711182,18,1608800,17.798210144043
2023-11-28,18,18.6599998474121,17.9200000762939,18.3099994659424,1573900,18.1047344207764
2023-11-29,18.3099994659424,18.5300006866455,17.8899993896484,18.0100002288818,1405600,17.8080978393555
2023-11-30,18.0200004577637,18.1000003814697,17.6900005340576,17.8500003814697,3108400,17.6498928070068
2023-12-01,17.7199993133545,18.0400009155273,17.6200008392334,18.0400009155273,2035000,17.8377628326416
2023-12-04,18.0499992370605,18.2900009155273,17.6800003051758,17.7999992370605,1191500,17.6004505157471
2023-12-05,17.8999996185303,17.9400005340576,17.6499996185303,17.7399997711182,1060400,17.5411243438721
2023-12-06,17.7999992370605,17.8700008392334,17.7000007629395,17.7600002288818,1644200,17.5608997344971
2023-12-07,17.7600002288818,18.3899993896484,17.6700000762939,18.3899993896484,1510600,18.183837890625
2023-12-08,18.4899997711182,19.0400009155273,18.4099998474121,18.7999992370605,2689800,18.589241027832
2023-12-11,18.7999992370605,19.0799999237061,18.6399993896484,18.9599990844727,1421900,18.7474460601807
2023-12-12,19.0499992370605,19.3999996185303,18.9500007629395,19.2299995422363,953300,19.0144195556641
2023-12-13,19.2999992370605,19.7600002288818,19.1599998474121,19.5799999237061,2433400,19.3604965209961
2023-12-14,19.6499996185303,19.75,19.0100002288818,19.0300006866455,1353700,18.8166637420654
2023-12-15,19.1299991607666,19.2399997711182,18.9699993133545,19.2000007629395,1522100,18.9847583770752
2023-12-18,19.2299995422363,19.4899997711182,19.1200008392334,19.2700004577637,832600,19.0539722442627
2023-12-19,19.3500003814697,19.7700004577637,19.1499996185303,19.6200008392334,2452200,19.4000492095947
2023-12-20,19.5400009155273,19.7600002288818,19,19.1299991607666,2411900,18.9155406951904
2023-12-21,19.1200008392334,19.4899997711182,19.0599994659424,19.4899997711182,1400000,19.271505355835
2023-12-22,19.4699993133545,19.7399997711182,19.3400001525879,19.5,1381600,19.2813949584961
2023-12-26,19.4400005340576,19.5499992370605,18.9699993133545,19.0200004577637,1254600,18.8067760467529
2023-12-27,18.9200000762939,19.3999996185303,18.6399993896484,19.0799999237061,2469800,18.8661022186279
2023-12-28,19.0499992370605,19.1200008392334,18.7700004577637,18.8500003814697,1854400,18.6386814117432
2024-01-02,18.8500003814697,18.9500007629395,18.1200008392334,18.3099994659424,2468900,18.1047344207764
2024-01-03,18.2800006866455,18.9200000762939,18.2800006866455,18.5100002288818,1454300,18.3024921417236
2024-01-04,18.5400009155273,18.5799999237061,18.1499996185303,18.2999992370605,1629400,18.0948467254639
2024-01-05,18.2999992370605,18.8700008392334,18.1800003051758,18.7999992370605,1372400,18.589241027832
2024-01-08,18.7000007629395,19.2600002288818,18.2800006866455,19.0599994659424,1792300,18.8463268280029
2024-01-09,19.0499992370605,19.0699996948242,18.7999992370605,19.0300006866455,895200,18.8166637420654
2024-01-10,19.1299991607666,19.1800003051758,18.6100006103516,18.75,1153500,18.5398025512695
2024-01-11,18.75,18.8400001525879,18.2800006866455,18.3799991607666,1706100,18.1739482879639
2024-01-12,18.3999996185303,18.4300003051758,17.9599990844727,18.4300003051758,2235800,18.2233905792236
2024-01-15,18.3400001525879,18.4500007629395,18.1200008392334,18.3600006103516,873800,18.1541748046875
2024-01-16,18.2800006866455,18.5100002288818,18.2000007629395,18.4400005340576,1497900,18.2332782745361
2024-01-17,18.4799995422363,18.4799995422363,18.1299991607666,18.2700004577637,1479600,18.0651836395264
2024-01-18,18.2800006866455,18.3500003814697,18.0400009155273,18.2000007629395,835000,17.9959678649902
2024-01-19,18.1700000762939,18.4599990844727,17.8700008392334,18.3099994659424,6173400,18.1047344207764
2024-01-22,18.3899993896484,18.3899993896484,17.9200000762939,18.1900005340576,1254000,17.9860801696777
2024-01-23,18.1599998474121,18.3799991607666,17.9099998474121,18.1299991607666,1403500,17.9267520904541
2024-01-24,18.1599998474121,18.8299999237061,18.1599998474121,18.6499996185303,1955300,18.4409217834473
2024-01-25,18.8099994659424,19.2800006866455,18.5300006866455,19.1000003814697,1564000,18.8858795166016
2024-01-26,19.2000007629395,19.3600006103516,18.8999996185303,19.1299991607666,928600,18.9155406951904
2024-01-29,19.2099990844727,19.3400001525879,18.9300003051758,19.0200004577637,579500,18.8067760467529
2024-01-30,19.0200004577637,19.0599994659424,18.6399993896484,18.7999992370605,1252400,18.589241027832
2024-01-31,18.7299995422363,19.6399993896484,18.7299995422363,19.1200008392334,1715300,18.9056549072266
2024-02-01,18.8999996185303,19.25,18.4699993133545,19.1499996185303,1867500,18.9353179931641
2024-02-02,19.2900009155273,19.2900009155273,18.5599994659424,18.6499996185303,2891900,18.4409217834473
2024-02-05,18.5900001525879,19.1100006103516,18.5200004577637,18.75,1636900,18.5398025512695
2024-02-06,18.7399997711182,18.9899997711182,18.5,18.7399997711182,2057600,18.5299129486084
2024-02-07,18.7199993133545,19.2900009155273,18.6499996185303,19.0900001525879,3938000,18.8759899139404
2024-02-08,19.1399993896484,19.1399993896484,18.3600006103516,18.5699996948242,1966800,18.3618202209473
2024-02-09,18.5699996948242,18.8500003814697,18.4300003051758,18.5699996948242,951100,18.3618202209473
2024-02-14,18.5,18.5799999237061,18.2199993133545,18.3500003814697,1155600,18.144287109375
2024-02-15,18.5,18.6100006103516,18.2800006866455,18.3600006103516,871000,18.1541748046875
2024-02-16,18.3600006103516,18.5,18.0699996948242,18.2900009155273,1571400,18.0849590301514
2024-02-19,18.2900009155273,18.5400009155273,18.2600002288818,18.4300003051758,812000,18.2233905792236
2024-02-20,18.3700008392334,18.8099994659424,18.3600006103516,18.5300006866455,2064600,18.3222694396973
2024-02-21,18.5,18.6200008392334,18.2199993133545,18.2700004577637,888000,18.0651836395264
2024-02-22,18.2900009155273,18.4699993133545,18.2199993133545,18.2999992370605,1153100,18.0948467254639
2024-02-23,18.2600002288818,18.3799991607666,18.0599994659424,18.2099990844727,931500,18.0058555603027
2024-02-26,18.2099990844727,18.3600006103516,18.0300006866455,18.0900001525879,615000,17.8872013092041
2024-02-27,18.1599998474121,18.2600002288818,17.7800006866455,18.2000007629395,2868400,17.9959678649902
2024-02-28,18.2000007629395,18.2399997711182,17.75,18.0400009155273,1660400,17.8377628326416
2024-02-29,17.9400005340576,18.0200004577637,17.4799995422363,17.9099998474121,2074300,17.7092189788818
2024-03-01,17.9200000762939,18.1000003814697,17.4599990844727,17.6800003051758,2520200,17.4817981719971
2024-03-04,17.5900001525879,17.7299995422363,17.2000007629395,17.4200000762939,1826400,17.2247123718262
2024-03-05,17.4300003051758,17.6299991607666,17.3199996948242,17.4799995422363,940000,17.2840385437012
2024-03-06,17.5400009155273,18.0300006866455,17.0900001525879,17.6700000762939,4025900,17.4719085693359
2024-03-07,17.5799999237061,17.7600002288818,17.3799991607666,17.7399997711182,1509700,17.5411243438721
2024-03-08,17.5599994659424,17.9899997711182,17.4699993133545,17.7299995422363,1552200,17.5312366485596
2024-03-11,17.6700000762939,17.8199996948242,17.5,17.5900001525879,2484800,17.3928070068359
2024-03-12,17.7199993133545,17.8999996185303,17.5,17.8999996185303,1321400,17.6993312835693
2024-03-13,17.8700008392334,18.2099990844727,17.7399997711182,18.0100002288818,2037200,17.8080978393555
2024-03-14,18.2000007629395,18.5499992370605,18,18.4200000762939,2635900,18.2135009765625
2024-03-15,18.5300006866455,18.75,18.2700004577637,18.6299991607666,2096000,18.4211463928223
2024-03-18,18.6299991607666,18.9099998474121,18.6200008392334,18.7099990844727,1453000,18.5002498626709
2024-03-19,18.7099990844727,19.0200004577637,18.7099990844727,18.9599990844727,1029000,18.7474460601807
2024-03-20,19.0499992370605,19.75,18.9400005340576,19.6100006103516,1830600,19.3901615142822
2024-03-21,19.7299995422363,19.8500003814697,19.4400005340576,19.6700000762939,2816100,19.4494876861572
2024-03-22,19.5499992370605,19.8799991607666,19.2099990844727,19.2600002288818,4383300,19.0440845489502
2024-03-25,19.3600006103516,19.4899997711182,19.0799999237061,19.2000007629395,1391900,18.9847583770752
2024-03-26,19.1000003814697,19.6499996185303,19.1000003814697,19.4200000762939,3451400,19.2022914886475
2024-03-27,19.4599990844727,19.6399993896484,19.3299999237061,19.4500007629395,1884200,19.231954574585
2024-03-28,19.6800003051758,20.8700008392334,19.5900001525879,20.7199993133545,9153100,20.4877166748047
2024-04-01,20.8199996948242,20.8600006103516,20.4799995422363,20.5,1893300,20.2701835632324
2024-04-02,20.5200004577637,20.7800006866455,20.3199996948242,20.5599994659424,2895400,20.3295097351074
2024-04-03,20.5200004577637,20.5699996948242,20.0200004577637,20.2700004577637,2525400,20.0427627563477
2024-04-04,20.5599994659424,20.7600002288818,20.1200008392334,20.2000007629395,2510500,19.9735469818115
2024-04-05,20.2900009155273,20.2900009155273,19.8999996185303,20.0499992370605,1782300,19.8252277374268
2024-04-08,20.0499992370605,20.1299991607666,19.9200000762939,20.0400009155273,1129800,19.8153419494629
2024-04-09,20.0900001525879,20.2800006866455,19.8700008392334,20.1900005340576,2762000,19.963659286499
2024-04-10,20.1900005340576,20.1900005340576,19.6399993896484,20.0699996948242,4094900,19.8450031280518
2024-04-11,20.0100002288818,20.3099994659424,19.6700000762939,20.1700000762939,2658000,19.943883895874
2024-04-12,20.1800003051758,20.2900009155273,19.5,19.7399997711182,3524400,19.7399997711182
2024-04-15,19.6399993896484,19.6800003051758,18.8799991607666,19.0599994659424,4285300,19.0599994659424
2024-04-16,18.9599990844727,19.0599994659424,18.4500007629395,18.4500007629395,4761700,18.4500007629395
2024-04-17,18.4599990844727,18.8899993896484,18.4200000762939,18.4200000762939,4398900,18.4200000762939
2024-04-18,18.3500003814697,18.8199996948242,18.3500003814697,18.5499992370605,1421000,18.5499992370605
2024-04-19,18.6499996185303,19.0300006866455,18.6000003814697,18.7199993133545,1517300,18.7199993133545
2024-04-22,18.7199993133545,19,18.6800003051758,18.8299999237061,1796000,18.8299999237061
2024-04-23,18.7999992370605,18.8899993896484,18.5,18.7600002288818,2213700,18.7600002288818
2024-04-24,18.8600006103516,18.8600006103516,18.4400005340576,18.5400009155273,1619200,18.5400009155273
2024-04-25,18.3999996185303,18.6399993896484,18.1700000762939,18.6299991607666,1965200,18.6299991607666
2024-04-26,18.7299995422363,19.2600002288818,18.6599998474121,18.9599990844727,1415800,18.9599990844727
2024-04-29,18.9599990844727,19.3400001525879,18.8799991607666,19.2000007629395,960300,19.2000007629395
2024-04-30,19.1000003814697,19.2099990844727,18.7000007629395,18.75,1577800,18.75
2024-05-02,18.8500003814697,19.1000003814697,18.6000003814697,18.6499996185303,1606700,18.6499996185303
2024-05-03,18.75,19.4200000762939,18.75,19.1000003814697,2320100,19.1000003814697
2024-05-06,19.2000007629395,19.5599994659424,19.0100002288818,19.1000003814697,1641900,19.1000003814697
2024-05-07,19.1399993896484,19.2399997711182,18.8400001525879,18.9899997711182,1638800,18.9899997711182
2024-05-08,19.0200004577637,19.0200004577637,18.6499996185303,18.8400001525879,1992900,18.8400001525879
2024-05-09,18.9799995422363,18.9799995422363,18.3999996185303,18.6599998474121,1343000,18.6599998474121
2024-05-10,19.0900001525879,19.8600006103516,18.9500007629395,19.3400001525879,3168400,19.3400001525879
2024-05-13,19.3299999237061,19.4400005340576,18.9300003051758,19.1499996185303,1462100,19.1499996185303
2024-05-14,19.1200008392334,19.3999996185303,18.9500007629395,19.2199993133545,3927400,19.2199993133545
2024-05-15,19.0900001525879,19.3999996185303,19.0499992370605,19.2199993133545,1492900,19.2199993133545
2024-05-16,19.4500007629395,19.4500007629395,18.9400005340576,19.0499992370605,1421300,19.0499992370605
2024-05-17,18.9500007629395,19.1399993896484,18.8999996185303,19.0699996948242,686600,19.0699996948242
2024-05-20,19.1499996185303,19.8500003814697,19,19.2900009155273,2550800,19.2900009155273
2024-05-21,19.25,19.2999992370605,19.0100002288818,19.1900005340576,1474700,19.1900005340576
2024-05-22,19.1900005340576,19.3099994659424,18.9099998474121,18.9899997711182,2255200,18.9899997711182
2024-05-23,18.8899993896484,18.9599990844727,18.5400009155273,18.7999992370605,2499600,18.7999992370605
2024-05-24,19,19,18.4500007629395,18.7000007629395,1591500,18.7000007629395
2024-05-27,18.7099990844727,18.75,18.5699996948242,18.6700000762939,1013300,18.6700000762939
2024-05-28,18.9799995422363,18.9799995422363,18.0599994659424,18.2399997711182,3398200,18.2399997711182
2024-05-29,18,18.2800006866455,17.7099990844727,18.1700000762939,2052400,18.1700000762939
2024-05-31,18.2199993133545,18.6200008392334,18.0900001525879,18.5400009155273,2014400,18.5400009155273
2024-06-03,18.5400009155273,18.8600006103516,18.3400001525879,18.5,2744100,18.5
2024-06-04,18.3799991607666,18.4099998474121,18.1000003814697,18.2999992370605,1431600,18.2999992370605
2024-06-05,18.2900009155273,18.2999992370605,17.7299995422363,18,1776000,18
2024-06-06,17.9400005340576,18.4699993133545,17.9099998474121,18.3199996948242,1709900,18.3199996948242
2024-06-07,18.1900005340576,18.2900009155273,17.9599990844727,18.0300006866455,682700,18.0300006866455
2024-06-10,18.0699996948242,18.0699996948242,17.5,17.6100006103516,1261700,17.6100006103516
2024-06-11,17.5200004577637,17.8099994659424,17.5200004577637,17.6499996185303,987900,17.6499996185303
2024-06-12,17.8999996185303,18.1700000762939,17.3999996185303,17.5799999237061,7950900,17.5799999237061
2024-06-13,17.5300006866455,17.5900001525879,17.1399993896484,17.5300006866455,1987600,17.5300006866455
2024-06-14,17.4899997711182,17.7399997711182,17.3600006103516,17.6100006103516,794000,17.6100006103516
2024-06-17,17.5200004577637,17.5599994659424,17.2000007629395,17.25,1503800,17.25
2024-06-18,17.25,17.3899993896484,17.0799999237061,17.1900005340576,1903200,17.1900005340576
2024-06-19,17.1399993896484,17.2399997711182,16.8999996185303,17.1100006103516,3776800,17.1100006103516
2024-06-20,17.25,17.6000003814697,16.9799995422363,17.0599994659424,2794700,17.0599994659424
2024-06-21,17.0599994659424,17.4400005340576,16.9699993133545,17.2399997711182,2122000,17.2399997711182
2024-06-24,17.3299999237061,17.7000007629395,17.3099994659424,17.3099994659424,1308000,17.3099994659424
2024-06-25,17.3099994659424,17.6599998474121,17.2700004577637,17.4899997711182,1628000,17.4899997711182
2024-06-26,17.5799999237061,17.6299991607666,17.2199993133545,17.4899997711182,1477900,17.4899997711182
2024-06-27,17.4599990844727,17.7399997711182,17.4300003051758,17.7000007629395,1678200,17.7000007629395
2024-06-28,17.6900005340576,17.7199993133545,17.2399997711182,17.2399997711182,2428900,17.2399997711182
2024-07-01,17.2700004577637,17.2900009155273,16.8099994659424,16.8899993896484,2443700,16.8899993896484
2024-07-02,16.8899993896484,17.0499992370605,16.7399997711182,16.7399997711182,3386100,16.7399997711182
2024-07-03,16.7000007629395,17.2199993133545,16.7000007629395,16.9899997711182,4590800,16.9899997711182
2024-07-04,17.25,17.3400001525879,16.9200000762939,16.9699993133545,2085400,16.9699993133545
2024-07-05,16.7900009155273,17.2299995422363,16.7800006866455,17.1900005340576,1569300,17.1900005340576
2024-07-08,17.1900005340576,17.25,16.8600006103516,16.9799995422363,1610700,16.9799995422363
2024-07-09,16.8099994659424,17.25,16.6399993896484,17.1399993896484,2061800,17.1399993896484
2024-07-10,16.9500007629395,17.4200000762939,16.9500007629395,17.25,1977000,17.25
2024-07-11,17.4300003051758,17.5499992370605,17.1200008392334,17.1200008392334,1503800,17.1200008392334
2024-07-12,17.1299991607666,17.7199993133545,16.9500007629395,17.6100006103516,10069500,17.6100006103516
2024-07-15,17.6299991607666,17.6900005340576,17.2199993133545,17.3700008392334,1129700,17.3700008392334
2024-07-16,17.2000007629395,17.6700000762939,17.2000007629395,17.5,1566900,17.5
2024-07-17,17.5,17.5499992370605,17.25,17.3299999237061,1049500,17.3299999237061
2024-07-18,17.3299999237061,17.3299999237061,16.9099998474121,16.9799995422363,2466100,16.9799995422363
2024-07-19,17.2299995422363,17.2299995422363,16.9099998474121,16.9500007629395,1294100,16.9500007629395
2024-07-22,17.1900005340576,17.3400001525879,16.9400005340576,17.25,1742400,17.25
2024-07-23,17.0799999237061,17.4899997711182,17.0300006866455,17.0799999237061,1157100,17.0799999237061
2024-07-24,17.0599994659424,17.1499996185303,16.9300003051758,17.0400009155273,1230800,17.0400009155273
2024-07-25,17.2600002288818,17.2600002288818,16.8700008392334,17.0300006866455,2484100,17.0300006866455
2024-07-26,17.0200004577637,17.3500003814697,16.9400005340576,17.2399997711182,4209100,17.2399997711182
2024-07-29,17.0100002288818,17.2900009155273,16.8799991607666,16.9099998474121,3493100,16.9099998474121
2024-07-30,16.9500007629395,17.0300006866455,16.5699996948242,16.9500007629395,1606800,16.9500007629395
2024-07-31,17,17.5100002288818,16.9300003051758,17.3999996185303,4684500,17.3999996185303
2024-08-01,17.4699993133545,17.8299999237061,17.4300003051758,17.7299995422363,2910300,17.7299995422363
2024-08-02,17.8600006103516,18.0300006866455,17.6800003051758,18.0200004577637,2870100,18.0200004577637
2024-08-05,17.75,17.9500007629395,17.4099998474121,17.8099994659424,2841800,17.8099994659424
2024-08-06,17.9699993133545,18.1900005340576,17.8199996948242,17.8199996948242,1581200,17.8199996948242
2024-08-07,17.8299999237061,18.1399993896484,17.8299999237061,17.9300003051758,2052300,17.9300003051758
2024-08-08,17.9300003051758,18.2600002288818,17.8500003814697,18.2000007629395,4778500,18.2000007629395
2024-08-09,18.3899993896484,18.9200000762939,18.3099994659424,18.6700000762939,1758000,18.6700000762939
2024-08-12,18.8700008392334,18.8700008392334,18.2700004577637,18.2999992370605,1720200,18.2999992370605
2024-08-13,18.1499996185303,18.5,17.6599998474121,17.8799991607666,2587100,17.8799991607666
2024-08-14,17.6299991607666,17.9400005340576,17.6299991607666,17.8500003814697,1232200,17.8500003814697
2024-08-15,17.9699993133545,18.0400009155273,17.7099990844727,17.8600006103516,1576200,17.8600006103516
2024-08-16,17.9699993133545,17.9699993133545,17.4099998474121,17.5599994659424,2241200,17.5599994659424
2024-08-19,17.5799999237061,17.5900001525879,17.2800006866455,17.5300006866455,3252400,17.5300006866455
2024-08-20,17.3899993896484,17.7700004577637,17.3299999237061,17.6900005340576,1909200,17.6900005340576
2024-08-21,17.5900001525879,17.7099990844727,17.3199996948242,17.5599994659424,2446800,17.5599994659424
2024-08-22,17.6900005340576,17.6900005340576,17.2199993133545,17.3899993896484,1884500,17.3899993896484
2024-08-23,17.3999996185303,17.6900005340576,17.1900005340576,17.4799995422363,7461400,17.4799995422363
2024-08-26,17.5799999237061,17.6700000762939,17.3999996185303,17.5799999237061,1946400,17.5799999237061
2024-08-27,17.4699993133545,18.4500007629395,17.4699993133545,18.2000007629395,4318700,18.2000007629395
2024-08-28,18.0300006866455,18.2999992370605,17.9799995422363,18.1599998474121,1097600,18.1599998474121
2024-08-29,18.1299991607666,18.1800003051758,17.6200008392334,17.6800003051758,2810700,17.6800003051758
2024-08-30,17.6900005340576,18.1499996185303,17.4300003051758,18.0499992370605,6952300,18.0499992370605
2024-09-02,18.1599998474121,18.1700000762939,17.5799999237061,17.6599998474121,1911300,17.6599998474121
2024-09-03,17.7999992370605,17.8999996185303,17.5599994659424,17.75,2247200,17.75
2024-09-04,17.8600006103516,18.1499996185303,17.7700004577637,17.9699993133545,1776900,17.9699993133545
2024-09-05,17.9599990844727,18.2399997711182,17.9200000762939,18.2199993133545,2292900,18.2199993133545
2024-09-06,18.0499992370605,18.3799991607666,17.9699993133545,18.1100006103516,3200300,18.1100006103516
2024-09-09,17.9300003051758,18.2000007629395,17.9300003051758,18.0499992370605,992600,18.0499992370605
2024-09-10,17.9099998474121,18.2099990844727,17.8600006103516,18.1399993896484,1155700,18.1399993896484
2024-09-11,18.25,18.3500003814697,17.9799995422363,18.1499996185303,1305500,18.1499996185303
2024-09-12,18.1800003051758,18.3400001525879,18.0599994659424,18.2099990844727,1435100,18.2099990844727
2024-09-13,18.2700004577637,18.7700004577637,18.2600002288818,18.5599994659424,1601400,18.5599994659424
2024-09-16,18.4599990844727,18.7600002288818,18.4599990844727,18.6900005340576,1686500,18.6900005340576
2024-09-17,18.7800006866455,19.1399993896484,18.6800003051758,19.0400009155273,2667300,19.0400009155273
2024-09-18,19.1499996185303,19.6000003814697,19.1399993896484,19.25,3154300,19.25
2024-09-19,19.2600002288818,19.3400001525879,19.0699996948242,19.2000007629395,2960600,19.2000007629395
2024-09-20,19.1599998474121,19.1599998474121,18.5799999237061,18.5799999237061,3629200,18.5799999237061
2024-09-23,18.4300003051758,18.7099990844727,18.3999996185303,18.6499996185303,840500,18.6499996185303
2024-09-24,18.6100006103516,18.8999996185303,18.5699996948242,18.6000003814697,2385500,18.6000003814697
2024-09-25,18.6000003814697,18.7900009155273,18.4200000762939,18.5,2025500,18.5
2024-09-26,18.5,18.8500003814697,18.4400005340576,18.6200008392334,3239200,18.6200008392334
2024-09-27,18.6399993896484,19.0599994659424,18.5,18.5599994659424,1833300,18.5599994659424
2024-09-30,18.4599990844727,18.75,18.4400005340576,18.6399993896484,2286200,18.6399993896484
2024-10-01,19.0900001525879,19.4400005340576,18.2900009155273,18.3799991607666,2880200,18.3799991607666
2024-10-02,18.5400009155273,18.7399997711182,18.3799991607666,18.3899993896484,2177300,18.3899993896484
2024-10-03,18.3899993896484,18.3899993896484,18.1200008392334,18.1299991607666,1344200,18.1299991607666
2024-10-04,18.1100006103516,18.5300006866455,18.0699996948242,18.3199996948242,1450700,18.3199996948242
2024-10-07,18.3199996948242,18.5200004577637,18.1499996185303,18.3899993896484,1753200,18.3899993896484
2024-10-08,18.4300003051758,18.5200004577637,18.2999992370605,18.3899993896484,861100,18.3899993896484
2024-10-09,18.2199993133545,18.3799991607666,18.0699996948242,18.0799999237061,1377200,18.0799999237061
2024-10-10,18.1100006103516,18.1200008392334,17.7199993133545,17.8700008392334,1953200,17.8700008392334
2024-10-11,17.7900009155273,17.9200000762939,17.6200008392334,17.8799991607666,1173600,17.8799991607666
2024-10-14,18.0200004577637,18.3500003814697,17.6900005340576,18.2399997711182,1748300,18.2399997711182
2024-10-15,18.2700004577637,18.6000003814697,18.2199993133545,18.5100002288818,1137400,18.5100002288818
2024-10-16,18.5100002288818,18.7900009155273,18.3400001525879,18.7099990844727,1338100,18.7099990844727
2024-10-17,18.7399997711182,18.7600002288818,18.4099998474121,18.6100006103516,631500,18.6100006103516
2024-10-18,18.6200008392334,18.75,18.2299995422363,18.3600006103516,1129500,18.3600006103516
2024-10-21,18.2800006866455,18.4400005340576,18.2299995422363,18.2999992370605,1748600,18.2999992370605
2024-10-22,18.1399993896484,18.25,17.8099994659424,17.8999996185303,2611900,17.8999996185303
2024-10-23,17.7299995422363,18.2000007629395,17.6900005340576,17.8700008392334,3055900,17.8700008392334
2024-10-24,17.8799991607666,17.8999996185303,17.4799995422363,17.8299999237061,4132800,17.8299999237061
2024-10-25,17.8600006103516,17.8600006103516,17.3500003814697,17.4400005340576,3546300,17.4400005340576
2024-10-28,17.4400005340576,17.7700004577637,17.2399997711182,17.2399997711182,2440200,17.2399997711182
2024-10-29,17.2800006866455,17.4099998474121,17.1499996185303,17.2800006866455,1776600,17.2800006866455
