"GMAT3.SA.Open","GMAT3.SA.High","GMAT3.SA.Low","GMAT3.SA.Close","GMAT3.SA.Volume","GMAT3.SA.Adjusted"
9.30000019073486,9.44999980926514,8.77999973297119,8.9399995803833,81145800,8.7154655456543
8.94999980926514,9.02999973297119,8.85000038146973,8.97000026702881,11186900,8.74471187591553
8.89000034332275,8.97000026702881,8.61999988555908,8.89999961853027,18026000,8.67646980285645
8.97000026702881,8.97000026702881,8.55000019073486,8.55000019073486,13171500,8.33526039123535
8.15999984741211,8.53999996185303,8.07999992370605,8.19999980926514,23151900,7.99405145645142
8.19999980926514,8.43000030517578,8.19999980926514,8.35000038146973,9000800,8.14028358459473
8.40999984741211,8.46000003814697,8.19999980926514,8.30000019073486,4414000,8.09154033660889
8.31999969482422,8.38000011444092,7.92000007629395,8.22000026702881,11625300,8.01354885101318
8.23999977111816,8.25,8,8,6256700,7.79907417297363
7.94999980926514,8.0600004196167,7.86999988555908,7.98000001907349,4563300,7.77957582473755
8,8.22000026702881,8,8.10000038146973,6499800,7.89656352996826
8.09000015258789,8.09000015258789,7.71000003814697,7.84000015258789,6059000,7.6430926322937
7.80000019073486,7.96000003814697,7.67000007629395,7.8899998664856,4110700,7.69183683395386
7.90000009536743,7.90000009536743,7.5,7.80000019073486,5137800,7.60409736633301
7.88000011444092,7.94000005722046,7.67999982833862,7.8899998664856,9587300,7.69183683395386
7.90000009536743,7.98999977111816,7.80000019073486,7.98999977111816,5789700,7.78932523727417
8.06999969482422,8.14000034332275,7.82000017166138,8.02000045776367,8602500,7.81857204437256
8,8.02000045776367,7.84999990463257,8,9211000,7.79907417297363
8.14000034332275,8.23999977111816,7.80999994277954,7.84999990463257,9455600,7.65284109115601
7.96000003814697,7.98000001907349,7.69999980926514,7.88000011444092,4429000,7.68208789825439
7.90000009536743,8.10000038146973,7.88000011444092,8,8327600,7.79907417297363
8.25,8.34000015258789,7.88000011444092,7.92000007629395,14078700,7.72108316421509
8,8.11999988555908,7.92999982833862,8.06999969482422,9173800,7.86731481552124
8.11999988555908,8.68000030517578,8.11999988555908,8.39999961853027,5297000,8.18902778625488
8.38000011444092,8.63000011444092,8.34000015258789,8.5,3512600,8.28651714324951
8.56999969482422,8.72999954223633,8.5,8.53999996185303,3125700,8.32551193237305
8.69999980926514,8.84000015258789,8.60999965667725,8.6899995803833,4711200,8.47174453735352
8.71000003814697,8.8100004196167,8.51000022888184,8.51000022888184,3570200,8.2962646484375
8.61999988555908,8.61999988555908,8.42000007629395,8.48999977111816,2273500,8.27676773071289
8.47999954223633,8.57999992370605,8.40999984741211,8.40999984741211,2115000,8.19877624511719
8.42000007629395,8.47999954223633,8.38000011444092,8.39999961853027,1455300,8.18902778625488
8.47999954223633,8.6899995803833,8.40999984741211,8.46000003814697,4818300,8.24752140045166
8.46000003814697,8.53999996185303,8.23999977111816,8.23999977111816,1907900,8.03304481506348
8.31999969482422,8.39999961853027,8.10000038146973,8.10000038146973,2532800,7.89656352996826
8.11999988555908,8.15999984741211,8.03999996185303,8.10000038146973,2012700,7.89656352996826
8.11999988555908,8.27999973297119,8.07999992370605,8.26000022888184,3451900,8.05254459381104
8.27000045776367,8.39999961853027,8.1899995803833,8.34000015258789,3426800,8.13053321838379
8.34000015258789,8.44999980926514,8.28999996185303,8.36999988555908,9313500,8.15978145599365
8.32999992370605,8.36999988555908,8.02000045776367,8.18000030517578,5459100,7.97455310821533
8.18000030517578,8.23999977111816,7.78999996185303,7.90000009536743,8835100,7.70158576965332
7.98999977111816,8,7.69000005722046,7.69000005722046,8543100,7.49686002731323
7.55000019073486,7.80999994277954,7.53000020980835,7.71999979019165,5798200,7.52610683441162
7.8600001335144,7.8600001335144,7.69999980926514,7.84000015258789,3245300,7.6430926322937
7.84000015258789,7.96000003814697,7.75,7.88000011444092,3600300,7.68208789825439
7.90999984741211,8.26000022888184,7.8899998664856,8.23999977111816,6538900,8.03304481506348
8.26000022888184,8.28999996185303,8.02999973297119,8.27999973297119,2227600,8.07204055786133
8.27000045776367,8.31999969482422,8.14999961853027,8.3100004196167,1991400,8.10128879547119
8.11999988555908,8.23999977111816,7.94999980926514,8.19999980926514,2807300,7.99405145645142
8.22000026702881,8.30000019073486,8.15999984741211,8.28999996185303,2410200,8.08178997039795
8.30000019073486,8.35999965667725,8.22999954223633,8.31999969482422,1395000,8.11103630065918
8.35999965667725,8.39999961853027,8.25,8.30000019073486,3474400,8.09154033660889
8.3100004196167,8.39999961853027,8.27000045776367,8.31999969482422,2619700,8.11103630065918
8.34000015258789,8.44999980926514,8.26000022888184,8.35999965667725,3006200,8.15003204345703
8.36999988555908,8.4399995803833,8.14999961853027,8.35000038146973,3373400,8.14028358459473
8.35000038146973,8.35000038146973,8.13000011444092,8.35000038146973,3421100,8.14028358459473
8.35000038146973,8.44999980926514,8.14000034332275,8.19999980926514,5622900,7.99405145645142
8.21000003814697,8.35000038146973,8.17000007629395,8.35000038146973,2590900,8.14028358459473
8.35000038146973,8.85000038146973,8.27000045776367,8.85000038146973,5724800,8.62772560119629
8.77999973297119,8.93000030517578,8.57999992370605,8.59000015258789,5233600,8.3742561340332
8.64000034332275,8.6899995803833,8.43000030517578,8.59000015258789,7529200,8.3742561340332
8.57999992370605,8.71000003814697,8.46000003814697,8.60999965667725,4592600,8.3937520980835
8.63000011444092,9,8.60999965667725,9,3656400,8.77395820617676
9,9.05000019073486,8.72000026702881,8.85000038146973,2942600,8.62772560119629
8.89999961853027,9.06999969482422,8.81999969482422,8.89999961853027,2177100,8.67646980285645
8.94999980926514,8.97999954223633,8.80000019073486,8.90999984741211,1300800,8.68621826171875
8.9399995803833,9,8.8100004196167,8.86999988555908,3647100,8.64722347259521
8.86999988555908,8.94999980926514,8.60000038146973,8.71000003814697,1696300,8.49124240875244
8.63000011444092,8.89999961853027,8.5,8.88000011444092,2196000,8.65697193145752
8.89000034332275,9,8.76000022888184,8.96000003814697,2560200,8.73496341705322
8.93000030517578,8.9399995803833,8.60000038146973,8.65999984741211,3456800,8.44249725341797
8.69999980926514,8.75,8.56999969482422,8.6899995803833,3946100,8.47174453735352
8.64000034332275,8.64000034332275,8.43000030517578,8.43000030517578,3845900,8.21827411651611
8.55000019073486,8.5600004196167,8.3100004196167,8.43000030517578,2416100,8.21827411651611
8.48999977111816,8.63000011444092,8.35999965667725,8.35999965667725,4284600,8.15003204345703
8.38000011444092,8.5,8.38000011444092,8.39000034332275,3380100,8.17927932739258
8.46000003814697,8.68000030517578,8.35000038146973,8.60999965667725,3358900,8.3937520980835
8.64000034332275,8.69999980926514,8.47000026702881,8.5600004196167,2284500,8.34500980377197
8.5600004196167,8.56999969482422,8.22999954223633,8.32999992370605,2494600,8.1207857131958
8.31999969482422,8.39000034332275,8.22000026702881,8.39000034332275,2572300,8.17927932739258
8.35000038146973,8.40999984741211,8.19999980926514,8.25,1982400,8.04279518127441
8.25,8.55000019073486,8.25,8.48999977111816,2255600,8.27676773071289
8.48999977111816,8.5600004196167,8.42000007629395,8.5600004196167,1136000,8.34500980377197
8.60000038146973,8.64000034332275,8.35999965667725,8.40999984741211,1455800,8.19877624511719
8.42000007629395,8.48999977111816,8.30000019073486,8.40999984741211,2275300,8.19877624511719
8.39999961853027,8.47999954223633,8.30000019073486,8.35000038146973,2399000,8.14028358459473
8.22999954223633,8.46000003814697,8.03999996185303,8.31999969482422,3207600,8.11103630065918
8.35000038146973,8.53999996185303,8.30000019073486,8.5,2382500,8.28651714324951
8.5,8.51000022888184,8.26000022888184,8.39999961853027,1597100,8.18902778625488
8.39999961853027,8.39999961853027,8.11999988555908,8.14000034332275,2402200,7.93555736541748
8.32999992370605,8.35000038146973,7.92000007629395,7.92000007629395,2828300,7.72108316421509
8,8.09000015258789,7.80000019073486,7.80000019073486,2165000,7.60409736633301
7.80000019073486,7.98000001907349,7.57999992370605,7.98000001907349,2484000,7.77957582473755
7.98000001907349,7.98000001907349,7.6399998664856,7.86999988555908,7834000,7.67233896255493
7.90000009536743,7.98000001907349,7.69000005722046,7.80000019073486,2655100,7.60409736633301
7.80999994277954,8.39000034332275,7.3899998664856,8.3100004196167,13077600,8.10128879547119
8.13000011444092,8.14000034332275,7.40000009536743,7.51999998092651,5117700,7.33112955093384
7.61999988555908,7.78000020980835,7.40000009536743,7.42000007629395,6212900,7.23364114761353
7.53999996185303,7.59999990463257,7.17000007629395,7.28999996185303,6853400,7.10690593719482
7.38000011444092,7.65000009536743,7.26999998092651,7.57000017166138,3897800,7.37987375259399
7.55000019073486,7.69000005722046,7.34999990463257,7.69000005722046,4038700,7.49686002731323
7.6100001335144,7.67999982833862,7.38000011444092,7.48999977111816,3309800,7.30188274383545
7.5,7.57999992370605,7.34999990463257,7.5,3515900,7.31163215637207
7.48999977111816,7.55999994277954,7.40999984741211,7.51000022888184,1581600,7.32138061523438
7.51000022888184,7.53000020980835,7.26999998092651,7.34999990463257,2400600,7.16539907455444
7.3899998664856,7.51000022888184,7.23000001907349,7.51000022888184,4131100,7.32138061523438
7.48000001907349,7.57999992370605,7.34999990463257,7.34999990463257,2463300,7.16539907455444
7.32999992370605,7.55999994277954,7.32000017166138,7.5,3464600,7.31163215637207
7.44999980926514,7.53999996185303,7.19999980926514,7.28999996185303,5295500,7.10690593719482
7.6100001335144,8,7.42000007629395,7.90999984741211,10543700,7.71133422851562
7.90999984741211,8.03999996185303,7.59999990463257,7.75,5533300,7.55535316467285
7.76000022888184,7.76000022888184,7.46000003814697,7.55000019073486,5113400,7.36037635803223
7.53999996185303,7.88000011444092,7.5,7.88000011444092,4425300,7.68208789825439
7.88000011444092,8.19999980926514,7.75,8.19999980926514,6886000,7.99405145645142
8.27999973297119,8.48999977111816,8.15999984741211,8.34000015258789,5691700,8.13053321838379
8.5,8.60999965667725,8.39999961853027,8.60999965667725,3152900,8.3937520980835
8.57999992370605,8.72000026702881,8.48999977111816,8.64999961853027,4246100,8.43274879455566
8.65999984741211,8.68000030517578,8.25,8.25,6810200,8.04279518127441
8.30000019073486,8.48999977111816,8.19999980926514,8.39000034332275,4224200,8.17927932739258
8.36999988555908,8.36999988555908,8.07999992370605,8.15999984741211,4101000,7.95505571365356
8.25,8.43000030517578,8.13000011444092,8.30000019073486,3253400,8.09154033660889
8.30000019073486,8.35000038146973,8.22999954223633,8.28999996185303,5894800,8.08178997039795
8.27999973297119,8.32999992370605,8.02999973297119,8.02999973297119,3977000,7.82832002639771
8.05000019073486,8.11999988555908,7.80999994277954,7.80999994277954,7831900,7.61384582519531
7.71000003814697,7.8600001335144,7.55999994277954,7.80000019073486,8749200,7.60409736633301
7.78999996185303,7.84999990463257,7.67000007629395,7.80000019073486,3233800,7.60409736633301
7.78000020980835,7.94999980926514,7.76000022888184,7.94999980926514,2871000,7.75032949447632
7.94999980926514,7.98000001907349,7.71000003814697,7.71000003814697,4709500,7.516357421875
7.75,7.92000007629395,7.69000005722046,7.90000009536743,4388800,7.70158576965332
7.90999984741211,7.94000005722046,7.76000022888184,7.78999996185303,4701500,7.59434795379639
7.78999996185303,7.86999988555908,7.71000003814697,7.80999994277954,2592900,7.61384582519531
7.80999994277954,7.96000003814697,7.78000020980835,7.80000019073486,3175100,7.60409736633301
7.88000011444092,8.02999973297119,7.80000019073486,8,2936000,7.79907417297363
8,8.14999961853027,7.96000003814697,8.14999961853027,7209000,7.9453067779541
8.14999961853027,8.1899995803833,8.01000022888184,8.09000015258789,7055400,7.88681411743164
8.10000038146973,8.17000007629395,7.94999980926514,8.05000019073486,4023200,7.84781837463379
8.07999992370605,8.17000007629395,8,8.03999996185303,2313000,7.83806943893433
8.06999969482422,8.06999969482422,7.67000007629395,7.78000020980835,6821500,7.58459949493408
7.82000017166138,7.88000011444092,7.71999979019165,7.84000015258789,5675000,7.6430926322937
7.84999990463257,7.94999980926514,7.73000001907349,7.82000017166138,3838100,7.62359523773193
7.76000022888184,7.78999996185303,7.63000011444092,7.67999982833862,4152000,7.48711109161377
7.67000007629395,7.73000001907349,7.40000009536743,7.44000005722046,5384200,7.25313854217529
7.5,7.65999984741211,7.48999977111816,7.61999988555908,4150400,7.42861795425415
7.76000022888184,7.84000015258789,7.65999984741211,7.84000015258789,3352500,7.6430926322937
7.82999992370605,7.8899998664856,7.76000022888184,7.76999998092651,2816700,7.57485103607178
7.82000017166138,7.84999990463257,7.69999980926514,7.69999980926514,2122800,7.50660848617554
7.65999984741211,7.73999977111816,7.63000011444092,7.69000005722046,1644900,7.49686002731323
7.69999980926514,7.73000001907349,7.55000019073486,7.6399998664856,4606900,7.44811534881592
7.65000009536743,7.80000019073486,7.59000015258789,7.80000019073486,3543600,7.60409736633301
7.78000020980835,8,7.76000022888184,7.92000007629395,4005300,7.72108316421509
7.96000003814697,8.07999992370605,7.94000005722046,7.98999977111816,3694700,7.78932523727417
8.02999973297119,8.13000011444092,7.86999988555908,7.92000007629395,3194100,7.72108316421509
7.94999980926514,8.19999980926514,7.94000005722046,8.10000038146973,13483100,7.89656352996826
8.11999988555908,8.17000007629395,8.02999973297119,8.10000038146973,2672700,7.89656352996826
8.10000038146973,8.15999984741211,7.98000001907349,8.14999961853027,1954800,7.9453067779541
8.17000007629395,8.27999973297119,8.09000015258789,8.19999980926514,2904800,7.99405145645142
8.19999980926514,8.25,7.96000003814697,8.09000015258789,4437900,7.88681411743164
8.10000038146973,8.19999980926514,8.01000022888184,8.02999973297119,4952400,7.82832002639771
8.05000019073486,8.14999961853027,7.86999988555908,7.92000007629395,7633700,7.72108316421509
7.94999980926514,8.01000022888184,7.84999990463257,7.92999982833862,3643000,7.73083162307739
7.92999982833862,7.94999980926514,7.88000011444092,7.92000007629395,1634300,7.72108316421509
7.94000005722046,8.0600004196167,7.92000007629395,8.02999973297119,2337000,7.82832002639771
8.02000045776367,8.09000015258789,7.92999982833862,7.98999977111816,1860900,7.78932523727417
8.03999996185303,8.03999996185303,7.88000011444092,7.88000011444092,5999600,7.68208789825439
7.90000009536743,7.98999977111816,7.84000015258789,7.88000011444092,2634800,7.68208789825439
7.8899998664856,7.94000005722046,7.84000015258789,7.8899998664856,2541800,7.69183683395386
7.92000007629395,7.92000007629395,7.75,7.82999992370605,3535600,7.63334321975708
7.84000015258789,8.02999973297119,7.61999988555908,7.61999988555908,19299800,7.42861795425415
7.73000001907349,7.84999990463257,7.69000005722046,7.84999990463257,3803900,7.65284109115601
7.84000015258789,7.96999979019165,7.76000022888184,7.96999979019165,2050800,7.76982736587524
7.92000007629395,8.09000015258789,7.90000009536743,8.01000022888184,2515600,7.8088231086731
8.01000022888184,8.0600004196167,7.90999984741211,8.0600004196167,3169100,7.85756778717041
8.06999969482422,8.06999969482422,7.80999994277954,7.80999994277954,3877100,7.61384582519531
7.80999994277954,7.8600001335144,7.69000005722046,7.78000020980835,4856700,7.58459949493408
7.82000017166138,7.92000007629395,7.69999980926514,7.92000007629395,1932100,7.72108316421509
7.90999984741211,7.92000007629395,7.76999998092651,7.92000007629395,4660600,7.72108316421509
7.94000005722046,7.96999979019165,7.69999980926514,7.78999996185303,6625100,7.59434795379639
7.80000019073486,7.84000015258789,7.65000009536743,7.76000022888184,5968300,7.56510162353516
7.76000022888184,7.76000022888184,7.51000022888184,7.59999990463257,6068300,7.40912008285522
7.57999992370605,7.59999990463257,7.40000009536743,7.53000020980835,5921000,7.34087896347046
7.53000020980835,7.57999992370605,7.42000007629395,7.48999977111816,5809200,7.30188274383545
7.40000009536743,7.48999977111816,7.38000011444092,7.48999977111816,4028000,7.30188274383545
7.51999998092651,7.55000019073486,7.38000011444092,7.46000003814697,6309900,7.27263641357422
7.44999980926514,7.65000009536743,7.44000005722046,7.59999990463257,6617300,7.40912008285522
7.6399998664856,7.67000007629395,7.55999994277954,7.65999984741211,4466100,7.46761322021484
7.67000007629395,7.76000022888184,7.61999988555908,7.73000001907349,3356700,7.53585481643677
7.75,7.76999998092651,7.59999990463257,7.59999990463257,3169700,7.40912008285522
7.53999996185303,7.59000015258789,7.44999980926514,7.51999998092651,2888200,7.33112955093384
7.53000020980835,7.65999984741211,7.48000001907349,7.65999984741211,2967600,7.46761322021484
7.65999984741211,7.78000020980835,7.57000017166138,7.78000020980835,4307600,7.58459949493408
7.76000022888184,7.90999984741211,7.65999984741211,7.80000019073486,4291700,7.60409736633301
7.80000019073486,7.80000019073486,7.65000009536743,7.80000019073486,2528000,7.60409736633301
7.80000019073486,7.80000019073486,7.57999992370605,7.57999992370605,3006800,7.38962268829346
7.57000017166138,7.6100001335144,7.46999979019165,7.59000015258789,2500900,7.39937114715576
7.59000015258789,7.59000015258789,7.38000011444092,7.44999980926514,5782500,7.26288747787476
7.48000001907349,7.51000022888184,7.30000019073486,7.42999982833862,4818100,7.24339008331299
7.44000005722046,7.44000005722046,7.15000009536743,7.17000007629395,5330400,6.98991966247559
7.25,7.26000022888184,7.15999984741211,7.19999980926514,5581200,7.01916646957397
7.23999977111816,7.23999977111816,6.98000001907349,7.15000009536743,9370600,6.97042274475098
7.09999990463257,7.55999994277954,7.07000017166138,7.55999994277954,7642100,7.37012481689453
7.55999994277954,7.6100001335144,7.38000011444092,7.48000001907349,3986600,7.29213428497314
7.48000001907349,7.53999996185303,7.3600001335144,7.3899998664856,8275100,7.20439434051514
7.36999988555908,7.48000001907349,7.30000019073486,7.30000019073486,2961400,7.11665534973145
7.30000019073486,7.42000007629395,7.25,7.38000011444092,2928800,7.19464588165283
7.38000011444092,7.44000005722046,7.28000020980835,7.40999984741211,2433500,7.2238917350769
7.3600001335144,7.42000007629395,7.28999996185303,7.36999988555908,1874700,7.18489694595337
7.3899998664856,7.40999984741211,7.09000015258789,7.15000009536743,4839800,6.97042274475098
7.15000009536743,7.17000007629395,6.94999980926514,6.98000001907349,5833800,6.80469179153442
6.94999980926514,7.07000017166138,6.82999992370605,7.03000020980835,8511600,6.85343647003174
7.05999994277954,7.07000017166138,6.90000009536743,7,5454900,6.82418918609619
6.92999982833862,7.44000005722046,6.92000007629395,7.44000005722046,5162000,7.25313854217529
7.34000015258789,7.67000007629395,7.32999992370605,7.6100001335144,20225600,7.41886901855469
7.59999990463257,7.76999998092651,7.53000020980835,7.6100001335144,4425600,7.41886901855469
7.71000003814697,7.75,7.59000015258789,7.67999982833862,2755900,7.48711109161377
7.67999982833862,7.71000003814697,7.59999990463257,7.67000007629395,5344700,7.47736263275146
7.69000005722046,7.69000005722046,7.51999998092651,7.51999998092651,2784500,7.33112955093384
7.51999998092651,7.55000019073486,7.42999982833862,7.48000001907349,2448500,7.29213428497314
7.46000003814697,7.51999998092651,7.36999988555908,7.44999980926514,1842400,7.26288747787476
7.46000003814697,7.48999977111816,7.13000011444092,7.13000011444092,6598500,6.95092439651489
7.19000005722046,7.21000003814697,7.07999992370605,7.07999992370605,3867900,6.90218019485474
7.07999992370605,7.13000011444092,6.98000001907349,7.01000022888184,6058000,6.83393907546997
7.03999996185303,7.05000019073486,6.90999984741211,6.98000001907349,1841300,6.80469179153442
6.96999979019165,7.03000020980835,6.8600001335144,6.8600001335144,4127100,6.68770599365234
6.82000017166138,6.84999990463257,6.6399998664856,6.67000007629395,3773500,6.50247812271118
6.67000007629395,6.78999996185303,6.55999994277954,6.73999977111816,4847700,6.57072019577026
6.80999994277954,6.96000003814697,6.69999980926514,6.80000019073486,3999700,6.62921285629272
6.8899998664856,6.92000007629395,6.76000022888184,6.84999990463257,3809100,6.67795658111572
6.90000009536743,6.92999982833862,6.67999982833862,6.71000003814697,4518200,6.54147338867188
6.71999979019165,6.78000020980835,6.6100001335144,6.78000020980835,2840400,6.60971546173096
6.78000020980835,6.80000019073486,6.61999988555908,6.65999984741211,3965700,6.49272871017456
6.63000011444092,6.71000003814697,6.51000022888184,6.71000003814697,8212500,6.54147338867188
6.59999990463257,6.69000005722046,6.5,6.61999988555908,7528100,6.45373392105103
6.65000009536743,7.03999996185303,6.65000009536743,7.03999996185303,14473300,6.86318492889404
7.05999994277954,7.11999988555908,6.90999984741211,7.07999992370605,5736500,6.90218019485474
7.07999992370605,7.25,7.05999994277954,7.23999977111816,6085900,7.05816173553467
7.19000005722046,7.23999977111816,7.05999994277954,7.17000007629395,3167100,6.98991966247559
7.17000007629395,7.17000007629395,7,7.09000015258789,3814000,6.91192960739136
7.05999994277954,7.05999994277954,6.84000015258789,6.84999990463257,5019100,6.67795658111572
7.01000022888184,7.38000011444092,6.92000007629395,7.30000019073486,16598300,7.11665534973145
7.34999990463257,7.71999979019165,7.34000015258789,7.61999988555908,13396100,7.42861795425415
7.53999996185303,7.65999984741211,7.51999998092651,7.6399998664856,6407100,7.44811534881592
7.61999988555908,7.61999988555908,7.38000011444092,7.44000005722046,4039500,7.25313854217529
7.46999979019165,7.80999994277954,7.40999984741211,7.69000005722046,10552800,7.49686002731323
7.59000015258789,7.84000015258789,7.5,7.78999996185303,7462700,7.59434795379639
7.80999994277954,7.94999980926514,7.71999979019165,7.84999990463257,5049300,7.65284109115601
7.90000009536743,8.05000019073486,7.86999988555908,7.96999979019165,6439100,7.76982736587524
7.96000003814697,8.02999973297119,7.78999996185303,7.82999992370605,4124100,7.63334321975708
7.82000017166138,8.14000034332275,7.80999994277954,7.98999977111816,5061100,7.78932523727417
8.09000015258789,8.09000015258789,7.90999984741211,7.98999977111816,3399400,7.78932523727417
8,8.35000038146973,7.94999980926514,8.27999973297119,9510600,8.07204055786133
8.27999973297119,8.27999973297119,8.06999969482422,8.14999961853027,6342900,7.9453067779541
8.14999961853027,8.19999980926514,7.94000005722046,7.98000001907349,6801700,7.77957582473755
8.05000019073486,8.18000030517578,7.98000001907349,8.06999969482422,6909700,7.86731481552124
8.01000022888184,8.09000015258789,7.78000020980835,7.94999980926514,6705500,7.75032949447632
7.86999988555908,7.8899998664856,7.46000003814697,7.67000007629395,7054200,7.47736263275146
7.71999979019165,7.80000019073486,7.59999990463257,7.69999980926514,7008600,7.50660848617554
7.6399998664856,7.69999980926514,7.46999979019165,7.51999998092651,3457900,7.33112955093384
7.55000019073486,7.67999982833862,7.38000011444092,7.44999980926514,7516600,7.26288747787476
7.36999988555908,7.42999982833862,7.21999979019165,7.26999998092651,7400600,7.0874080657959
7.26000022888184,7.3600001335144,7.1100001335144,7.13000011444092,4534200,6.95092439651489
7.17999982833862,7.23000001907349,7.03000020980835,7.23000001907349,3149300,7.04841327667236
7.15000009536743,7.3600001335144,7.07999992370605,7.25,4837400,7.06791114807129
7.25,7.34999990463257,7.09999990463257,7.1399998664856,5387900,6.96067333221436
7.19000005722046,7.26000022888184,7.05999994277954,7.19000005722046,5414900,7.00941753387451
7.15000009536743,7.21999979019165,7.07999992370605,7.17000007629395,3262500,6.98991966247559
7.23000001907349,7.23000001907349,7.09999990463257,7.21000003814697,4583200,7.0289158821106
7.19999980926514,7.32999992370605,7.17000007629395,7.21999979019165,2986400,7.03866338729858
7.30000019073486,7.3899998664856,7.21999979019165,7.3600001335144,1897200,7.17514801025391
7.30000019073486,7.42999982833862,7.07999992370605,7.17999982833862,4965400,6.99966859817505
7.25,7.25,6.82999992370605,6.84999990463257,3372300,6.67795658111572
6.8899998664856,6.94999980926514,6.63000011444092,6.65999984741211,3379600,6.49272871017456
6.69999980926514,6.82999992370605,6.63000011444092,6.67000007629395,3645900,6.50247812271118
6.71000003814697,6.80999994277954,6.59000015258789,6.59999990463257,4149600,6.4342360496521
6.6399998664856,6.6399998664856,6.40999984741211,6.40999984741211,4041000,6.24900817871094
6.44000005722046,6.44999980926514,6.21999979019165,6.38000011444092,5700400,6.21976137161255
6.30999994277954,6.3899998664856,6.19000005722046,6.23999977111816,6419500,6.08327770233154
6.23999977111816,6.32000017166138,6.19999980926514,6.25,4001000,6.09302616119385
6.09999990463257,6.17999982833862,6.01000022888184,6.05999994277954,3609400,5.90779829025269
6.15999984741211,6.15999984741211,5.94000005722046,5.96999979019165,5351100,5.82005882263184
5.98999977111816,5.98999977111816,5.75,5.8600001335144,6257100,5.71282196044922
5.92000007629395,5.92000007629395,5.63000011444092,5.69000005722046,5867700,5.54709148406982
5.71999979019165,5.80000019073486,5.57999992370605,5.75,6839400,5.60558462142944
5.80999994277954,5.96999979019165,5.78999996185303,5.8899998664856,6803900,5.74206829071045
5.94999980926514,6.19999980926514,5.90000009536743,6.09999990463257,8759500,5.94679355621338
6.19999980926514,6.34999990463257,6.15000009536743,6.28999996185303,6306000,6.1320219039917
6.28999996185303,6.40999984741211,6.21999979019165,6.30000019073486,4586600,6.14177131652832
6.25,6.26000022888184,6.03999996185303,6.05999994277954,1992200,5.90779829025269
6.13000011444092,6.21999979019165,6.05000019073486,6.15999984741211,3295300,6.005286693573
6.21000003814697,6.23999977111816,6.07999992370605,6.09000015258789,2897600,5.93704509735107
6.15000009536743,6.21999979019165,6.01999998092651,6.17999982833862,3359400,6.02478456497192
6.19000005722046,6.21999979019165,6.01999998092651,6.11999988555908,3486500,5.9662914276123
6.13000011444092,6.19000005722046,6.03999996185303,6.09000015258789,4010900,5.93704509735107
6.01000022888184,6.3600001335144,5.96999979019165,6.34999990463257,12375600,6.19051504135132
6.17999982833862,6.26000022888184,6.01000022888184,6.13000011444092,6896600,5.97604084014893
6.15000009536743,6.17999982833862,5.94000005722046,6.05000019073486,2667300,5.89804983139038
5.98000001907349,6.05000019073486,5.90000009536743,6.03000020980835,5423200,5.87855195999146
6.03000020980835,6.07000017166138,5.92999982833862,5.96999979019165,1621400,5.82005882263184
5.98000001907349,6.09999990463257,5.94000005722046,6.09999990463257,2746500,5.94679355621338
6.11999988555908,6.13000011444092,6.03999996185303,6.05999994277954,1935300,5.90779829025269
6.05000019073486,6.07000017166138,5.92000007629395,5.96999979019165,2002700,5.82005882263184
5.96999979019165,6.11999988555908,5.94000005722046,6.03000020980835,3686400,5.87855195999146
6.07999992370605,6.07999992370605,5.76000022888184,5.80999994277954,3094000,5.66407680511475
5.84999990463257,5.88000011444092,5.73999977111816,5.82000017166138,4242200,5.67382669448853
5.82000017166138,5.86999988555908,5.67000007629395,5.67000007629395,2522700,5.5275936126709
5.71999979019165,5.82999992370605,5.57999992370605,5.69000005722046,3200500,5.54709148406982
5.65000009536743,5.82999992370605,5.57999992370605,5.69999980926514,4307000,5.55684041976929
5.69999980926514,5.69999980926514,5.46000003814697,5.51999998092651,4018800,5.38136148452759
5.51999998092651,5.65999984741211,5.46000003814697,5.63000011444092,2991600,5.48859834671021
5.65999984741211,5.78999996185303,5.59999990463257,5.78000020980835,2368000,5.63483095169067
5.78000020980835,5.84999990463257,5.69999980926514,5.84999990463257,3292400,5.7030725479126
5.84999990463257,5.88000011444092,5.69999980926514,5.76000022888184,2728600,5.61533308029175
5.71000003814697,5.73999977111816,5.59000015258789,5.61999988555908,2604700,5.47884893417358
5.61999988555908,5.6399998664856,5.51000022888184,5.55000019073486,3834600,5.41060829162598
5.57999992370605,5.73000001907349,5.57999992370605,5.65000009536743,3173500,5.50809621810913
5.65000009536743,5.90000009536743,5.59999990463257,5.86999988555908,4323600,5.72257041931152
5.84000015258789,6.01000022888184,5.78999996185303,5.90999984741211,2675600,5.76156568527222
5.8899998664856,6,5.71999979019165,5.94000005722046,4505500,5.79081249237061
5.88000011444092,5.94999980926514,5.78999996185303,5.94999980926514,3447600,5.80056095123291
5.96000003814697,6.1399998664856,5.90000009536743,5.98999977111816,5785400,5.83955669403076
6.05000019073486,6.19000005722046,6.01000022888184,6.15999984741211,3475500,6.005286693573
6.1399998664856,6.25,6.09000015258789,6.23999977111816,2944000,6.08327770233154
6.23000001907349,6.26000022888184,6.03999996185303,6.1100001335144,10380600,5.95654296875
6.09000015258789,6.15999984741211,6.01000022888184,6.03000020980835,2121800,5.87855195999146
6.03000020980835,6.09000015258789,5.86999988555908,5.92000007629395,3725900,5.77131509780884
5.92999982833862,5.98999977111816,5.59999990463257,5.6399998664856,13835400,5.49834728240967
5.61999988555908,5.71000003814697,5.51000022888184,5.69999980926514,5333200,5.55684041976929
5.71000003814697,5.78000020980835,5.59999990463257,5.6399998664856,3200800,5.49834728240967
5.63000011444092,5.71000003814697,5.55999994277954,5.65000009536743,3033100,5.50809621810913
5.65999984741211,5.78000020980835,5.6399998664856,5.67000007629395,2622700,5.5275936126709
5.69999980926514,5.78000020980835,5.65000009536743,5.78000020980835,2807200,5.63483095169067
5.80999994277954,5.80999994277954,5.59000015258789,5.63000011444092,5509000,5.48859834671021
5.63000011444092,5.80000019073486,5.61999988555908,5.76000022888184,2210800,5.61533308029175
5.76999998092651,5.86999988555908,5.73000001907349,5.84999990463257,2641000,5.7030725479126
5.8600001335144,6.03000020980835,5.82000017166138,5.94999980926514,3841000,5.80056095123291
5.94000005722046,5.98999977111816,5.84000015258789,5.92000007629395,2791700,5.77131509780884
5.98000001907349,5.98000001907349,5.80000019073486,5.86999988555908,2508200,5.72257041931152
5.8899998664856,5.8899998664856,5.71000003814697,5.73000001907349,1315600,5.58608675003052
5.78000020980835,5.94000005722046,5.71000003814697,5.76000022888184,4010400,5.61533308029175
5.76000022888184,5.98000001907349,5.76000022888184,5.90000009536743,4538600,5.75181674957275
5.65000009536743,5.90000009536743,5.5,5.86999988555908,5273300,5.72257041931152
5.82000017166138,5.96000003814697,5.69000005722046,5.96000003814697,10038500,5.81031036376953
5.88000011444092,5.94999980926514,5.80999994277954,5.84999990463257,2912900,5.7030725479126
5.84999990463257,5.94000005722046,5.80999994277954,5.88000011444092,5964800,5.73231935501099
5.82999992370605,5.90999984741211,5.61999988555908,5.71000003814697,5900100,5.56658840179443
5.65000009536743,5.71000003814697,5.26000022888184,5.30999994277954,6177700,5.17663526535034
5.38000011444092,5.38000011444092,5.09000015258789,5.23999977111816,6340400,5.1083927154541
5.30000019073486,5.46999979019165,5.23000001907349,5.42999982833862,4329600,5.29362106323242
5.46000003814697,5.5,5.30999994277954,5.40000009536743,4708800,5.26437473297119
5.44000005722046,5.44000005722046,4.55999994277954,4.65999984741211,26405900,4.54296016693115
4.75,4.75,4.34000015258789,4.42000007629395,10167300,4.30898857116699
4.40000009536743,4.40000009536743,4.17000007629395,4.28000020980835,11767900,4.17250490188599
4.34000015258789,4.6100001335144,4.23000001907349,4.44000005722046,25169600,4.32848596572876
4.42999982833862,4.53000020980835,4.30999994277954,4.51999998092651,7582800,4.4064769744873
4.48999977111816,4.90999984741211,4.48000001907349,4.8899998664856,10482700,4.76718425750732
4.90000009536743,4.90000009536743,4.69000005722046,4.82999992370605,4753000,4.70869016647339
4.84000015258789,5,4.78999996185303,4.94999980926514,15888500,4.82567691802979
4.92999982833862,5.09999990463257,4.82999992370605,5,6847600,4.87442111968994
5.05999994277954,5.1399998664856,5.03000020980835,5.1100001335144,3582800,4.98165893554688
5.13000011444092,5.26999998092651,5.01999998092651,5.21000003814697,5937800,5.07914686203003
5.25,5.32999992370605,5.17000007629395,5.26000022888184,4313800,5.12789154052734
5.34000015258789,5.55000019073486,5.30999994277954,5.5,6328700,5.36186361312866
5.53000020980835,5.53000020980835,5.36999988555908,5.40999984741211,3743200,5.27412366867065
5.3899998664856,5.51000022888184,5.32999992370605,5.34000015258789,7338600,5.20588159561157
5.40000009536743,5.59000015258789,5.3600001335144,5.57999992370605,4549700,5.43985414505005
5.59999990463257,5.6399998664856,5.46000003814697,5.51000022888184,2813400,5.37161254882812
5.5,5.61999988555908,5.3899998664856,5.44000005722046,3343600,5.30336999893188
5.44000005722046,5.44000005722046,5.17000007629395,5.19999980926514,4893800,5.06939792633057
5.19000005722046,5.25,5.11999988555908,5.21999979019165,3130800,5.08889532089233
5.19999980926514,5.21999979019165,5.07000017166138,5.1100001335144,1616100,4.98165893554688
5.07999992370605,5.09999990463257,4.96999979019165,5.03999996185303,3824000,4.91341686248779
5.07999992370605,5.15000009536743,4.92000007629395,4.94999980926514,2588000,4.82567691802979
4.98999977111816,5.03999996185303,4.90999984741211,4.92000007629395,2729300,4.79643058776855
4.92000007629395,4.94000005722046,4.78999996185303,4.80000019073486,5566500,4.67944431304932
4.80999994277954,4.86999988555908,4.73999977111816,4.82000017166138,2221000,4.69894218444824
4.80000019073486,4.86999988555908,4.73000001907349,4.84999990463257,1506500,4.72818851470947
4.82999992370605,4.98000001907349,4.80999994277954,4.82999992370605,2104900,4.70869016647339
4.75,4.78000020980835,4.6399998664856,4.69999980926514,2358600,4.581955909729
4.6399998664856,4.84000015258789,4.59999990463257,4.82000017166138,2914900,4.69894218444824
4.78000020980835,4.86999988555908,4.67000007629395,4.71999979019165,3342400,4.60145378112793
4.78999996185303,4.80000019073486,4.59000015258789,4.6100001335144,3976700,4.494215965271
4.61999988555908,4.76000022888184,4.55999994277954,4.69999980926514,5597300,4.581955909729
4.76999998092651,4.90999984741211,4.67999982833862,4.73000001907349,14254900,4.61120223999023
4.75,4.78999996185303,4.53000020980835,4.59000015258789,4468800,4.47471904754639
4.57999992370605,4.67999982833862,4.51000022888184,4.61999988555908,4612600,4.50396537780762
4.59999990463257,4.69999980926514,4.42999982833862,4.61999988555908,4859100,4.50396537780762
4.55000019073486,4.59000015258789,4.44000005722046,4.51000022888184,3658300,4.39672803878784
4.51999998092651,4.51999998092651,4.3600001335144,4.48999977111816,6164700,4.37722969055176
4.44000005722046,4.44000005722046,4.17999982833862,4.32999992370605,7647700,4.22124862670898
4.44999980926514,4.76999998092651,4.42999982833862,4.65000009536743,13618100,4.53321170806885
4.59000015258789,4.73000001907349,4.55999994277954,4.65000009536743,4417000,4.53321170806885
4.55000019073486,4.75,4.55000019073486,4.61999988555908,4474500,4.50396537780762
4.69999980926514,4.73000001907349,4.59000015258789,4.69999980926514,6673900,4.581955909729
4.69999980926514,4.69999980926514,4.55000019073486,4.65999984741211,8361800,4.54296016693115
4.69999980926514,4.82999992370605,4.53000020980835,4.57999992370605,5114000,4.46496963500977
4.57999992370605,4.57999992370605,4.28000020980835,4.28000020980835,5484400,4.17250490188599
4.26000022888184,4.48999977111816,4.19000005722046,4.46000003814697,6561800,4.34798336029053
4.51000022888184,4.59000015258789,4.44000005722046,4.57000017166138,4150600,4.45522165298462
4.59999990463257,4.65999984741211,4.51999998092651,4.61999988555908,3635000,4.50396537780762
4.61999988555908,4.6399998664856,4.51000022888184,4.61999988555908,2234200,4.50396537780762
4.57999992370605,4.69999980926514,4.55999994277954,4.67000007629395,3604300,4.55271005630493
4.65999984741211,4.84000015258789,4.63000011444092,4.69999980926514,7037400,4.581955909729
4.65000009536743,4.75,4.63000011444092,4.71999979019165,2763300,4.60145378112793
4.71999979019165,4.82000017166138,4.71999979019165,4.73999977111816,2644100,4.6209511756897
4.75,4.78999996185303,4.61999988555908,4.61999988555908,7478400,4.50396537780762
4.63000011444092,4.75,4.55999994277954,4.61999988555908,5568000,4.50396537780762
4.65999984741211,4.67999982833862,4.5,4.55000019073486,7704600,4.43572330474854
4.53999996185303,4.55999994277954,4.34999990463257,4.40000009536743,4646900,4.28949069976807
4.42000007629395,4.44000005722046,4.25,4.25,3604000,4.14325857162476
4.25,4.25,4.15999984741211,4.21000003814697,2512400,4.10426235198975
4.19000005722046,4.21000003814697,4.11999988555908,4.15000009536743,4303400,4.04577016830444
4.13000011444092,4.19999980926514,4.07999992370605,4.19000005722046,3856500,4.08476495742798
4.19000005722046,4.19000005722046,4.05000019073486,4.05999994277954,3862600,3.95802998542786
4,4.01999998092651,3.72000002861023,3.72000002861023,6107500,3.62656927108765
3.74000000953674,3.75,3.57999992370605,3.64000010490417,6700200,3.54857897758484
3.70000004768372,3.84999990463257,3.65000009536743,3.73000001907349,7625200,3.63631820678711
3.66000008583069,3.69000005722046,3.49000000953674,3.59999990463257,11306100,3.50958323478699
3.59999990463257,3.65000009536743,3.5,3.5,2392000,3.4120945930481
3.51999998092651,3.53999996185303,3.40000009536743,3.40000009536743,4454300,3.31460642814636
3.38000011444092,3.4300000667572,3.26999998092651,3.27999997138977,7155600,3.19762015342712
3.30999994277954,3.39000010490417,3.26999998092651,3.30999994277954,6160500,3.22686696052551
3.33999991416931,3.39000010490417,3.25999999046326,3.33999991416931,5322400,3.25611329078674
3.33999991416931,3.42000007629395,3.25,3.33999991416931,7092100,3.25611329078674
3.35999989509583,3.48000001907349,3.35999989509583,3.4300000667572,5342900,3.34385299682617
3.46000003814697,3.46000003814697,3.29999995231628,3.30999994277954,2946400,3.22686696052551
3.26999998092651,3.40000009536743,3.21000003814697,3.38000011444092,7663600,3.29510879516602
3.34999990463257,3.44000005722046,3.33999991416931,3.40000009536743,3369600,3.31460642814636
3.39000010490417,3.46000003814697,3.38000011444092,3.42000007629395,2502700,3.33410429954529
3.40000009536743,3.47000002861023,3.35999989509583,3.47000002861023,3849700,3.38284826278687
3.45000004768372,3.58999991416931,3.40000009536743,3.5699999332428,5852700,3.48033666610718
3.59999990463257,3.6800000667572,3.57999992370605,3.63000011444092,4814000,3.5388298034668
3.64000010490417,3.76999998092651,3.63000011444092,3.76999998092651,5583500,3.6753134727478
3.73000001907349,3.79999995231628,3.63000011444092,3.75,5900700,3.65581607818604
3.75999999046326,3.84999990463257,3.6800000667572,3.8199999332428,7414200,3.72405767440796
3.78999996185303,4.05000019073486,3.75999999046326,4.01000022888184,8981100,3.90928602218628
3.96000003814697,4.1399998664856,3.94000005722046,4.07999992370605,5454700,3.97752785682678
4.09999990463257,4.40000009536743,4.05000019073486,4.34999990463257,33227400,4.24074649810791
4.34000015258789,4.36999988555908,4.1100001335144,4.13000011444092,6133000,4.02627229690552
4.1399998664856,4.17999982833862,4.05999994277954,4.1399998664856,3552500,4.03602027893066
4.13000011444092,4.30000019073486,4.09999990463257,4.21999979019165,6234800,4.11401128768921
4.19999980926514,4.25,4.17000007629395,4.19999980926514,5546100,4.09451389312744
4.19999980926514,4.26999998092651,4.1399998664856,4.23000001907349,4705000,4.12376070022583
4.21999979019165,4.34000015258789,4.19000005722046,4.28000020980835,5740100,4.17250490188599
4.30000019073486,4.30000019073486,4.05999994277954,4.05999994277954,4601900,3.95802998542786
3.99000000953674,4.34000015258789,3.86999988555908,4.32000017166138,13456300,4.21150064468384
4.30000019073486,4.44999980926514,4.21999979019165,4.44000005722046,6236400,4.32848596572876
4.44000005722046,4.44999980926514,4.26999998092651,4.28999996185303,5415900,4.18225336074829
4.28999996185303,4.48999977111816,4.26000022888184,4.42000007629395,7249800,4.30898857116699
4.5,4.5,4.36999988555908,4.40999984741211,2898600,4.29923915863037
4.42999982833862,4.53999996185303,4.38000011444092,4.5,4117000,4.38697910308838
4.55000019073486,4.82000017166138,4.51000022888184,4.80999994277954,5822500,4.68919324874878
4.78999996185303,4.82999992370605,4.65999984741211,4.71999979019165,3276900,4.60145378112793
4.73999977111816,4.94999980926514,4.69000005722046,4.8600001335144,4343900,4.73793792724609
4.8600001335144,4.92000007629395,4.59999990463257,4.67000007629395,4483800,4.55271005630493
4.75,5.01000022888184,4.69999980926514,4.92000007629395,5579700,4.79643058776855
4.92999982833862,5.01999998092651,4.6100001335144,4.73000001907349,4559600,4.61120223999023
5.23999977111816,5.59999990463257,5.19999980926514,5.40000009536743,24625600,5.26437473297119
5.34999990463257,5.55000019073486,5.32999992370605,5.48999977111816,13287900,5.35211372375488
5.48000001907349,5.53000020980835,5.38000011444092,5.48999977111816,5327900,5.35211372375488
5.46000003814697,5.75,5.44000005722046,5.73999977111816,11902100,5.59583568572998
5.8600001335144,6.19999980926514,5.80000019073486,6.15999984741211,12876600,6.005286693573
6.09000015258789,6.36999988555908,6.01000022888184,6.11999988555908,13009300,5.9662914276123
6.05000019073486,6.09000015258789,5.88000011444092,5.94000005722046,8066200,5.79081249237061
5.98999977111816,6.09000015258789,5.92999982833862,6.07999992370605,5857900,5.92729663848877
6.05999994277954,6.26000022888184,6.05999994277954,6.15000009536743,6719100,5.99553775787354
6.17000007629395,6.30000019073486,6.1399998664856,6.25,8979400,6.09302616119385
6.25,6.30999994277954,6.07000017166138,6.19000005722046,3495500,6.03453350067139
6.17999982833862,6.36999988555908,6.1399998664856,6.28000020980835,4465800,6.12227296829224
6.30999994277954,6.40000009536743,6.07000017166138,6.19000005722046,2398200,6.03453350067139
6.19000005722046,6.42000007629395,6.15999984741211,6.42000007629395,7982300,6.25875663757324
6.44000005722046,6.53000020980835,6.3600001335144,6.51000022888184,5077900,6.34649658203125
6.53000020980835,6.69000005722046,6.42999982833862,6.57000017166138,4917400,6.40498971939087
6.67999982833862,6.67999982833862,6.46000003814697,6.55999994277954,4125600,6.39524030685425
6.51999998092651,6.59999990463257,6.3899998664856,6.55000019073486,5915600,6.3854923248291
6.51999998092651,6.59999990463257,6.34000015258789,6.51000022888184,4377300,6.34649658203125
6.55000019073486,6.6399998664856,6.42999982833862,6.59000015258789,7179200,6.42448759078979
6.61999988555908,6.76000022888184,6.59000015258789,6.71000003814697,5453700,6.54147338867188
6.63000011444092,6.76000022888184,6.53000020980835,6.69999980926514,6172900,6.53172397613525
6.71000003814697,7.03000020980835,6.6399998664856,6.82999992370605,6923800,6.65845966339111
6.82000017166138,6.88000011444092,6.73000001907349,6.75,3880800,6.58046817779541
6.75,6.84999990463257,6.51000022888184,6.84999990463257,10184200,6.67795658111572
6.78999996185303,6.96000003814697,6.75,6.88000011444092,3891400,6.70720386505127
6.84999990463257,6.98000001907349,6.78999996185303,6.84000015258789,4676900,6.66820859909058
6.86999988555908,6.96999979019165,6.73000001907349,6.78999996185303,4696100,6.61946392059326
6.84999990463257,7.21000003814697,6.82999992370605,6.92999982833862,12495100,6.75594806671143
7.01999998092651,7.09000015258789,6.78999996185303,6.84999990463257,4937600,6.67795658111572
6.84000015258789,6.84000015258789,6.51000022888184,6.57000017166138,4693500,6.40498971939087
6.63000011444092,6.71999979019165,6.40999984741211,6.48999977111816,4810300,6.32699871063232
6.5,6.67999982833862,6.40999984741211,6.63000011444092,3731800,6.46348237991333
6.55000019073486,6.57999992370605,6.42999982833862,6.55000019073486,3423000,6.3854923248291
6.55000019073486,6.71999979019165,6.42000007629395,6.59999990463257,6587200,6.4342360496521
6.59999990463257,6.76000022888184,6.57000017166138,6.65999984741211,9517000,6.49272871017456
6.73000001907349,6.86999988555908,6.51999998092651,6.59000015258789,7120100,6.42448759078979
6.6100001335144,6.6100001335144,6.40999984741211,6.42999982833862,5397200,6.26850557327271
6.46999979019165,6.55000019073486,6.40999984741211,6.44999980926514,4031200,6.28800344467163
6.40999984741211,6.44999980926514,6.30000019073486,6.3600001335144,3552000,6.20026397705078
6.3600001335144,6.51999998092651,6.28999996185303,6.30999994277954,6061000,6.15151929855347
6.28000020980835,6.38000011444092,6.19000005722046,6.28000020980835,6348500,6.12227296829224
6.28000020980835,6.44000005722046,6.17000007629395,6.26999998092651,5893700,6.11252450942993
6.32000017166138,6.40000009536743,6.23999977111816,6.30000019073486,6311700,6.14177131652832
6.32000017166138,6.51000022888184,6.13000011444092,6.32000017166138,11417800,6.16126823425293
6.3899998664856,6.51000022888184,6.23000001907349,6.34000015258789,8136500,6.18076610565186
6.30999994277954,6.32000017166138,6.13000011444092,6.25,7877800,6.09302616119385
6.26999998092651,6.42999982833862,6.19999980926514,6.26999998092651,17957900,6.11252450942993
6.25,6.67999982833862,6.21999979019165,6.65000009536743,8137300,6.48298025131226
6.69000005722046,6.78999996185303,6.1399998664856,6.5,14646900,6.33674764633179
6.5,6.67000007629395,6.3600001335144,6.3899998664856,10703300,6.22951030731201
6.32999992370605,6.40999984741211,6.1399998664856,6.23000001907349,4995600,6.07352876663208
6.17000007629395,6.5,6.15000009536743,6.46000003814697,11355000,6.29775238037109
6.28999996185303,6.84000015258789,6.28999996185303,6.82999992370605,10050200,6.65845966339111
6.69999980926514,7.32999992370605,6.69999980926514,7.30000019073486,14786900,7.11665534973145
7.30999994277954,7.44999980926514,7.21999979019165,7.3899998664856,8405300,7.20439434051514
7.26999998092651,7.71000003814697,7.26999998092651,7.67999982833862,7982300,7.48711109161377
7.71999979019165,7.84999990463257,7.57999992370605,7.69999980926514,11244900,7.50660848617554
7.69999980926514,7.69999980926514,7.28999996185303,7.40999984741211,8053300,7.2238917350769
7.25,7.3899998664856,7.11999988555908,7.21999979019165,16593200,7.03866338729858
7.19000005722046,7.26000022888184,7.03999996185303,7.13000011444092,8011900,6.95092439651489
7.09999990463257,7.09999990463257,6.30000019073486,6.44999980926514,12245600,6.28800344467163
6.57000017166138,6.6399998664856,6.17999982833862,6.38000011444092,11802000,6.21976137161255
6.25,6.46999979019165,6.19000005722046,6.38000011444092,5099800,6.21976137161255
6.3600001335144,6.40999984741211,6.01000022888184,6.15000009536743,7723800,5.99553775787354
6.03000020980835,6.19000005722046,5.71999979019165,6.17000007629395,8729300,6.01503610610962
6.23999977111816,6.3600001335144,6.11999988555908,6.19000005722046,6248500,6.03453350067139
6.25,6.3899998664856,6.13000011444092,6.32999992370605,5212600,6.17101716995239
6.3600001335144,6.36999988555908,6.03999996185303,6.1100001335144,3891800,5.95654296875
6.07999992370605,6.09999990463257,5.88000011444092,5.98999977111816,4157100,5.83955669403076
6.01999998092651,6.32999992370605,6.01999998092651,6.26000022888184,3360800,6.10277557373047
6.23999977111816,6.26999998092651,5.94999980926514,6.03000020980835,3480400,5.87855195999146
6.01000022888184,6.21999979019165,5.96999979019165,6.07999992370605,4572500,5.92729663848877
6.09999990463257,6.19000005722046,5.94999980926514,6.05000019073486,3100900,5.89804983139038
6.05000019073486,6.13000011444092,5.90999984741211,6.07000017166138,3910400,5.91754770278931
6.13000011444092,6.23999977111816,5.90000009536743,6,7161200,5.84930515289307
6,6.17999982833862,5.86999988555908,6.13000011444092,5575000,5.97604084014893
6.09000015258789,6.11999988555908,5.80999994277954,5.86999988555908,3744000,5.72257041931152
5.8899998664856,5.90999984741211,5.59999990463257,5.67000007629395,6032900,5.5275936126709
5.6100001335144,5.84999990463257,5.55999994277954,5.69999980926514,4360500,5.55684041976929
5.65999984741211,5.65999984741211,5.40000009536743,5.44999980926514,6233100,5.31311941146851
5.44999980926514,5.53999996185303,5.36999988555908,5.40999984741211,4124200,5.27412366867065
5.38000011444092,5.46000003814697,5.19999980926514,5.28999996185303,5022200,5.15713739395142
5.30000019073486,5.34000015258789,5.05999994277954,5.07999992370605,5337800,4.95241212844849
5.05999994277954,5.30999994277954,5.01000022888184,5.28000020980835,7382000,5.14738941192627
5.23999977111816,5.59000015258789,5.21000003814697,5.40000009536743,9655600,5.26437473297119
5.38000011444092,5.44000005722046,5.15000009536743,5.21000003814697,23727400,5.07914686203003
5.23999977111816,5.59999990463257,5.21000003814697,5.53999996185303,7850900,5.4008584022522
5.55999994277954,6.21000003814697,5.51999998092651,6.09999990463257,12422100,5.94679355621338
6.09999990463257,6.17000007629395,5.88000011444092,6.13000011444092,5222600,5.97604084014893
6.15999984741211,6.19000005722046,5.98000001907349,6.05000019073486,2797200,5.89804983139038
6.07999992370605,6.32000017166138,6.05000019073486,6.28999996185303,7908800,6.1320219039917
6.28999996185303,6.32999992370605,6.19000005722046,6.19999980926514,1772300,6.04428195953369
6.21999979019165,6.23999977111816,5.96000003814697,6.01000022888184,3910200,5.85905456542969
6.05000019073486,6.25,5.96999979019165,6.23000001907349,4304500,6.07352876663208
6.25,6.34999990463257,6.15999984741211,6.32000017166138,6041000,6.16126823425293
6.28999996185303,6.30000019073486,5.96000003814697,6.07000017166138,3633100,5.91754770278931
6.05999994277954,6.07000017166138,5.67000007629395,5.71000003814697,6931400,5.56658840179443
5.73000001907349,6.03000020980835,5.65000009536743,5.94999980926514,6749600,5.80056095123291
5.98000001907349,6.26999998092651,5.98000001907349,6.19999980926514,7637500,6.04428195953369
6.21000003814697,6.42999982833862,6.13000011444092,6.26999998092651,5663300,6.11252450942993
6.15000009536743,6.32999992370605,6.09999990463257,6.19999980926514,3386200,6.04428195953369
6.17000007629395,6.42000007629395,6.07999992370605,6.28999996185303,5012600,6.1320219039917
6.28999996185303,6.40999984741211,6.25,6.36999988555908,6018900,6.21001243591309
6.32999992370605,6.36999988555908,5.96999979019165,6.15999984741211,6474500,6.005286693573
6.09999990463257,6.42999982833862,6.03999996185303,6.40000009536743,5634700,6.23925971984863
6.3600001335144,6.53999996185303,6.30999994277954,6.51999998092651,6120800,6.35624551773071
6.55000019073486,6.65999984741211,6.44000005722046,6.63000011444092,5682200,6.46348237991333
6.69999980926514,6.76000022888184,6.51999998092651,6.69999980926514,9782800,6.53172397613525
6.63000011444092,6.75,6.59000015258789,6.69999980926514,4665500,6.53172397613525
6.69999980926514,6.71999979019165,6.55999994277954,6.69000005722046,14610200,6.52197551727295
6.67999982833862,6.80000019073486,6.63000011444092,6.76000022888184,9642000,6.59021759033203
6.76000022888184,6.98000001907349,6.73999977111816,6.94000005722046,6106300,6.76569652557373
6.92000007629395,7.15000009536743,6.71999979019165,7.09000015258789,8328000,6.91192960739136
7.09999990463257,7.13000011444092,6.76999998092651,6.78000020980835,4583400,6.60971546173096
6.78999996185303,6.94999980926514,6.73000001907349,6.92000007629395,5683400,6.74619913101196
6.94999980926514,7.1100001335144,6.86999988555908,6.92000007629395,6211900,6.74619913101196
6.92000007629395,7,6.71000003814697,6.84000015258789,8172300,6.66820859909058
6.73999977111816,6.80999994277954,6.46000003814697,6.6399998664856,7662100,6.47323131561279
6.59000015258789,6.73999977111816,6.5,6.55999994277954,7702600,6.39524030685425
6.55000019073486,6.6399998664856,6.38000011444092,6.42999982833862,3890500,6.26850557327271
6.42999982833862,6.46000003814697,6.32000017166138,6.36999988555908,3306500,6.21001243591309
6.3600001335144,6.48000001907349,6.19000005722046,6.25,7418500,6.09302616119385
6.28999996185303,6.3899998664856,6.23000001907349,6.26000022888184,4157600,6.10277557373047
6.26000022888184,6.28999996185303,6.07000017166138,6.13000011444092,3938900,5.97604084014893
6.1100001335144,6.40000009536743,6.07000017166138,6.3600001335144,3973200,6.20026397705078
6.3600001335144,6.3600001335144,5.98000001907349,6.17000007629395,6625100,6.01503610610962
6.21000003814697,6.30000019073486,6.01000022888184,6.09999990463257,4013000,5.94679355621338
6.09999990463257,6.34000015258789,6.07999992370605,6.21000003814697,3770400,6.05403137207031
6.19999980926514,6.36999988555908,6.1100001335144,6.32000017166138,3769900,6.16126823425293
6.40999984741211,6.46000003814697,6.15000009536743,6.38000011444092,4456200,6.21976137161255
6.30999994277954,6.34999990463257,6.17000007629395,6.19999980926514,2769200,6.04428195953369
6.19999980926514,6.23000001907349,6.03000020980835,6.03999996185303,2553800,5.88830041885376
5.98999977111816,6.11999988555908,5.92000007629395,5.98000001907349,2813000,5.8298077583313
5.96000003814697,6.03000020980835,5.71999979019165,5.78000020980835,5596200,5.63483095169067
5.76000022888184,5.8600001335144,5.48999977111816,5.6399998664856,15647300,5.49834728240967
5.63000011444092,5.67000007629395,5.40000009536743,5.46999979019165,4973400,5.33261680603027
5.48000001907349,5.53999996185303,5.26999998092651,5.28999996185303,5136800,5.15713739395142
5.28000020980835,5.42999982833862,5.21999979019165,5.25,5788600,5.11814212799072
5.25,5.26999998092651,5.1399998664856,5.17999982833862,6388900,5.0499005317688
5.23999977111816,5.23999977111816,5.01999998092651,5.1100001335144,11211300,4.98165893554688
5.1100001335144,5.40000009536743,5.1100001335144,5.36999988555908,10130100,5.23512840270996
5.51000022888184,5.84999990463257,5.44999980926514,5.69999980926514,21173400,5.55684041976929
5.71000003814697,5.84999990463257,5.63000011444092,5.75,16339400,5.60558462142944
5.71000003814697,5.96999979019165,5.6100001335144,5.84999990463257,8549100,5.7030725479126
5.84000015258789,6.17999982833862,5.84000015258789,5.92000007629395,4724400,5.77131509780884
5.82000017166138,5.96999979019165,5.69000005722046,5.82999992370605,6266500,5.68357515335083
5.82000017166138,5.90000009536743,5.69999980926514,5.8600001335144,12803000,5.71282196044922
5.8600001335144,5.98999977111816,5.71000003814697,5.90999984741211,7759400,5.76156568527222
5.84000015258789,5.90999984741211,5.69000005722046,5.76999998092651,4516900,5.62508249282837
5.76000022888184,5.80000019073486,5.53000020980835,5.55999994277954,5655100,5.42035627365112
5.51999998092651,5.59000015258789,5.40999984741211,5.44999980926514,6668400,5.31311941146851
5.44999980926514,5.5,5.15000009536743,5.23999977111816,9111300,5.1083927154541
5.26000022888184,5.44999980926514,5.11999988555908,5.38000011444092,15216600,5.24487733840942
5.40000009536743,5.6399998664856,5.40000009536743,5.57000017166138,12618500,5.43010520935059
5.57999992370605,5.82999992370605,5.46999979019165,5.73999977111816,5227000,5.59583568572998
5.71000003814697,5.88000011444092,5.65999984741211,5.80000019073486,7120600,5.65432929992676
5.8899998664856,6.01000022888184,5.82999992370605,5.92999982833862,6261400,5.78106307983398
5.94999980926514,5.96999979019165,5.57999992370605,5.71999979019165,27740800,5.5763373374939
5.69000005722046,5.71000003814697,5.28999996185303,5.57999992370605,15696200,5.43985414505005
5.6100001335144,5.90000009536743,5.6100001335144,5.76999998092651,10989600,5.62508249282837
5.80999994277954,5.80999994277954,5.34999990463257,5.42000007629395,11122700,5.28387308120728
5.38000011444092,5.5,5.25,5.36999988555908,8818100,5.23512840270996
5.36999988555908,5.48999977111816,5.30999994277954,5.3899998664856,4491300,5.25462579727173
5.42000007629395,5.92999982833862,5.42000007629395,5.90000009536743,8220400,5.75181674957275
5.92999982833862,6.07000017166138,5.88000011444092,5.90000009536743,6387000,5.75181674957275
5.90000009536743,5.90999984741211,5.69000005722046,5.69000005722046,5582600,5.54709148406982
5.67000007629395,5.69000005722046,5.51000022888184,5.53000020980835,5003700,5.39110994338989
5.53000020980835,5.61999988555908,5.44999980926514,5.53000020980835,3609400,5.39110994338989
5.59000015258789,5.59000015258789,5.34999990463257,5.38000011444092,2964700,5.24487733840942
5.34000015258789,5.34000015258789,5.15000009536743,5.23000001907349,9990000,5.09864521026611
5.25,5.34999990463257,5.17000007629395,5.28999996185303,3548100,5.15713739395142
5.30000019073486,5.34999990463257,5.25,5.32999992370605,2365300,5.19613361358643
5.30999994277954,5.38000011444092,5.17999982833862,5.25,4228000,5.11814212799072
5.21999979019165,5.44000005722046,5.19999980926514,5.3600001335144,5132400,5.22537994384766
5.36999988555908,5.38000011444092,5.1399998664856,5.36999988555908,6637000,5.23512840270996
5.40000009536743,5.51999998092651,5.28000020980835,5.51000022888184,4169900,5.37161254882812
5.51000022888184,5.51000022888184,5.21000003814697,5.28000020980835,4418600,5.14738941192627
5.30999994277954,5.34000015258789,5.1399998664856,5.21999979019165,7648100,5.08889532089233
5.23999977111816,5.3600001335144,5.15000009536743,5.21999979019165,7545500,5.08889532089233
5.23999977111816,5.48000001907349,5.17999982833862,5.44999980926514,11386200,5.31311941146851
5.48999977111816,5.75,5.48000001907349,5.6399998664856,6665900,5.49834728240967
5.59000015258789,5.82000017166138,5.57999992370605,5.67000007629395,6936100,5.5275936126709
5.69000005722046,6.03000020980835,5.69000005722046,5.98000001907349,7681700,5.8298077583313
6.28999996185303,6.82999992370605,6.07000017166138,6.71999979019165,13562100,6.55122184753418
6.67000007629395,6.82000017166138,6.51999998092651,6.6100001335144,14582200,6.44398498535156
6.59000015258789,6.59000015258789,6.40999984741211,6.44999980926514,6072700,6.28800344467163
6.46000003814697,6.48999977111816,6.21000003814697,6.28999996185303,6552300,6.1320219039917
6.32000017166138,6.44000005722046,6.23999977111816,6.40000009536743,13011400,6.23925971984863
6.40000009536743,6.71999979019165,6.32999992370605,6.69999980926514,7392800,6.53172397613525
6.76000022888184,6.92000007629395,6.57000017166138,6.76999998092651,9349000,6.59996652603149
6.76000022888184,6.84000015258789,6.63000011444092,6.65999984741211,4578400,6.49272871017456
6.57000017166138,6.73999977111816,6.48999977111816,6.5,5176500,6.33674764633179
6.5,6.63000011444092,6.44000005722046,6.57999992370605,3340300,6.41473817825317
6.6399998664856,7,6.6100001335144,6.94000005722046,9688700,6.76569652557373
6.98999977111816,7.23999977111816,6.92999982833862,7.05999994277954,6873600,6.88268327713013
7.09000015258789,7.17000007629395,7.03999996185303,7.09999990463257,3681700,6.92167806625366
7.09999990463257,7.21000003814697,7.03000020980835,7.15000009536743,5430100,6.97042274475098
7.07999992370605,7.32999992370605,7.07999992370605,7.28999996185303,6849700,7.10690593719482
7.34000015258789,7.69999980926514,7.32999992370605,7.5,17338600,7.31163215637207
7.59000015258789,7.76000022888184,7.34999990463257,7.3600001335144,7636400,7.17514801025391
7.40000009536743,7.51999998092651,7.28000020980835,7.44999980926514,7106800,7.26288747787476
7.44999980926514,7.82999992370605,7.44999980926514,7.67999982833862,10219500,7.48711109161377
7.67999982833862,7.90000009536743,7.59999990463257,7.59999990463257,10453200,7.40912008285522
7.65000009536743,8.05000019073486,7.65000009536743,8.02000045776367,7511600,7.81857204437256
8.05000019073486,8.10000038146973,7.73999977111816,7.75,7098400,7.55535316467285
7.80000019073486,7.86999988555908,7.6100001335144,7.73000001907349,8458000,7.53585481643677
7.76999998092651,7.8600001335144,7.73000001907349,7.75,5268900,7.55535316467285
7.75,8.03999996185303,7.67000007629395,8,5741200,7.79907417297363
8,8.0600004196167,7.71000003814697,7.78999996185303,10384800,7.59434795379639
7.78999996185303,7.98000001907349,7.71999979019165,7.92000007629395,3183300,7.72108316421509
7.8899998664856,8.15999984741211,7.84999990463257,8.07999992370605,5096100,7.87706422805786
8.05000019073486,8.30000019073486,8.02999973297119,8.27999973297119,5827700,8.07204055786133
8.21000003814697,8.21000003814697,7.94999980926514,8.0600004196167,6905000,7.85756778717041
8.09000015258789,8.26000022888184,8.0600004196167,8.17000007629395,5500000,7.96480369567871
8.15999984741211,8.1899995803833,7.90999984741211,7.98999977111816,4279300,7.78932523727417
8,8.13000011444092,7.53999996185303,7.6100001335144,7747100,7.41886901855469
7.6100001335144,7.67000007629395,7.44999980926514,7.51999998092651,3373800,7.33112955093384
7.53000020980835,7.80000019073486,7.48999977111816,7.73999977111816,5723800,7.54560375213623
7.84000015258789,8.02000045776367,7.82000017166138,7.92000007629395,5897100,7.72108316421509
7.92999982833862,8.11999988555908,7.92000007629395,7.94000005722046,3706300,7.74058151245117
7.90999984741211,8,7.82999992370605,7.92000007629395,3307400,7.72108316421509
7.92000007629395,8.22999954223633,7.90000009536743,8.0600004196167,5338800,7.85756778717041
8.02999973297119,8.14000034332275,7.96999979019165,8,5110000,7.79907417297363
8.01000022888184,8.22999954223633,7.96000003814697,8.02000045776367,4978800,7.81857204437256
7.96999979019165,8.03999996185303,7.86999988555908,7.98000001907349,3362700,7.77957582473755
7.94999980926514,7.94999980926514,7.67000007629395,7.86999988555908,3462300,7.67233896255493
7.94999980926514,8.02000045776367,7.75,7.80000019073486,3460500,7.60409736633301
7.80000019073486,7.80999994277954,7.61999988555908,7.75,3853900,7.55535316467285
7.69999980926514,7.71999979019165,7.5,7.57000017166138,2997300,7.37987375259399
7.57000017166138,7.73000001907349,7.48000001907349,7.71000003814697,2476000,7.516357421875
7.71999979019165,7.88000011444092,7.71000003814697,7.82000017166138,4272400,7.62359523773193
7.82999992370605,7.86999988555908,7.73999977111816,7.76000022888184,2364100,7.56510162353516
7.76000022888184,7.94999980926514,7.73000001907349,7.88000011444092,3063500,7.68208789825439
7.88000011444092,8.13000011444092,7.82999992370605,8.0600004196167,2125200,7.85756778717041
8.0600004196167,8.22000026702881,8.02000045776367,8.14999961853027,2877800,7.9453067779541
8.21000003814697,8.39000034332275,8.11999988555908,8.22000026702881,4204600,8.01354885101318
8.1899995803833,8.23999977111816,8.07999992370605,8.14000034332275,2094100,7.93555736541748
8.17000007629395,8.31999969482422,8.02000045776367,8.05000019073486,5293400,7.84781837463379
8.13000011444092,8.13000011444092,7.96999979019165,8.06999969482422,7145700,7.86731481552124
8.17000007629395,8.19999980926514,7.92000007629395,7.92000007629395,7723600,7.72108316421509
7.73999977111816,7.82000017166138,7.46999979019165,7.80999994277954,13387300,7.61384582519531
7.84000015258789,8.03999996185303,7.78000020980835,7.88000011444092,6939400,7.68208789825439
7.92000007629395,8.02000045776367,7.82000017166138,7.8600001335144,3727300,7.66259002685547
7.8600001335144,8,7.82000017166138,7.8899998664856,3508500,7.69183683395386
7.84999990463257,7.90999984741211,7.76000022888184,7.90999984741211,2217600,7.71133422851562
7.82999992370605,8.0600004196167,7.73999977111816,8.0600004196167,3965900,7.85756778717041
8,8.0600004196167,7.8600001335144,7.96999979019165,2981500,7.76982736587524
8.03999996185303,8.18000030517578,7.88000011444092,7.92999982833862,5454400,7.73083162307739
7.92999982833862,7.96999979019165,7.69000005722046,7.78999996185303,7652700,7.59434795379639
7.80999994277954,7.80999994277954,7.26999998092651,7.28999996185303,9545200,7.10690593719482
7.30999994277954,7.46999979019165,7.19000005722046,7.44000005722046,6290200,7.25313854217529
7.40999984741211,7.65000009536743,7.38000011444092,7.55000019073486,5994300,7.36037635803223
7.57000017166138,7.6100001335144,7.30999994277954,7.30999994277954,6154800,7.12640380859375
7.26000022888184,7.3600001335144,7.11999988555908,7.3600001335144,7132100,7.17514801025391
7.32000017166138,7.3600001335144,7.21999979019165,7.25,4825600,7.06791114807129
7.26999998092651,7.42999982833862,7.25,7.42000007629395,3889700,7.23364114761353
7.42999982833862,7.53000020980835,7.3899998664856,7.42000007629395,5953700,7.23364114761353
7.44999980926514,7.44999980926514,7.32999992370605,7.32999992370605,4142400,7.14590167999268
7.30000019073486,7.34999990463257,7.19000005722046,7.23000001907349,6008400,7.04841327667236
7.26000022888184,7.28000020980835,7.03000020980835,7.15000009536743,17741700,6.97042274475098
7.15000009536743,7.25,7.07000017166138,7.25,5943200,7.06791114807129
7.28999996185303,7.40999984741211,7.19999980926514,7.23000001907349,4221500,7.04841327667236
7.23999977111816,7.25,6.69999980926514,6.73000001907349,27643300,6.5609712600708
6.73000001907349,7.05999994277954,6.69999980926514,6.98999977111816,22163000,6.81444072723389
7.01000022888184,7.09999990463257,7,7.01999998092651,2624200,6.84368753433228
7,7.07999992370605,6.8899998664856,7,5440000,6.82418918609619
6.98000001907349,7.03999996185303,6.84000015258789,6.88000011444092,2932000,6.70720386505127
6.84999990463257,6.94000005722046,6.69999980926514,6.75,3116400,6.58046817779541
6.76999998092651,6.80000019073486,6.69000005722046,6.80000019073486,2443100,6.62921285629272
6.84000015258789,7.17000007629395,6.78999996185303,7.07999992370605,5620000,6.90218019485474
7.07000017166138,7.59999990463257,7.05000019073486,7.40999984741211,9111500,7.2238917350769
7.48000001907349,7.48000001907349,7.17000007629395,7.30999994277954,3410000,7.12640380859375
7.28999996185303,7.42000007629395,7.13000011444092,7.42000007629395,7904300,7.23364114761353
7.42000007629395,7.42000007629395,7.05000019073486,7.05000019073486,3993800,6.87293434143066
7.05999994277954,7.11999988555908,6.94999980926514,7.03000020980835,3665000,6.85343647003174
7.07999992370605,7.09999990463257,6.90999984741211,7,6217200,6.82418918609619
6.96000003814697,6.96000003814697,6.71000003814697,6.78000020980835,4379500,6.60971546173096
6.80000019073486,6.96000003814697,6.73999977111816,6.8600001335144,4880300,6.68770599365234
6.80999994277954,6.8600001335144,6.67999982833862,6.78000020980835,2806600,6.60971546173096
6.75,6.78999996185303,6.59999990463257,6.65000009536743,4975800,6.48298025131226
6.65999984741211,6.73999977111816,6.51999998092651,6.6399998664856,2790500,6.47323131561279
6.57999992370605,6.80999994277954,6.57999992370605,6.78999996185303,7020000,6.61946392059326
6.86999988555908,6.96000003814697,6.75,6.84000015258789,3498200,6.66820859909058
6.8600001335144,6.8600001335144,6.71999979019165,6.75,2519900,6.58046817779541
6.78000020980835,6.78999996185303,6.6100001335144,6.63000011444092,4060900,6.46348237991333
6.65000009536743,6.78000020980835,6.6100001335144,6.69999980926514,5548700,6.53172397613525
6.67000007629395,6.69000005722046,6.42000007629395,6.48999977111816,8824500,6.32699871063232
6.46999979019165,6.48999977111816,6.26999998092651,6.42000007629395,7453800,6.25875663757324
6.40999984741211,6.40999984741211,6.17000007629395,6.40999984741211,5431500,6.24900817871094
6.42999982833862,6.59999990463257,6.42000007629395,6.53000020980835,4106700,6.36599397659302
6.55000019073486,6.6100001335144,6.32999992370605,6.3600001335144,6906500,6.20026397705078
6.34999990463257,6.42000007629395,6.15999984741211,6.21000003814697,3244500,6.05403137207031
6.25,6.26999998092651,6.13000011444092,6.19999980926514,6357700,6.04428195953369
6.17000007629395,6.28999996185303,6.05999994277954,6.09999990463257,6693200,5.94679355621338
6.07000017166138,6.07000017166138,5.88000011444092,5.92000007629395,5709000,5.77131509780884
5.90999984741211,6.23999977111816,5.88000011444092,6.15999984741211,7960200,6.005286693573
6.1100001335144,6.15000009536743,5.98000001907349,6.07999992370605,5174500,5.92729663848877
6.03000020980835,6.26999998092651,6.01000022888184,6.21999979019165,3552600,6.06377983093262
6.26999998092651,6.34000015258789,6,6.1100001335144,9574200,5.95654296875
6.09999990463257,6.15000009536743,5.92999982833862,6.01999998092651,5827700,5.86880350112915
6.01999998092651,6.15999984741211,6.01000022888184,6.11999988555908,5056200,5.9662914276123
6.09999990463257,6.15999984741211,5.84000015258789,5.84000015258789,4796800,5.69332408905029
5.8600001335144,5.90000009536743,5.73000001907349,5.78999996185303,3848500,5.64457988739014
5.78000020980835,5.82999992370605,5.69999980926514,5.82000017166138,2964600,5.67382669448853
5.88000011444092,6.03999996185303,5.71999979019165,5.94999980926514,10008700,5.80056095123291
6.09999990463257,6.28999996185303,6.09000015258789,6.26999998092651,4758900,6.11252450942993
6.30999994277954,6.32999992370605,6.09000015258789,6.09999990463257,4032600,5.94679355621338
6.05000019073486,6.34000015258789,6.01999998092651,6.32999992370605,3366300,6.17101716995239
6.34999990463257,6.42000007629395,6.17999982833862,6.23000001907349,5110600,6.07352876663208
6.40000009536743,6.40000009536743,6.03000020980835,6.05000019073486,6440500,5.89804983139038
6.05999994277954,6.19999980926514,6,6,7768300,5.84930515289307
6,6.07999992370605,5.96000003814697,6,5637300,5.84930515289307
6.01000022888184,6.17999982833862,5.94000005722046,6,10888800,5.84930515289307
6.01999998092651,6.30999994277954,6.01999998092651,6.25,11325400,6.09302616119385
6.30000019073486,6.30000019073486,6.03999996185303,6.07999992370605,8094200,5.92729663848877
6.07999992370605,6.09999990463257,6,6.05000019073486,5679200,5.89804983139038
6.05000019073486,6.15999984741211,5.94999980926514,6.09999990463257,5297800,5.94679355621338
6.15999984741211,6.3600001335144,6.13000011444092,6.23000001907349,3997700,6.07352876663208
6.26000022888184,6.3600001335144,6.09000015258789,6.25,6054400,6.09302616119385
6.25,6.26000022888184,5.98999977111816,6,7987300,5.84930515289307
6,6.28000020980835,5.98999977111816,6.26000022888184,5112800,6.10277557373047
6.26000022888184,6.40000009536743,6.17000007629395,6.25,5237100,6.09302616119385
6.32999992370605,6.34000015258789,6.15000009536743,6.23000001907349,7765100,6.07352876663208
6.23000001907349,6.34999990463257,6.17999982833862,6.34999990463257,8605500,6.19051504135132
6.26999998092651,6.5,6.23999977111816,6.36999988555908,8251100,6.21001243591309
6.44999980926514,6.5,6.34000015258789,6.36999988555908,4661200,6.21001243591309
6.36999988555908,6.55000019073486,6.32999992370605,6.40999984741211,8815200,6.24900817871094
6.48000001907349,6.51999998092651,6.28000020980835,6.34000015258789,6391800,6.18076610565186
6.34999990463257,6.57999992370605,6.28999996185303,6.57999992370605,4531500,6.41473817825317
6.59999990463257,6.63000011444092,6.32000017166138,6.32000017166138,6154200,6.16126823425293
6.32000017166138,6.32000017166138,6.13000011444092,6.19999980926514,5931900,6.04428195953369
6.23999977111816,6.23999977111816,6.15000009536743,6.15000009536743,1990100,5.99553775787354
6.15000009536743,6.69999980926514,6.15000009536743,6.69999980926514,5871000,6.53172397613525
6.65000009536743,7.23000001907349,6.65000009536743,6.8600001335144,10066200,6.68770599365234
6.92000007629395,6.92000007629395,6.67999982833862,6.69999980926514,5522400,6.53172397613525
6.78000020980835,6.78000020980835,6.6100001335144,6.65000009536743,5716800,6.48298025131226
6.69999980926514,6.82999992370605,6.67999982833862,6.71000003814697,4582700,6.54147338867188
6.65999984741211,6.80999994277954,6.65999984741211,6.73999977111816,5697500,6.57072019577026
6.80999994277954,7.03000020980835,6.78000020980835,7.01999998092651,10339500,6.84368753433228
7.03999996185303,7.07999992370605,6.84000015258789,6.88000011444092,4989300,6.70720386505127
6.84999990463257,7.19999980926514,6.80000019073486,7.17000007629395,6073800,6.98991966247559
7.1399998664856,7.17999982833862,7.03999996185303,7.03999996185303,5659200,6.86318492889404
7.05999994277954,7.23000001907349,6.98000001907349,7.17999982833862,4717700,6.99966859817505
7.13000011444092,7.13000011444092,6.86999988555908,6.8899998664856,3178000,6.71695232391357
6.94000005722046,6.98000001907349,6.82999992370605,6.92999982833862,2245200,6.75594806671143
6.94999980926514,7,6.73000001907349,6.84999990463257,3034800,6.67795658111572
6.84999990463257,7.15000009536743,6.82000017166138,6.94999980926514,4324500,6.77544498443604
6.94999980926514,7.17000007629395,6.8899998664856,7.15000009536743,2798200,6.97042274475098
7.1399998664856,7.28000020980835,7.05000019073486,7.21999979019165,5027700,7.03866338729858
7.25,7.25,6.96000003814697,6.98000001907349,3749800,6.80469179153442
7,7.05000019073486,6.88000011444092,6.94000005722046,2963700,6.76569652557373
7.01000022888184,7.19000005722046,6.96999979019165,7.05000019073486,3843800,6.87293434143066
7.05999994277954,7.11999988555908,6.94999980926514,7.07999992370605,2689400,6.90218019485474
7.07000017166138,7.1100001335144,6.96999979019165,7.03999996185303,2830200,6.86318492889404
7.03999996185303,7.1100001335144,6.80999994277954,6.90000009536743,9991800,6.72670125961304
6.90000009536743,6.96000003814697,6.82000017166138,6.90000009536743,2778900,6.72670125961304
6.92999982833862,7,6.82999992370605,7,3347900,6.82418918609619
7,7.05000019073486,6.57999992370605,6.59000015258789,5298600,6.42448759078979
6.6100001335144,6.78000020980835,6.59999990463257,6.71000003814697,4992700,6.54147338867188
6.71999979019165,6.78000020980835,6.59999990463257,6.65000009536743,5443000,6.48298025131226
6.6399998664856,6.90000009536743,6.57000017166138,6.78000020980835,4055300,6.60971546173096
6.78000020980835,6.94999980926514,6.73999977111816,6.88000011444092,4371100,6.70720386505127
6.90000009536743,7,6.73000001907349,6.78000020980835,3224200,6.60971546173096
6.76999998092651,6.8899998664856,6.73000001907349,6.88000011444092,3681100,6.70720386505127
6.88000011444092,7.09000015258789,6.86999988555908,6.88000011444092,3397700,6.70720386505127
6.84999990463257,6.92000007629395,6.69999980926514,6.80999994277954,4112700,6.63896179199219
6.82000017166138,7.03000020980835,6.75,7.03000020980835,5316300,6.85343647003174
7.03000020980835,7.17999982833862,6.94999980926514,7.11999988555908,9520100,6.94117546081543
7.1399998664856,7.40000009536743,6.94000005722046,7.40000009536743,7189000,7.2141432762146
7.32000017166138,7.55000019073486,7.19999980926514,7.51000022888184,7884800,7.32138061523438
7.44999980926514,7.51000022888184,7.1399998664856,7.40999984741211,6845400,7.2238917350769
7.34999990463257,7.59999990463257,7.32000017166138,7.59999990463257,5405400,7.40912008285522
7.57999992370605,7.57999992370605,7.36999988555908,7.42999982833862,9614900,7.24339008331299
7.42999982833862,7.55000019073486,7.3899998664856,7.40000009536743,3737700,7.2141432762146
7.44999980926514,7.46000003814697,7.21000003814697,7.28000020980835,4730400,7.09715795516968
7.23000001907349,7.36999988555908,7.15999984741211,7.23999977111816,2977000,7.05816173553467
7.23000001907349,7.44000005722046,7.17999982833862,7.42000007629395,5031400,7.23364114761353
7.38000011444092,7.78999996185303,7.3600001335144,7.78999996185303,6501800,7.59434795379639
7.78999996185303,8.05000019073486,7.73000001907349,8.05000019073486,4809500,7.84781837463379
8.02999973297119,8.0600004196167,7.88000011444092,7.98000001907349,9392600,7.77957582473755
7.92999982833862,8.11999988555908,7.90999984741211,8.09000015258789,3586800,7.88681411743164
8.09000015258789,8.27999973297119,8.01000022888184,8.14000034332275,5914500,7.93555736541748
8.11999988555908,8.11999988555908,7.78999996185303,7.94000005722046,8147400,7.74058151245117
7.94000005722046,8.06999969482422,7.84999990463257,8.06999969482422,5163500,7.86731481552124
8.06999969482422,8.10999965667725,7.8899998664856,7.94999980926514,6635000,7.75032949447632
7.90000009536743,7.96999979019165,7.78000020980835,7.80000019073486,3989700,7.60409736633301
7.84999990463257,7.92999982833862,7.65000009536743,7.69999980926514,6067300,7.50660848617554
7.73000001907349,7.8899998664856,7.73000001907349,7.80000019073486,7850500,7.60409736633301
8.10000038146973,8.35999965667725,8.02999973297119,8.22000026702881,9870300,8.01354885101318
8.11999988555908,8.19999980926514,7.94000005722046,8.10000038146973,3691800,7.89656352996826
8.06999969482422,8.13000011444092,7.8899998664856,7.92999982833862,2957000,7.73083162307739
7.96000003814697,8.14000034332275,7.90999984741211,8.10000038146973,2752200,7.89656352996826
8.07999992370605,8.27999973297119,8.03999996185303,8.25,2401000,8.04279518127441
8.25,8.34000015258789,8.14999961853027,8.31999969482422,2076900,8.11103630065918
8.27000045776367,8.31999969482422,8.03999996185303,8.10999965667725,7102700,7.90631055831909
8.06999969482422,8.26000022888184,8.05000019073486,8.21000003814697,7069600,8.00380039215088
8.21000003814697,8.22000026702881,8.09000015258789,8.14000034332275,2482000,7.93555736541748
8.14000034332275,8.42000007629395,8.10999965667725,8.35999965667725,4256400,8.15003204345703
8.39999961853027,8.43000030517578,8.3100004196167,8.42000007629395,5896200,8.20852470397949
8.38000011444092,8.38000011444092,8.11999988555908,8.14999961853027,5078300,7.9453067779541
8.10999965667725,8.34000015258789,8.09000015258789,8.22999954223633,4191000,8.02329635620117
8.13000011444092,8.51000022888184,8.13000011444092,8.44999980926514,5183700,8.23777198791504
8.43000030517578,8.64000034332275,8.38000011444092,8.52999973297119,5826400,8.31576156616211
8.52999973297119,8.82999992370605,8.52999973297119,8.75,8741500,8.53023719787598
8.72999954223633,8.77999973297119,8.40999984741211,8.47000026702881,6161100,8.29859447479248
8.42000007629395,8.4399995803833,8.21000003814697,8.35000038146973,3032500,8.18102264404297
8.35000038146973,8.35000038146973,8.10000038146973,8.22000026702881,5938500,8.05365371704102
8.22999954223633,8.39999961853027,8.18000030517578,8.21000003814697,6952700,8.04385566711426
8.17000007629395,8.28999996185303,8.06999969482422,8.23999977111816,3905100,8.07324695587158
8.23999977111816,8.30000019073486,8.18000030517578,8.23999977111816,4224600,8.07324695587158
8.22000026702881,8.3100004196167,8.14999961853027,8.23999977111816,3294600,8.07324695587158
8.22999954223633,8.22999954223633,8.09000015258789,8.18000030517578,3269600,8.0144624710083
8.14999961853027,8.31999969482422,8.11999988555908,8.22999954223633,3294800,8.06344985961914
8.22999954223633,8.22999954223633,7.88000011444092,7.98000001907349,5413800,7.81850957870483
7.94000005722046,7.96999979019165,7.65000009536743,7.69000005722046,7839800,7.53437852859497
7.65000009536743,7.65000009536743,7.38000011444092,7.42000007629395,7342700,7.26984262466431
7.44000005722046,7.57000017166138,7.28999996185303,7.34000015258789,5394900,7.19146156311035
7.30999994277954,7.51000022888184,7.30999994277954,7.30999994277954,2622700,7.16206836700439
7.30999994277954,7.6100001335144,7.30999994277954,7.5,4062500,7.34822368621826
7.5,7.51999998092651,7.34000015258789,7.42999982833862,2483300,7.27964019775391
7.3899998664856,7.42999982833862,7.25,7.36999988555908,5491600,7.22085428237915
7.42999982833862,7.42999982833862,7.21000003814697,7.30000019073486,3464400,7.15227127075195
7.30000019073486,7.3899998664856,7.19999980926514,7.34999990463257,3053300,7.20125913619995
7.3600001335144,7.59000015258789,7.34000015258789,7.53999996185303,3045100,7.38741397857666
7.53999996185303,7.67999982833862,7.51000022888184,7.67000007629395,3283400,7.51478385925293
7.6100001335144,7.6399998664856,7.3899998664856,7.42000007629395,3996500,7.26984262466431
7.5,7.59999990463257,7.21999979019165,7.34999990463257,6300300,7.20125913619995
7.46000003814697,7.76000022888184,7.46000003814697,7.59000015258789,5289700,7.43640184402466
7.57999992370605,7.67999982833862,7.44999980926514,7.51999998092651,4062000,7.36781883239746
7.5,7.80000019073486,7.48000001907349,7.71999979019165,5076400,7.56377172470093
7.73000001907349,7.8600001335144,7.55999994277954,7.82000017166138,4888100,7.66174840927124
7.78999996185303,8.02000045776367,7.73000001907349,7.90999984741211,9059000,7.74992609024048
7.84999990463257,8,7.78000020980835,7.92000007629395,3761500,7.75972414016724
7.8899998664856,7.96000003814697,7.82999992370605,7.86999988555908,2327000,7.71073579788208
7.78000020980835,8.0600004196167,7.78000020980835,7.98999977111816,2843100,7.82830762863159
7.98999977111816,8.10000038146973,7.90999984741211,7.92999982833862,5498200,7.76952123641968
7.98999977111816,8.13000011444092,7.86999988555908,8.05000019073486,2652000,7.88709354400635
8.03999996185303,8.14000034332275,7.94999980926514,8.09000015258789,3138500,7.9262843132019
8.07999992370605,8.21000003814697,8,8.13000011444092,2366900,7.9654746055603
8.13000011444092,8.18000030517578,8.01000022888184,8.07999992370605,2240500,7.91648578643799
8.05000019073486,8.10999965667725,7.84000015258789,7.84000015258789,4350500,7.68134307861328
7.82999992370605,7.84999990463257,7.59000015258789,7.61999988555908,4205500,7.46579504013062
7.69999980926514,7.75,7.44000005722046,7.51000022888184,2877400,7.35802125930786
7.48999977111816,7.63000011444092,7.40999984741211,7.55999994277954,2002100,7.40700912475586
7.57000017166138,7.6399998664856,7.48000001907349,7.5,1256100,7.34822368621826
7.51999998092651,7.90999984741211,7.51999998092651,7.84000015258789,6698200,7.68134307861328
7.80000019073486,7.88000011444092,7.71000003814697,7.78000020980835,7707600,7.62255716323853
7.78000020980835,7.84999990463257,7.73000001907349,7.80000019073486,8311000,7.64215278625488
7.76000022888184,7.78999996185303,7.59999990463257,7.65000009536743,2945500,7.49518823623657
7.6399998664856,7.86999988555908,7.59000015258789,7.80000019073486,4336500,7.64215278625488
7.76999998092651,7.96000003814697,7.73000001907349,7.84999990463257,4427600,7.69114065170288
7.80000019073486,7.92000007629395,7.71000003814697,7.76999998092651,6752800,7.61276006698608
7.80000019073486,7.80000019073486,7.57000017166138,7.6399998664856,1235500,7.48539018630981
7.65000009536743,7.84000015258789,7.65000009536743,7.69999980926514,1813100,7.54417610168457
7.78000020980835,7.90000009536743,7.44999980926514,7.53999996185303,2577900,7.38741397857666
7.5,7.53999996185303,7.30000019073486,7.38000011444092,4703200,7.23065233230591
7.38000011444092,7.42999982833862,7.23999977111816,7.26000022888184,3597200,7.1130805015564
7.15000009536743,7.25,7.11999988555908,7.11999988555908,3316500,7.03505992889404
7.1100001335144,7.26999998092651,7.01999998092651,7.15999984741211,1758000,7.07458305358887
7.1399998664856,7.23999977111816,7.03000020980835,7.23999977111816,2626400,7.1536283493042
7.15999984741211,7.38000011444092,7.11999988555908,7.1399998664856,2210600,7.05482149124146
7.07999992370605,7.23000001907349,7.05999994277954,7.15000009536743,2185100,7.06470251083374
7.1399998664856,7.21999979019165,7,7.09999990463257,3442800,7.01529884338379
7.07999992370605,7.19999980926514,6.98999977111816,7.09000015258789,4114900,7.00541830062866
7.01000022888184,7.07999992370605,6.84999990463257,6.96000003814697,5632100,6.87696886062622
6.98000001907349,7.19999980926514,6.8899998664856,7.15999984741211,5629100,7.07458305358887
7.15000009536743,7.23000001907349,6.84000015258789,6.92999982833862,5251300,6.84732675552368
6.92000007629395,6.94000005722046,6.80000019073486,6.84000015258789,3681700,6.75840091705322
6.82000017166138,6.92000007629395,6.76000022888184,6.84999990463257,2969100,6.76828098297119
6.86999988555908,7.13000011444092,6.8600001335144,6.98000001907349,6751800,6.89673042297363
7.03999996185303,7.21000003814697,7.03999996185303,7.1399998664856,2178200,7.05482149124146
7.1399998664856,7.40000009536743,7.05000019073486,7.32000017166138,3389300,7.23267459869385
7.28000020980835,7.51999998092651,7.28000020980835,7.3600001335144,6765600,7.27219724655151
7.32999992370605,7.36999988555908,7.26000022888184,7.32000017166138,1980200,7.23267459869385
7.30999994277954,7.38000011444092,7.21999979019165,7.25,4520400,7.16350936889648
7.28000020980835,7.36999988555908,7.15999984741211,7.26000022888184,3755000,7.17339038848877
7.25,7.38000011444092,7.15999984741211,7.28999996185303,2685400,7.20303201675415
7.28000020980835,7.34000015258789,7.21000003814697,7.30000019073486,1193000,7.21291303634644
7.26999998092651,7.3899998664856,7.21000003814697,7.3899998664856,2340200,7.30183887481689
7.40000009536743,7.51000022888184,7.32999992370605,7.38000011444092,2825900,7.29195880889893
7.40999984741211,7.40999984741211,7.05999994277954,7.15999984741211,6983000,7.07458305358887
7.1399998664856,7.25,7.1100001335144,7.11999988555908,2250900,7.03505992889404
7.15000009536743,7.28999996185303,7.07999992370605,7.23000001907349,1797900,7.14374828338623
7.23000001907349,7.23999977111816,7.09999990463257,7.11999988555908,1440400,7.03505992889404
7.17999982833862,7.23999977111816,7.01999998092651,7.03999996185303,2935600,6.95601463317871
7.01999998092651,7.05000019073486,6.90999984741211,6.90999984741211,1889100,6.82756519317627
6.96999979019165,6.98000001907349,6.82999992370605,6.90999984741211,4156100,6.82756519317627
6.94000005722046,6.94999980926514,6.65999984741211,6.67000007629395,4852500,6.59042882919312
6.69999980926514,6.73999977111816,6.57999992370605,6.67000007629395,2667600,6.59042882919312
6.67000007629395,6.78000020980835,6.67000007629395,6.69000005722046,3216500,6.61018991470337
6.69000005722046,6.92000007629395,6.69000005722046,6.80000019073486,3381300,6.7188777923584
6.71000003814697,6.98999977111816,6.69000005722046,6.98999977111816,4382400,6.90661096572876
6.78000020980835,7.07000017166138,6.73999977111816,7.05000019073486,2827400,6.965895652771
7.05999994277954,7.17999982833862,7.01999998092651,7.07999992370605,2993700,6.99553728103638
7.15000009536743,7.51000022888184,7.11999988555908,7.44999980926514,4588900,7.36112356185913
7.44999980926514,7.80000019073486,7.42999982833862,7.69999980926514,4573300,7.60814094543457
7.69000005722046,7.96999979019165,7.69000005722046,7.94000005722046,4354900,7.84527826309204
7.90000009536743,8.06999969482422,7.82999992370605,7.96999979019165,3438600,7.87491989135742
8,8.11999988555908,7.8600001335144,7.94999980926514,2243900,7.85515832901001
7.84999990463257,8.11999988555908,7.84999990463257,8.0600004196167,2043600,7.96384716033936
8.05000019073486,8.09000015258789,7.90999984741211,8,1786200,7.90456199645996
8.07999992370605,8.09000015258789,7.84999990463257,7.90000009536743,2953100,7.80575513839722
7.98999977111816,7.98999977111816,7.8600001335144,7.90999984741211,2627600,7.81563520431519
7.84999990463257,7.98999977111816,7.80999994277954,7.84999990463257,2264000,7.75635147094727
7.84999990463257,7.94999980926514,7.73999977111816,7.8600001335144,1421600,7.76623201370239
7.92000007629395,8.01000022888184,7.76000022888184,7.86999988555908,2063600,7.77611303329468
7.84000015258789,8.07999992370605,7.80000019073486,8.01000022888184,3021800,7.91444301605225
8.01000022888184,8.10999965667725,7.94000005722046,8.01000022888184,2356400,7.91444301605225
7.96999979019165,8.19999980926514,7.96999979019165,8.14000034332275,2394600,8.04289150238037
8.11999988555908,8.15999984741211,7.98000001907349,8.02999973297119,4898800,7.93420362472534
8.02999973297119,8.07999992370605,7.8899998664856,7.92000007629395,2984200,7.82551670074463
7.94000005722046,7.96999979019165,7.76000022888184,7.88000011444092,2407300,7.7859935760498
7.82000017166138,7.92000007629395,7.67000007629395,7.8899998664856,2284600,7.79587459564209
7.82999992370605,7.96000003814697,7.73999977111816,7.82000017166138,2489400,7.72670984268188
7.82000017166138,8.03999996185303,7.78999996185303,7.98000001907349,2161600,7.88480043411255
7.96000003814697,8.02999973297119,7.88000011444092,8,1355500,7.90456199645996
7.98000001907349,8.14000034332275,7.96999979019165,8.07999992370605,3372900,7.98360729217529
7.69000005722046,7.90999984741211,7.55999994277954,7.82000017166138,11852000,7.72670984268188
7.84000015258789,7.94000005722046,7.75,7.86999988555908,4288700,7.77611303329468
7.88000011444092,8.02999973297119,7.76999998092651,7.98999977111816,6334700,7.89468145370483
7.94999980926514,7.96000003814697,7.6399998664856,7.65999984741211,3111500,7.56861782073975
7.6399998664856,7.65999984741211,7.3899998664856,7.46999979019165,5547600,7.38088464736938
7.40000009536743,7.46999979019165,7.34999990463257,7.44000005722046,2036400,7.35124254226685
7.40000009536743,7.46000003814697,7.32999992370605,7.42000007629395,1905800,7.33148145675659
7.40999984741211,7.5,7.32999992370605,7.40000009536743,6087200,7.31171989440918
7.51999998092651,7.51999998092651,7.1399998664856,7.19999980926514,2221100,7.11410570144653
7.19999980926514,7.25,7,7.15999984741211,4642200,7.07458305358887
7.09999990463257,7.17000007629395,7.05999994277954,7.13000011444092,3102400,7.04494094848633
7.1399998664856,7.32999992370605,7.1399998664856,7.30000019073486,2176200,7.21291303634644
7.30000019073486,7.3600001335144,7.07000017166138,7.09999990463257,3035200,7.01529884338379
7.17999982833862,7.42999982833862,7.15000009536743,7.40999984741211,3413900,7.32160043716431
7.32999992370605,7.6399998664856,7.32999992370605,7.51000022888184,3108800,7.46618843078613
7.46999979019165,7.51999998092651,7.32000017166138,7.40999984741211,3764300,7.36677122116089
7.48999977111816,7.48999977111816,7.32000017166138,7.32000017166138,4902400,7.27729654312134
7.30999994277954,7.57000017166138,7.30999994277954,7.51999998092651,3275900,7.47613000869751
7.48000001907349,7.51999998092651,7.38000011444092,7.3899998664856,3127500,7.34688806533813
7.40999984741211,7.42999982833862,7.26000022888184,7.34999990463257,2368600,7.30712127685547
7.28999996185303,7.42000007629395,7.21000003814697,7.26999998092651,2430500,7.22758817672729
7.36999988555908,7.44999980926514,7.34000015258789,7.3899998664856,2282500,7.34688806533813
7.38000011444092,7.38000011444092,7.21999979019165,7.23999977111816,1860900,7.19776296615601
7.30000019073486,7.3600001335144,7.21999979019165,7.21999979019165,2805800,7.17787981033325
7.21000003814697,7.30999994277954,7.05999994277954,7.28000020980835,4141500,7.23753023147583
7.25,7.3600001335144,7.21000003814697,7.25,2995700,7.20770502090454
7.26000022888184,7.3899998664856,7.25,7.32000017166138,2235500,7.27729654312134
7.38000011444092,7.46999979019165,7.25,7.46000003814697,3751900,7.41648006439209
7.36999988555908,7.53000020980835,7.30999994277954,7.48000001907349,2124400,7.43636322021484
7.51000022888184,7.53000020980835,7.30999994277954,7.32000017166138,2451300,7.27729654312134
7.32000017166138,7.36999988555908,7.21000003814697,7.32000017166138,2979200,7.27729654312134
7.28000020980835,7.40000009536743,7.17999982833862,7.40000009536743,2742900,7.35683012008667
7.32999992370605,7.48999977111816,7.32999992370605,7.44000005722046,3430900,7.39659643173218
7.44000005722046,7.48000001907349,7.30000019073486,7.42999982833862,4547300,7.3866548538208
7.46000003814697,7.48000001907349,7.26999998092651,7.28000020980835,5724800,7.23753023147583
7.34000015258789,7.42999982833862,7.26999998092651,7.38000011444092,3349200,7.33694648742676
7.38000011444092,7.40999984741211,7.15999984741211,7.19999980926514,3739500,7.1579966545105
