"HBSA3.SA.Open","HBSA3.SA.High","HBSA3.SA.Low","HBSA3.SA.Close","HBSA3.SA.Volume","HBSA3.SA.Adjusted"
7.55999994277954,7.55999994277954,7.03000020980835,7.42000007629395,67517400,7.42000007629395
7.38000011444092,7.48999977111816,7.11999988555908,7.21999979019165,6789100,7.21999979019165
7.21000003814697,7.21999979019165,6.8899998664856,7.05000019073486,5687500,7.05000019073486
7.01999998092651,7.25,7.01999998092651,7.25,4544900,7.25
7.23999977111816,7.32999992370605,7.05000019073486,7.32000017166138,3141300,7.32000017166138
7.21999979019165,7.26999998092651,7.1399998664856,7.1399998664856,2467600,7.1399998664856
7.17999982833862,7.19999980926514,7.01000022888184,7.05000019073486,2250800,7.05000019073486
7.09999990463257,7.13000011444092,6.90999984741211,6.94999980926514,1313300,6.94999980926514
7,7,6.63000011444092,6.65000009536743,5389600,6.65000009536743
6.65000009536743,6.75,6.53000020980835,6.69000005722046,1725900,6.69000005722046
6.69999980926514,6.82999992370605,6.59999990463257,6.75,1231200,6.75
6.76000022888184,6.78999996185303,6.59999990463257,6.6100001335144,5017300,6.6100001335144
6.65999984741211,6.82000017166138,6.61999988555908,6.80000019073486,2034400,6.80000019073486
6.82999992370605,6.96999979019165,6.76000022888184,6.90999984741211,1392200,6.90999984741211
6.90000009536743,6.98999977111816,6.82000017166138,6.8899998664856,540800,6.8899998664856
6.92999982833862,6.92999982833862,6.75,6.80000019073486,1069200,6.80000019073486
6.80000019073486,6.90000009536743,6.6100001335144,6.75,1327000,6.75
6.78000020980835,6.78000020980835,6.57000017166138,6.6100001335144,1557200,6.6100001335144
6.61999988555908,6.71999979019165,6.55000019073486,6.6100001335144,1265200,6.6100001335144
6.61999988555908,6.96000003814697,6.48000001907349,6.84999990463257,13695400,6.84999990463257
6.84999990463257,6.88000011444092,6.6100001335144,6.73999977111816,13602100,6.73999977111816
6.75,6.78999996185303,6.55999994277954,6.55999994277954,733900,6.55999994277954
6.5,6.55000019073486,6.07000017166138,6.15000009536743,1810200,6.15000009536743
6.17999982833862,6.26000022888184,6,6.15999984741211,2364800,6.15999984741211
6.17999982833862,6.23999977111816,5.88000011444092,5.90000009536743,3013400,5.90000009536743
6.30000019073486,6.48999977111816,6.19000005722046,6.44999980926514,5906600,6.44999980926514
6.5,6.75,6.42000007629395,6.53000020980835,3199800,6.53000020980835
6.6100001335144,6.92000007629395,6.44000005722046,6.59999990463257,5084500,6.59999990463257
6.5,6.78999996185303,6.48000001907349,6.63000011444092,3796000,6.63000011444092
6.84999990463257,6.84999990463257,6.53999996185303,6.55999994277954,1313800,6.55999994277954
6.6100001335144,6.71999979019165,6.36999988555908,6.42999982833862,1479500,6.42999982833862
6.46000003814697,6.51000022888184,6.25,6.40000009536743,2748500,6.40000009536743
6.38000011444092,6.42999982833862,6.09999990463257,6.38000011444092,2079000,6.38000011444092
6.38000011444092,6.51000022888184,6.1100001335144,6.30000019073486,3114000,6.30000019073486
6.48000001907349,6.48000001907349,6.15000009536743,6.19999980926514,4541400,6.19999980926514
6.21000003814697,6.34999990463257,6.15999984741211,6.28000020980835,2529100,6.28000020980835
6.26999998092651,6.40999984741211,6.15000009536743,6.34999990463257,1681100,6.34999990463257
6.32000017166138,6.44999980926514,6.17000007629395,6.44999980926514,2085800,6.44999980926514
6.59999990463257,6.6100001335144,6.40000009536743,6.44999980926514,1311900,6.44999980926514
6.42000007629395,6.59000015258789,6.38000011444092,6.53000020980835,3576800,6.53000020980835
6.53000020980835,6.73000001907349,6.48000001907349,6.73000001907349,5466500,6.73000001907349
6.71000003814697,6.78999996185303,6.63000011444092,6.75,1975700,6.75
6.73999977111816,6.96999979019165,6.65999984741211,6.94999980926514,1425000,6.94999980926514
6.94999980926514,6.94999980926514,6.82000017166138,6.8899998664856,1027500,6.8899998664856
7.25,7.5,7.13000011444092,7.38000011444092,4832100,7.38000011444092
7.53999996185303,7.55999994277954,7.25,7.55999994277954,11436800,7.55999994277954
7.59999990463257,7.73000001907349,7.32999992370605,7.44000005722046,2769600,7.44000005722046
7.48999977111816,7.48999977111816,7.05999994277954,7.15000009536743,1711900,7.15000009536743
7.15000009536743,7.38000011444092,6.94999980926514,7,1105600,7
7,7.09000015258789,6.82000017166138,6.82999992370605,1611200,6.82999992370605
6.8899998664856,6.90000009536743,6.51000022888184,6.55999994277954,4564700,6.55999994277954
6.59000015258789,6.65000009536743,6.44999980926514,6.57000017166138,2509600,6.57000017166138
6.5,6.69999980926514,6.5,6.57999992370605,4428300,6.57999992370605
6.6100001335144,6.76000022888184,6.5,6.51999998092651,2091200,6.51999998092651
6.51999998092651,6.6100001335144,6.40000009536743,6.55000019073486,2622300,6.55000019073486
6.63000011444092,6.67000007629395,6.53000020980835,6.59999990463257,3892500,6.59999990463257
6.61999988555908,6.76999998092651,6.6100001335144,6.61999988555908,1123000,6.61999988555908
6.59999990463257,6.78000020980835,6.59999990463257,6.73000001907349,2077400,6.73000001907349
6.59999990463257,6.65999984741211,6.46000003814697,6.65999984741211,784300,6.65999984741211
6.65999984741211,6.76999998092651,6.6100001335144,6.76999998092651,1081300,6.76999998092651
6.76999998092651,6.86999988555908,6.67999982833862,6.86999988555908,1676800,6.86999988555908
6.90000009536743,6.94999980926514,6.80000019073486,6.8600001335144,2238500,6.8600001335144
6.94000005722046,6.94999980926514,6.8600001335144,6.8600001335144,1336300,6.8600001335144
6.86999988555908,6.90999984741211,6.82000017166138,6.90000009536743,2837900,6.90000009536743
6.80999994277954,6.88000011444092,6.51000022888184,6.6100001335144,5413900,6.6100001335144
6.61999988555908,6.73000001907349,6.51999998092651,6.65999984741211,2235200,6.65999984741211
6.65000009536743,6.65000009536743,6.40999984741211,6.48000001907349,1948400,6.48000001907349
6.34999990463257,6.38000011444092,6.15999984741211,6.19999980926514,6598500,6.19999980926514
6.19000005722046,6.44999980926514,6.15999984741211,6.36999988555908,5591700,6.36999988555908
6.32999992370605,6.44999980926514,6.17999982833862,6.30999994277954,1687300,6.30999994277954
6.26999998092651,6.44999980926514,6.26999998092651,6.44999980926514,2966900,6.44999980926514
6.59000015258789,6.78000020980835,6.46999979019165,6.75,3019500,6.75
6.76999998092651,6.88000011444092,6.71000003814697,6.84999990463257,4339100,6.84999990463257
6.84999990463257,6.84999990463257,6.61999988555908,6.80000019073486,1466300,6.80000019073486
6.84999990463257,7.03999996185303,6.71000003814697,7.01000022888184,2655200,7.01000022888184
7.01000022888184,7.42000007629395,6.96000003814697,7.30999994277954,4258200,7.30999994277954
7.34000015258789,7.46999979019165,7.1100001335144,7.3600001335144,4440500,7.3600001335144
7.3600001335144,7.69999980926514,7.3600001335144,7.42999982833862,6567600,7.42999982833862
7.32999992370605,7.3899998664856,7.07999992370605,7.25,2508800,7.25
7.25,7.25,6.88000011444092,6.96000003814697,3833200,6.96000003814697
6.96000003814697,7.07999992370605,6.71999979019165,6.94000005722046,2778000,6.94000005722046
7.01000022888184,7.1399998664856,6.92000007629395,6.96999979019165,1336600,6.96999979019165
6.90999984741211,6.96999979019165,6.67000007629395,6.69999980926514,1541000,6.69999980926514
6.80000019073486,6.84000015258789,6.61999988555908,6.78999996185303,1584600,6.78999996185303
6.78999996185303,6.88000011444092,6.71000003814697,6.76999998092651,1773400,6.76999998092651
6.78000020980835,6.82000017166138,6.65999984741211,6.71999979019165,3092000,6.71999979019165
6.75,6.82999992370605,6.65999984741211,6.65999984741211,2322600,6.65999984741211
6.71000003814697,6.78000020980835,6.53000020980835,6.6399998664856,2103800,6.6399998664856
6.59999990463257,6.65999984741211,6.40999984741211,6.5,3317100,6.5
6.5,6.55999994277954,6.32000017166138,6.40000009536743,2090600,6.40000009536743
6.36999988555908,6.42999982833862,6.21999979019165,6.32000017166138,7902400,6.32000017166138
6.32000017166138,6.44000005722046,6.23999977111816,6.44000005722046,3005800,6.44000005722046
6.44999980926514,6.53999996185303,6.3899998664856,6.48000001907349,4281800,6.48000001907349
6.53999996185303,6.57999992370605,6.3899998664856,6.51999998092651,2913100,6.51999998092651
6.51000022888184,6.67999982833862,6.46999979019165,6.59999990463257,3241700,6.59999990463257
6.59999990463257,6.75,6.53999996185303,6.69999980926514,4817900,6.69999980926514
6.59999990463257,6.98000001907349,6.34000015258789,6.84999990463257,5637400,6.84999990463257
6.8899998664856,6.94000005722046,6.67999982833862,6.80000019073486,2630900,6.80000019073486
6.84000015258789,6.90000009536743,6.67000007629395,6.8600001335144,1309000,6.8600001335144
6.84999990463257,6.88000011444092,6.30999994277954,6.55000019073486,2981400,6.55000019073486
6.53999996185303,6.6399998664856,6.28999996185303,6.44000005722046,2646000,6.44000005722046
6.40999984741211,6.46999979019165,6.21999979019165,6.25,2169300,6.25
6.23999977111816,6.34000015258789,5.96999979019165,6.09999990463257,3943000,6.09999990463257
6.11999988555908,6.19999980926514,5.80999994277954,6.13000011444092,2580500,6.13000011444092
6.07000017166138,6.23000001907349,6.01000022888184,6.19000005722046,4320600,6.19000005722046
6.15000009536743,6.17000007629395,5.8600001335144,5.96000003814697,6777100,5.96000003814697
5.90000009536743,5.94000005722046,5.32000017166138,5.3899998664856,7804900,5.3899998664856
5.40000009536743,5.51000022888184,5.26000022888184,5.3600001335144,2898300,5.3600001335144
5.46000003814697,5.46000003814697,5.17999982833862,5.25,6411300,5.25
5.25,5.40999984741211,5.09999990463257,5.34999990463257,13737700,5.34999990463257
5.34999990463257,5.42000007629395,5.19999980926514,5.38000011444092,10265200,5.38000011444092
5.3600001335144,5.67000007629395,5.26999998092651,5.67000007629395,7678500,5.67000007629395
5.65000009536743,5.69999980926514,5.46000003814697,5.67999982833862,7250800,5.67999982833862
5.65000009536743,5.69000005722046,5.55000019073486,5.6100001335144,8926000,5.6100001335144
5.6100001335144,5.80000019073486,5.53000020980835,5.76000022888184,5483900,5.76000022888184
5.71999979019165,6.03999996185303,5.67999982833862,5.84000015258789,19973300,5.84000015258789
5.88000011444092,5.94999980926514,5.78000020980835,5.78999996185303,6658200,5.78999996185303
5.78000020980835,5.90999984741211,5.65999984741211,5.71000003814697,2149000,5.71000003814697
5.71000003814697,5.80000019073486,5.61999988555908,5.71999979019165,2478600,5.71999979019165
5.69999980926514,6,5.57999992370605,5.92999982833862,3412300,5.92999982833862
5.94999980926514,6.03000020980835,5.76999998092651,5.94000005722046,2989500,5.94000005722046
5.88000011444092,5.92000007629395,5.75,5.78999996185303,1491200,5.78999996185303
5.78000020980835,5.92999982833862,5.73000001907349,5.92000007629395,2317000,5.92000007629395
5.92999982833862,6.07000017166138,5.8600001335144,5.96000003814697,3099500,5.96000003814697
6,6.03000020980835,5.86999988555908,6.03000020980835,2145000,6.03000020980835
6.09000015258789,6.13000011444092,5.96999979019165,6.09000015258789,2493400,6.09000015258789
6.09999990463257,6.21999979019165,5.98999977111816,6.1100001335144,3016200,6.1100001335144
6.07999992370605,6.13000011444092,6,6.07999992370605,3073400,6.07999992370605
6.09999990463257,6.17000007629395,5.94999980926514,6.09000015258789,3132200,6.09000015258789
6,6.13000011444092,5.92000007629395,6.13000011444092,1947500,6.13000011444092
6.15000009536743,6.21999979019165,6.05999994277954,6.1100001335144,3047600,6.1100001335144
6.09000015258789,6.19999980926514,6.01000022888184,6.13000011444092,4014500,6.13000011444092
6.17999982833862,6.21999979019165,6.05000019073486,6.09999990463257,1853400,6.09999990463257
6.15000009536743,6.15999984741211,6.03999996185303,6.07999992370605,3592600,6.07999992370605
6.07999992370605,6.09999990463257,5.96999979019165,6.07999992370605,2484800,6.07999992370605
6.21000003814697,6.34000015258789,6.17999982833862,6.30000019073486,2611900,6.30000019073486
6.32000017166138,6.5,6.26000022888184,6.5,2897300,6.5
6.5,6.76999998092651,6.48999977111816,6.53000020980835,4563300,6.53000020980835
6.65999984741211,6.75,6.51999998092651,6.55999994277954,2484500,6.55999994277954
6.6100001335144,6.6399998664856,6.40999984741211,6.63000011444092,2093200,6.63000011444092
6.63000011444092,6.71999979019165,6.5,6.67000007629395,4088400,6.67000007629395
6.67000007629395,6.75,6.5,6.55999994277954,3133800,6.55999994277954
6.55000019073486,6.76000022888184,6.55000019073486,6.6399998664856,2739700,6.6399998664856
6.69999980926514,6.84999990463257,6.69999980926514,6.76000022888184,8377500,6.76000022888184
6.69000005722046,6.84999990463257,6.59999990463257,6.75,3001100,6.75
6.75,6.80999994277954,6.67999982833862,6.78999996185303,2559000,6.78999996185303
6.78999996185303,6.88000011444092,6.73000001907349,6.75,1988900,6.75
6.76000022888184,6.76999998092651,6.59999990463257,6.69999980926514,2453100,6.69999980926514
6.71000003814697,6.84999990463257,6.69999980926514,6.82999992370605,1343500,6.82999992370605
6.84999990463257,6.94000005722046,6.78000020980835,6.84999990463257,2017800,6.84999990463257
6.73999977111816,6.96999979019165,6.71000003814697,6.90999984741211,2255700,6.90999984741211
6.84999990463257,6.90999984741211,6.65999984741211,6.80000019073486,3122900,6.80000019073486
6.80000019073486,6.8600001335144,6.6399998664856,6.73999977111816,2885600,6.73999977111816
6.76999998092651,6.86999988555908,6.65999984741211,6.76000022888184,3036600,6.76000022888184
6.71000003814697,6.75,6.55000019073486,6.61999988555908,2140200,6.61999988555908
6.6100001335144,6.71000003814697,6.59000015258789,6.6399998664856,1126900,6.6399998664856
6.59000015258789,6.6399998664856,6.44000005722046,6.59999990463257,3248200,6.59999990463257
6.63000011444092,6.78000020980835,6.59999990463257,6.69000005722046,88209100,6.69000005722046
6.67000007629395,6.84999990463257,6.65999984741211,6.73999977111816,2610400,6.73999977111816
6.76999998092651,6.84000015258789,6.67000007629395,6.69999980926514,2697300,6.69999980926514
6.69999980926514,6.71999979019165,6.6399998664856,6.65999984741211,1262200,6.65999984741211
6.69999980926514,6.69999980926514,6.61999988555908,6.65000009536743,3930100,6.65000009536743
6.71000003814697,6.76999998092651,6.65000009536743,6.69000005722046,32332500,6.69000005722046
6.73000001907349,6.86999988555908,6.69999980926514,6.80000019073486,3596400,6.80000019073486
6.86999988555908,6.90000009536743,6.76999998092651,6.86999988555908,2088000,6.86999988555908
6.96999979019165,6.96999979019165,6.55999994277954,6.55999994277954,5604800,6.55999994277954
6.59999990463257,6.65000009536743,6.17999982833862,6.48000001907349,14738300,6.48000001907349
6.48000001907349,6.55999994277954,6.42000007629395,6.51999998092651,2385500,6.51999998092651
6.48000001907349,6.55000019073486,6.32000017166138,6.36999988555908,2182400,6.36999988555908
6.34999990463257,6.38000011444092,6.21999979019165,6.28999996185303,3648400,6.28999996185303
6.23000001907349,6.25,6,6.1100001335144,7239800,6.1100001335144
6.1100001335144,6.25,6.09000015258789,6.25,3075600,6.25
6.19000005722046,6.23000001907349,6.03999996185303,6.07999992370605,2806300,6.07999992370605
6.05999994277954,6.21000003814697,6,6.15000009536743,5499500,6.15000009536743
6.15999984741211,6.17000007629395,5.98999977111816,5.98999977111816,4785500,5.98999977111816
6.01000022888184,6.09000015258789,5.94999980926514,6.05000019073486,6434300,6.05000019073486
6.07000017166138,6.1100001335144,6.03000020980835,6.09000015258789,3457300,6.09000015258789
6.09999990463257,6.21000003814697,6.05000019073486,6.17999982833862,1761900,6.17999982833862
6.21999979019165,6.30999994277954,6.15999984741211,6.26000022888184,2350900,6.26000022888184
6.30000019073486,6.30999994277954,6.15000009536743,6.17999982833862,2457800,6.17999982833862
6.17999982833862,6.28999996185303,6.17999982833862,6.25,1777700,6.25
6.30000019073486,6.30000019073486,6.1100001335144,6.21999979019165,1852700,6.21999979019165
6.21000003814697,6.21999979019165,5.96999979019165,6.05000019073486,3589400,6.05000019073486
6.07000017166138,6.11999988555908,5.98999977111816,6.07999992370605,1192300,6.07999992370605
6.1399998664856,6.34999990463257,6.07000017166138,6.26999998092651,4090300,6.26999998092651
6.34000015258789,6.44000005722046,6.17999982833862,6.42999982833862,5116100,6.42999982833862
6.42999982833862,6.48000001907349,6.19000005722046,6.46000003814697,7731600,6.46000003814697
6.44999980926514,6.55999994277954,6.36999988555908,6.53999996185303,2831200,6.53999996185303
6.55999994277954,6.57999992370605,6.5,6.51000022888184,1453100,6.51000022888184
6.5,6.53999996185303,6.30999994277954,6.38000011444092,2621700,6.38000011444092
6.44000005722046,6.44000005722046,6.23000001907349,6.36999988555908,2779100,6.36999988555908
6.26000022888184,6.30000019073486,6.15999984741211,6.28000020980835,2840900,6.28000020980835
6.32999992370605,6.34999990463257,6.21999979019165,6.28999996185303,1730800,6.28999996185303
6.28000020980835,6.34000015258789,6.21999979019165,6.32999992370605,1938400,6.32999992370605
6.32999992370605,6.55000019073486,6.32999992370605,6.46000003814697,5408100,6.46000003814697
6.44999980926514,6.46000003814697,6.23000001907349,6.25,4324600,6.25
6.26000022888184,6.30000019073486,6.13000011444092,6.30000019073486,2848300,6.30000019073486
6.23999977111816,6.26000022888184,6.1100001335144,6.15999984741211,3462600,6.15999984741211
6.09999990463257,6.15000009536743,6.05000019073486,6.13000011444092,1781300,6.13000011444092
6.13000011444092,6.1399998664856,6.01000022888184,6.09000015258789,1963000,6.09000015258789
6.09000015258789,6.09000015258789,5.94999980926514,5.98000001907349,2552900,5.98000001907349
5.98000001907349,6,5.78999996185303,5.84000015258789,3191700,5.84000015258789
5.76000022888184,5.80000019073486,5.59000015258789,5.59999990463257,5919200,5.59999990463257
5.57999992370605,5.59000015258789,5.36999988555908,5.53000020980835,6362600,5.53000020980835
5.5,5.57999992370605,5.38000011444092,5.51999998092651,12967100,5.51999998092651
5.53999996185303,5.57000017166138,5.42999982833862,5.55000019073486,2753300,5.55000019073486
5.51999998092651,5.55999994277954,5.44000005722046,5.53000020980835,4007500,5.53000020980835
5.59000015258789,5.65000009536743,5.44000005722046,5.48000001907349,2252300,5.48000001907349
5.5,5.5,5.28999996185303,5.30000019073486,5457900,5.30000019073486
5.30000019073486,5.34999990463257,5.15999984741211,5.19999980926514,2720300,5.19999980926514
5.19999980926514,5.26999998092651,5.09000015258789,5.19000005722046,2165200,5.19000005722046
5.17000007629395,5.21000003814697,5.05000019073486,5.17000007629395,2648200,5.17000007629395
5.17000007629395,5.17000007629395,4.98000001907349,5.07000017166138,5889000,5.07000017166138
5.09999990463257,5.11999988555908,4.94000005722046,4.94000005722046,2852100,4.94000005722046
4.94999980926514,4.96999979019165,4.65000009536743,4.71000003814697,13766900,4.71000003814697
4.69999980926514,4.71999979019165,4.55000019073486,4.65999984741211,4465500,4.65999984741211
4.65000009536743,4.71000003814697,4.44000005722046,4.48999977111816,5217000,4.48999977111816
4.44999980926514,4.44999980926514,4.09000015258789,4.11999988555908,11018000,4.11999988555908
4.19000005722046,4.28999996185303,3.9300000667572,4.28999996185303,10718900,4.28999996185303
4.30999994277954,4.65000009536743,4.17999982833862,4.3600001335144,7276300,4.3600001335144
4.30000019073486,4.67000007629395,4.23999977111816,4.46000003814697,3339500,4.46000003814697
4.42999982833862,4.80999994277954,4.40999984741211,4.76999998092651,6020200,4.76999998092651
4.76999998092651,4.78999996185303,4.51999998092651,4.59000015258789,4283500,4.59000015258789
4.63000011444092,4.84000015258789,4.61999988555908,4.73000001907349,3052100,4.73000001907349
4.75,4.82999992370605,4.71000003814697,4.71000003814697,2074800,4.71000003814697
4.71000003814697,4.80999994277954,4.55000019073486,4.69000005722046,2836500,4.69000005722046
4.69999980926514,4.78000020980835,4.61999988555908,4.73999977111816,3305200,4.73999977111816
4.73000001907349,4.80000019073486,4.65999984741211,4.69999980926514,1899300,4.69999980926514
4.69999980926514,4.75,4.40999984741211,4.44000005722046,3558200,4.44000005722046
4.53999996185303,4.65000009536743,4.42000007629395,4.65000009536743,7576800,4.65000009536743
4.61999988555908,4.65999984741211,4.46000003814697,4.57000017166138,2712500,4.57000017166138
4.61999988555908,4.67000007629395,4.46000003814697,4.57999992370605,9783400,4.57999992370605
4.57000017166138,4.73999977111816,4.48999977111816,4.69999980926514,1642800,4.69999980926514
4.69999980926514,4.69999980926514,4.46999979019165,4.5,3348600,4.5
4.51000022888184,4.51000022888184,4.17000007629395,4.25,5701500,4.25
4.30000019073486,4.38000011444092,4.26000022888184,4.28000020980835,3619600,4.28000020980835
4.32999992370605,4.46999979019165,4.28000020980835,4.38000011444092,1757800,4.38000011444092
4.40000009536743,4.44999980926514,4.28000020980835,4.28000020980835,2597400,4.28000020980835
4.28000020980835,4.34999990463257,4.21000003814697,4.28999996185303,933600,4.28999996185303
4.26999998092651,4.38000011444092,4.21000003814697,4.38000011444092,1473200,4.38000011444092
4.32999992370605,4.34999990463257,4.15000009536743,4.23999977111816,3192800,4.23999977111816
4.15000009536743,4.15000009536743,3.76999998092651,3.82999992370605,7117200,3.82999992370605
3.95000004768372,3.95000004768372,3.77999997138977,3.88000011444092,6079300,3.88000011444092
3.9300000667572,4.03999996185303,3.77999997138977,3.97000002861023,6845500,3.97000002861023
4,4.1100001335144,3.91000008583069,3.97000002861023,2735000,3.97000002861023
3.92000007629395,3.97000002861023,3.80999994277954,3.92000007629395,3169500,3.92000007629395
3.9300000667572,3.95000004768372,3.84999990463257,3.86999988555908,1461900,3.86999988555908
3.84999990463257,3.86999988555908,3.72000002861023,3.75,4248400,3.75
3.78999996185303,3.84999990463257,3.70000004768372,3.73000001907349,3032700,3.73000001907349
3.76999998092651,3.79999995231628,3.72000002861023,3.79999995231628,3029800,3.79999995231628
3.83999991416931,3.89000010490417,3.75999999046326,3.86999988555908,3516200,3.86999988555908
3.89000010490417,3.9300000667572,3.67000007629395,3.76999998092651,2863500,3.76999998092651
3.8199999332428,4.03999996185303,3.73000001907349,3.96000003814697,7990600,3.96000003814697
3.89000010490417,4.05999994277954,3.85999989509583,4,4286800,4
4,4.07999992370605,3.83999991416931,4.01000022888184,3828400,4.01000022888184
4.03999996185303,4.19999980926514,3.99000000953674,4.01000022888184,3110200,4.01000022888184
4.03000020980835,4.1100001335144,3.97000002861023,3.98000001907349,2940400,3.98000001907349
4,4.05999994277954,3.89000010490417,3.91000008583069,2305600,3.91000008583069
3.92000007629395,4.1100001335144,3.92000007629395,4.05000019073486,4037400,4.05000019073486
4.07999992370605,4.28000020980835,4.05000019073486,4.19000005722046,5607900,4.19000005722046
4.15999984741211,4.21999979019165,4.03000020980835,4.03000020980835,2511300,4.03000020980835
4.01999998092651,4.01999998092651,3.70000004768372,3.78999996185303,6281800,3.78999996185303
3.8199999332428,3.82999992370605,3.64000010490417,3.69000005722046,5445200,3.69000005722046
3.60999989509583,3.66000008583069,3.32999992370605,3.41000008583069,8519000,3.41000008583069
3.38000011444092,3.38000011444092,3.14000010490417,3.27999997138977,7024100,3.27999997138977
3.3199999332428,3.41000008583069,3.25,3.34999990463257,2982600,3.34999990463257
3.32999992370605,3.32999992370605,3.14000010490417,3.20000004768372,3941300,3.20000004768372
3.23000001907349,3.30999994277954,3.1800000667572,3.25999999046326,3142200,3.25999999046326
3.25999999046326,3.25999999046326,3.05999994277954,3.10999989509583,7142100,3.10999989509583
3.11999988555908,3.17000007629395,2.98000001907349,2.98000001907349,3999500,2.98000001907349
3.02999997138977,3.13000011444092,2.98000001907349,3.11999988555908,2876700,3.11999988555908
3.07999992370605,3.21000003814697,3.02999997138977,3.15000009536743,5050100,3.15000009536743
3.15000009536743,3.1800000667572,3.02999997138977,3.04999995231628,4365300,3.04999995231628
3.08999991416931,3.09999990463257,2.95000004768372,2.96000003814697,6921200,2.96000003814697
2.96000003814697,2.96000003814697,2.8199999332428,2.8199999332428,5851900,2.8199999332428
2.82999992370605,3.08999991416931,2.77999997138977,3.00999999046326,11220800,3.00999999046326
3.01999998092651,3.10999989509583,3,3.0699999332428,5284500,3.0699999332428
3.10999989509583,3.35999989509583,3.10999989509583,3.32999992370605,4386600,3.32999992370605
3.32999992370605,3.32999992370605,3.09999990463257,3.13000011444092,3020300,3.13000011444092
3.16000008583069,3.16000008583069,2.86999988555908,2.94000005722046,5756700,2.94000005722046
2.94000005722046,3.00999999046326,2.8199999332428,2.94000005722046,8076000,2.94000005722046
2.94000005722046,3.00999999046326,2.84999990463257,2.90000009536743,3990400,2.90000009536743
2.90000009536743,3.04999995231628,2.83999991416931,3.00999999046326,3352900,3.00999999046326
3.02999997138977,3.10999989509583,2.98000001907349,3.03999996185303,4220400,3.03999996185303
3.03999996185303,3.05999994277954,2.88000011444092,2.97000002861023,2883600,2.97000002861023
2.96000003814697,3.03999996185303,2.88000011444092,3.00999999046326,2928400,3.00999999046326
3.01999998092651,3.21000003814697,3,3.21000003814697,4209000,3.21000003814697
3.04999995231628,3.05999994277954,2.94000005722046,3.00999999046326,3397100,3.00999999046326
3,3.04999995231628,2.90000009536743,2.90000009536743,2856600,2.90000009536743
2.90000009536743,2.90000009536743,2.6800000667572,2.71000003814697,4611400,2.71000003814697
2.78999996185303,2.85999989509583,2.59999990463257,2.61999988555908,6226100,2.61999988555908
2.66000008583069,2.74000000953674,2.63000011444092,2.67000007629395,4022600,2.67000007629395
2.69000005722046,3.05999994277954,2.69000005722046,3.05999994277954,5464200,3.05999994277954
3.05999994277954,3.14000010490417,3,3.02999997138977,2810000,3.02999997138977
3.05999994277954,3.10999989509583,2.90000009536743,2.92000007629395,3156100,2.92000007629395
2.90000009536743,3.11999988555908,2.85999989509583,3.10999989509583,5901800,3.10999989509583
3.08999991416931,3.13000011444092,2.97000002861023,3.07999992370605,3744100,3.07999992370605
3.08999991416931,3.41000008583069,3.08999991416931,3.33999991416931,4257900,3.33999991416931
3.36999988555908,3.46000003814697,3.10999989509583,3.14000010490417,3280400,3.14000010490417
3.1800000667572,3.19000005722046,2.97000002861023,3.02999997138977,2910700,3.02999997138977
3.05999994277954,3.08999991416931,2.91000008583069,3.01999998092651,2467900,3.01999998092651
3.04999995231628,3.14000010490417,3.00999999046326,3.10999989509583,2913700,3.10999989509583
3,3.25999999046326,3,3.25,7263000,3.25
3.21000003814697,3.33999991416931,3.08999991416931,3.29999995231628,3331900,3.29999995231628
3.29999995231628,3.33999991416931,3.16000008583069,3.29999995231628,2464700,3.29999995231628
3.33999991416931,3.36999988555908,3.16000008583069,3.33999991416931,3049900,3.33999991416931
3.33999991416931,3.36999988555908,3.25999999046326,3.32999992370605,1434600,3.32999992370605
3.32999992370605,3.4300000667572,3.29999995231628,3.41000008583069,2163600,3.41000008583069
3.41000008583069,3.48000001907349,3.33999991416931,3.46000003814697,2129900,3.46000003814697
3.46000003814697,3.48000001907349,3.38000011444092,3.4300000667572,1839800,3.4300000667572
3.41000008583069,3.49000000953674,3.35999989509583,3.45000004768372,3377800,3.45000004768372
3.5,3.5,3.30999994277954,3.39000010490417,3135500,3.39000010490417
3.40000009536743,3.4300000667572,3.08999991416931,3.10999989509583,4838700,3.10999989509583
3.07999992370605,3.1800000667572,2.94000005722046,2.94000005722046,3413100,2.94000005722046
2.99000000953674,3.07999992370605,2.84999990463257,2.89000010490417,6918700,2.89000010490417
2.90000009536743,2.97000002861023,2.86999988555908,2.91000008583069,4064000,2.91000008583069
2.90000009536743,2.90000009536743,2.73000001907349,2.78999996185303,3920000,2.78999996185303
2.78999996185303,2.95000004768372,2.75999999046326,2.95000004768372,3701700,2.95000004768372
2.91000008583069,2.98000001907349,2.88000011444092,2.96000003814697,4793300,2.96000003814697
2.97000002861023,2.99000000953674,2.85999989509583,2.92000007629395,1266300,2.92000007629395
2.91000008583069,2.92000007629395,2.84999990463257,2.90000009536743,1395000,2.90000009536743
2.9300000667572,2.97000002861023,2.85999989509583,2.97000002861023,998500,2.97000002861023
2.95000004768372,2.95000004768372,2.74000000953674,2.75999999046326,6051500,2.75999999046326
2.79999995231628,2.84999990463257,2.75,2.75,3901900,2.75
2.76999998092651,3.0699999332428,2.75,3.01999998092651,6124200,3.01999998092651
3,3.05999994277954,2.95000004768372,3.01999998092651,2729900,3.01999998092651
2.99000000953674,3,2.82999992370605,2.85999989509583,2349300,2.85999989509583
2.82999992370605,2.95000004768372,2.78999996185303,2.94000005722046,2055900,2.94000005722046
2.97000002861023,2.99000000953674,2.89000010490417,2.9300000667572,3288300,2.9300000667572
2.9300000667572,3.03999996185303,2.9300000667572,2.99000000953674,2661500,2.99000000953674
2.96000003814697,3,2.85999989509583,2.95000004768372,1909100,2.95000004768372
2.95000004768372,3.17000007629395,2.89000010490417,3.10999989509583,4135200,3.10999989509583
3.15000009536743,3.16000008583069,2.95000004768372,2.95000004768372,2934600,2.95000004768372
2.96000003814697,3,2.80999994277954,2.80999994277954,2646900,2.80999994277954
2.8199999332428,2.85999989509583,2.75999999046326,2.78999996185303,2262900,2.78999996185303
2.79999995231628,2.79999995231628,2.69000005722046,2.79999995231628,3047500,2.79999995231628
2.79999995231628,2.82999992370605,2.72000002861023,2.78999996185303,2188100,2.78999996185303
2.79999995231628,2.95000004768372,2.77999997138977,2.9300000667572,2980400,2.9300000667572
2.94000005722046,3.03999996185303,2.86999988555908,2.88000011444092,1568400,2.88000011444092
2.88000011444092,2.94000005722046,2.8199999332428,2.91000008583069,1552300,2.91000008583069
2.92000007629395,2.98000001907349,2.77999997138977,2.82999992370605,2880400,2.82999992370605
2.82999992370605,2.89000010490417,2.77999997138977,2.79999995231628,1289000,2.79999995231628
2.8199999332428,3.03999996185303,2.8199999332428,3.01999998092651,2541600,3.01999998092651
3.01999998092651,3.09999990463257,2.97000002861023,3.09999990463257,3518500,3.09999990463257
3.05999994277954,3.13000011444092,3.01999998092651,3.05999994277954,3579600,3.05999994277954
3.04999995231628,3.08999991416931,2.96000003814697,2.96000003814697,1810200,2.96000003814697
2.97000002861023,2.99000000953674,2.80999994277954,2.90000009536743,1942100,2.90000009536743
2.92000007629395,3.1800000667572,2.90000009536743,3.08999991416931,5664400,3.08999991416931
3.07999992370605,3.14000010490417,2.99000000953674,2.99000000953674,3467500,2.99000000953674
2.96000003814697,3.03999996185303,2.79999995231628,3,3188200,3
2.97000002861023,3.02999997138977,2.90000009536743,3.02999997138977,1887500,3.02999997138977
3.02999997138977,3.03999996185303,2.86999988555908,2.91000008583069,2328300,2.91000008583069
2.92000007629395,2.97000002861023,2.85999989509583,2.90000009536743,2299200,2.90000009536743
2.90000009536743,2.90000009536743,2.76999998092651,2.85999989509583,2282900,2.85999989509583
2.8199999332428,2.88000011444092,2.74000000953674,2.74000000953674,2346100,2.74000000953674
2.77999997138977,2.80999994277954,2.6800000667572,2.80999994277954,3657900,2.80999994277954
2.82999992370605,2.98000001907349,2.80999994277954,2.96000003814697,2793600,2.96000003814697
2.95000004768372,2.98000001907349,2.80999994277954,2.90000009536743,3133300,2.90000009536743
2.89000010490417,2.95000004768372,2.76999998092651,2.77999997138977,1485000,2.77999997138977
2.79999995231628,2.79999995231628,2.70000004768372,2.75,2115200,2.75
2.73000001907349,2.77999997138977,2.70000004768372,2.75999999046326,2214900,2.75999999046326
2.79999995231628,2.83999991416931,2.72000002861023,2.80999994277954,2548200,2.80999994277954
2.79999995231628,2.90000009536743,2.75999999046326,2.84999990463257,2339900,2.84999990463257
2.84999990463257,2.94000005722046,2.80999994277954,2.80999994277954,4237200,2.80999994277954
2.80999994277954,2.84999990463257,2.72000002861023,2.75,3041800,2.75
2.76999998092651,2.85999989509583,2.74000000953674,2.85999989509583,4863400,2.85999989509583
2.83999991416931,2.92000007629395,2.8199999332428,2.89000010490417,3451900,2.89000010490417
2.80999994277954,3.27999997138977,2.80999994277954,3.27999997138977,8504700,3.27999997138977
3.29999995231628,3.38000011444092,3.19000005722046,3.38000011444092,4438400,3.38000011444092
3.40000009536743,3.40000009536743,3.27999997138977,3.30999994277954,2655600,3.30999994277954
3.33999991416931,3.4300000667572,3.30999994277954,3.34999990463257,2652100,3.34999990463257
3.35999989509583,3.40000009536743,3.25,3.29999995231628,1766300,3.29999995231628
3.27999997138977,3.3199999332428,3.17000007629395,3.29999995231628,2995900,3.29999995231628
3.3199999332428,3.50999999046326,3.29999995231628,3.50999999046326,3830800,3.50999999046326
3.5,3.71000003814697,3.45000004768372,3.64000010490417,4390900,3.64000010490417
3.65000009536743,3.67000007629395,3.49000000953674,3.51999998092651,3542000,3.51999998092651
3.51999998092651,3.51999998092651,3.28999996185303,3.39000010490417,3858600,3.39000010490417
3.35999989509583,3.40000009536743,3.25999999046326,3.3199999332428,2399600,3.3199999332428
3.3199999332428,3.32999992370605,3.19000005722046,3.25,2306800,3.25
3.20000004768372,3.26999998092651,3.13000011444092,3.16000008583069,2508000,3.16000008583069
3.21000003814697,3.28999996185303,3.15000009536743,3.22000002861023,2338600,3.22000002861023
3.23000001907349,3.39000010490417,3.1800000667572,3.33999991416931,2550800,3.33999991416931
3.32999992370605,3.34999990463257,3.20000004768372,3.23000001907349,2096000,3.23000001907349
3.23000001907349,3.23000001907349,3.03999996185303,3.05999994277954,4077800,3.05999994277954
3.01999998092651,3.14000010490417,3,3.09999990463257,6083300,3.09999990463257
3.09999990463257,3.25,3.03999996185303,3.17000007629395,4531800,3.17000007629395
3.13000011444092,3.3199999332428,3.11999988555908,3.24000000953674,5563700,3.24000000953674
3.21000003814697,3.35999989509583,3.09999990463257,3.34999990463257,4290200,3.34999990463257
3.3199999332428,3.42000007629395,3.29999995231628,3.39000010490417,5376200,3.39000010490417
3.45000004768372,3.46000003814697,3.28999996185303,3.46000003814697,5440600,3.46000003814697
3.49000000953674,3.49000000953674,3.3199999332428,3.32999992370605,3605900,3.32999992370605
3.36999988555908,3.38000011444092,3.13000011444092,3.19000005722046,6640300,3.19000005722046
3.19000005722046,3.19000005722046,2.94000005722046,2.99000000953674,5459700,2.99000000953674
3,3.00999999046326,2.84999990463257,2.84999990463257,3320200,2.84999990463257
2.84999990463257,2.94000005722046,2.73000001907349,2.94000005722046,7302800,2.94000005722046
2.90000009536743,2.92000007629395,2.76999998092651,2.86999988555908,3657400,2.86999988555908
2.85999989509583,2.86999988555908,2.73000001907349,2.75,4076200,2.75
2.72000002861023,2.76999998092651,2.65000009536743,2.69000005722046,4263500,2.69000005722046
2.70000004768372,2.8199999332428,2.6800000667572,2.77999997138977,3306100,2.77999997138977
2.75999999046326,2.95000004768372,2.73000001907349,2.90000009536743,4504000,2.90000009536743
2.89000010490417,2.99000000953674,2.86999988555908,2.9300000667572,3694400,2.9300000667572
2.96000003814697,3.05999994277954,2.95000004768372,3.03999996185303,3748700,3.03999996185303
3.03999996185303,3.14000010490417,3.01999998092651,3.09999990463257,3842100,3.09999990463257
3.08999991416931,3.20000004768372,3.03999996185303,3.09999990463257,3368400,3.09999990463257
3.09999990463257,3.15000009536743,3.0699999332428,3.09999990463257,4196700,3.09999990463257
3.07999992370605,3.25,3.07999992370605,3.15000009536743,7265100,3.15000009536743
3.19000005722046,3.26999998092651,3.13000011444092,3.22000002861023,4908200,3.22000002861023
3.24000000953674,3.34999990463257,3.23000001907349,3.28999996185303,3774100,3.28999996185303
3.27999997138977,3.38000011444092,3.25,3.38000011444092,3437800,3.38000011444092
3.35999989509583,3.41000008583069,3.32999992370605,3.34999990463257,4513800,3.34999990463257
3.34999990463257,3.39000010490417,3.16000008583069,3.17000007629395,6501100,3.17000007629395
3.19000005722046,3.27999997138977,3.09999990463257,3.25,3635100,3.25
3.25,3.29999995231628,3.16000008583069,3.16000008583069,1944000,3.16000008583069
3.20000004768372,3.20000004768372,3.08999991416931,3.14000010490417,3708000,3.14000010490417
3.15000009536743,3.17000007629395,3.0699999332428,3.13000011444092,2296000,3.13000011444092
3.15000009536743,3.20000004768372,3.07999992370605,3.11999988555908,2400200,3.11999988555908
3.10999989509583,3.19000005722046,3.04999995231628,3.11999988555908,4262700,3.11999988555908
3.19000005722046,3.20000004768372,3.10999989509583,3.14000010490417,4015400,3.14000010490417
3.13000011444092,3.14000010490417,2.89000010490417,2.89000010490417,5857500,2.89000010490417
2.88000011444092,2.96000003814697,2.8199999332428,2.82999992370605,2712700,2.82999992370605
2.82999992370605,2.91000008583069,2.8199999332428,2.89000010490417,4875000,2.89000010490417
2.88000011444092,2.91000008583069,2.76999998092651,2.76999998092651,4496300,2.76999998092651
2.76999998092651,2.78999996185303,2.66000008583069,2.69000005722046,4325000,2.69000005722046
2.71000003814697,2.72000002861023,2.55999994277954,2.55999994277954,4365600,2.55999994277954
2.57999992370605,2.72000002861023,2.51999998092651,2.69000005722046,4586800,2.69000005722046
2.66000008583069,2.66000008583069,2.55999994277954,2.55999994277954,8395300,2.55999994277954
2.53999996185303,2.65000009536743,2.50999999046326,2.59999990463257,2811900,2.59999990463257
2.60999989509583,2.66000008583069,2.48000001907349,2.50999999046326,3604100,2.50999999046326
2.49000000953674,2.58999991416931,2.47000002861023,2.5,2977700,2.5
2.51999998092651,2.55999994277954,2.48000001907349,2.49000000953674,2672500,2.49000000953674
2.51999998092651,2.51999998092651,2.35999989509583,2.36999988555908,4681000,2.36999988555908
2.38000011444092,2.41000008583069,2.30999994277954,2.40000009536743,4005200,2.40000009536743
2.40000009536743,2.44000005722046,2.28999996185303,2.32999992370605,3740000,2.32999992370605
2.32999992370605,2.33999991416931,2.25,2.27999997138977,3234600,2.27999997138977
2.30999994277954,2.30999994277954,2.19000005722046,2.25999999046326,3628300,2.25999999046326
2.24000000953674,2.29999995231628,2.20000004768372,2.25999999046326,3000300,2.25999999046326
2.26999998092651,2.27999997138977,2.19000005722046,2.20000004768372,3899800,2.20000004768372
2.20000004768372,2.21000003814697,2.13000011444092,2.20000004768372,4736700,2.20000004768372
2.21000003814697,2.3199999332428,2.1800000667572,2.29999995231628,3859100,2.29999995231628
2.30999994277954,2.39000010490417,2.27999997138977,2.29999995231628,3521000,2.29999995231628
2.29999995231628,2.32999992370605,2.24000000953674,2.27999997138977,3088400,2.27999997138977
2.26999998092651,2.28999996185303,2.13000011444092,2.16000008583069,5233700,2.16000008583069
2.15000009536743,2.1800000667572,2.10999989509583,2.14000010490417,2583200,2.14000010490417
2.14000010490417,2.17000007629395,2.0699999332428,2.07999992370605,2959300,2.07999992370605
2.04999995231628,2.08999991416931,2.03999996185303,2.04999995231628,2151900,2.04999995231628
2.05999994277954,2.0699999332428,2,2,4673700,2
2,2.08999991416931,1.99000000953674,2.01999998092651,3147800,2.01999998092651
2.01999998092651,2.08999991416931,1.99000000953674,2.08999991416931,2609400,2.08999991416931
2.08999991416931,2.1800000667572,2.0699999332428,2.14000010490417,4090500,2.14000010490417
2.11999988555908,2.17000007629395,2.08999991416931,2.14000010490417,2587200,2.14000010490417
2.15000009536743,2.19000005722046,2.04999995231628,2.07999992370605,3440700,2.07999992370605
2.09999990463257,2.13000011444092,2.07999992370605,2.11999988555908,1545000,2.11999988555908
2.17000007629395,2.1800000667572,2.09999990463257,2.13000011444092,3458800,2.13000011444092
2.15000009536743,2.26999998092651,2.14000010490417,2.22000002861023,3537900,2.22000002861023
2.23000001907349,2.3199999332428,2.22000002861023,2.28999996185303,2885700,2.28999996185303
2.28999996185303,2.3199999332428,2.19000005722046,2.23000001907349,3082000,2.23000001907349
2.22000002861023,2.26999998092651,2.15000009536743,2.23000001907349,4990200,2.23000001907349
2.22000002861023,2.27999997138977,2.21000003814697,2.24000000953674,3300400,2.24000000953674
2.25,2.41000008583069,2.24000000953674,2.38000011444092,3398700,2.38000011444092
2.41000008583069,2.50999999046326,2.39000010490417,2.46000003814697,5185300,2.46000003814697
2.45000004768372,2.51999998092651,2.35999989509583,2.50999999046326,3396800,2.50999999046326
2.53999996185303,2.61999988555908,2.49000000953674,2.55999994277954,5603900,2.55999994277954
2.57999992370605,2.60999989509583,2.48000001907349,2.57999992370605,6072200,2.57999992370605
2.60999989509583,2.79999995231628,2.57999992370605,2.72000002861023,7078700,2.72000002861023
2.65000009536743,2.74000000953674,2.61999988555908,2.69000005722046,4295200,2.69000005722046
2.69000005722046,2.75999999046326,2.55999994277954,2.70000004768372,5643400,2.70000004768372
2.67000007629395,2.72000002861023,2.57999992370605,2.67000007629395,5647100,2.67000007629395
2.67000007629395,2.71000003814697,2.55999994277954,2.59999990463257,4429300,2.59999990463257
2.5699999332428,2.59999990463257,2.46000003814697,2.50999999046326,8243400,2.50999999046326
2.53999996185303,2.53999996185303,2.32999992370605,2.36999988555908,4835900,2.36999988555908
2.3199999332428,2.35999989509583,2.24000000953674,2.25999999046326,7098200,2.25999999046326
2.22000002861023,2.30999994277954,2.1800000667572,2.29999995231628,6041400,2.29999995231628
2.3199999332428,2.35999989509583,2.25,2.33999991416931,4233800,2.33999991416931
2.33999991416931,2.39000010490417,2.29999995231628,2.36999988555908,3551800,2.36999988555908
2.36999988555908,2.50999999046326,2.32999992370605,2.50999999046326,6903200,2.50999999046326
2.5699999332428,2.5699999332428,2.41000008583069,2.51999998092651,5976000,2.51999998092651
2.5,2.54999995231628,2.44000005722046,2.50999999046326,5121300,2.50999999046326
2.52999997138977,2.54999995231628,2.47000002861023,2.50999999046326,3648500,2.50999999046326
2.52999997138977,2.52999997138977,2.42000007629395,2.42000007629395,8070300,2.42000007629395
2.41000008583069,2.60999989509583,2.41000008583069,2.52999997138977,9572400,2.52999997138977
2.53999996185303,2.58999991416931,2.50999999046326,2.55999994277954,5123000,2.55999994277954
2.55999994277954,2.57999992370605,2.51999998092651,2.52999997138977,5124400,2.52999997138977
2.51999998092651,2.53999996185303,2.40000009536743,2.44000005722046,5114100,2.44000005722046
2.46000003814697,2.49000000953674,2.39000010490417,2.44000005722046,4399300,2.44000005722046
2.46000003814697,2.54999995231628,2.42000007629395,2.51999998092651,4326900,2.51999998092651
2.5699999332428,2.60999989509583,2.5,2.50999999046326,3316500,2.50999999046326
2.48000001907349,2.50999999046326,2.4300000667572,2.47000002861023,4404700,2.47000002861023
2.47000002861023,2.52999997138977,2.45000004768372,2.5,3122900,2.5
2.5,2.52999997138977,2.47000002861023,2.49000000953674,3661100,2.49000000953674
2.45000004768372,2.48000001907349,2.39000010490417,2.47000002861023,5026300,2.47000002861023
2.46000003814697,2.55999994277954,2.45000004768372,2.53999996185303,2319200,2.53999996185303
2.53999996185303,2.5699999332428,2.49000000953674,2.49000000953674,2134700,2.49000000953674
2.49000000953674,2.53999996185303,2.46000003814697,2.48000001907349,1950100,2.48000001907349
2.5,2.64000010490417,2.47000002861023,2.64000010490417,4938100,2.64000010490417
2.63000011444092,2.63000011444092,2.51999998092651,2.57999992370605,2140800,2.57999992370605
2.5699999332428,2.5699999332428,2.40000009536743,2.40000009536743,3848100,2.40000009536743
2.44000005722046,2.49000000953674,2.36999988555908,2.38000011444092,3878200,2.38000011444092
2.40000009536743,2.48000001907349,2.33999991416931,2.38000011444092,4534200,2.38000011444092
2.35999989509583,2.35999989509583,2.25,2.28999996185303,4487600,2.28999996185303
2.27999997138977,2.40000009536743,2.25999999046326,2.36999988555908,3112000,2.36999988555908
2.44000005722046,2.59999990463257,2.4300000667572,2.55999994277954,5923900,2.55999994277954
2.64000010490417,2.64000010490417,2.50999999046326,2.54999995231628,2794900,2.54999995231628
2.54999995231628,2.60999989509583,2.51999998092651,2.55999994277954,3166800,2.55999994277954
2.57999992370605,2.6800000667572,2.54999995231628,2.57999992370605,4182200,2.57999992370605
2.57999992370605,2.59999990463257,2.5,2.52999997138977,2459400,2.52999997138977
2.52999997138977,2.55999994277954,2.46000003814697,2.47000002861023,2194500,2.47000002861023
2.46000003814697,2.54999995231628,2.41000008583069,2.47000002861023,3320200,2.47000002861023
2.44000005722046,2.52999997138977,2.39000010490417,2.48000001907349,3888100,2.48000001907349
2.48000001907349,2.5,2.38000011444092,2.38000011444092,2852300,2.38000011444092
2.40000009536743,2.48000001907349,2.35999989509583,2.42000007629395,1267800,2.42000007629395
2.44000005722046,2.49000000953674,2.42000007629395,2.45000004768372,4929900,2.45000004768372
2.44000005722046,2.47000002861023,2.41000008583069,2.47000002861023,2380400,2.47000002861023
2.48000001907349,2.50999999046326,2.40000009536743,2.48000001907349,2801900,2.48000001907349
2.46000003814697,2.5699999332428,2.45000004768372,2.52999997138977,2226600,2.52999997138977
2.5,2.55999994277954,2.46000003814697,2.54999995231628,1793200,2.54999995231628
2.54999995231628,2.55999994277954,2.46000003814697,2.48000001907349,2633600,2.48000001907349
2.46000003814697,2.5,2.36999988555908,2.41000008583069,6367300,2.41000008583069
2.4300000667572,2.58999991416931,2.40000009536743,2.57999992370605,4445100,2.57999992370605
2.55999994277954,2.61999988555908,2.53999996185303,2.59999990463257,1844400,2.59999990463257
2.59999990463257,2.8199999332428,2.53999996185303,2.8199999332428,5409200,2.8199999332428
2.83999991416931,2.98000001907349,2.79999995231628,2.91000008583069,6367600,2.91000008583069
2.88000011444092,3.05999994277954,2.83999991416931,3,9216200,3
3.03999996185303,3.11999988555908,2.98000001907349,3.03999996185303,3907500,3.03999996185303
3.02999997138977,3.04999995231628,2.9300000667572,2.95000004768372,5225100,2.95000004768372
2.9300000667572,3.04999995231628,2.86999988555908,3.03999996185303,3042200,3.03999996185303
3.00999999046326,3.0699999332428,3,3.02999997138977,2263400,3.02999997138977
2.96000003814697,2.99000000953674,2.73000001907349,2.83999991416931,10253900,2.83999991416931
3,3.13000011444092,2.82999992370605,2.82999992370605,8959000,2.82999992370605
2.88000011444092,2.90000009536743,2.75,2.8199999332428,3674200,2.8199999332428
2.79999995231628,2.89000010490417,2.61999988555908,2.67000007629395,6139800,2.67000007629395
2.63000011444092,2.6800000667572,2.49000000953674,2.67000007629395,8128000,2.67000007629395
2.70000004768372,2.75999999046326,2.59999990463257,2.59999990463257,3153100,2.59999990463257
2.60999989509583,2.72000002861023,2.59999990463257,2.66000008583069,3138300,2.66000008583069
2.66000008583069,2.70000004768372,2.54999995231628,2.5699999332428,2790600,2.5699999332428
2.53999996185303,2.54999995231628,2.47000002861023,2.51999998092651,2832300,2.51999998092651
2.52999997138977,2.65000009536743,2.52999997138977,2.61999988555908,3039400,2.61999988555908
2.63000011444092,2.63000011444092,2.5,2.5,1212400,2.5
2.5,2.51999998092651,2.42000007629395,2.42000007629395,1329500,2.42000007629395
2.42000007629395,2.61999988555908,2.41000008583069,2.61999988555908,4164100,2.61999988555908
2.60999989509583,2.67000007629395,2.5,2.67000007629395,4694000,2.67000007629395
2.65000009536743,2.71000003814697,2.55999994277954,2.58999991416931,2307100,2.58999991416931
2.60999989509583,2.70000004768372,2.52999997138977,2.67000007629395,1874500,2.67000007629395
2.65000009536743,2.67000007629395,2.58999991416931,2.58999991416931,4175800,2.58999991416931
2.61999988555908,2.69000005722046,2.58999991416931,2.61999988555908,2468700,2.61999988555908
2.60999989509583,2.70000004768372,2.49000000953674,2.49000000953674,10168900,2.49000000953674
2.49000000953674,2.51999998092651,2.41000008583069,2.47000002861023,5309400,2.47000002861023
2.47000002861023,2.5,2.36999988555908,2.42000007629395,2689700,2.42000007629395
2.40000009536743,2.42000007629395,2.28999996185303,2.33999991416931,2628800,2.33999991416931
2.35999989509583,2.38000011444092,2.21000003814697,2.25999999046326,8873800,2.25999999046326
2.25999999046326,2.28999996185303,2.19000005722046,2.26999998092651,4057200,2.26999998092651
2.25999999046326,2.3199999332428,2.22000002861023,2.27999997138977,5548100,2.27999997138977
2.26999998092651,2.29999995231628,2.23000001907349,2.26999998092651,2282600,2.26999998092651
2.26999998092651,2.30999994277954,2.1800000667572,2.22000002861023,3852700,2.22000002861023
2.23000001907349,2.32999992370605,2.21000003814697,2.26999998092651,7925000,2.26999998092651
2.29999995231628,2.29999995231628,2.22000002861023,2.23000001907349,8656300,2.23000001907349
2.23000001907349,2.29999995231628,2.23000001907349,2.25999999046326,18346800,2.25999999046326
2.25,2.38000011444092,2.25,2.36999988555908,12293100,2.36999988555908
2.46000003814697,2.5,2.30999994277954,2.35999989509583,3424200,2.35999989509583
2.35999989509583,2.38000011444092,2.24000000953674,2.24000000953674,6619200,2.24000000953674
2.25,2.3199999332428,2.22000002861023,2.28999996185303,4428900,2.28999996185303
2.28999996185303,2.40000009536743,2.25,2.25999999046326,7782000,2.25999999046326
2.23000001907349,2.25,2.15000009536743,2.17000007629395,2147300,2.17000007629395
2.17000007629395,2.20000004768372,2.0699999332428,2.09999990463257,4946000,2.09999990463257
2.17000007629395,2.17000007629395,2,2.04999995231628,6353700,2.04999995231628
2.03999996185303,2.07999992370605,2.00999999046326,2.04999995231628,3691300,2.04999995231628
2.02999997138977,2.14000010490417,2.02999997138977,2.09999990463257,3370200,2.09999990463257
2.08999991416931,2.16000008583069,2.02999997138977,2.07999992370605,5164600,2.07999992370605
2.05999994277954,2.21000003814697,2.02999997138977,2.21000003814697,4236400,2.21000003814697
2.21000003814697,2.25999999046326,2.17000007629395,2.19000005722046,3486400,2.19000005722046
2.1800000667572,2.22000002861023,2.13000011444092,2.15000009536743,2431300,2.15000009536743
2.13000011444092,2.20000004768372,2.07999992370605,2.13000011444092,4241200,2.13000011444092
2.10999989509583,2.11999988555908,2.04999995231628,2.04999995231628,3380500,2.04999995231628
2.04999995231628,2.09999990463257,2.00999999046326,2.03999996185303,10259400,2.03999996185303
2.05999994277954,2.10999989509583,2.02999997138977,2.0699999332428,11367800,2.0699999332428
2.03999996185303,2.08999991416931,2,2.0699999332428,9043800,2.0699999332428
2.0699999332428,2.15000009536743,2.02999997138977,2.15000009536743,3897400,2.15000009536743
2.15000009536743,2.22000002861023,2.13000011444092,2.13000011444092,3195600,2.13000011444092
2.15000009536743,2.17000007629395,2.10999989509583,2.16000008583069,1926800,2.16000008583069
2.16000008583069,2.22000002861023,2.14000010490417,2.1800000667572,2811100,2.1800000667572
2.1800000667572,2.22000002861023,2.15000009536743,2.1800000667572,4259300,2.1800000667572
2.19000005722046,2.21000003814697,2.15000009536743,2.17000007629395,3071300,2.17000007629395
2.17000007629395,2.21000003814697,2.11999988555908,2.15000009536743,2484300,2.15000009536743
2.14000010490417,2.23000001907349,2.13000011444092,2.17000007629395,4316900,2.17000007629395
2.1800000667572,2.24000000953674,2.16000008583069,2.23000001907349,3828200,2.23000001907349
2.24000000953674,2.28999996185303,2.1800000667572,2.21000003814697,3604600,2.21000003814697
2.22000002861023,2.22000002861023,2.10999989509583,2.14000010490417,5747000,2.14000010490417
2.14000010490417,2.14000010490417,1.99000000953674,1.99000000953674,8340000,1.99000000953674
2,2.00999999046326,1.80999994277954,1.85000002384186,13421900,1.85000002384186
1.86000001430511,1.88999998569489,1.77999997138977,1.8400000333786,11359800,1.8400000333786
1.8400000333786,1.85000002384186,1.75999999046326,1.78999996185303,5123100,1.78999996185303
1.78999996185303,1.82000005245209,1.73000001907349,1.80999994277954,12991200,1.80999994277954
1.80999994277954,1.86000001430511,1.78999996185303,1.80999994277954,2756100,1.80999994277954
1.80999994277954,1.87000000476837,1.76999998092651,1.80999994277954,2499300,1.80999994277954
1.80999994277954,1.98000001907349,1.76999998092651,1.95000004768372,5326400,1.95000004768372
1.95000004768372,1.98000001907349,1.88999998569489,1.94000005722046,2755700,1.94000005722046
1.92999994754791,1.97000002861023,1.92999994754791,1.92999994754791,1551000,1.92999994754791
1.92999994754791,1.94000005722046,1.79999995231628,1.82000005245209,4778200,1.82000005245209
1.82000005245209,1.85000002384186,1.75,1.76999998092651,4676400,1.76999998092651
1.76999998092651,1.78999996185303,1.72000002861023,1.73000001907349,8388700,1.73000001907349
1.74000000953674,1.80999994277954,1.69000005722046,1.79999995231628,6651800,1.79999995231628
1.80999994277954,1.85000002384186,1.78999996185303,1.85000002384186,4188100,1.85000002384186
1.85000002384186,1.87999999523163,1.80999994277954,1.87000000476837,6087000,1.87000000476837
1.87000000476837,1.87999999523163,1.80999994277954,1.80999994277954,2730900,1.80999994277954
1.80999994277954,1.83000004291534,1.75999999046326,1.75999999046326,1904000,1.75999999046326
1.77999997138977,1.82000005245209,1.75999999046326,1.80999994277954,3482800,1.80999994277954
1.80999994277954,1.86000001430511,1.78999996185303,1.8400000333786,4381000,1.8400000333786
1.83000004291534,1.96000003814697,1.83000004291534,1.96000003814697,4483800,1.96000003814697
1.94000005722046,2.02999997138977,1.94000005722046,1.97000002861023,3405400,1.97000002861023
1.95000004768372,2.00999999046326,1.89999997615814,1.99000000953674,4946700,1.99000000953674
1.99000000953674,2.01999998092651,1.9099999666214,1.95000004768372,11751500,1.95000004768372
1.96000003814697,1.98000001907349,1.9099999666214,1.94000005722046,5148300,1.94000005722046
1.94000005722046,1.94000005722046,1.8400000333786,1.8400000333786,8809100,1.8400000333786
1.83000004291534,1.97000002861023,1.79999995231628,1.94000005722046,4721100,1.94000005722046
1.89999997615814,1.98000001907349,1.89999997615814,1.97000002861023,4446300,1.97000002861023
1.99000000953674,1.99000000953674,1.87000000476837,1.89999997615814,5285000,1.89999997615814
1.99000000953674,1.99000000953674,1.87999999523163,1.9099999666214,5092200,1.9099999666214
1.92999994754791,2.11999988555908,1.89999997615814,2.01999998092651,10165900,2.01999998092651
2.03999996185303,2.0699999332428,1.89999997615814,1.98000001907349,9407000,1.98000001907349
1.98000001907349,2.01999998092651,1.97000002861023,1.99000000953674,4860800,1.99000000953674
2,2.03999996185303,1.98000001907349,2,3835900,2
2.00999999046326,2.08999991416931,1.99000000953674,2.0699999332428,3086600,2.0699999332428
2.07999992370605,2.09999990463257,2.02999997138977,2.08999991416931,2742100,2.08999991416931
2.09999990463257,2.19000005722046,2.09999990463257,2.15000009536743,9077000,2.15000009536743
2.14000010490417,2.17000007629395,2.09999990463257,2.15000009536743,3964800,2.15000009536743
2.14000010490417,2.16000008583069,2.07999992370605,2.08999991416931,2821300,2.08999991416931
2.09999990463257,2.19000005722046,2.08999991416931,2.15000009536743,6551600,2.15000009536743
2.17000007629395,2.17000007629395,2.05999994277954,2.10999989509583,7836000,2.10999989509583
2.13000011444092,2.13000011444092,2.07999992370605,2.07999992370605,3832900,2.07999992370605
2.0699999332428,2.15000009536743,2.0699999332428,2.11999988555908,2788600,2.11999988555908
2.19000005722046,2.25999999046326,2.17000007629395,2.25999999046326,5702000,2.25999999046326
2.26999998092651,2.36999988555908,2.25,2.27999997138977,6703200,2.27999997138977
2.27999997138977,2.41000008583069,2.26999998092651,2.36999988555908,4132000,2.36999988555908
2.36999988555908,2.48000001907349,2.34999990463257,2.47000002861023,6497500,2.47000002861023
2.45000004768372,2.55999994277954,2.39000010490417,2.55999994277954,5957400,2.55999994277954
2.59999990463257,2.6800000667572,2.51999998092651,2.5699999332428,6676300,2.5699999332428
2.55999994277954,2.55999994277954,2.41000008583069,2.44000005722046,4421600,2.44000005722046
2.45000004768372,2.49000000953674,2.40000009536743,2.46000003814697,3467000,2.46000003814697
2.46000003814697,2.50999999046326,2.4300000667572,2.48000001907349,2998900,2.48000001907349
2.48000001907349,2.49000000953674,2.42000007629395,2.44000005722046,2203100,2.44000005722046
2.45000004768372,2.49000000953674,2.42000007629395,2.49000000953674,2987100,2.49000000953674
2.48000001907349,2.54999995231628,2.45000004768372,2.53999996185303,4544900,2.53999996185303
2.54999995231628,2.60999989509583,2.49000000953674,2.55999994277954,4718800,2.55999994277954
2.63000011444092,2.65000009536743,2.54999995231628,2.5699999332428,2586900,2.5699999332428
2.55999994277954,2.66000008583069,2.55999994277954,2.64000010490417,3686700,2.64000010490417
2.65000009536743,2.67000007629395,2.55999994277954,2.59999990463257,3827300,2.59999990463257
2.60999989509583,2.71000003814697,2.57999992370605,2.6800000667572,3907200,2.6800000667572
2.6800000667572,2.73000001907349,2.66000008583069,2.69000005722046,3073500,2.69000005722046
2.6800000667572,2.74000000953674,2.65000009536743,2.6800000667572,3051600,2.6800000667572
2.66000008583069,2.72000002861023,2.60999989509583,2.69000005722046,5798800,2.69000005722046
2.69000005722046,2.79999995231628,2.64000010490417,2.75999999046326,4607100,2.75999999046326
2.85999989509583,2.99000000953674,2.77999997138977,2.8199999332428,10205000,2.8199999332428
2.8199999332428,2.88000011444092,2.77999997138977,2.78999996185303,3790200,2.78999996185303
2.76999998092651,2.82999992370605,2.71000003814697,2.75,4581800,2.75
2.75,2.80999994277954,2.74000000953674,2.77999997138977,5289000,2.77999997138977
2.76999998092651,2.88000011444092,2.76999998092651,2.88000011444092,4853900,2.88000011444092
2.88000011444092,2.99000000953674,2.85999989509583,2.9300000667572,5132800,2.9300000667572
2.99000000953674,3.00999999046326,2.90000009536743,2.92000007629395,4668000,2.92000007629395
2.90000009536743,3.09999990463257,2.90000009536743,2.99000000953674,7819900,2.99000000953674
2.97000002861023,3.02999997138977,2.91000008583069,2.94000005722046,4317200,2.94000005722046
3,3.07999992370605,2.99000000953674,3,6648500,3
3.02999997138977,3.25999999046326,3.01999998092651,3.25,6991600,3.25
3.26999998092651,3.26999998092651,3.15000009536743,3.19000005722046,3055000,3.19000005722046
3.21000003814697,3.22000002861023,3.10999989509583,3.20000004768372,3791700,3.20000004768372
3.17000007629395,3.1800000667572,3.07999992370605,3.07999992370605,5807100,3.07999992370605
3.10999989509583,3.29999995231628,3.08999991416931,3.29999995231628,5174100,3.29999995231628
3.3199999332428,3.5,3.3199999332428,3.44000005722046,5721100,3.44000005722046
3.4300000667572,3.5,3.35999989509583,3.49000000953674,4028800,3.49000000953674
3.51999998092651,3.66000008583069,3.47000002861023,3.60999989509583,5494900,3.60999989509583
3.60999989509583,3.6800000667572,3.3199999332428,3.41000008583069,7769700,3.41000008583069
3.41000008583069,3.48000001907349,3.19000005722046,3.24000000953674,8749500,3.24000000953674
3.24000000953674,3.3199999332428,3.17000007629395,3.3199999332428,4777400,3.3199999332428
3.33999991416931,3.38000011444092,3.22000002861023,3.25999999046326,3610800,3.25999999046326
3.27999997138977,3.34999990463257,3.25999999046326,3.29999995231628,3798600,3.29999995231628
3.30999994277954,3.48000001907349,3.29999995231628,3.48000001907349,3428100,3.48000001907349
3.47000002861023,3.75,3.45000004768372,3.75,6446700,3.75
3.77999997138977,3.85999989509583,3.70000004768372,3.78999996185303,6641600,3.78999996185303
3.77999997138977,3.90000009536743,3.67000007629395,3.75999999046326,9307000,3.75999999046326
3.72000002861023,3.77999997138977,3.61999988555908,3.65000009536743,4056900,3.65000009536743
3.63000011444092,3.63000011444092,3.40000009536743,3.50999999046326,5413700,3.50999999046326
3.52999997138977,3.65000009536743,3.47000002861023,3.60999989509583,4235600,3.60999989509583
3.57999992370605,3.58999991416931,3.4300000667572,3.45000004768372,3130700,3.45000004768372
3.46000003814697,3.57999992370605,3.4300000667572,3.47000002861023,5865700,3.47000002861023
3.47000002861023,3.5699999332428,3.38000011444092,3.42000007629395,5048600,3.42000007629395
3.23000001907349,3.40000009536743,3.15000009536743,3.1800000667572,18162700,3.1800000667572
3.19000005722046,3.30999994277954,3.17000007629395,3.1800000667572,13640100,3.1800000667572
3.20000004768372,3.25,3.10999989509583,3.16000008583069,15336200,3.16000008583069
3.16000008583069,3.1800000667572,3.04999995231628,3.08999991416931,15866700,3.08999991416931
3.08999991416931,3.32999992370605,3.07999992370605,3.26999998092651,17926700,3.26999998092651
3.22000002861023,3.3199999332428,3.22000002861023,3.26999998092651,7260800,3.26999998092651
3.28999996185303,3.45000004768372,3.27999997138977,3.42000007629395,29516000,3.42000007629395
3.34999990463257,3.5699999332428,3.33999991416931,3.45000004768372,10067000,3.45000004768372
3.42000007629395,3.42000007629395,3.25999999046326,3.36999988555908,9219700,3.36999988555908
3.40000009536743,3.53999996185303,3.33999991416931,3.46000003814697,15638300,3.46000003814697
3.51999998092651,3.64000010490417,3.44000005722046,3.53999996185303,27504500,3.53999996185303
3.55999994277954,3.55999994277954,3.35999989509583,3.40000009536743,22304000,3.40000009536743
3.42000007629395,3.69000005722046,3.38000011444092,3.64000010490417,20618100,3.64000010490417
3.64000010490417,3.76999998092651,3.59999990463257,3.67000007629395,8006200,3.67000007629395
3.6800000667572,3.6800000667572,3.45000004768372,3.52999997138977,8766900,3.52999997138977
3.52999997138977,3.71000003814697,3.52999997138977,3.6800000667572,7897700,3.6800000667572
3.65000009536743,3.75999999046326,3.63000011444092,3.70000004768372,4265800,3.70000004768372
3.6800000667572,3.78999996185303,3.6800000667572,3.78999996185303,4561800,3.78999996185303
3.78999996185303,3.83999991416931,3.74000000953674,3.78999996185303,3787600,3.78999996185303
3.79999995231628,3.79999995231628,3.69000005722046,3.75999999046326,2582200,3.75999999046326
3.77999997138977,3.84999990463257,3.75,3.8199999332428,4927500,3.8199999332428
3.80999994277954,3.99000000953674,3.79999995231628,3.99000000953674,6925300,3.99000000953674
4,4.07000017166138,3.90000009536743,3.98000001907349,9698000,3.98000001907349
3.9300000667572,4.03000020980835,3.90000009536743,3.99000000953674,4551300,3.99000000953674
4,4.03000020980835,3.94000005722046,3.96000003814697,4739200,3.96000003814697
4.03999996185303,4.05000019073486,3.92000007629395,3.98000001907349,3848400,3.98000001907349
3.98000001907349,4.09999990463257,3.96000003814697,4.03000020980835,6143800,4.03000020980835
4.01000022888184,4.01999998092651,3.95000004768372,3.98000001907349,3928100,3.98000001907349
3.94000005722046,4.01000022888184,3.92000007629395,3.96000003814697,5992000,3.96000003814697
3.95000004768372,4,3.92000007629395,3.94000005722046,4758600,3.94000005722046
3.96000003814697,4.03999996185303,3.86999988555908,3.92000007629395,18580400,3.92000007629395
3.9300000667572,4.03000020980835,3.90000009536743,3.98000001907349,9865800,3.98000001907349
4.03000020980835,4.03000020980835,3.91000008583069,3.94000005722046,5912000,3.94000005722046
4.05000019073486,4.23999977111816,4.01999998092651,4.23999977111816,13784100,4.23999977111816
4.23999977111816,4.28000020980835,4.11999988555908,4.15999984741211,7795300,4.15999984741211
4.23000001907349,4.26000022888184,4.09999990463257,4.15000009536743,8803700,4.15000009536743
4.11999988555908,4.17999982833862,4.01999998092651,4.1100001335144,8492200,4.1100001335144
4.05999994277954,4.26999998092651,4.05999994277954,4.19999980926514,13148100,4.19999980926514
4.26000022888184,4.36999988555908,4.23000001907349,4.34000015258789,12345800,4.34000015258789
4.36999988555908,4.42000007629395,4.32999992370605,4.38000011444092,10873700,4.38000011444092
4.34000015258789,4.36999988555908,4.17000007629395,4.21999979019165,20125600,4.21999979019165
4.23000001907349,4.25,4.03000020980835,4.03999996185303,14229400,4.03999996185303
4.03999996185303,4.09999990463257,3.90000009536743,4,31639500,4
4,4.03000020980835,3.95000004768372,3.98000001907349,11788300,3.98000001907349
3.99000000953674,4.07999992370605,3.94000005722046,4.01999998092651,14578600,4.01999998092651
4.03999996185303,4.05999994277954,3.79999995231628,3.94000005722046,24378200,3.94000005722046
3.97000002861023,4.13000011444092,3.97000002861023,4.09000015258789,16345400,4.09000015258789
4.1100001335144,4.15999984741211,4.07999992370605,4.15000009536743,13530000,4.15000009536743
4.15999984741211,4.42000007629395,4.09000015258789,4.28999996185303,28607900,4.28999996185303
4.30999994277954,4.40000009536743,4.26999998092651,4.26999998092651,13131900,4.26999998092651
4.26000022888184,4.30000019073486,4.21000003814697,4.26999998092651,3769700,4.26999998092651
4.30999994277954,4.44000005722046,4.26999998092651,4.40999984741211,7167100,4.40999984741211
4.42999982833862,4.57999992370605,4.42000007629395,4.55999994277954,6272300,4.55999994277954
4.57999992370605,4.69000005722046,4.55999994277954,4.6100001335144,8787800,4.6100001335144
4.61999988555908,4.6399998664856,4.55000019073486,4.59999990463257,7805000,4.59999990463257
4.59000015258789,4.6399998664856,4.46000003814697,4.55000019073486,5920700,4.55000019073486
4.6399998664856,4.67000007629395,4.55999994277954,4.59000015258789,9592500,4.59000015258789
4.57999992370605,4.67000007629395,4.57999992370605,4.61999988555908,5111300,4.61999988555908
4.65000009536743,4.75,4.6100001335144,4.69000005722046,6897200,4.69000005722046
4.59000015258789,4.71000003814697,4.53999996185303,4.63000011444092,8684800,4.63000011444092
4.67999982833862,4.73000001907349,4.59999990463257,4.59999990463257,5791900,4.59999990463257
4.59000015258789,4.63000011444092,4.51999998092651,4.57000017166138,5559700,4.57000017166138
4.55999994277954,4.57999992370605,4.44999980926514,4.46000003814697,8057000,4.46000003814697
4.48999977111816,4.57999992370605,4.34999990463257,4.46000003814697,8845300,4.46000003814697
4.46999979019165,4.59000015258789,4.44999980926514,4.55000019073486,7533700,4.55000019073486
4.61999988555908,4.61999988555908,4.53000020980835,4.57999992370605,9584500,4.57999992370605
4.59999990463257,4.59999990463257,4.3600001335144,4.36999988555908,15025800,4.36999988555908
4.34000015258789,4.34000015258789,4.19999980926514,4.21000003814697,20025600,4.21000003814697
4.23999977111816,4.32000017166138,4.13000011444092,4.13000011444092,11784000,4.13000011444092
4.05999994277954,4.1399998664856,3.94000005722046,4.01000022888184,17104300,4.01000022888184
3.97000002861023,4.03999996185303,3.92000007629395,4,13287800,4
3.95000004768372,4.03999996185303,3.88000011444092,4.03999996185303,9992900,4.03999996185303
4.05000019073486,4.15999984741211,3.98000001907349,4.03999996185303,12994100,4.03999996185303
4.03000020980835,4.09000015258789,3.9300000667572,3.95000004768372,17297500,3.95000004768372
3.94000005722046,3.94000005722046,3.77999997138977,3.77999997138977,13025500,3.77999997138977
3.79999995231628,3.86999988555908,3.75,3.78999996185303,11927600,3.78999996185303
3.75999999046326,3.89000010490417,3.75999999046326,3.86999988555908,12670400,3.86999988555908
3.85999989509583,3.86999988555908,3.78999996185303,3.85999989509583,7026400,3.85999989509583
3.86999988555908,3.98000001907349,3.83999991416931,3.90000009536743,10035100,3.90000009536743
3.88000011444092,3.94000005722046,3.86999988555908,3.90000009536743,5437500,3.90000009536743
3.88000011444092,4.09000015258789,3.86999988555908,4.07000017166138,6817800,4.07000017166138
4.09999990463257,4.1100001335144,4.03000020980835,4.09000015258789,4039000,4.09000015258789
4.09000015258789,4.1399998664856,4,4.03999996185303,8733200,4.03999996185303
4.05000019073486,4.13000011444092,4.01999998092651,4.07999992370605,5751700,4.07999992370605
4.07999992370605,4.19999980926514,3.99000000953674,4,7500900,4
4.03999996185303,4.05000019073486,3.96000003814697,4,11413900,4
4,4.01999998092651,3.92000007629395,3.95000004768372,11318000,3.95000004768372
3.95000004768372,3.98000001907349,3.52999997138977,3.74000000953674,35607600,3.74000000953674
3.78999996185303,3.85999989509583,3.76999998092651,3.83999991416931,10054600,3.83999991416931
3.86999988555908,3.89000010490417,3.75999999046326,3.79999995231628,11272400,3.79999995231628
3.79999995231628,3.90000009536743,3.77999997138977,3.84999990463257,12179900,3.84999990463257
3.84999990463257,3.84999990463257,3.73000001907349,3.75999999046326,7787600,3.75999999046326
3.75999999046326,3.99000000953674,3.6800000667572,3.99000000953674,8216300,3.99000000953674
4,4.09999990463257,3.94000005722046,3.96000003814697,6898400,3.96000003814697
3.96000003814697,3.98000001907349,3.85999989509583,3.90000009536743,3840400,3.90000009536743
3.54999995231628,3.67000007629395,3.39000010490417,3.59999990463257,48469900,3.59999990463257
3.65000009536743,3.69000005722046,3.48000001907349,3.52999997138977,21982700,3.52999997138977
3.52999997138977,3.58999991416931,3.35999989509583,3.4300000667572,23305700,3.4300000667572
3.42000007629395,3.65000009536743,3.41000008583069,3.59999990463257,18944000,3.59999990463257
3.5699999332428,3.60999989509583,3.53999996185303,3.53999996185303,8474800,3.53999996185303
3.58999991416931,3.63000011444092,3.54999995231628,3.58999991416931,8996600,3.58999991416931
3.59999990463257,3.61999988555908,3.54999995231628,3.59999990463257,4475100,3.59999990463257
3.59999990463257,3.60999989509583,3.5699999332428,3.58999991416931,5049200,3.58999991416931
3.57999992370605,3.64000010490417,3.57999992370605,3.61999988555908,9530600,3.61999988555908
3.63000011444092,3.70000004768372,3.60999989509583,3.66000008583069,6341000,3.66000008583069
3.65000009536743,3.74000000953674,3.65000009536743,3.67000007629395,6294100,3.67000007629395
3.64000010490417,3.6800000667572,3.61999988555908,3.64000010490417,7531200,3.64000010490417
3.63000011444092,3.74000000953674,3.59999990463257,3.74000000953674,9459600,3.74000000953674
3.69000005722046,3.71000003814697,3.63000011444092,3.63000011444092,9524400,3.63000011444092
3.63000011444092,3.67000007629395,3.60999989509583,3.64000010490417,9186500,3.64000010490417
3.66000008583069,3.69000005722046,3.61999988555908,3.66000008583069,7979000,3.66000008583069
3.69000005722046,3.73000001907349,3.65000009536743,3.73000001907349,6989200,3.73000001907349
3.75,3.75,3.66000008583069,3.71000003814697,5846300,3.71000003814697
3.71000003814697,3.73000001907349,3.67000007629395,3.67000007629395,2637500,3.67000007629395
3.67000007629395,3.71000003814697,3.64000010490417,3.69000005722046,3574100,3.69000005722046
3.70000004768372,3.82999992370605,3.69000005722046,3.77999997138977,6582700,3.77999997138977
3.8199999332428,3.86999988555908,3.73000001907349,3.75,4847100,3.75
3.75999999046326,3.78999996185303,3.71000003814697,3.75,7967500,3.75
3.76999998092651,3.82999992370605,3.72000002861023,3.80999994277954,6236700,3.80999994277954
3.83999991416931,3.83999991416931,3.77999997138977,3.80999994277954,2214200,3.80999994277954
3.80999994277954,3.91000008583069,3.76999998092651,3.84999990463257,5431000,3.84999990463257
3.84999990463257,3.90000009536743,3.8199999332428,3.83999991416931,3043800,3.83999991416931
3.83999991416931,3.88000011444092,3.80999994277954,3.85999989509583,3246900,3.85999989509583
3.86999988555908,3.88000011444092,3.82999992370605,3.85999989509583,4338600,3.85999989509583
3.86999988555908,3.95000004768372,3.84999990463257,3.95000004768372,2700500,3.95000004768372
3.96000003814697,3.96000003814697,3.90000009536743,3.94000005722046,2825600,3.94000005722046
3.9300000667572,3.96000003814697,3.66000008583069,3.67000007629395,8163000,3.67000007629395
3.63000011444092,3.75999999046326,3.61999988555908,3.73000001907349,5551200,3.73000001907349
3.71000003814697,3.74000000953674,3.6800000667572,3.6800000667572,3539600,3.6800000667572
3.67000007629395,3.78999996185303,3.67000007629395,3.69000005722046,3475400,3.69000005722046
3.70000004768372,3.82999992370605,3.64000010490417,3.78999996185303,4650800,3.78999996185303
3.76999998092651,3.83999991416931,3.75999999046326,3.8199999332428,2079200,3.8199999332428
3.83999991416931,3.91000008583069,3.73000001907349,3.77999997138977,3845800,3.77999997138977
3.80999994277954,3.95000004768372,3.76999998092651,3.79999995231628,6683400,3.79999995231628
3.8199999332428,3.9300000667572,3.78999996185303,3.84999990463257,2841500,3.84999990463257
3.84999990463257,3.89000010490417,3.77999997138977,3.79999995231628,5028700,3.79999995231628
3.78999996185303,3.78999996185303,3.63000011444092,3.75999999046326,6529800,3.75999999046326
3.75,3.77999997138977,3.72000002861023,3.75999999046326,2316300,3.75999999046326
3.75,3.76999998092651,3.69000005722046,3.70000004768372,2647800,3.70000004768372
3.70000004768372,3.82999992370605,3.65000009536743,3.78999996185303,2901200,3.78999996185303
3.78999996185303,3.82999992370605,3.70000004768372,3.73000001907349,2919800,3.73000001907349
3.74000000953674,3.79999995231628,3.73000001907349,3.77999997138977,3190500,3.77999997138977
3.79999995231628,3.8199999332428,3.75,3.77999997138977,2637200,3.77999997138977
3.78999996185303,3.79999995231628,3.74000000953674,3.75999999046326,4480000,3.75999999046326
3.76999998092651,3.77999997138977,3.69000005722046,3.70000004768372,2927700,3.70000004768372
3.70000004768372,3.75,3.6800000667572,3.71000003814697,3644500,3.71000003814697
3.72000002861023,3.74000000953674,3.6800000667572,3.69000005722046,2053500,3.69000005722046
3.6800000667572,3.89000010490417,3.6800000667572,3.73000001907349,4570700,3.73000001907349
3.75,3.76999998092651,3.63000011444092,3.6800000667572,3458700,3.6800000667572
3.70000004768372,3.74000000953674,3.64000010490417,3.74000000953674,5214000,3.74000000953674
3.74000000953674,3.79999995231628,3.65000009536743,3.6800000667572,4604100,3.6800000667572
3.69000005722046,3.75,3.65000009536743,3.67000007629395,4317100,3.67000007629395
3.67000007629395,3.73000001907349,3.65000009536743,3.73000001907349,3615500,3.73000001907349
3.74000000953674,3.75,3.63000011444092,3.64000010490417,3226300,3.64000010490417
3.64000010490417,3.70000004768372,3.61999988555908,3.63000011444092,3281900,3.63000011444092
3.61999988555908,3.63000011444092,3.54999995231628,3.55999994277954,4084900,3.55999994277954
3.57999992370605,3.60999989509583,3.52999997138977,3.54999995231628,3519300,3.54999995231628
3.55999994277954,3.58999991416931,3.48000001907349,3.58999991416931,5831000,3.58999991416931
3.57999992370605,3.61999988555908,3.52999997138977,3.5699999332428,2252500,3.5699999332428
3.5699999332428,3.65000009536743,3.52999997138977,3.63000011444092,3294300,3.63000011444092
3.60999989509583,3.72000002861023,3.59999990463257,3.72000002861023,7448700,3.72000002861023
3.73000001907349,3.88000011444092,3.73000001907349,3.85999989509583,3631000,3.85999989509583
3.86999988555908,3.86999988555908,3.74000000953674,3.76999998092651,2874300,3.76999998092651
3.75,3.79999995231628,3.73000001907349,3.77999997138977,2491100,3.77999997138977
3.84999990463257,3.86999988555908,3.79999995231628,3.86999988555908,3841800,3.86999988555908
3.85999989509583,3.88000011444092,3.78999996185303,3.8199999332428,2588900,3.8199999332428
3.8199999332428,3.83999991416931,3.75999999046326,3.83999991416931,2628500,3.83999991416931
3.83999991416931,3.84999990463257,3.69000005722046,3.74000000953674,6555100,3.74000000953674
3.74000000953674,3.75999999046326,3.61999988555908,3.61999988555908,5169600,3.61999988555908
3.60999989509583,3.67000007629395,3.55999994277954,3.65000009536743,4750100,3.65000009536743
3.64000010490417,3.6800000667572,3.58999991416931,3.63000011444092,6820500,3.63000011444092
3.63000011444092,3.63000011444092,3.41000008583069,3.44000005722046,12483700,3.44000005722046
3.40000009536743,3.54999995231628,3.38000011444092,3.50999999046326,4099000,3.50999999046326
3.49000000953674,3.57999992370605,3.48000001907349,3.51999998092651,2497200,3.51999998092651
3.53999996185303,3.57999992370605,3.46000003814697,3.5,3360200,3.5
3.50999999046326,3.51999998092651,3.46000003814697,3.50999999046326,2598200,3.50999999046326
3.50999999046326,3.5699999332428,3.45000004768372,3.50999999046326,6266400,3.50999999046326
3.49000000953674,3.52999997138977,3.47000002861023,3.5,2726800,3.5
3.51999998092651,3.53999996185303,3.49000000953674,3.51999998092651,2887700,3.51999998092651
3.51999998092651,3.55999994277954,3.49000000953674,3.52999997138977,1498300,3.52999997138977
3.5,3.54999995231628,3.45000004768372,3.45000004768372,4203300,3.45000004768372
3.4300000667572,3.63000011444092,3.4300000667572,3.63000011444092,4314200,3.63000011444092
3.60999989509583,3.64000010490417,3.54999995231628,3.55999994277954,2531900,3.55999994277954
3.9300000667572,4.09999990463257,3.77999997138977,4.09000015258789,28128300,4.09000015258789
4.1100001335144,4.17999982833862,3.9300000667572,3.99000000953674,47068800,3.99000000953674
4.01000022888184,4.19000005722046,3.99000000953674,4.19000005722046,9037200,4.19000005722046
4.19999980926514,4.30999994277954,4.19999980926514,4.28999996185303,3006000,4.28999996185303
4.28999996185303,4.3600001335144,4.23999977111816,4.28000020980835,5123000,4.28000020980835
4.28000020980835,4.40999984741211,4.26999998092651,4.32999992370605,7297900,4.32999992370605
4.32000017166138,4.34999990463257,4.19000005722046,4.21999979019165,3717800,4.21999979019165
4.21999979019165,4.25,4.07000017166138,4.17000007629395,9147100,4.17000007629395
4.19000005722046,4.21000003814697,4.09999990463257,4.15999984741211,5748200,4.15999984741211
4.19000005722046,4.25,4.11999988555908,4.19999980926514,4409900,4.19999980926514
4.23000001907349,4.30000019073486,4.19999980926514,4.19999980926514,6257000,4.19999980926514
4.21999979019165,4.28000020980835,4.15000009536743,4.15999984741211,11051000,4.15999984741211
4.15000009536743,4.23999977111816,4.13000011444092,4.21000003814697,12695000,4.21000003814697
4.21000003814697,4.21000003814697,4.07999992370605,4.09000015258789,7220400,4.09000015258789
4.09999990463257,4.09999990463257,3.97000002861023,4,11738400,4
3.99000000953674,4.07999992370605,3.91000008583069,4.05000019073486,13793600,4.05000019073486
4.07999992370605,4.1399998664856,4,4,7312400,4
4,4.1100001335144,3.96000003814697,4.09999990463257,7158800,4.09999990463257
4.07999992370605,4.21999979019165,4.07999992370605,4.1399998664856,6343100,4.1399998664856
4.17000007629395,4.17000007629395,3.95000004768372,4.1100001335144,12081200,4.1100001335144
4.09999990463257,4.19999980926514,4.01000022888184,4.19999980926514,8463800,4.19999980926514
4.21000003814697,4.25,4.11999988555908,4.21000003814697,5185300,4.21000003814697
4.21000003814697,4.25,4.09999990463257,4.19000005722046,4749200,4.19000005722046
4.21000003814697,4.36999988555908,4.19999980926514,4.32000017166138,3919100,4.32000017166138
4.32999992370605,4.40000009536743,4.30999994277954,4.36999988555908,2485700,4.36999988555908
4.34000015258789,4.40000009536743,4.30999994277954,4.3899998664856,11469700,4.3899998664856
4.42999982833862,4.6399998664856,4.38000011444092,4.53999996185303,59666400,4.53999996185303
4.61999988555908,4.65000009536743,4.44999980926514,4.44999980926514,13398200,4.44999980926514
4.40000009536743,4.48999977111816,4.36999988555908,4.38000011444092,5171200,4.38000011444092
4.38000011444092,4.44999980926514,4.3600001335144,4.40999984741211,3160700,4.40999984741211
4.40000009536743,4.42000007629395,4.32000017166138,4.40999984741211,7670900,4.40999984741211
4.40000009536743,4.40000009536743,4.19000005722046,4.19999980926514,4214200,4.19999980926514
4.17999982833862,4.32999992370605,4.09000015258789,4.23999977111816,10285400,4.23999977111816
4.23999977111816,4.28000020980835,4.09999990463257,4.13000011444092,3027300,4.13000011444092
4.13000011444092,4.19999980926514,4.13000011444092,4.15999984741211,3057800,4.15999984741211
4.1399998664856,4.25,4.13000011444092,4.23000001907349,5188900,4.23000001907349
4.28999996185303,4.28999996185303,4.17999982833862,4.23000001907349,2225100,4.23000001907349
4.19999980926514,4.25,4.15000009536743,4.17000007629395,1910600,4.17000007629395
4.17000007629395,4.17000007629395,4.03999996185303,4.09000015258789,3447200,4.09000015258789
4.05999994277954,4.09999990463257,3.99000000953674,4.01000022888184,3415400,4.01000022888184
4.01000022888184,4.01000022888184,3.91000008583069,3.96000003814697,5203300,3.96000003814697
3.96000003814697,3.99000000953674,3.89000010490417,3.94000005722046,6199600,3.94000005722046
3.96000003814697,4.05000019073486,3.9300000667572,4.01999998092651,8570200,4.01999998092651
4.01000022888184,4.03999996185303,3.97000002861023,4.01999998092651,2938400,4.01999998092651
4.05999994277954,4.19999980926514,4.03999996185303,4.09999990463257,8916500,4.09999990463257
4.07000017166138,4.13000011444092,3.99000000953674,4.09999990463257,5639200,4.09999990463257
4.07999992370605,4.09999990463257,4.01000022888184,4.01000022888184,5149000,4.01000022888184
4.01000022888184,4.07999992370605,3.98000001907349,4.07000017166138,3188600,4.07000017166138
4.01999998092651,4.05000019073486,3.92000007629395,3.96000003814697,5481100,3.96000003814697
3.94000005722046,4.01000022888184,3.92000007629395,3.96000003814697,3843000,3.96000003814697
3.96000003814697,4.03999996185303,3.86999988555908,3.99000000953674,4426100,3.99000000953674
3.96000003814697,3.98000001907349,3.65000009536743,3.69000005722046,9924100,3.69000005722046
3.69000005722046,3.69000005722046,3.5699999332428,3.57999992370605,3237600,3.57999992370605
3.57999992370605,3.74000000953674,3.5699999332428,3.6800000667572,2563700,3.6800000667572
3.75,3.75,3.59999990463257,3.60999989509583,3100100,3.60999989509583
3.60999989509583,3.6800000667572,3.59999990463257,3.59999990463257,2471400,3.59999990463257
3.58999991416931,3.61999988555908,3.57999992370605,3.61999988555908,3117900,3.61999988555908
3.55999994277954,3.60999989509583,3.50999999046326,3.52999997138977,2859200,3.52999997138977
3.49000000953674,3.51999998092651,3.41000008583069,3.44000005722046,4119900,3.44000005722046
3.44000005722046,3.45000004768372,3.35999989509583,3.40000009536743,1505200,3.40000009536743
3.46000003814697,3.53999996185303,3.38000011444092,3.44000005722046,2757100,3.44000005722046
3.4300000667572,3.76999998092651,3.42000007629395,3.76999998092651,3069400,3.76999998092651
3.75999999046326,3.75999999046326,3.46000003814697,3.5,3205400,3.5
3.5,3.64000010490417,3.48000001907349,3.57999992370605,1604500,3.57999992370605
3.57999992370605,3.65000009536743,3.46000003814697,3.60999989509583,1668700,3.60999989509583
3.57999992370605,3.67000007629395,3.57999992370605,3.66000008583069,3157700,3.66000008583069
3.65000009536743,3.71000003814697,3.64000010490417,3.71000003814697,6868200,3.71000003814697
3.72000002861023,3.72000002861023,3.65000009536743,3.70000004768372,3300900,3.70000004768372
3.70000004768372,3.90000009536743,3.70000004768372,3.80999994277954,3838100,3.80999994277954
3.77999997138977,3.94000005722046,3.77999997138977,3.85999989509583,2000400,3.85999989509583
3.92000007629395,3.97000002861023,3.86999988555908,3.91000008583069,3624400,3.91000008583069
3.90000009536743,4,3.84999990463257,4,2438100,4
3.98000001907349,4.03999996185303,3.86999988555908,3.99000000953674,2538700,3.99000000953674
3.96000003814697,4.03000020980835,3.88000011444092,3.94000005722046,5484900,3.94000005722046
4,4.03999996185303,3.90000009536743,3.92000007629395,2068000,3.92000007629395
3.91000008583069,4.05000019073486,3.90000009536743,3.99000000953674,2735700,3.99000000953674
4.01999998092651,4.01999998092651,3.9300000667572,4,3464400,4
4.01999998092651,4.03000020980835,3.88000011444092,3.95000004768372,4810700,3.95000004768372
3.90000009536743,4.01000022888184,3.90000009536743,3.95000004768372,887400,3.95000004768372
3.95000004768372,3.96000003814697,3.86999988555908,3.94000005722046,3246900,3.94000005722046
3.94000005722046,3.94000005722046,3.80999994277954,3.88000011444092,9838400,3.88000011444092
3.90000009536743,3.96000003814697,3.76999998092651,3.76999998092651,4741700,3.76999998092651
3.75999999046326,3.8199999332428,3.75,3.77999997138977,3668100,3.77999997138977
3.76999998092651,3.78999996185303,3.72000002861023,3.75999999046326,5127700,3.75999999046326
3.71000003814697,3.8199999332428,3.70000004768372,3.74000000953674,15001500,3.74000000953674
3.74000000953674,3.76999998092651,3.57999992370605,3.57999992370605,2301900,3.57999992370605
3.58999991416931,3.64000010490417,3.49000000953674,3.59999990463257,2691600,3.59999990463257
3.57999992370605,3.59999990463257,3.46000003814697,3.54999995231628,5037800,3.54999995231628
3.53999996185303,3.53999996185303,3.40000009536743,3.42000007629395,2972700,3.42000007629395
3.44000005722046,3.57999992370605,3.42000007629395,3.51999998092651,2582000,3.51999998092651
3.51999998092651,3.63000011444092,3.40000009536743,3.40000009536743,1237600,3.40000009536743
3.40000009536743,3.50999999046326,3.26999998092651,3.49000000953674,2125200,3.49000000953674
3.40000009536743,3.60999989509583,3.38000011444092,3.57999992370605,2318900,3.57999992370605
3.54999995231628,3.66000008583069,3.48000001907349,3.51999998092651,1665100,3.51999998092651
3.50999999046326,3.75,3.50999999046326,3.74000000953674,1623800,3.74000000953674
3.78999996185303,3.78999996185303,3.6800000667572,3.74000000953674,1799500,3.74000000953674
3.70000004768372,3.90000009536743,3.70000004768372,3.79999995231628,1780500,3.79999995231628
3.79999995231628,3.84999990463257,3.57999992370605,3.57999992370605,1706300,3.57999992370605
3.58999991416931,3.6800000667572,3.46000003814697,3.67000007629395,4332500,3.67000007629395
3.54999995231628,3.70000004768372,3.52999997138977,3.70000004768372,2480600,3.70000004768372
3.71000003814697,3.83999991416931,3.54999995231628,3.6800000667572,2954200,3.6800000667572
3.67000007629395,3.69000005722046,3.5699999332428,3.58999991416931,1374600,3.58999991416931
3.59999990463257,3.6800000667572,3.54999995231628,3.67000007629395,1197400,3.67000007629395
3.64000010490417,3.72000002861023,3.57999992370605,3.60999989509583,2737900,3.60999989509583
3.63000011444092,3.80999994277954,3.58999991416931,3.80999994277954,3022600,3.80999994277954
3.79999995231628,3.80999994277954,3.63000011444092,3.80999994277954,2984400,3.80999994277954
3.75999999046326,3.90000009536743,3.71000003814697,3.78999996185303,2354100,3.78999996185303
3.79999995231628,3.79999995231628,3.63000011444092,3.63000011444092,1795200,3.63000011444092
3.59999990463257,3.70000004768372,3.52999997138977,3.60999989509583,2553600,3.60999989509583
3.60999989509583,3.60999989509583,3.50999999046326,3.53999996185303,1222500,3.53999996185303
3.53999996185303,3.53999996185303,3.45000004768372,3.47000002861023,1867300,3.47000002861023
3.45000004768372,3.49000000953674,3.38000011444092,3.49000000953674,10511700,3.49000000953674
3.49000000953674,3.50999999046326,3.39000010490417,3.4300000667572,2550800,3.4300000667572
3.4300000667572,3.46000003814697,3.39000010490417,3.41000008583069,1862400,3.41000008583069
3.39000010490417,3.53999996185303,3.39000010490417,3.49000000953674,1519800,3.49000000953674
3.49000000953674,3.51999998092651,3.42000007629395,3.47000002861023,968000,3.47000002861023
3.50999999046326,3.6800000667572,3.45000004768372,3.53999996185303,3279600,3.53999996185303
3.51999998092651,3.53999996185303,3.5,3.5,1312100,3.5
3.49000000953674,3.53999996185303,3.49000000953674,3.50999999046326,1547600,3.50999999046326
3.50999999046326,3.5699999332428,3.49000000953674,3.49000000953674,2092800,3.49000000953674
3.48000001907349,3.50999999046326,3.39000010490417,3.5,3949100,3.5
3.49000000953674,3.60999989509583,3.49000000953674,3.51999998092651,781300,3.51999998092651
3.51999998092651,3.55999994277954,3.47000002861023,3.47000002861023,1039500,3.47000002861023
3.47000002861023,3.49000000953674,3.45000004768372,3.47000002861023,515100,3.47000002861023
3.47000002861023,3.53999996185303,3.45000004768372,3.46000003814697,2084900,3.46000003814697
3.46000003814697,3.50999999046326,3.41000008583069,3.44000005722046,1464300,3.44000005722046
3.46000003814697,3.46000003814697,3.36999988555908,3.42000007629395,2859700,3.42000007629395
3.42000007629395,3.44000005722046,3.38000011444092,3.40000009536743,938500,3.40000009536743
3.44000005722046,3.5,3.40000009536743,3.40000009536743,1686600,3.40000009536743
3.44000005722046,3.45000004768372,3.34999990463257,3.35999989509583,1955500,3.35999989509583
3.36999988555908,3.44000005722046,3.27999997138977,3.39000010490417,6347500,3.39000010490417
3.38000011444092,3.5,3.38000011444092,3.44000005722046,1290600,3.44000005722046
3.44000005722046,3.44000005722046,3.38000011444092,3.4300000667572,1012900,3.4300000667572
3.41000008583069,3.47000002861023,3.36999988555908,3.38000011444092,3961800,3.38000011444092
3.36999988555908,3.49000000953674,3.36999988555908,3.40000009536743,3093200,3.40000009536743
3.39000010490417,3.46000003814697,3.35999989509583,3.45000004768372,2860400,3.45000004768372
3.45000004768372,3.49000000953674,3.35999989509583,3.41000008583069,1595400,3.41000008583069
3.41000008583069,3.42000007629395,3.33999991416931,3.39000010490417,2300200,3.39000010490417
3.35999989509583,3.39000010490417,3.34999990463257,3.35999989509583,1695100,3.35999989509583
3.34999990463257,3.35999989509583,3.22000002861023,3.23000001907349,4865000,3.23000001907349
3.20000004768372,3.27999997138977,3.17000007629395,3.24000000953674,13690500,3.24000000953674
3.25,3.26999998092651,3.1800000667572,3.25999999046326,3195800,3.25999999046326
3.24000000953674,3.28999996185303,3.22000002861023,3.22000002861023,4294200,3.22000002861023
3.21000003814697,3.29999995231628,3.21000003814697,3.25,3197000,3.25
3.23000001907349,3.35999989509583,3.23000001907349,3.32999992370605,3937100,3.32999992370605
3.3199999332428,3.35999989509583,3.3199999332428,3.3199999332428,1516000,3.3199999332428
3.32999992370605,3.35999989509583,3.29999995231628,3.34999990463257,1714100,3.34999990463257
3.27999997138977,3.38000011444092,3.27999997138977,3.29999995231628,2994200,3.29999995231628
3.27999997138977,3.34999990463257,3.26999998092651,3.30999994277954,1739800,3.30999994277954
3.30999994277954,3.35999989509583,3.26999998092651,3.33999991416931,3446300,3.33999991416931
3.33999991416931,3.33999991416931,3.24000000953674,3.25999999046326,1776800,3.25999999046326
3.25999999046326,3.28999996185303,3.21000003814697,3.21000003814697,2091600,3.21000003814697
3.21000003814697,3.25999999046326,3.21000003814697,3.21000003814697,833500,3.21000003814697
3.24000000953674,3.24000000953674,3.16000008583069,3.17000007629395,1423500,3.17000007629395
