"Date","IGTI11.SA.Open","IGTI11.SA.High","IGTI11.SA.Low","IGTI11.SA.Close","IGTI11.SA.Volume","IGTI11.SA.Adjusted"
2021-11-22,20.5979995727539,21,19.5,20.4599990844727,311000,18.481538772583
2021-11-23,20.5009994506836,21.8479995727539,19.7000007629395,19.8500003814697,2311000,17.9305286407471
2021-11-24,20.2399997711182,20.2399997711182,19.488000869751,19.8439998626709,2758000,17.925106048584
2021-11-25,20.298999786377,21.0790004730225,20.0590000152588,20.8649997711182,1303000,18.847375869751
2021-11-26,20.9950008392334,20.9950008392334,19.246000289917,19.6909999847412,1679000,17.786901473999
2021-11-29,19.9090003967285,20.4029998779297,19.9020004272461,20.0149993896484,817000,18.0795707702637
2021-11-30,19.8999996185303,20,18.2530002593994,18.8579998016357,2747000,17.0344505310059
2021-12-01,19.0009994506836,19.5200004577637,17.8509998321533,17.8990001678467,1714000,16.1681880950928
2021-12-02,17.6060009002686,18.7490005493164,17.5,18.6979999542236,2618000,16.8899230957031
2021-12-03,18.7999992370605,20.6340007781982,18.7999992370605,19.4549999237061,3741000,17.5737247467041
2021-12-06,20.0590000152588,20.3939990997314,19.8050003051758,20.2999992370605,1985000,18.3370113372803
2021-12-07,20.75,20.75,19.9759998321533,20.3980007171631,711000,18.425537109375
2021-12-08,20.3990001678467,20.7399997711182,19.9549999237061,20.7129993438721,3294000,18.710075378418
2021-12-09,20.5,20.7000007629395,19.8500003814697,19.8649997711182,695000,17.9440765380859
2021-12-10,20.1000003814697,20.5809993743896,20.1000003814697,20.5,1502000,18.517671585083
2021-12-13,20.4069995880127,20.6639995574951,20.201000213623,20.3139991760254,856000,18.3496570587158
2021-12-14,20.3500003814697,20.6679992675781,19.3929996490479,19.6979999542236,1549000,17.7932243347168
2021-12-15,19.6499996185303,19.7730007171631,19.2000007629395,19.5349998474121,1319000,17.6459865570068
2021-12-16,19.3570003509521,19.5,18.871000289917,18.871000289917,1387000,17.0461940765381
2021-12-17,18.7000007629395,19.0109996795654,18.5349998474121,18.8409996032715,2095000,17.0190944671631
2021-12-20,18.7000007629395,18.9400005340576,18.0830001831055,18.2269992828369,3039000,16.4644680023193
2021-12-21,18.3610000610352,18.4009990692139,17.6709995269775,18.1340007781982,2284000,16.380464553833
2021-12-22,18.076000213623,18.3020000457764,17.7099990844727,18.1030006408691,1219000,16.3524608612061
2021-12-23,18.0860004425049,18.2999992370605,18.0209999084473,18.201000213623,985000,16.4409847259521
2021-12-27,18.4699993133545,18.7900009155273,17.8600006103516,17.8999996185303,977200,16.1690883636475
2021-12-28,18.2000007629395,18.6499996185303,18.0200004577637,18.5900001525879,558900,16.7923679351807
2021-12-29,18.7800006866455,18.8899993896484,18.0100002288818,18.0599994659424,1602200,16.3136177062988
2021-12-30,18.2800006866455,18.4799995422363,17.8199996948242,18.25,1367400,16.4852428436279
2022-01-03,18.0699996948242,18.3600006103516,16.9300003051758,17.3099994659424,1398600,15.6361417770386
2022-01-04,17.0400009155273,17.2800006866455,16.1399993896484,16.6800003051758,2336500,15.0670623779297
2022-01-05,16.5400009155273,16.7199993133545,15.7700004577637,15.8000001907349,3006300,14.2721586227417
2022-01-06,15.5600004196167,15.6999998092651,14.7600002288818,15.2200002670288,4011300,13.7482423782349
2022-01-07,15.0299997329712,15.6000003814697,14.6499996185303,15.3500003814697,2789100,13.8656730651855
2022-01-10,15.0100002288818,15.4499998092651,14.7200002670288,15.1499996185303,1713700,13.6850118637085
2022-01-11,15.3900003433228,16.2600002288818,15.2399997711182,16.1499996185303,1330500,14.5883121490479
2022-01-12,16.1399993896484,17.4899997711182,16.1299991607666,17.3500003814697,3658000,15.6722745895386
2022-01-13,17.2000007629395,17.5699996948242,17.0799999237061,17.2900009155273,2396500,15.6180763244629
2022-01-14,17.2299995422363,17.9400005340576,16.9899997711182,17.8799991607666,1571800,16.1510219573975
2022-01-17,18.2399997711182,18.25,17.2600002288818,17.3199996948242,1367100,15.6451749801636
2022-01-18,17.2800006866455,17.9099998474121,17.0499992370605,17.6499996185303,1966000,15.943263053894
2022-01-19,17.5699996948242,18.1800003051758,17.5100002288818,17.7000007629395,1975600,15.9884300231934
2022-01-20,17.7000007629395,18.9699993133545,17.4799995422363,18.75,4504500,16.936897277832
2022-01-21,18.5599994659424,19.5599994659424,18.3899993896484,19.0499992370605,1722800,17.2078876495361
2022-01-24,19.2700004577637,19.4300003051758,18.6000003814697,18.8400001525879,1416400,17.0181903839111
2022-01-25,18.6200008392334,19.4899997711182,18.5300006866455,19.3700008392334,1540000,17.4969444274902
2022-01-26,19.7999992370605,20.4200000762939,19.6800003051758,19.8899993896484,5082300,17.9666576385498
2022-01-27,20.1200008392334,20.5499992370605,19.7600002288818,19.8099994659424,1877500,17.8943958282471
2022-01-28,19.6299991607666,19.8199996948242,19.2999992370605,19.5100002288818,1630100,17.6234016418457
2022-01-31,19.9899997711182,20,19.6100006103516,19.8600006103516,938400,17.9395618438721
2022-02-01,20.5,20.5,19.2299995422363,19.3099994659424,3211100,17.4427433013916
2022-02-02,19.2999992370605,19.6200008392334,18.5799999237061,18.9899997711182,2220800,17.1536884307861
2022-02-03,19.1399993896484,19.4400005340576,18.3799991607666,18.8299999237061,1704400,17.0091609954834
2022-02-04,18.5,18.7000007629395,17.7900009155273,18.6800003051758,3034500,16.8736610412598
2022-02-07,18.6000003814697,19.2800006866455,18.6000003814697,19.1499996185303,2308200,17.2982177734375
2022-02-08,18.7999992370605,19.1700000762939,18.6800003051758,18.7999992370605,1408500,16.9820613861084
2022-02-09,19,19.3700008392334,18.5499992370605,19.0100002288818,1099500,17.1717529296875
2022-02-10,19.1399993896484,19.2399997711182,18.6299991607666,18.8799991607666,1106900,17.0543212890625
2022-02-11,18.8199996948242,19.2800006866455,18.5100002288818,18.6100006103516,1584700,16.8104343414307
2022-02-14,18.7600002288818,19.2600002288818,18.7299995422363,18.7800006866455,638000,16.9639949798584
2022-02-15,19.0599994659424,20,19.0599994659424,19.9500007629395,1580100,18.0208568572998
2022-02-16,20.0599994659424,20.2000007629395,19.6700000762939,20.0300006866455,1349800,18.0931224822998
2022-02-17,20.2099990844727,20.4699993133545,19.9400005340576,20.0100002288818,1743500,18.0750560760498
2022-02-18,20.0400009155273,20.1000003814697,19.6700000762939,19.8899993896484,968700,17.9666576385498
2022-02-21,19.8700008392334,19.9300003051758,18.8700008392334,18.9599990844727,1339500,17.1265888214111
2022-02-22,19.2800006866455,19.4599990844727,19.0200004577637,19.2000007629395,1306800,17.3433818817139
2022-02-23,19.2000007629395,19.3700008392334,18.7800006866455,18.8099994659424,853800,16.9910926818848
2022-02-24,17.7999992370605,19.3799991607666,17.6599998474121,19.2800006866455,1650900,17.4156455993652
2022-02-25,18.8500003814697,19.1100006103516,18.6200008392334,19.0200004577637,1159200,17.1807899475098
2022-03-02,19.3999996185303,19.5,18.9200000762939,19.0200004577637,655600,17.1807899475098
2022-03-03,19.0499992370605,19.7600002288818,18.8199996948242,19.5200004577637,1614800,17.6324367523193
2022-03-04,19.4899997711182,19.7399997711182,18.6700000762939,18.7000007629395,1477900,16.8917331695557
2022-03-07,18.5,18.8500003814697,18,18.0100002288818,1242200,16.2684516906738
2022-03-08,18.0599994659424,18.5200004577637,17.5200004577637,18.2999992370605,1616300,16.5304088592529
2022-03-09,18.3999996185303,19.1599998474121,18.3099994659424,19.1000003814697,1347300,17.2530517578125
2022-03-10,19.0499992370605,19.1100006103516,18.2099990844727,18.5799999237061,977600,16.783332824707
2022-03-11,19.1599998474121,19.1599998474121,17.7600002288818,17.8199996948242,1585500,16.0968246459961
2022-03-14,18.2000007629395,18.3700008392334,17.2199993133545,17.7999992370605,2482100,16.0787601470947
2022-03-15,17.6200008392334,17.6900005340576,16.9699993133545,17.5699996948242,3876800,15.8709993362427
2022-03-16,17.75,18.1299991607666,17.2299995422363,17.9799995422363,4246700,16.2413539886475
2022-03-17,17.9400005340576,18.3999996185303,17.6599998474121,18.3199996948242,2154800,16.5484771728516
2022-03-18,18.3099994659424,18.9400005340576,18.0699996948242,18.7999992370605,3565600,16.9820613861084
2022-03-21,18.7600002288818,18.8799991607666,17.8899993896484,18.2299995422363,3323100,16.4671783447266
2022-03-22,18.4799995422363,18.9899997711182,18.3500003814697,18.7800006866455,2549900,16.9639949798584
2022-03-23,18.75,19.25,18.6100006103516,19.0400009155273,2395500,17.1988544464111
2022-03-24,19.2000007629395,20.0900001525879,18.8600006103516,20.0499992370605,4856400,18.1111869812012
2022-03-25,20.1100006103516,21.2399997711182,19.8600006103516,20.6599998474121,4406800,18.6622009277344
2022-03-28,20.6800003051758,21.1000003814697,20.4599990844727,20.8500003814697,2536300,18.8338260650635
2022-03-29,21.0100002288818,21.7399997711182,21.0100002288818,21.4699993133545,3368600,19.3938751220703
2022-03-30,21.3799991607666,21.6100006103516,20.5200004577637,20.6499996185303,1588300,18.6531677246094
2022-03-31,20.6299991607666,20.8099994659424,20.3099994659424,20.4500007629395,1779700,18.4725074768066
2022-04-01,20.6499996185303,21.7299995422363,20.4400005340576,21.7000007629395,3333700,19.601634979248
2022-04-04,21.6800003051758,22.1499996185303,21.4699993133545,21.8600006103516,2184900,19.7461605072021
2022-04-05,21.8400001525879,22.1499996185303,21.5900001525879,21.5900001525879,2352400,19.5022716522217
2022-04-06,21.4400005340576,21.4400005340576,20.9300003051758,21.1900005340576,2570700,19.1409530639648
2022-04-07,21.1399993896484,21.7999992370605,21,21.4099998474121,1966900,19.3396759033203
2022-04-08,21.3400001525879,22.0599994659424,21.2199993133545,21.6599998474121,2618000,19.5655002593994
2022-04-11,21.5599994659424,21.5799999237061,20.75,20.9200000762939,1716700,18.8970584869385
2022-04-12,21.0900001525879,21.5,20.7600002288818,20.9799995422363,1178800,18.9512557983398
2022-04-13,21.3199996948242,21.5,20.7700004577637,21.2099990844727,2404600,19.1590156555176
2022-04-14,21.0799999237061,21.1499996185303,20.3199996948242,20.3199996948242,2102400,18.3550777435303
2022-04-18,20.3199996948242,21.1900005340576,20.0400009155273,20.9500007629395,2366800,18.9241580963135
2022-04-19,20.6499996185303,21.2600002288818,20.4400005340576,21.2099990844727,2380400,19.1590156555176
2022-04-20,21.2700004577637,21.7000007629395,20.8099994659424,21.3600006103516,2416900,19.2945117950439
2022-04-22,20.9099998474121,21.1800003051758,20.1299991607666,20.2099990844727,2519500,18.2557125091553
2022-04-25,20.0599994659424,20.4799995422363,19.2000007629395,20.4799995422363,4004800,18.4996070861816
2022-04-26,20.1800003051758,20.9899997711182,20.0900001525879,20.8500003814697,4874600,18.8338260650635
2022-04-27,20.9899997711182,21.5,20.8600006103516,21.0499992370605,2596700,19.0144844055176
2022-04-28,21.1299991607666,21.4799995422363,20.7199993133545,21.25,2815900,19.1951465606689
2022-04-29,21.5499992370605,22.3799991607666,20.9599990844727,20.9899997711182,4621800,18.9602909088135
2022-05-02,20.6599998474121,20.9300003051758,19.9200000762939,20.2999992370605,3189200,18.6401119232178
2022-05-03,20.2800006866455,20.5499992370605,19.7600002288818,20.4200000762939,2960900,18.7502994537354
2022-05-04,20.4099998474121,20.9200000762939,19.5499992370605,20.7000007629395,4935100,19.0074062347412
2022-05-05,20.4899997711182,20.5699996948242,18.9599990844727,19.3999996185303,5820200,17.8137054443359
2022-05-06,19.3999996185303,19.6000003814697,18.75,19.5900001525879,4080300,17.9881687164307
2022-05-09,19.0200004577637,19.3199996948242,18.7099990844727,19.0499992370605,3559900,17.4923210144043
2022-05-10,19.2000007629395,19.7700004577637,19.1000003814697,19.4599990844727,3609400,17.8687953948975
2022-05-11,19.5100002288818,19.6000003814697,19,19.2299995422363,3240000,17.6576042175293
2022-05-12,19.0799999237061,19.8299999237061,18.7000007629395,19.7099990844727,4145700,18.0983543395996
2022-05-13,19.7600002288818,20.8999996185303,19.7099990844727,20.3400001525879,3999300,18.6768436431885
2022-05-16,20.3999996185303,20.9200000762939,20.2199993133545,20.5499992370605,1952300,18.8696689605713
2022-05-17,20.8500003814697,21.6399993896484,20.7800006866455,21.2099990844727,4783000,19.475700378418
2022-05-18,21.0799999237061,21.1900005340576,20.25,20.6599998474121,2842800,18.9706745147705
2022-05-19,20.6700000762939,21.3999996185303,20.4599990844727,20.7800006866455,3801300,19.0808658599854
2022-05-20,21.0599994659424,21.3600006103516,20.5200004577637,20.75,2913100,19.0533180236816
2022-05-23,20.8600006103516,21.1700000762939,20.7600002288818,21.0100002288818,2537900,19.2920570373535
2022-05-24,20.8299999237061,21.1299991607666,20.4300003051758,20.7000007629395,1997600,19.0074062347412
2022-05-25,20.5799999237061,21.0699996948242,20.4200000762939,20.6599998474121,1962400,18.9706745147705
2022-05-26,20.7000007629395,20.7700004577637,20.1399993896484,20.3999996185303,5433900,18.7319355010986
2022-05-27,20.3999996185303,20.6200008392334,20.1000003814697,20.25,1518100,18.594202041626
2022-05-30,20.4699993133545,20.7700004577637,19.9500007629395,20.2600002288818,1557700,18.6033840179443
2022-05-31,20.3799991607666,20.6800003051758,19.7099990844727,19.8400001525879,2673500,18.2177257537842
2022-06-01,19.6000003814697,19.8700008392334,19.0699996948242,19.3500003814697,5877100,17.7677917480469
2022-06-02,19.5799999237061,19.8799991607666,19.3500003814697,19.7000007629395,3402300,18.0891742706299
2022-06-03,19.5900001525879,19.8899993896484,19.3199996948242,19.5499992370605,1739200,17.95143699646
2022-06-06,19.5499992370605,19.75,19.2199993133545,19.2199993133545,1368000,17.6484203338623
2022-06-07,19.2000007629395,19.2000007629395,18.6299991607666,18.8700008392334,1773500,17.3270397186279
2022-06-08,18.6100006103516,19.0300006866455,18.4699993133545,18.5599994659424,1755400,17.0423851013184
2022-06-09,18.5499992370605,18.8500003814697,18.2399997711182,18.4200000762939,2907600,16.9138374328613
2022-06-10,18.5400009155273,18.6499996185303,18.0300006866455,18.2999992370605,3243700,16.8036499023438
2022-06-13,18.1200008392334,18.1399993896484,17.5100002288818,17.7900009155273,3001900,16.3353481292725
2022-06-14,17.7399997711182,17.9699993133545,17.4899997711182,17.6800003051758,2495000,16.2343425750732
2022-06-15,17.9400005340576,18.6499996185303,17.7999992370605,18.1599998474121,3656900,16.6750946044922
2022-06-17,17.8700008392334,18.3899993896484,17.6200008392334,18.2299995422363,4062000,16.7393703460693
2022-06-20,18.2099990844727,18.3500003814697,17.6800003051758,17.9799995422363,2334400,16.5098133087158
2022-06-21,18.0900001525879,18.2600002288818,17.75,17.8999996185303,1730700,16.4363555908203
2022-06-22,17.7700004577637,18.5200004577637,17.7299995422363,18.4300003051758,2267900,16.9230194091797
2022-06-23,18.4599990844727,18.6900005340576,18.1399993896484,18.4099998474121,1299200,16.9046535491943
2022-06-24,18.5599994659424,18.5599994659424,17.8700008392334,18.2999992370605,2191300,16.8036499023438
2022-06-27,18.2999992370605,18.4300003051758,18.0499992370605,18.4300003051758,1213100,16.9230194091797
2022-06-28,18.5100002288818,18.5900001525879,18.0599994659424,18.2999992370605,2390300,16.8036499023438
2022-06-29,18.2999992370605,18.5400009155273,18.0100002288818,18.2099990844727,2800900,16.7210063934326
2022-06-30,17.9500007629395,18.0900001525879,17.6100006103516,17.9899997711182,2585000,16.5189933776855
2022-07-01,17.7099990844727,18.2199993133545,17.5300006866455,18.2199993133545,3725200,16.7301902770996
2022-07-04,18.1000003814697,18.4300003051758,17.8600006103516,18.2199993133545,1279900,16.7301902770996
2022-07-05,18.0100002288818,18.1900005340576,17.7000007629395,18.1700000762939,1505200,16.6842765808105
2022-07-06,18.1599998474121,19.0200004577637,18.1599998474121,18.9699993133545,4514500,17.4188613891602
2022-07-07,19.1700000762939,19.5499992370605,19.0799999237061,19.3400001525879,2513900,17.7586116790771
2022-07-08,19.4300003051758,19.8400001525879,19.3700008392334,19.6599998474121,3143700,18.0524444580078
2022-07-11,19.4699993133545,19.6399993896484,19.1000003814697,19.1599998474121,1972500,17.5933265686035
2022-07-12,19.1599998474121,19.4200000762939,18.7999992370605,19.0799999237061,1797600,17.5198707580566
2022-07-13,18.7800006866455,19.1299991607666,18.7000007629395,18.7099990844727,1687600,17.1801242828369
2022-07-14,18.6599998474121,18.8400001525879,18.2900009155273,18.3199996948242,2585900,16.8220100402832
2022-07-15,18.3899993896484,18.6800003051758,18.0300006866455,18.6000003814697,2951100,17.0791168212891
2022-07-18,18.8299999237061,19.2000007629395,18.5900001525879,18.9500007629395,3285900,17.4004993438721
2022-07-19,19.1100006103516,19.4699993133545,18.8600006103516,19.0599994659424,1274000,17.501501083374
2022-07-20,18.9699993133545,19.0799999237061,18.7000007629395,18.8700008392334,1704100,17.3270397186279
2022-07-21,18.7099990844727,18.7800006866455,18.2800006866455,18.4899997711182,2464100,16.9781131744385
2022-07-22,18.5799999237061,19.0699996948242,18.4799995422363,18.8700008392334,2877600,17.3270397186279
2022-07-25,18.9799995422363,19.25,18.7099990844727,18.75,1397300,17.216854095459
2022-07-26,18.8299999237061,18.8600006103516,18.4400005340576,18.6200008392334,1786900,17.0974807739258
2022-07-27,18.75,19.7299995422363,18.7399997711182,19.6299991607666,2160200,18.0248966217041
2022-07-28,19.5699996948242,20.1100006103516,19.4899997711182,19.9500007629395,2717400,18.3187351226807
2022-07-29,20.0300006866455,20.1299991607666,19.4099998474121,19.7600002288818,1925700,18.1442680358887
2022-08-01,19.6599998474121,20.2700004577637,19.5900001525879,19.8500003814697,2519000,18.2269096374512
2022-08-02,19.8400001525879,20.0200004577637,19.6399993896484,19.9400005340576,1765000,18.3095474243164
2022-08-03,19.5900001525879,20.6399993896484,19.5,20.4300003051758,4277600,18.7594814300537
2022-08-04,20.6399993896484,21.6299991607666,20.6399993896484,21.5499992370605,4990400,19.7879028320312
2022-08-05,21.5,21.6499996185303,20.9899997711182,21.2399997711182,2357800,19.5032501220703
2022-08-08,21.3700008392334,21.8600006103516,21.2000007629395,21.4400005340576,2885400,19.6868991851807
2022-08-09,21.5100002288818,21.8600006103516,20.9300003051758,21.2099990844727,2761300,19.475700378418
2022-08-10,21.6200008392334,21.8999996185303,21.2600002288818,21.6200008392334,3899800,19.852180480957
2022-08-11,21.6000003814697,21.75,21,21.1200008392334,1825600,19.3930625915527
2022-08-12,21.3600006103516,21.5499992370605,20.9699993133545,21.0799999237061,2340900,19.3563327789307
2022-08-15,21.0799999237061,21.2199993133545,20.8099994659424,21,4668300,19.2828731536865
2022-08-16,21.0699996948242,21.0699996948242,20.6100006103516,20.8999996185303,3624200,19.1910533905029
2022-08-17,20.7900009155273,21.5200004577637,20.7600002288818,21.1800003051758,3239700,19.4481582641602
2022-08-18,21.1599998474121,21.4099998474121,20.9099998474121,21.1000003814697,2869400,19.3746967315674
2022-08-19,20.7999992370605,20.9300003051758,20.6100006103516,20.7399997711182,2172000,19.0441341400146
2022-08-22,20.3600006103516,20.8899993896484,20.2199993133545,20.7299995422363,1614700,19.0349521636963
2022-08-23,20.6599998474121,20.6599998474121,20.1800003051758,20.4500007629395,2097600,18.7778472900391
2022-08-24,20.8999996185303,21.0300006866455,20.2700004577637,20.4699993133545,3136600,18.7962093353271
2022-08-25,20.5,20.9200000762939,20.5,20.9200000762939,1845300,19.2094135284424
2022-08-26,20.9300003051758,21.0300006866455,20.2700004577637,20.2700004577637,1870000,18.6125640869141
2022-08-29,20.1900005340576,20.3199996948242,20,20.1299991607666,2118100,18.4840126037598
2022-08-30,20.1599998474121,20.3299999237061,19.7800006866455,19.8600006103516,1355100,18.2360877990723
2022-08-31,19.8799991607666,20.25,19.4099998474121,19.6800003051758,4563200,18.0708103179932
2022-09-01,19.6800003051758,20.1299991607666,19.6200008392334,20.1299991607666,2791300,18.4840126037598
2022-09-02,20.2299995422363,20.8199996948242,20.1299991607666,20.7299995422363,3459100,19.0349521636963
2022-09-05,20.8899993896484,21.0799999237061,20.6700000762939,20.9400005340576,1605100,19.2277812957764
2022-09-06,20.7900009155273,20.8700008392334,20.2099990844727,20.5499992370605,2496300,18.8696689605713
2022-09-08,20.6200008392334,20.6200008392334,19.9400005340576,20.2299995422363,2852700,18.5758361816406
2022-09-09,20.3700008392334,20.4300003051758,19.7999992370605,20,4164300,18.3646430969238
2022-09-12,20,20.2800006866455,19.6499996185303,19.6800003051758,3446400,18.0708103179932
2022-09-13,19.3500003814697,19.3899993896484,18.8199996948242,19.0200004577637,3155700,17.4647769927979
2022-09-14,19.0400009155273,20.0799999237061,18.9599990844727,20.0799999237061,4094200,18.4381008148193
2022-09-15,20.0400009155273,20.5699996948242,19.8999996185303,19.8999996185303,5161500,18.272819519043
2022-09-16,19.7700004577637,19.8899993896484,19.4200000762939,19.5499992370605,3814900,17.95143699646
2022-09-19,19.5799999237061,20.5400009155273,19.5200004577637,20.2399997711182,3193000,18.585018157959
2022-09-20,20.1100006103516,20.5200004577637,20.0200004577637,20.3199996948242,3209500,18.6584739685059
2022-09-21,20,20.5699996948242,19.7399997711182,20.4400005340576,10367300,18.7686634063721
2022-09-22,20.7999992370605,20.8899993896484,20.1800003051758,20.75,5732500,19.0533180236816
2022-09-23,20.4699993133545,20.6399993896484,20.2700004577637,20.4200000762939,2571900,18.7502994537354
2022-09-26,20.2399997711182,20.4500007629395,19.9500007629395,20.0699996948242,2433600,18.428918838501
2022-09-27,20.2700004577637,20.4400005340576,19.8799991607666,19.9300003051758,2188700,18.3003692626953
2022-09-28,19.8899993896484,20.3600006103516,19.8099994659424,20.3600006103516,2240100,18.6952056884766
2022-09-29,20.1000003814697,20.1499996185303,19.5100002288818,19.9899997711182,1740000,18.3554592132568
2022-09-30,19.9799995422363,20.4699993133545,19.8099994659424,20.3600006103516,2069700,18.6952056884766
2022-10-03,20.9899997711182,21.8600006103516,20.7999992370605,21.6700000762939,5182400,19.8980922698975
2022-10-04,22,22.3600006103516,21.7900009155273,21.9099998474121,3587900,20.118465423584
2022-10-05,22.0100002288818,22.4500007629395,21.6200008392334,22.2000007629395,2593900,20.3847541809082
2022-10-06,22.25,22.4500007629395,21.7700004577637,21.8799991607666,1985500,20.0909194946289
2022-10-07,21.8400001525879,21.9200000762939,21.5499992370605,21.6499996185303,2002200,19.8797245025635
2022-10-10,21.5300006866455,21.8600006103516,21.4599990844727,21.7299995422363,1475300,19.9531841278076
2022-10-11,21.6599998474121,22.3600006103516,21.5900001525879,21.9400005340576,3443400,20.1460151672363
2022-10-13,21.7999992370605,21.8299999237061,21.2800006866455,21.5400009155273,2966800,19.7787189483643
2022-10-14,21.4799995422363,21.6900005340576,20.8700008392334,21.0300006866455,1701900,19.3104228973389
2022-10-17,21.3600006103516,21.75,21.1800003051758,21.3500003814697,1868000,19.6042575836182
2022-10-18,21.5799999237061,21.8199996948242,21.3600006103516,21.7600002288818,1397800,19.9807319641113
2022-10-19,21.6900005340576,21.8199996948242,21.25,21.3999996185303,1900800,19.6501693725586
2022-10-20,21.5300006866455,21.7800006866455,21.25,21.5100002288818,4343900,19.7511711120605
2022-10-21,21.4400005340576,22.3799991607666,21.2800006866455,22.2099990844727,3628500,20.3939361572266
2022-10-24,22.2099990844727,22.2800006866455,21.3799991607666,21.4300003051758,2198400,19.6777172088623
2022-10-25,21.3099994659424,21.3299999237061,20.9099998474121,20.9400005340576,1890500,19.2277812957764
2022-10-26,20.5799999237061,20.9699993133545,20.2600002288818,20.2900009155273,3994700,18.6309337615967
2022-10-27,20.4400005340576,21.1700000762939,20.2399997711182,20.7900009155273,4572300,19.0900478363037
2022-10-28,20.7800006866455,21.0699996948242,20.6200008392334,20.8999996185303,2850000,19.1910533905029
2022-10-31,20.7700004577637,22.0100002288818,20.5699996948242,21.9200000762939,4279800,20.1276473999023
2022-11-01,21.7099990844727,22.2900009155273,21.4300003051758,21.9400005340576,3521600,20.1460151672363
2022-11-03,21.6599998474121,22.8799991607666,21.4699993133545,22.4400005340576,3487100,20.6051292419434
2022-11-04,22.6800003051758,22.8700008392334,22.0599994659424,22.1000003814697,2445800,20.2929286956787
2022-11-07,22.1000003814697,22.25,21.3099994659424,21.4699993133545,2342900,19.7144432067871
2022-11-08,21.1499996185303,21.4699993133545,20.8899993896484,21.1100006103516,2777000,19.383882522583
2022-11-09,21.0499992370605,21.5,20.6100006103516,20.75,3122000,19.0533180236816
2022-11-10,20.2099990844727,20.4099998474121,18.9500007629395,19,6596800,17.4464111328125
2022-11-11,19,19.2000007629395,18.3199996948242,18.3299999237061,6401800,16.8311939239502
2022-11-14,18.6800003051758,18.9699993133545,18.2999992370605,18.7199993133545,3967700,17.189302444458
2022-11-16,18.6200008392334,18.6700000762939,17.75,18.0100002288818,2858600,16.5373611450195
2022-11-17,17.7900009155273,17.7900009155273,16.8199996948242,17.5799999237061,4973000,16.142520904541
2022-11-18,17.8999996185303,18.6499996185303,17.75,17.9200000762939,2210200,16.4547214508057
2022-11-21,17.9300003051758,18.9200000762939,17.8600006103516,18.9099998474121,2685400,17.36376953125
2022-11-22,19.1100006103516,19.1100006103516,18.1700000762939,18.3700008392334,2375500,16.8679256439209
2022-11-23,18.3799991607666,18.4899997711182,18.0499992370605,18.2399997711182,1938100,16.7485542297363
2022-11-24,18.3899993896484,19.2199993133545,18.3600006103516,19.0499992370605,1708100,17.4923210144043
2022-11-25,19.2299995422363,19.2999992370605,18.2900009155273,18.3700008392334,2255300,16.8679256439209
2022-11-28,18.3899993896484,18.7000007629395,18.1900005340576,18.5400009155273,1135500,17.0240249633789
2022-11-29,18.5400009155273,19.25,18.4599990844727,19.0900001525879,2676500,17.5290508270264
2022-11-30,18.9799995422363,18.9799995422363,18.3299999237061,18.7800006866455,2200200,17.2444000244141
2022-12-01,18.9200000762939,18.9300003051758,18.2800006866455,18.4099998474121,4206100,16.9046535491943
2022-12-02,18.5100002288818,19.3500003814697,18.4400005340576,18.8600006103516,1880800,17.3178596496582
2022-12-05,18.7999992370605,18.8199996948242,18.2700004577637,18.3600006103516,1794600,16.8587417602539
2022-12-06,18.3099994659424,18.6200008392334,18.1200008392334,18.3099994659424,1862000,16.8128299713135
2022-12-07,18.2299995422363,18.3799991607666,17.8700008392334,18.0799999237061,2730300,16.6016368865967
2022-12-08,17.9300003051758,18.2099990844727,17.6900005340576,17.7099990844727,2336300,16.261890411377
2022-12-09,17.9699993133545,18.0599994659424,17.6499996185303,17.9500007629395,4252100,16.4822654724121
2022-12-12,17.9500007629395,18.2900009155273,17.2800006866455,17.5699996948242,2811600,16.1333389282227
2022-12-13,17.6100006103516,17.8700008392334,16.7299995422363,16.9400005340576,2974500,15.5548534393311
2022-12-14,16.7000007629395,17.2999992370605,16.4699993133545,17.2999992370605,6520800,15.8854160308838
2022-12-15,17.3199996948242,18.1000003814697,16.9699993133545,17.8099994659424,3770400,16.3537139892578
2022-12-16,17.6299991607666,17.8400001525879,16.6800003051758,16.8600006103516,3492200,15.4813947677612
2022-12-19,16.9099998474121,17.7099990844727,16.8600006103516,17.4500007629395,2375300,16.0231513977051
2022-12-20,17.3999996185303,18.0799999237061,17.2000007629395,17.8199996948242,2727800,16.3628959655762
2022-12-21,17.8899993896484,18.4300003051758,17.5900001525879,18.3500003814697,3306800,16.8495616912842
2022-12-22,18.2199993133545,18.3500003814697,17.7900009155273,17.8999996185303,1608800,16.4363555908203
2022-12-23,18.0100002288818,19.2199993133545,18.0100002288818,18.8799991607666,3909200,17.3362216949463
2022-12-26,18.8799991607666,18.9099998474121,18.4400005340576,18.5300006866455,1414100,17.0148391723633
2022-12-27,18.6000003814697,18.6700000762939,17.8999996185303,18.0499992370605,1029100,16.574089050293
2022-12-28,18.2199993133545,18.8600006103516,18,18.8099994659424,1577500,17.2719478607178
2022-12-29,18.8700008392334,19.0799999237061,18.3199996948242,18.4799995422363,1333300,16.9689292907715
2023-01-02,18.2299995422363,18.2700004577637,17.3899993896484,17.6499996185303,2080100,16.2067966461182
2023-01-03,17.6000003814697,17.6800003051758,16.6499996185303,16.7099990844727,3495200,15.3436584472656
2023-01-04,16.8899993896484,16.9799995422363,16.4400005340576,16.7600002288818,4407700,15.3895702362061
2023-01-05,17.4799995422363,17.5,16.8400001525879,17.2800006866455,2613900,15.8670530319214
2023-01-06,17.2700004577637,18.0400009155273,17.2700004577637,17.9400005340576,3363200,16.4730854034424
2023-01-09,18,18.0900001525879,17.5900001525879,17.9699993133545,1249700,16.5006294250488
2023-01-10,17.8199996948242,18.4099998474121,17.5599994659424,18.3199996948242,3110000,16.8220100402832
2023-01-11,18.0499992370605,18.6299991607666,17.9699993133545,18.5799999237061,1506700,17.0607528686523
2023-01-12,18.7600002288818,18.9899997711182,18.4400005340576,18.5599994659424,1532200,17.0423851013184
2023-01-13,18.75,18.75,17.9300003051758,17.9799995422363,2240800,16.5098133087158
2023-01-16,17.9699993133545,18.2099990844727,17.7600002288818,17.7900009155273,1030100,16.3353481292725
2023-01-17,17.9400005340576,18.4699993133545,17.8199996948242,18.3500003814697,1581800,16.8495616912842
2023-01-18,18.6700000762939,18.8999996185303,18.3999996185303,18.5799999237061,3378000,17.0607528686523
2023-01-19,18.2399997711182,18.7199993133545,18.0799999237061,18.5900001525879,1978800,17.0699348449707
2023-01-20,18.6100006103516,18.6399993896484,18.3199996948242,18.4200000762939,1393900,16.9138374328613
2023-01-23,18.4099998474121,18.7299995422363,18.2999992370605,18.4500007629395,1607500,16.941385269165
2023-01-24,18.4300003051758,18.7800006866455,18.3099994659424,18.7299995422363,2028300,17.198486328125
2023-01-25,18.75,19.0900001525879,18.6299991607666,19.0699996948242,1821500,17.5106887817383
2023-01-26,19.1800003051758,19.5499992370605,19.1499996185303,19.5,3618900,17.9055233001709
2023-01-27,19.4400005340576,19.5300006866455,19.0300006866455,19.1200008392334,1728000,17.5565986633301
2023-01-30,19.3400001525879,19.5400009155273,19.1299991607666,19.2299995422363,1952500,17.6576042175293
2023-01-31,19.2900009155273,19.6499996185303,19.0900001525879,19.6000003814697,2437700,17.997350692749
2023-02-01,19.5300006866455,19.8700008392334,19.1900005340576,19.6000003814697,3355300,17.997350692749
2023-02-02,19.25,19.8400001525879,19.0699996948242,19.1200008392334,2862300,17.5565986633301
2023-02-03,18.9400005340576,18.9899997711182,18.5200004577637,18.5300006866455,1760400,17.0148391723633
2023-02-06,18.5100002288818,19.1200008392334,18.2000007629395,18.9799995422363,2533800,17.4280471801758
2023-02-07,19.0499992370605,19.1499996185303,18.6499996185303,18.8799991607666,2156100,17.3362216949463
2023-02-08,18.8799991607666,19.3799991607666,18.7600002288818,19.2700004577637,2595300,17.6943321228027
2023-02-09,19.2999992370605,19.3999996185303,18.3999996185303,18.4500007629395,1851900,16.941385269165
2023-02-10,18.4400005340576,19.1200008392334,18.3700008392334,19.0799999237061,2213800,17.5198707580566
2023-02-13,18.7600002288818,19.2000007629395,18.6800003051758,18.6900005340576,2015500,17.1617603302002
2023-02-14,18.7199993133545,19.0400009155273,18.3700008392334,18.3899993896484,2790100,16.8862895965576
2023-02-15,18.5,19.0599994659424,18.3700008392334,18.7600002288818,2594300,17.2260360717773
2023-02-16,18.7099990844727,19.5699996948242,18.6200008392334,19.4899997711182,3332900,17.8963451385498
2023-02-17,19.1700000762939,19.5699996948242,19.1299991607666,19.5300006866455,2087600,17.9330749511719
2023-02-22,19.2999992370605,19.2999992370605,18.9200000762939,19.0799999237061,1858000,17.5198707580566
2023-02-23,19.25,19.5400009155273,19.0799999237061,19.2900009155273,1562700,17.7126979827881
2023-02-24,19.1599998474121,19.6599998474121,19.0100002288818,19.2399997711182,1966400,17.6667861938477
2023-02-27,19.0900001525879,19.6299991607666,19.0900001525879,19.2900009155273,2466200,17.7126979827881
2023-02-28,19.3799991607666,19.5300006866455,19.1800003051758,19.3700008392334,3171000,17.7861576080322
2023-03-01,19.4500007629395,19.5599994659424,18.1000003814697,18.3899993896484,5217300,16.8862895965576
2023-03-02,18.3500003814697,18.9899997711182,18.3299999237061,18.7900009155273,2229100,17.2535839080811
2023-03-03,18.7299995422363,18.75,17.9500007629395,18.0699996948242,2160400,16.5924549102783
2023-03-06,17.9899997711182,18.4899997711182,17.7000007629395,18.4899997711182,2693100,17.0645275115967
2023-03-07,18.5,18.9099998474121,18.3600006103516,18.7600002288818,2616600,17.3137130737305
2023-03-08,18.6800003051758,19.4799995422363,18.5699996948242,19.4500007629395,1353700,17.9505195617676
2023-03-09,19.1100006103516,19.4400005340576,18.8500003814697,19.2800006866455,2002700,17.7936248779297
2023-03-10,18.8899993896484,19.0599994659424,18.5599994659424,18.9500007629395,1707500,17.4890651702881
2023-03-13,18.8400001525879,19.2000007629395,18.6100006103516,18.9500007629395,2979200,17.4890651702881
2023-03-14,18.9500007629395,19.3199996948242,18.7900009155273,19.0900001525879,2671900,17.6182708740234
2023-03-15,18.8700008392334,19.8999996185303,18.6700000762939,19.6000003814697,5625000,18.0889530181885
2023-03-16,19.7099990844727,19.8999996185303,19.1599998474121,19.7099990844727,4639300,18.1904735565186
2023-03-17,19.5,19.6599998474121,19.2299995422363,19.5699996948242,4120400,18.0612659454346
2023-03-20,19.6100006103516,19.8400001525879,18.7700004577637,19.0200004577637,4910900,17.5536689758301
2023-03-21,19.0300006866455,19.3299999237061,19.0300006866455,19.1499996185303,2397500,17.6736469268799
2023-03-22,19.2900009155273,19.3799991607666,18.7700004577637,19.0799999237061,3730700,17.6090431213379
2023-03-23,18.9899997711182,19.1100006103516,17.9599990844727,18.3299999237061,4105200,16.9168605804443
2023-03-24,18.2700004577637,19.1000003814697,18.2600002288818,18.9699993133545,2808300,17.5075225830078
2023-03-27,19.0400009155273,19.5200004577637,18.9099998474121,19.3799991607666,2350000,17.8859119415283
2023-03-28,19.3799991607666,19.6000003814697,19.1200008392334,19.4500007629395,1718900,17.9505195617676
2023-03-29,19.5200004577637,19.5400009155273,19,19.3299999237061,2433700,17.8397674560547
2023-03-30,19.6000003814697,20.3199996948242,19.4599990844727,19.9300003051758,4295200,18.3935127258301
2023-03-31,20.0200004577637,20.0200004577637,19.0300006866455,19.2900009155273,3612900,17.8028545379639
2023-04-03,19.2800006866455,19.2900009155273,18.3899993896484,18.5900001525879,4001600,17.1568202972412
2023-04-04,18.6200008392334,19.25,18.6200008392334,19.1000003814697,2741800,17.6275005340576
2023-04-05,19.1000003814697,19.5,18.7299995422363,19.3600006103516,3485700,17.8674583435059
2023-04-06,19.3700008392334,19.5799999237061,19.0599994659424,19.3700008392334,2428500,17.8766860961914
2023-04-10,19.3700008392334,19.5900001525879,19.0699996948242,19.1700000762939,1554100,17.692102432251
2023-04-11,19.3500003814697,20.2800006866455,19.2999992370605,19.8299999237061,5211200,18.3012218475342
2023-04-12,19.8999996185303,20.7800006866455,19.8999996185303,20.3299999237061,5110600,18.762674331665
2023-04-13,20.3500003814697,20.5,20,20.3299999237061,1629400,18.762674331665
2023-04-14,20.2199993133545,20.6000003814697,19.8400001525879,20.5100002288818,2532900,18.9287986755371
2023-04-17,20.5,20.6700000762939,20.0400009155273,20.1100006103516,3091700,18.5596332550049
2023-04-18,20.2199993133545,20.3700008392334,19.9500007629395,20.0599994659424,2342300,18.5134906768799
2023-04-19,19.6100006103516,19.8700008392334,19.1599998474121,19.3899993896484,6157400,17.8951416015625
2023-04-20,19.4300003051758,19.7900009155273,19.2399997711182,19.4200000762939,3021100,17.922830581665
2023-04-24,19.1499996185303,19.5900001525879,18.8199996948242,19.3400001525879,4228700,18.1049346923828
2023-04-25,19.1000003814697,19.4599990844727,19.0200004577637,19.2999992370605,1864200,18.0674858093262
2023-04-26,19.3899993896484,19.4799995422363,19.1200008392334,19.2700004577637,1433200,18.0394039154053
2023-04-27,19.25,19.9400005340576,19.25,19.7800006866455,2793700,18.5168342590332
2023-04-28,19.8299999237061,20.5300006866455,19.8299999237061,20.3600006103516,4735300,19.0597953796387
2023-05-02,20.2800006866455,20.3700008392334,19.8700008392334,20.25,2398900,18.9568195343018
2023-05-03,20.3799991607666,20.8500003814697,19.8799991607666,20.3899993896484,4423400,19.0878791809082
2023-05-04,20.7299995422363,20.9500007629395,20.2399997711182,20.6299991607666,4315500,19.3125534057617
2023-05-05,20.7099990844727,21.4400005340576,20.5699996948242,21.2199993133545,3649500,19.8648738861084
2023-05-08,21.3500003814697,21.3500003814697,20.5400009155273,20.6499996185303,3521100,19.3312740325928
2023-05-09,20.4300003051758,21.1499996185303,20.3500003814697,20.8500003814697,7148000,19.5185050964355
2023-05-10,20.8299999237061,21.4599990844727,20.6700000762939,21.2099990844727,3764300,19.8555107116699
2023-05-11,20.8799991607666,21.4799995422363,20.8500003814697,21.2299995422363,2889800,19.8742370605469
2023-05-12,21.1100006103516,21.5,20.8700008392334,21.0799999237061,2300600,19.733814239502
2023-05-15,21.0200004577637,21.2700004577637,20.8500003814697,21.1100006103516,1510700,19.7619018554688
2023-05-16,21.2600002288818,21.4799995422363,20.8199996948242,21,1640700,19.6589241027832
2023-05-17,20.8299999237061,21.5599994659424,20.8299999237061,21.3999996185303,2657700,20.0333805084229
2023-05-18,21.3700008392334,21.8500003814697,21.3099994659424,21.6499996185303,5022000,20.2674140930176
2023-05-19,21.6800003051758,22.1499996185303,21.5100002288818,21.8799991607666,4488000,20.4827270507812
2023-05-22,21.75,22.1700000762939,21.75,22,5664900,20.595064163208
2023-05-23,22.1700000762939,22.3999996185303,21.9699993133545,22,2204600,20.595064163208
2023-05-24,21.9699993133545,22.2000007629395,21.7900009155273,22.0300006866455,4036200,20.6231479644775
2023-05-25,22.4899997711182,23.2399997711182,22.0400009155273,22.0400009155273,5074200,20.6325092315674
2023-05-26,22.2099990844727,22.3700008392334,21.7800006866455,22.0900001525879,2112900,20.6793155670166
2023-05-29,22.0499992370605,22.1399993896484,21.6399993896484,22.0300006866455,1907800,20.6231479644775
2023-05-30,22.0400009155273,22.3999996185303,21.7199993133545,21.9500007629395,2572000,20.5482578277588
2023-05-31,21.8099994659424,22.0200004577637,21.6399993896484,21.7600002288818,3621000,20.3703899383545
2023-06-01,21.7700004577637,21.9400005340576,21.3500003814697,21.7600002288818,5646900,20.3703899383545
2023-06-02,22.0100002288818,22.4099998474121,21.2900009155273,21.6100006103516,5041500,20.2299690246582
2023-06-05,21.6200008392334,21.6200008392334,21.1399993896484,21.5,4695000,20.1269950866699
2023-06-06,21.5900001525879,22.5400009155273,21.5100002288818,22.3400001525879,4729300,20.9133491516113
2023-06-07,22.3500003814697,23.1900005340576,22.3500003814697,22.5799999237061,5066000,21.1380233764648
2023-06-09,22.7600002288818,22.8299999237061,21.9200000762939,22.0900001525879,5120100,20.6793155670166
2023-06-12,22.0300006866455,22.1599998474121,21.8299999237061,22.0699996948242,5702200,20.6605911254883
2023-06-13,22,22.0400009155273,21.4699993133545,21.7800006866455,3849800,20.3891124725342
2023-06-14,21.8400001525879,22.3400001525879,21.5900001525879,22.1800003051758,2923000,20.7635688781738
2023-06-15,22.1499996185303,22.2999992370605,21.9300003051758,22.1700000762939,2275100,20.754207611084
2023-06-16,22.0200004577637,22.1900005340576,21.7800006866455,21.8999996185303,4301300,20.5014476776123
2023-06-19,21.8899993896484,22.1000003814697,21.75,22.0100002288818,1562800,20.6044254302979
2023-06-20,21.9200000762939,22.6000003814697,21.8799991607666,22.5,5000300,21.0631332397461
2023-06-21,22.6000003814697,22.7999992370605,22.2800006866455,22.6900005340576,3557100,21.2410011291504
2023-06-22,22.2900009155273,22.5799999237061,22.2000007629395,22.5799999237061,1832700,21.1380233764648
2023-06-23,22.7399997711182,23.3899993896484,22.5,23.0799999237061,4562400,21.6060924530029
2023-06-26,23.1399993896484,23.3199996948242,22.4099998474121,22.8700008392334,3060100,21.4095039367676
2023-06-27,23.1299991607666,23.3899993896484,21.9599990844727,22.4500007629395,4358200,21.0163288116455
2023-06-28,22.4500007629395,22.75,22.1499996185303,22.2999992370605,2548200,20.875904083252
2023-06-29,22.4699993133545,22.5300006866455,21.9300003051758,22.2999992370605,3535300,20.875904083252
2023-06-30,22.3899993896484,22.8600006103516,22.2299995422363,22.4200000762939,5718800,20.9882411956787
2023-07-03,22.4300003051758,22.7399997711182,22.2099990844727,22.5900001525879,4515100,21.1473846435547
2023-07-04,22.6000003814697,22.6000003814697,22.1399993896484,22.3600006103516,2034400,20.9320735931396
2023-07-05,22.2600002288818,23.2000007629395,21.9599990844727,22.6100006103516,4392500,21.166109085083
2023-07-06,22.4599990844727,22.5400009155273,22.1399993896484,22.2800006866455,3929800,20.8571834564209
2023-07-07,22.5100002288818,22.7600002288818,22.2099990844727,22.5200004577637,3734000,21.0818557739258
2023-07-10,22.5200004577637,22.5200004577637,22.1800003051758,22.4500007629395,1996700,21.0163288116455
2023-07-11,22.25,22.4599990844727,21.7099990844727,22.2600002288818,3926800,20.8384571075439
2023-07-12,22.2999992370605,22.5200004577637,22.0900001525879,22.1599998474121,3610900,20.7448463439941
2023-07-13,22.1599998474121,22.3500003814697,22,22.0400009155273,2010800,20.6325092315674
2023-07-14,22.0200004577637,22.0200004577637,21.2900009155273,21.4200000762939,4367000,20.0521011352539
2023-07-17,21.2600002288818,21.4400005340576,21,21.3799991607666,3119200,20.0146579742432
2023-07-18,21.3799991607666,21.5699996948242,21.2199993133545,21.4200000762939,2665500,20.0521011352539
2023-07-19,21.4300003051758,21.5,21.0699996948242,21.3400001525879,2189200,19.9772109985352
2023-07-20,21.2399997711182,21.4300003051758,20.9400005340576,21.3700008392334,2978400,20.0052947998047
2023-07-21,21.4699993133545,22.0699996948242,21.4699993133545,21.7099990844727,5054100,20.3235836029053
2023-07-24,21.5499992370605,22.0900001525879,21.5499992370605,21.9400005340576,1619600,20.5388965606689
2023-07-25,22.3299999237061,22.7199993133545,22.0200004577637,22.1100006103516,2724200,20.6980400085449
2023-07-26,21.8799991607666,22.2999992370605,21.8799991607666,22.1100006103516,3205400,20.6980400085449
2023-07-27,22.1800003051758,22.2199993133545,21.7800006866455,21.8600006103516,3476000,20.4640045166016
2023-07-28,22.1499996185303,22.4799995422363,21.7800006866455,22,7077500,20.595064163208
2023-07-31,22.2600002288818,22.3199996948242,21.6599998474121,21.8799991607666,4560700,20.4827270507812
2023-08-01,21.7700004577637,22.5499992370605,21.5599994659424,22.4200000762939,5694000,20.9882411956787
2023-08-02,22.4300003051758,22.6299991607666,22.2800006866455,22.4500007629395,3402600,21.0163288116455
2023-08-03,22.6299991607666,23.2800006866455,22.5200004577637,22.5799999237061,5186000,21.1380233764648
2023-08-04,22.6000003814697,22.7000007629395,22.2800006866455,22.4099998474121,2627700,20.9788799285889
2023-08-07,22.4099998474121,22.4799995422363,22.0799999237061,22.1800003051758,3151100,20.7635688781738
2023-08-08,22.0499992370605,22.4099998474121,21.7000007629395,22.1200008392334,2887200,20.7074012756348
2023-08-09,21.9599990844727,22.2099990844727,21.8899993896484,22.1599998474121,1793200,20.7448463439941
2023-08-10,22.1900005340576,22.3999996185303,22.0300006866455,22.2700004577637,2006400,20.8478221893311
2023-08-11,22.2700004577637,22.3899993896484,21.9699993133545,22.2299995422363,2642400,20.810375213623
2023-08-14,22.3899993896484,22.3899993896484,21.8400001525879,21.9099998474121,3273000,20.5108108520508
2023-08-15,21.8899993896484,22.1100006103516,21.4500007629395,21.6299991607666,3793800,20.2486896514893
2023-08-16,21.6700000762939,21.7000007629395,20.9599990844727,21.0900001525879,4230000,19.7431774139404
2023-08-17,21.1399993896484,21.2199993133545,20.6399993896484,20.7700004577637,5021900,19.4436111450195
2023-08-18,20.6499996185303,21.0599994659424,20.6299991607666,21.0300006866455,4597100,19.6870098114014
2023-08-21,20.7999992370605,21.0300006866455,20.6700000762939,20.8500003814697,3751200,19.5185050964355
2023-08-22,21,21.3999996185303,20.8500003814697,21.1000003814697,1730100,19.7525367736816
2023-08-23,21.1100006103516,21.4799995422363,21,21.3700008392334,3282300,20.0052947998047
2023-08-24,21.2399997711182,21.4200000762939,21.0799999237061,21.4200000762939,2420000,20.0521011352539
2023-08-25,21.4500007629395,21.6299991607666,20.8400001525879,20.9699993133545,3022000,19.6308403015137
2023-08-28,20.9599990844727,21.2700004577637,20.8099994659424,21.1800003051758,1982300,19.827428817749
2023-08-29,21.1900005340576,21.4899997711182,21.0599994659424,21.3099994659424,2087000,19.9491271972656
2023-08-30,21.4500007629395,21.5300006866455,21.0499992370605,21.1399993896484,1085600,19.7899837493896
2023-08-31,21.1399993896484,21.1800003051758,20.4699993133545,20.6000003814697,3790800,19.2844676971436
2023-09-01,20.6399993896484,21.2999992370605,20.5699996948242,21.2999992370605,5466600,19.9397640228271
2023-09-04,21.1399993896484,21.7000007629395,21.0799999237061,21.6299991607666,2796900,20.2486896514893
2023-09-05,21.4899997711182,21.4899997711182,20.7600002288818,21.0799999237061,5000500,19.733814239502
2023-09-06,20.9899997711182,21.1200008392334,20.2700004577637,20.3799991607666,4160900,19.0785160064697
2023-09-08,20.2999992370605,20.4599990844727,20.1100006103516,20.2600002288818,2209400,18.9661827087402
2023-09-11,20.3600006103516,20.7999992370605,20.2299995422363,20.6499996185303,2355500,19.3312740325928
2023-09-12,20.7000007629395,21.2900009155273,20.6399993896484,21.2099990844727,3112100,19.8555107116699
2023-09-13,21.2900009155273,21.6599998474121,21.0900001525879,21.3299999237061,2157400,19.9678497314453
2023-09-14,21.4599990844727,21.5100002288818,21.0200004577637,21.3500003814697,1565500,19.9865741729736
2023-09-15,21.3899993896484,21.4099998474121,20.8199996948242,20.9400005340576,2066000,19.6027584075928
2023-09-18,20.8299999237061,21.0200004577637,20.6700000762939,20.8500003814697,1704400,19.5185050964355
2023-09-19,20.7600002288818,21.0100002288818,20.6499996185303,20.8299999237061,2963800,19.4997806549072
2023-09-20,20.8299999237061,21.2600002288818,20.6900005340576,21.0100002288818,3673800,19.668285369873
2023-09-21,20.6100006103516,20.6499996185303,20.1399993896484,20.2999992370605,5596900,19.003625869751
2023-09-22,20.3600006103516,20.5599994659424,20.1900005340576,20.3600006103516,2890700,19.0597953796387
2023-09-25,20.4099998474121,20.4300003051758,20.0799999237061,20.3700008392334,1829800,19.0691566467285
2023-09-26,20.3600006103516,20.3600006103516,19.4699993133545,19.6599998474121,4277400,18.4044971466064
2023-09-27,19.8500003814697,19.8500003814697,19.3600006103516,19.6299991607666,2601500,18.3764133453369
2023-09-28,19.5499992370605,20.1700000762939,19.5300006866455,19.9699993133545,2501300,18.6947002410889
2023-09-29,20.2700004577637,20.4300003051758,19.9400005340576,20.25,1845300,18.9568195343018
2023-10-02,20.1499996185303,20.1499996185303,19.5300006866455,19.7999992370605,4921200,18.5355567932129
2023-10-03,19.6499996185303,19.7900009155273,19.2800006866455,19.4300003051758,2766900,18.1891860961914
2023-10-04,19.5699996948242,20.1299991607666,19.5,19.9899997711182,3361700,18.7134227752686
2023-10-05,20.0300006866455,20.1000003814697,19.5799999237061,19.9400005340576,2514200,18.6666145324707
2023-10-06,19.6599998474121,20.2800006866455,19.25,19.9500007629395,4747400,18.6759796142578
2023-10-09,19.7299995422363,20.3700008392334,19.5100002288818,20.3600006103516,4016500,19.0597953796387
2023-10-10,20.3500003814697,20.9500007629395,20.3299999237061,20.8600006103516,4540200,19.5278644561768
2023-10-11,20.8600006103516,21.3099994659424,20.7399997711182,21.2099990844727,6307000,19.8555107116699
2023-10-13,21.1499996185303,21.2999992370605,20.7900009155273,20.9400005340576,2319400,19.6027584075928
2023-10-16,21,21.1900005340576,20.7600002288818,20.8999996185303,3122400,19.5653114318848
2023-10-17,20.7399997711182,20.8199996948242,20.2399997711182,20.3999996185303,3912400,19.097240447998
2023-10-18,20.25,20.25,19.1399993896484,19.2299995422363,5837400,18.0019569396973
2023-10-19,19.1499996185303,19.4400005340576,19.0499992370605,19.1599998474121,5274600,17.9364280700684
2023-10-20,19,19.3400001525879,18.7399997711182,19.1900005340576,3528800,17.9645137786865
2023-10-23,19.1000003814697,20.25,19.1000003814697,20,4206300,18.7227840423584
2023-10-24,20.2199993133545,20.6100006103516,20.1200008392334,20.5900001525879,3705100,19.2751045227051
2023-10-25,20.5900001525879,20.7800006866455,20.0599994659424,20.2600002288818,4392900,18.9661827087402
2023-10-26,20.3099994659424,20.8400001525879,20.2999992370605,20.5900001525879,3076300,19.2751045227051
2023-10-27,20.8099994659424,21.0400009155273,20.1499996185303,20.1800003051758,2016300,18.8912906646729
2023-10-30,20.2199993133545,20.2700004577637,19.5400009155273,19.5799999237061,2188800,18.3296051025391
2023-10-31,19.7600002288818,20.4500007629395,19.2800006866455,20.0699996948242,3103300,18.7883148193359
2023-11-01,20.1000003814697,20.4599990844727,19.8799991607666,19.9699993133545,4945600,18.6947002410889
2023-11-03,20.5300006866455,20.9099998474121,20.4400005340576,20.5300006866455,4437300,19.2189388275146
2023-11-06,20.6800003051758,20.8899993896484,20.2399997711182,20.2999992370605,1419100,19.003625869751
2023-11-07,20.25,21.1100006103516,20.25,20.8899993896484,2298700,19.5559482574463
2023-11-08,21.0400009155273,21.2000007629395,20.7000007629395,20.9899997711182,1117200,19.6495628356934
2023-11-09,20.9699993133545,21.3700008392334,20.5900001525879,20.6800003051758,2468700,19.3593597412109
2023-11-10,20.9799995422363,21.25,20.6499996185303,20.7800006866455,6277900,19.452974319458
2023-11-13,20.7999992370605,20.9799995422363,20.4400005340576,20.5699996948242,2963400,19.256383895874
2023-11-14,20.7800006866455,21.5400009155273,20.6900005340576,21.2299995422363,6496700,19.8742370605469
2023-11-16,21.2999992370605,21.6399993896484,21.2099990844727,21.6100006103516,3298600,20.2299690246582
2023-11-17,21.9200000762939,21.9500007629395,21.5,21.9200000762939,4208100,20.5201721191406
2023-11-20,21.5799999237061,22.1800003051758,21.5799999237061,22.1700000762939,1571400,20.754207611084
2023-11-21,21.9500007629395,22.0400009155273,21.4500007629395,21.7999992370605,2508900,20.4078350067139
2023-11-22,21.7999992370605,22.4599990844727,21.6200008392334,21.8099994659424,3347400,20.4171943664551
2023-11-23,21.9200000762939,22.3400001525879,21.7199993133545,22.1700000762939,1654000,20.754207611084
2023-11-24,22.1100006103516,22.3199996948242,21.8999996185303,22.0400009155273,1251700,20.6325092315674
2023-11-27,22.2000007629395,22.3600006103516,21.7999992370605,21.9899997711182,1507000,20.5857028961182
2023-11-28,21.8299999237061,22.1399993896484,21.7800006866455,22.0799999237061,1648600,20.6699542999268
2023-11-29,22.0599994659424,22.7199993133545,21.9400005340576,22.6399993896484,5032300,21.1941909790039
2023-11-30,22.7399997711182,23.2700004577637,22.6900005340576,23.0900001525879,5380900,21.6154556274414
2023-12-01,23.3199996948242,23.4699993133545,22.6100006103516,23.4699993133545,3863100,21.9711875915527
2023-12-04,23.3500003814697,23.6200008392334,23.1499996185303,23.4400005340576,1930400,21.9431037902832
2023-12-05,23.5300006866455,23.7700004577637,23.0499992370605,23.4699993133545,2204700,21.9711875915527
2023-12-06,23.5,23.7199993133545,22.9699993133545,23.2700004577637,3167300,21.7839622497559
2023-12-07,23.25,23.4200000762939,23.1000003814697,23.3099994659424,1771400,21.8214054107666
2023-12-08,23.3099994659424,23.3799991607666,22.9899997711182,23.2800006866455,2246500,21.7933216094971
2023-12-11,23.2099990844727,23.3299999237061,22.9400005340576,23.2000007629395,1406000,21.7184295654297
2023-12-12,23.1200008392334,23.4500007629395,23.0100002288818,23.4099998474121,1636600,21.915018081665
2023-12-13,23.3199996948242,24.3799991607666,23.1900005340576,24.0400009155273,3677100,22.504789352417
2023-12-14,24.1100006103516,24.8799991607666,24.1100006103516,24.5400009155273,5687100,22.9728565216064
2023-12-15,24.5,24.8700008392334,24.25,24.7099990844727,3433300,23.1319980621338
2023-12-18,24.5699996948242,24.8099994659424,24.4300003051758,24.5300006866455,1591400,22.9634971618652
2023-12-19,24.6200008392334,24.7000007629395,24.3500003814697,24.4300003051758,1805300,22.8698825836182
2023-12-20,24.4300003051758,24.5799999237061,23.7900009155273,24.0799999237061,2846700,22.5422325134277
2023-12-21,24.3899993896484,24.4799995422363,24.0300006866455,24.2000007629395,2411300,22.6545715332031
2023-12-22,24.1200008392334,24.3500003814697,23.9500007629395,24.1100006103516,1812600,22.5703182220459
2023-12-26,24.1000003814697,24.5300006866455,24.0900001525879,24.2900009155273,2166200,22.7388229370117
2023-12-27,24.3799991607666,24.4799995422363,24.0699996948242,24.4500007629395,1260600,22.8886051177979
2023-12-28,24.4400005340576,24.5400009155273,24.2399997711182,24.3799991607666,1519100,22.8230743408203
2024-01-02,24.0400009155273,24.2000007629395,23.5799999237061,23.9200000762939,3161800,22.3924522399902
2024-01-03,23.9300003051758,24.6000003814697,23.6200008392334,24.6000003814697,3040400,23.0290260314941
2024-01-04,24.6200008392334,24.6499996185303,23.9400005340576,24.1499996185303,4988500,22.6077632904053
2024-01-05,24.1499996185303,24.4799995422363,23.9599990844727,24.3899993896484,2957500,22.8324356079102
2024-01-08,23.9300003051758,24.6499996185303,23.9300003051758,24.4899997711182,2011000,22.9260520935059
2024-01-09,24.2399997711182,24.7999992370605,24.2399997711182,24.5900001525879,2422800,23.0196628570557
2024-01-10,24.5799999237061,24.8600006103516,24.2000007629395,24.4300003051758,2325200,22.8698825836182
2024-01-11,24.2700004577637,24.6900005340576,24.2099990844727,24.3400001525879,2603400,22.7856292724609
2024-01-12,24.3400001525879,24.8199996948242,24.2000007629395,24.5900001525879,2845000,23.0196628570557
2024-01-15,24.5799999237061,24.6399993896484,24.2700004577637,24.4200000762939,1404000,22.8605194091797
2024-01-16,24.2999992370605,24.2999992370605,23.6299991607666,23.8400001525879,2324300,22.3175601959229
2024-01-17,23.8400001525879,23.8799991607666,23.4699993133545,23.7900009155273,3049200,22.270751953125
2024-01-18,23.8899993896484,23.8899993896484,23.3899993896484,23.4699993133545,1808500,21.9711875915527
2024-01-19,23.4300003051758,24.1599998474121,23.1299991607666,23.75,3083800,22.2333068847656
2024-01-22,23.8600006103516,23.8600006103516,23.1499996185303,23.3600006103516,2249000,21.8682117462158
2024-01-23,23.3999996185303,24.0300006866455,23.3999996185303,23.8400001525879,2922900,22.3175601959229
2024-01-24,24.1200008392334,24.25,23.3700008392334,23.6100006103516,2004100,22.1022491455078
2024-01-25,23.7999992370605,23.8799991607666,23.5,23.5699996948242,2548100,22.0648002624512
2024-01-26,23.6000003814697,23.7099990844727,23.3500003814697,23.5499992370605,1972800,22.0460796356201
2024-01-29,23.3999996185303,23.9500007629395,23.3400001525879,23.75,2934300,22.2333068847656
2024-01-30,23.75,23.8700008392334,23.2600002288818,23.7000007629395,2854800,22.1865005493164
2024-01-31,23.8199996948242,24.4300003051758,23.6299991607666,23.8799991607666,3043200,22.3550052642822
2024-02-01,23.8600006103516,24.0100002288818,23.5499992370605,24.0100002288818,2551300,22.4767017364502
2024-02-02,23.9599990844727,24.0599994659424,23.3199996948242,23.7099990844727,2660900,22.1958618164062
2024-02-05,23.7999992370605,23.8799991607666,23.4300003051758,23.5599994659424,2165800,22.0554389953613
2024-02-06,23.5599994659424,24.2099990844727,23.4300003051758,23.9200000762939,2433000,22.3924522399902
2024-02-07,23.9300003051758,24.5900001525879,23.8899993896484,24.3999996185303,2577600,22.841796875
2024-02-08,24.3899993896484,24.3999996185303,23.6299991607666,23.7600002288818,1974100,22.2426681518555
2024-02-09,23.6800003051758,23.9300003051758,23.3899993896484,23.7999992370605,3193800,22.2801132202148
2024-02-14,23.7900009155273,23.7999992370605,23.3999996185303,23.6599998474121,1417600,22.149055480957
2024-02-15,23.7800006866455,23.8199996948242,23.1399993896484,23.1800003051758,2404300,21.6997089385986
2024-02-16,23.2900009155273,23.3600006103516,22.8199996948242,23.1100006103516,2176100,21.6341762542725
2024-02-19,23.0100002288818,23.3500003814697,22.8199996948242,23.3500003814697,1592600,21.8588523864746
2024-02-20,23.3199996948242,23.6900005340576,23.1499996185303,23.4699993133545,3649400,21.9711875915527
2024-02-21,23.5100002288818,24.3400001525879,23.2099990844727,23.5,5187000,21.9992713928223
2024-02-22,23.6900005340576,24.1800003051758,23.6000003814697,23.9699993133545,9860700,22.4392547607422
2024-02-23,23.9599990844727,24.0300006866455,23.2800006866455,23.4500007629395,2111000,21.952465057373
2024-02-26,23.3299999237061,23.7099990844727,23.1599998474121,23.3199996948242,2165000,21.9879455566406
2024-02-27,23.4099998474121,23.8199996948242,23.3899993896484,23.7099990844727,2737600,22.3556690216064
2024-02-28,23.6000003814697,23.75,23.0100002288818,23.7399997711182,4959300,22.3839530944824
2024-02-29,23.7399997711182,23.8199996948242,23.4899997711182,23.5200004577637,1981400,22.1765213012695
2024-03-01,23.6000003814697,23.6800003051758,23.1200008392334,23.5900001525879,1971800,22.242525100708
2024-03-04,23.4799995422363,23.6499996185303,23.1900005340576,23.3999996185303,1992200,22.0633735656738
2024-03-05,23.3999996185303,23.8199996948242,23.2900009155273,23.4599990844727,1911800,22.1199474334717
2024-03-06,23.5699996948242,23.9599990844727,23.3700008392334,23.4799995422363,4068700,22.1388053894043
2024-03-07,23.3799991607666,23.7299995422363,23.3700008392334,23.7000007629395,2177600,22.3462409973145
2024-03-08,23.4099998474121,24.1599998474121,23.4099998474121,23.75,2443600,22.393383026123
2024-03-11,23.6599998474121,23.8299999237061,23.5,23.5100002288818,2258100,22.1670932769775
2024-03-12,23.7000007629395,23.7299995422363,23.3700008392334,23.6499996185303,2673700,22.2990951538086
2024-03-13,23.5300006866455,24.4400005340576,23.4799995422363,24.25,6912100,22.8648223876953
2024-03-14,24.1000003814697,24.5,23.8899993896484,24.1000003814697,3280000,22.7233924865723
2024-03-15,24.2199993133545,24.2999992370605,23.8400001525879,23.8400001525879,4651900,22.4782428741455
2024-03-18,23.8700008392334,23.9799995422363,23.5499992370605,23.7900009155273,7970700,22.4310989379883
2024-03-19,23.6700000762939,23.9200000762939,23.4500007629395,23.5799999237061,2875500,22.2330932617188
2024-03-20,23.6399993896484,24.2999992370605,23.5499992370605,24.2900009155273,3964900,22.9025382995605
2024-03-21,24.1700000762939,24.5100002288818,24.0699996948242,24.2900009155273,4242000,22.9025382995605
2024-03-22,24.3500003814697,24.3899993896484,23.6399993896484,23.7999992370605,7367900,22.4405269622803
2024-03-25,23.8999996185303,23.8999996185303,23.4899997711182,23.6599998474121,2461300,22.3085250854492
2024-03-26,23.6399993896484,23.8199996948242,23.5,23.6599998474121,2735800,22.3085250854492
2024-03-27,23.6599998474121,23.7000007629395,23.25,23.6000003814697,2746600,22.2519512176514
2024-03-28,23.5699996948242,23.7399997711182,23.1299991607666,23.3099994659424,4002100,21.978515625
2024-04-01,23,23.2099990844727,22.6299991607666,22.8799991607666,5802100,21.5730781555176
2024-04-02,22.9699993133545,23.25,22.5499992370605,22.9400005340576,3900200,21.6296520233154
2024-04-03,22.8600006103516,23.0100002288818,22.5699996948242,22.7999992370605,1954300,21.4976463317871
2024-04-04,22.9099998474121,23.3999996185303,22.8600006103516,23.0400009155273,1958000,21.7239398956299
2024-04-05,22.9799995422363,23.2199993133545,22.8099994659424,23,2659300,21.6862239837646
2024-04-08,23,23.4699993133545,22.8500003814697,23.2800006866455,2223800,21.9502296447754
2024-04-09,23.25,23.7399997711182,23.25,23.5699996948242,1949300,22.2236633300781
2024-04-10,23.4599990844727,23.5200004577637,22.7099990844727,22.8500003814697,2950000,21.544792175293
2024-04-11,22.7999992370605,23.0300006866455,22.6000003814697,22.7600002288818,3689700,21.4599342346191
2024-04-12,22.6700000762939,22.9200000762939,22.1100006103516,22.2600002288818,3150400,20.9884910583496
2024-04-15,22.1599998474121,22.1700000762939,21.4400005340576,21.5699996948242,4399400,20.3379058837891
2024-04-16,21.4500007629395,21.7900009155273,21.2199993133545,21.3899993896484,3417100,20.1681880950928
2024-04-17,21.6299991607666,21.6700000762939,21.0900001525879,21.3099994659424,2811000,20.0927581787109
2024-04-18,21.2999992370605,21.5400009155273,20.9300003051758,21.1299991607666,3037900,19.923038482666
2024-04-19,20.7000007629395,21.0799999237061,20.6499996185303,20.9099998474121,2758200,20.1987705230713
2024-04-22,20.6800003051758,21.0499992370605,20.6200008392334,20.9200000762939,4141300,20.2084293365479
2024-04-23,20.6700000762939,21.1000003814697,20.4599990844727,20.9699993133545,3347500,20.2567291259766
2024-04-24,20.9200000762939,21.6399993896484,20.7600002288818,21.4099998474121,3635900,20.6817626953125
2024-04-25,21.3899993896484,21.3899993896484,20.2000007629395,20.3299999237061,5187900,19.6384983062744
2024-04-26,20.5599994659424,21.3199996948242,20.4200000762939,21.2600002288818,5313100,20.5368671417236
2024-04-29,21.0699996948242,21.5100002288818,21.0400009155273,21.4300003051758,2338900,20.7010841369629
2024-04-30,21.2600002288818,21.3700008392334,20.7099990844727,20.9200000762939,7744800,20.2084293365479
2024-05-02,21.3500003814697,21.7399997711182,21.2000007629395,21.6200008392334,4020800,20.8846225738525
2024-05-03,22.1299991607666,22.4500007629395,21.8099994659424,22.2000007629395,5460400,21.4448928833008
2024-05-06,22.0900001525879,22.25,21.8099994659424,21.8999996185303,3910200,21.1550960540771
2024-05-07,21.7999992370605,21.9899997711182,21.6100006103516,21.7700004577637,2786300,21.0295181274414
2024-05-08,21.6100006103516,21.6100006103516,20.9500007629395,21.3999996185303,5819500,20.6721038818359
2024-05-09,20.8999996185303,21.2299995422363,20.7600002288818,21,2649500,20.2857093811035
2024-05-10,21.2000007629395,21.5,20.9500007629395,21.1900005340576,4448900,20.4692478179932
2024-05-13,21.1900005340576,21.4500007629395,21.0900001525879,21.0900001525879,1826000,20.3726482391357
2024-05-14,21.2000007629395,21.2800006866455,20.7900009155273,20.8199996948242,2470600,20.1118316650391
2024-05-15,20.8400001525879,21.2999992370605,20.7000007629395,21.1299991607666,6351800,20.4112873077393
2024-05-16,21.1900005340576,21.3400001525879,20.75,20.8700008392334,2613600,20.1601314544678
2024-05-17,20.9099998474121,20.9799995422363,20.4300003051758,20.8199996948242,6852600,20.1118316650391
2024-05-20,20.6100006103516,20.9099998474121,20.5,20.6399993896484,1636300,19.9379539489746
2024-05-21,20.6399993896484,20.7999992370605,20.5599994659424,20.7399997711182,2478900,20.034553527832
2024-05-22,20.4799995422363,20.6299991607666,20.1299991607666,20.2800006866455,4405800,19.5902004241943
2024-05-23,20.2099990844727,20.4300003051758,20.1399993896484,20.2900009155273,3454600,19.5998592376709
2024-05-24,20.3899993896484,20.7399997711182,20.2199993133545,20.3999996185303,2614500,19.7061176300049
2024-05-27,20.4899997711182,20.5599994659424,20.2700004577637,20.4599990844727,871400,19.7640762329102
2024-05-28,20.6700000762939,21.0100002288818,20.2999992370605,20.2999992370605,3443800,19.6095180511475
2024-05-29,20.2999992370605,20.75,20.2000007629395,20.4799995422363,2563600,19.7833957672119
2024-05-31,20.3899993896484,20.4699993133545,20.2099990844727,20.25,3640200,19.5612201690674
2024-06-03,20.3500003814697,20.6800003051758,20.2000007629395,20.5699996948242,2379200,19.8703346252441
2024-06-04,20.5599994659424,20.7299995422363,20.3199996948242,20.5699996948242,1959500,19.8703346252441
2024-06-05,20.4099998474121,20.9099998474121,20.4099998474121,20.6000003814697,2626200,19.8993148803711
2024-06-06,20.5,21.0200004577637,20.5,20.8400001525879,6320400,20.1311531066895
2024-06-07,20.5,20.8500003814697,20.1800003051758,20.3899993896484,4972300,19.6964569091797
2024-06-10,20.1900005340576,20.1900005340576,19.7999992370605,19.9799995422363,3501100,19.3004035949707
2024-06-11,20.1100006103516,20.2399997711182,19.8600006103516,20.1900005340576,3088300,19.5032615661621
2024-06-12,20.4599990844727,20.5300006866455,19.7600002288818,19.7800006866455,5419400,19.1072063446045
2024-06-13,19.8799991607666,19.8899993896484,19.3199996948242,19.5499992370605,4707500,18.8850288391113
2024-06-14,19.5,19.7199993133545,19.2999992370605,19.5599994659424,4534100,18.8946895599365
2024-06-17,19.6000003814697,19.6100006103516,19.2900009155273,19.3099994659424,3579000,18.653190612793
2024-06-18,19.3099994659424,19.6399993896484,19.25,19.3600006103516,6760300,18.7014923095703
2024-06-19,19.3099994659424,19.8199996948242,19.1000003814697,19.5900001525879,2541200,18.9236698150635
2024-06-20,19.6299991607666,20.0400009155273,19.3999996185303,19.5,4747900,18.8367309570312
2024-06-21,19.5,20.0400009155273,19.4300003051758,19.7199993133545,16677600,19.0492458343506
2024-06-24,19.7299995422363,20.3600006103516,19.7299995422363,20.3400001525879,2217400,19.6481590270996
2024-06-25,20.2999992370605,20.4400005340576,20.0900001525879,20.2600002288818,2323700,19.5708789825439
2024-06-26,20.0499992370605,20.6000003814697,19.8600006103516,20.5400009155273,2960700,19.8413562774658
2024-06-27,20.5400009155273,20.9899997711182,20.4200000762939,20.9899997711182,3406100,20.2760486602783
2024-06-28,20.8999996185303,20.9500007629395,20.4799995422363,20.5799999237061,2838100,19.8799953460693
2024-07-01,20.4599990844727,20.9300003051758,20.3299999237061,20.7999992370605,4016900,20.0925121307373
2024-07-02,20.7199993133545,20.9799995422363,20.6900005340576,20.7399997711182,3589800,20.034553527832
2024-07-03,20.8099994659424,21.2000007629395,20.6800003051758,20.9300003051758,2613000,20.218090057373
2024-07-04,20.9899997711182,21.7900009155273,20.9899997711182,21.6100006103516,4989100,20.8749618530273
2024-07-05,21.7099990844727,22.0499992370605,21.4599990844727,21.8700008392334,3437600,21.1261177062988
2024-07-08,21.8999996185303,22.0400009155273,21.6200008392334,21.7000007629395,1668900,20.9618988037109
2024-07-09,21.6200008392334,22.2399997711182,21.6000003814697,21.9699993133545,3047200,21.2227153778076
2024-07-10,22.0900001525879,22.2000007629395,21.75,21.75,1419200,21.0101985931396
2024-07-11,21.9300003051758,22.1499996185303,21.7600002288818,21.8999996185303,1848600,21.1550960540771
2024-07-12,21.8999996185303,21.9699993133545,21.6499996185303,21.9699993133545,1229500,21.2227153778076
2024-07-15,22.0799999237061,22.0799999237061,21.8199996948242,21.9500007629395,1121700,21.2033977508545
2024-07-16,21.9500007629395,22.1599998474121,21.8099994659424,21.8700008392334,1345100,21.1261177062988
2024-07-17,21.9699993133545,22,21.6299991607666,21.6800003051758,2548700,20.9425792694092
2024-07-18,21.6000003814697,21.6000003814697,21.1499996185303,21.3999996185303,2656500,20.6721038818359
2024-07-19,21.5,21.6000003814697,21.1299991607666,21.4400005340576,2220200,20.7107429504395
2024-07-22,21.4500007629395,22.2299995422363,21.3899993896484,21.9799995422363,3562600,21.2323760986328
2024-07-23,21.7999992370605,21.9500007629395,21.3899993896484,21.4300003051758,1868500,20.7010841369629
2024-07-24,21.4300003051758,21.5,20.9799995422363,21.1100006103516,1803900,20.3919677734375
2024-07-25,21,21.1000003814697,20.7999992370605,20.8099994659424,1861700,20.1021728515625
2024-07-26,20.8199996948242,21.2199993133545,20.7800006866455,21.0200004577637,1620900,20.3050289154053
2024-07-29,21.0300006866455,21.0799999237061,20.8500003814697,21,3525800,20.2857093811035
2024-07-30,21,21.0799999237061,20.8299999237061,20.8999996185303,1951500,20.1891098022461
2024-07-31,20.9300003051758,21.1900005340576,20.8099994659424,21.0799999237061,3272100,20.3629875183105
2024-08-01,20.9699993133545,21.5200004577637,20.9699993133545,21.1599998474121,2598800,20.4402675628662
2024-08-02,21.1599998474121,21.6100006103516,21.1000003814697,21.4400005340576,2463700,20.7107429504395
2024-08-05,21.0699996948242,21.3999996185303,20.7700004577637,21.1100006103516,2159500,20.3919677734375
2024-08-06,21.3099994659424,21.5499992370605,21.1700000762939,21.3899993896484,2362500,20.6624431610107
2024-08-07,21.5499992370605,21.9899997711182,21.4699993133545,21.8700008392334,2785300,21.1261177062988
2024-08-08,21.6800003051758,22.2199993133545,21.6800003051758,22.2199993133545,1481400,21.4642105102539
2024-08-09,22.2199993133545,22.8799991607666,22.2099990844727,22.8799991607666,3310900,22.1017627716064
2024-08-12,22.9899997711182,22.9899997711182,22.7099990844727,22.8400001525879,2425000,22.0631256103516
2024-08-13,22.8299999237061,23.3899993896484,22.8099994659424,23.3400001525879,2246600,22.5461158752441
2024-08-14,23.1200008392334,23.8500003814697,23.1200008392334,23.5300006866455,3344000,22.7296543121338
2024-08-15,23.5300006866455,23.6100006103516,23.0400009155273,23.2000007629395,3639900,22.4108810424805
2024-08-16,23.5799999237061,23.6399993896484,23.1299991607666,23.2299995422363,2313900,22.4398593902588
2024-08-19,23.4099998474121,23.4500007629395,23.1299991607666,23.3999996185303,2978700,22.6040744781494
2024-08-20,23.5900001525879,23.5900001525879,23.2900009155273,23.5200004577637,2060900,22.7199954986572
2024-08-21,23.5300006866455,23.6399993896484,22.9899997711182,23.1000003814697,4180100,22.314281463623
2024-08-22,23.1499996185303,23.1499996185303,22.6499996185303,22.7999992370605,2354300,22.0244846343994
2024-08-23,22.9300003051758,23.5300006866455,22.7399997711182,23.3500003814697,2313200,22.5557765960693
2024-08-26,23.4500007629395,23.4500007629395,23.0599994659424,23.3500003814697,1522600,22.5557765960693
2024-08-27,23.3999996185303,23.4300003051758,22.9099998474121,23.1299991607666,3232600,22.3432598114014
2024-08-28,23,23.0599994659424,22.6700000762939,22.8500003814697,3690100,22.0727844238281
2024-08-29,22.9899997711182,22.9899997711182,22.2000007629395,22.3099994659424,2937600,21.5511512756348
2024-08-30,22.3099994659424,22.3700008392334,21.8400001525879,22.0900001525879,3226100,21.3386325836182
2024-09-02,22.2299995422363,22.2299995422363,21.7399997711182,21.8500003814697,1728200,21.1067981719971
2024-09-03,21.8500003814697,22.2000007629395,21.75,22.1399993896484,6000800,21.3869323730469
2024-09-04,22.2000007629395,22.7999992370605,22.1599998474121,22.5799999237061,3041200,21.8119659423828
2024-09-05,22.6000003814697,22.7099990844727,22.1700000762939,22.3500003814697,2960900,21.5897903442383
2024-09-06,22.2000007629395,22.4599990844727,21.9799995422363,22.0300006866455,2021700,21.2806758880615
2024-09-09,22.0300006866455,22.1000003814697,21.7299995422363,21.7999992370605,1764600,21.0584964752197
2024-09-10,21.6100006103516,22,21.5599994659424,21.9099998474121,2551200,21.1647567749023
2024-09-11,21.7800006866455,22.1900005340576,21.7800006866455,21.9500007629395,1609400,21.2033977508545
2024-09-12,21.7800006866455,22.0300006866455,21.6599998474121,21.8999996185303,1702800,21.1550960540771
2024-09-13,22.0300006866455,22.5900001525879,21.9699993133545,22.3299999237061,2017700,21.5704708099365
2024-09-16,22.5499992370605,22.6800003051758,22.2099990844727,22.6200008392334,3738500,21.850606918335
2024-09-17,22.4500007629395,22.5699996948242,22.0599994659424,22.2700004577637,7022900,21.5125122070312
2024-09-18,22.1200008392334,22.8799991607666,22.0799999237061,22.6700000762939,2876300,21.8989067077637
2024-09-19,22.7299995422363,22.8099994659424,21.9500007629395,21.9500007629395,3329400,21.2033977508545
2024-09-20,21.9699993133545,22.1299991607666,21.1800003051758,21.2399997711182,4815400,20.5175457000732
2024-09-23,21.2299995422363,21.3500003814697,21,21.1299991607666,1769900,20.4112873077393
2024-09-24,21.3500003814697,21.6200008392334,21.1100006103516,21.3099994659424,4064800,20.5851631164551
2024-09-25,21.3400001525879,21.5200004577637,21.0300006866455,21.0699996948242,3143400,20.353328704834
2024-09-26,21.25,21.4599990844727,21.1200008392334,21.2099990844727,1863400,20.4885654449463
2024-09-27,21.1000003814697,21.5599994659424,21.1000003814697,21.1299991607666,1862600,20.4112873077393
2024-09-30,21.3999996185303,21.3999996185303,20.9099998474121,21.0799999237061,2043400,20.3629875183105
2024-10-01,21.0900001525879,21.3700008392334,20.8799991607666,21.0499992370605,3597900,20.3340072631836
2024-10-02,21.2000007629395,21.3899993896484,21.0799999237061,21.0799999237061,3041700,20.3629875183105
2024-10-03,20.9400005340576,21.2299995422363,20.6499996185303,21.1800003051758,2598800,20.459587097168
2024-10-04,21.0799999237061,21.6000003814697,21.0200004577637,21.6000003814697,3254400,20.8653011322021
2024-10-07,21.6599998474121,21.7399997711182,21.4899997711182,21.7399997711182,3203400,21.0005378723145
2024-10-08,21.4899997711182,21.6700000762939,21.3999996185303,21.5900001525879,7042600,20.8556423187256
2024-10-09,21.3700008392334,21.4899997711182,20.9599990844727,21.1000003814697,2906800,20.3823089599609
2024-10-10,20.9699993133545,21.6000003814697,20.9699993133545,21.4400005340576,2489800,20.7107429504395
2024-10-11,21.4400005340576,21.4799995422363,21,21.2000007629395,2664100,20.4789085388184
2024-10-14,21.2900009155273,21.4400005340576,21.0300006866455,21.3199996948242,1381000,20.5948238372803
2024-10-15,21.2900009155273,21.5599994659424,21.1299991607666,21.3500003814697,1586500,20.6238040924072
2024-10-16,21.4899997711182,21.6700000762939,21.1800003051758,21.3799991607666,3398000,20.6527824401855
2024-10-17,21.1800003051758,21.2299995422363,20.8700008392334,21.2199993133545,2401400,20.4982261657715
2024-10-18,21.3700008392334,21.3700008392334,21.0499992370605,21.2600002288818,2232700,20.5368671417236
2024-10-21,21.2999992370605,21.6299991607666,21.25,21.4899997711182,1938100,20.7590427398682
2024-10-22,21.3400001525879,21.4400005340576,21.0400009155273,21.0699996948242,1800600,20.353328704834
2024-10-23,21.0100002288818,21.1399993896484,20.8099994659424,21.1399993896484,2174000,20.4209480285645
2024-10-24,20.9899997711182,21.3400001525879,20.8500003814697,21.2199993133545,1913700,20.4982261657715
2024-10-25,21.1000003814697,21.3799991607666,20.9400005340576,21.0599994659424,5614200,20.3436679840088
2024-10-28,21.0900001525879,21.4799995422363,21.0900001525879,21.2999992370605,1496600,20.5755043029785
2024-10-29,21.1000003814697,21.4099998474121,20.9799995422363,21.0499992370605,1492500,20.3340072631836
