"Date","INTB3.SA.Open","INTB3.SA.High","INTB3.SA.Low","INTB3.SA.Close","INTB3.SA.Volume","INTB3.SA.Adjusted"
2021-02-08,20.2000007629395,20.2000007629395,18.7299995422363,19.2900009155273,4609700,17.9848766326904
2021-02-09,19.2900009155273,20,18.25,20,3077700,18.646842956543
2021-02-10,19.7099990844727,19.9799995422363,18.6200008392334,19.5,2997900,18.1806678771973
2021-02-11,19.5,19.5,18.8199996948242,19.4300003051758,3171100,18.1154079437256
2021-02-12,19.1800003051758,20.1100006103516,18.8799991607666,19.9699993133545,1712100,18.6188716888428
2021-02-17,20,20.0499992370605,19.6000003814697,19.9200000762939,475200,18.5722560882568
2021-02-18,19.8999996185303,20,19.3700008392334,19.9500007629395,1094200,18.6002235412598
2021-02-19,19.8999996185303,20.0900001525879,19.6100006103516,19.9899997711182,801900,18.6375198364258
2021-02-22,19.5200004577637,19.7399997711182,19.0300006866455,19.3799991607666,1230800,18.0687885284424
2021-02-23,19.25,19.4300003051758,19.1100006103516,19.3899993896484,666400,18.0781135559082
2021-02-24,19.2800006866455,19.3899993896484,18.5,18.9799995422363,1653300,17.6958484649658
2021-02-25,19.2000007629395,19.3899993896484,18.5,19,1027400,17.7145004272461
2021-02-26,18.8500003814697,19,17.8099994659424,19,1246700,17.7145004272461
2021-03-01,18.9899997711182,18.9899997711182,18.0499992370605,18.4400005340576,925900,17.1923923492432
2021-03-02,18.4200000762939,18.4200000762939,17.3799991607666,18.0699996948242,810400,16.8474235534668
2021-03-03,17.8999996185303,18.0599994659424,16.8500003814697,17.6000003814697,1753000,16.4092235565186
2021-03-04,17.5499992370605,18.5699996948242,17.1900005340576,18.5699996948242,1469800,17.3135929107666
2021-03-05,18.5,18.8600006103516,17.7099990844727,18.8600006103516,923200,17.5839710235596
2021-03-08,18.3899993896484,18.5699996948242,18.0100002288818,18.0100002288818,610900,16.791482925415
2021-03-09,18.0200004577637,18.3999996185303,17.1299991607666,17.3299999237061,878100,16.1574897766113
2021-03-10,17.5699996948242,17.5699996948242,16.2600002288818,17,2441200,15.849817276001
2021-03-11,16.8600006103516,17.75,16.6800003051758,17.75,1284900,16.5490741729736
2021-03-12,17.5,19.1700000762939,17.3199996948242,18.9300003051758,814600,17.6492385864258
2021-03-15,19,19.6599998474121,18.8500003814697,19.2999992370605,1845700,17.9942054748535
2021-03-16,19.2999992370605,19.2999992370605,18.8999996185303,19.25,980800,17.9475860595703
2021-03-17,19.3500003814697,19.5699996948242,18.9300003051758,19.4899997711182,865100,18.1713447570801
2021-03-18,19.4899997711182,19.4899997711182,18.6599998474121,19,712200,17.7145004272461
2021-03-19,18.9500007629395,19.3299999237061,18.7099990844727,19.0499992370605,903700,17.761116027832
2021-03-22,19.0499992370605,19.6000003814697,18.8999996185303,19.0900001525879,1105200,17.7984104156494
2021-03-23,19.7399997711182,21.5799999237061,19.5400009155273,21.0900001525879,5820500,19.6630954742432
2021-03-24,21.0900001525879,21.7900009155273,20.3999996185303,21.0699996948242,2566500,19.6444473266602
2021-03-25,21.0799999237061,21.3299999237061,20.0699996948242,20.3999996185303,3640800,19.0197792053223
2021-03-26,20.4500007629395,20.5100002288818,19.3199996948242,19.7000007629395,1078600,18.3671379089355
2021-03-29,19.7299995422363,20.4300003051758,19.3500003814697,20.0900001525879,741900,18.7307510375977
2021-03-30,20.25,20.4300003051758,19.6900005340576,20.2999992370605,1236600,18.9265441894531
2021-03-31,20.2099990844727,20.4500007629395,19.8099994659424,20.3899993896484,1295900,19.0104560852051
2021-04-01,21,21.5599994659424,20.6299991607666,21.1299991607666,3703000,19.7003860473633
2021-04-05,21.1299991607666,21.1299991607666,20.5,21.0100002288818,1393700,19.588508605957
2021-04-06,20.9899997711182,21,20.6000003814697,20.6700000762939,621500,19.2715129852295
2021-04-07,20.6800003051758,20.8400001525879,20.0599994659424,20.2000007629395,1251200,18.8333110809326
2021-04-08,20.4099998474121,20.6000003814697,20.1800003051758,20.4899997711182,579700,19.1036911010742
2021-04-09,20.4799995422363,21.5699996948242,20.0599994659424,21.4899997711182,1826900,20.0360317230225
2021-04-12,21.7000007629395,22.2900009155273,20.9300003051758,22.2900009155273,1702300,20.7819080352783
2021-04-13,22.1800003051758,22.5599994659424,21.8500003814697,21.9400005340576,870800,20.4555854797363
2021-04-14,22.0400009155273,22.2000007629395,21.3199996948242,21.7199993133545,1446300,20.2504692077637
2021-04-15,21.75,23.3400001525879,21.75,23.2600002288818,2430200,21.6862812042236
2021-04-16,23.2600002288818,23.3700008392334,22.5599994659424,22.75,1012500,21.2107830047607
2021-04-19,22.7600002288818,22.8600006103516,22.0799999237061,22.5,1129100,20.9776973724365
2021-04-20,22.3999996185303,23.1499996185303,21.75,22.1000003814697,963300,20.6047611236572
2021-04-22,22.2600002288818,22.3799991607666,21.6499996185303,22,644000,20.5115261077881
2021-04-23,22.1000003814697,22.3799991607666,21.8199996948242,22.2000007629395,1143200,20.697998046875
2021-04-26,22.7900009155273,22.8500003814697,21.6599998474121,21.8199996948242,794900,20.3437023162842
2021-04-27,21.8999996185303,22.3999996185303,21.1200008392334,21.8199996948242,1149600,20.3437023162842
2021-04-28,21.8199996948242,22.2700004577637,21.6000003814697,22.1299991607666,644600,20.6327323913574
2021-04-29,22.3799991607666,22.6599998474121,22.1000003814697,22.3500003814697,1691000,20.8378448486328
2021-04-30,22.2800006866455,22.7199993133545,22.0200004577637,22.5499992370605,543100,21.0243148803711
2021-05-03,22.5599994659424,23.7199993133545,22.4799995422363,23.1200008392334,1456100,21.5557460784912
2021-05-04,23.3799991607666,24.0599994659424,23.1700000762939,23.4899997711182,1046400,21.9007167816162
2021-05-05,23.7199993133545,24.3700008392334,23.4300003051758,24.2299995422363,1406400,22.5906524658203
2021-05-06,24.3199996948242,24.9200000762939,23.8099994659424,24.5900001525879,1186200,22.9262924194336
2021-05-07,24.6399993896484,25,24.1000003814697,24.8199996948242,705800,23.1407279968262
2021-05-10,25.0200004577637,25.1299991607666,23.6000003814697,24.8500003814697,1553500,23.1687030792236
2021-05-11,24.8500003814697,25.2600002288818,23.5900001525879,25,1684300,23.3085517883301
2021-05-12,24.8500003814697,25.2399997711182,24.1100006103516,24.6000003814697,2194400,22.9356155395508
2021-05-13,24.75,24.9500007629395,24.2099990844727,24.7000007629395,916000,23.0288505554199
2021-05-14,24.9599990844727,25.6200008392334,24.8600006103516,25.3999996185303,1704600,23.681489944458
2021-05-17,25.3999996185303,25.9200000762939,25.0100002288818,25.0100002288818,756300,23.3178768157959
2021-05-18,25.0599994659424,25.9599990844727,25.0599994659424,25.5100002288818,1334700,23.7840442657471
2021-05-19,25.3099994659424,25.9500007629395,25.25,25.8999996185303,1999300,24.1476593017578
2021-05-20,25.8400001525879,27.3400001525879,25.8400001525879,27,5039100,25.1732349395752
2021-05-21,27,27.7999992370605,26.6000003814697,27.3899993896484,2413400,25.5368499755859
2021-05-24,27.3999996185303,27.7000007629395,27.1000003814697,27.2999992370605,2509800,25.4529399871826
2021-05-25,27.3500003814697,28.0799999237061,27.3199996948242,27.8799991607666,1213000,25.9936981201172
2021-05-26,27.8600006103516,27.8899993896484,26.5100002288818,27.0200004577637,3946700,25.1918888092041
2021-05-27,27.0599994659424,27.3700008392334,26.6900005340576,26.6900005340576,2450500,24.8842163085938
2021-05-28,27.3700008392334,28,26.9899997711182,27.3700008392334,2411700,25.5182056427002
2021-05-31,27.7299995422363,29.1000003814697,27.7099990844727,28.3999996185303,3740500,26.478515625
2021-06-01,28.6299991607666,28.8700008392334,27.1800003051758,28.0400009155273,5363600,26.1428737640381
2021-06-02,28.3199996948242,29.6700000762939,28.3199996948242,29.1000003814697,2415800,27.1311569213867
2021-06-04,29.3199996948242,29.9799995422363,29,29.8700008392334,1823300,27.8490600585938
2021-06-07,29.8700008392334,30.4200000762939,29.7999992370605,30.2299995422363,1870100,28.184700012207
2021-06-08,30.3199996948242,30.3400001525879,29.3199996948242,30.0100002288818,2177400,27.9795875549316
2021-06-09,30.1299991607666,30.3700008392334,29.4099998474121,29.4099998474121,1018100,27.4201812744141
2021-06-10,29.6800003051758,29.9300003051758,29.3999996185303,29.5,797300,27.504093170166
2021-06-11,29.8500003814697,30.4099998474121,29.5300006866455,29.7000007629395,1338600,27.6905612945557
2021-06-14,29.75,30.1000003814697,28.7199993133545,29.2000007629395,2236300,27.2243881225586
2021-06-15,29.2800006866455,29.6499996185303,28.3999996185303,28.5499992370605,1896900,26.6183624267578
2021-06-16,28.6000003814697,29,27.7900009155273,28.2600002288818,2156700,26.3479881286621
2021-06-17,28.3500003814697,28.5,27.8099994659424,28,946300,26.1055793762207
2021-06-18,28.0400009155273,28.3099994659424,27.2999992370605,27.5699996948242,2685600,25.7046737670898
2021-06-21,27.7000007629395,28.3899993896484,27.5,28.3899993896484,1177900,26.4691944122314
2021-06-22,28.5,29.8199996948242,28.2800006866455,29.8199996948242,2109600,27.8024406433105
2021-06-23,29.9200000762939,30.1800003051758,29.1900005340576,29.8199996948242,1154100,27.8024406433105
2021-06-24,29.8999996185303,30.0200004577637,29.0699996948242,29.5400009155273,743900,27.5413856506348
2021-06-25,29.6200008392334,29.7000007629395,28.3099994659424,28.9099998474121,1296100,26.9540100097656
2021-06-28,29,29.1900005340576,28.5499992370605,29.1399993896484,862700,27.1684513092041
2021-06-29,29.25,29.6200008392334,27.7299995422363,28.6900005340576,1643800,26.7488956451416
2021-06-30,28.6299991607666,28.7900009155273,27.7900009155273,28.7000007629395,2168100,26.7582206726074
2021-07-01,28.4500007629395,28.4699993133545,27.6200008392334,28.2999992370605,1877400,26.3852806091309
2021-07-02,28.2000007629395,28.5200004577637,27.9400005340576,28.0400009155273,958900,26.1428737640381
2021-07-05,28.0400009155273,28.0799999237061,26.8999996185303,27.3799991607666,1843300,25.5275268554688
2021-07-06,27.3799991607666,27.5799999237061,27.1399993896484,27.4099998474121,1170900,25.5554981231689
2021-07-07,27.5,27.7999992370605,26.6700000762939,27.6000003814697,1083000,25.7326393127441
2021-07-08,27.3199996948242,27.3199996948242,26.6499996185303,27,1228900,25.1732349395752
2021-07-12,27.6900005340576,27.8999996185303,26.75,27.7399997711182,1371800,25.863166809082
2021-07-13,27.6800003051758,27.8099994659424,27.1200008392334,27.7000007629395,608800,25.8258781433105
2021-07-14,27.6100006103516,28.3099994659424,27.5599994659424,28.1700000762939,1435000,26.2640781402588
2021-07-15,28.1700000762939,28.6200008392334,27.4300003051758,27.9699993133545,1327300,26.0776062011719
2021-07-16,27.9500007629395,28.3099994659424,27.6800003051758,28.2399997711182,755600,26.3293418884277
2021-07-19,28,28.4300003051758,27.7000007629395,28.0699996948242,1301200,26.1708431243896
2021-07-20,28.0799999237061,28.4200000762939,27.6299991607666,28,743500,26.1055793762207
2021-07-21,28.1000003814697,28.1800003051758,27.2099990844727,28,2243300,26.1055793762207
2021-07-22,27.8999996185303,28.0699996948242,27.6000003814697,27.9400005340576,1049700,26.0496387481689
2021-07-23,28.0400009155273,28.0400009155273,27.3199996948242,27.8799991607666,763400,25.9936981201172
2021-07-26,27.6700000762939,27.8199996948242,27.0300006866455,27.1000003814697,1452300,25.266471862793
2021-07-27,27.1200008392334,27.2199993133545,26.1200008392334,26.8099994659424,1393800,24.99609375
2021-07-28,27,27.6000003814697,26.2299995422363,27.5699996948242,1621100,25.7046737670898
2021-07-29,27.6499996185303,28.1299991607666,27.3099994659424,28.1000003814697,2915700,26.1988124847412
2021-07-30,28.0300006866455,29.6100006103516,28.0100002288818,28.8999996185303,4473500,26.9446849822998
2021-08-02,29.4099998474121,30.7199993133545,29.3999996185303,29.75,2756100,27.7371788024902
2021-08-03,30.2000007629395,30.3199996948242,29.1000003814697,29.9899997711182,1046800,27.9609394073486
2021-08-04,29.75,29.8899993896484,29.1399993896484,29.5,945900,27.6558494567871
2021-08-05,29.9899997711182,30,29.2099990844727,30,1098700,28.1245937347412
2021-08-06,30.2299995422363,30.5,29.6000003814697,30.5,1311900,28.5933361053467
2021-08-09,30.5,31.1200008392334,29.7999992370605,30.0499992370605,1305900,28.1714668273926
2021-08-10,30.0699996948242,30.3600006103516,29.3799991607666,29.8600006103516,806500,27.9933433532715
2021-08-11,29.8099994659424,30.1499996185303,29.2600002288818,29.8799991607666,988100,28.0120964050293
2021-08-12,29.8700008392334,30.2600002288818,28.1599998474121,28.5799999237061,2323600,26.7933597564697
2021-08-13,28.5499992370605,28.6000003814697,27.0200004577637,28.4099998474121,1980800,26.6339893341064
2021-08-16,28.1100006103516,28.1100006103516,25.2000007629395,26.4599990844727,4413800,24.8058910369873
2021-08-17,25.7099990844727,25.9300003051758,24.2099990844727,25.5699996948242,3396300,23.9715270996094
2021-08-18,25.4699993133545,26.4599990844727,24.75,26.1200008392334,3957300,24.4871444702148
2021-08-19,25.6800003051758,27.2399997711182,25.1499996185303,27.2000007629395,2295000,25.4996318817139
2021-08-20,26.9899997711182,28.7999992370605,26.3400001525879,28.5499992370605,2427900,26.7652320861816
2021-08-23,28.5499992370605,28.5499992370605,27.2700004577637,27.7000007629395,1022700,25.9683742523193
2021-08-24,28.3999996185303,28.7800006866455,27.7700004577637,28,1216300,26.2496204376221
2021-08-25,28.4899997711182,29.9300003051758,28,29.7600002288818,2907800,27.8995990753174
2021-08-26,29.6499996185303,30.9200000762939,29.3999996185303,29.8500003814697,2941100,27.9839744567871
2021-08-27,29.8700008392334,30.4500007629395,29.8099994659424,30,2638600,28.1245937347412
2021-08-30,30.1399993896484,30.7600002288818,29.3700008392334,29.3700008392334,1549800,27.5339794158936
2021-08-31,29.3199996948242,29.5499992370605,28.75,28.8999996185303,1662400,27.093355178833
2021-09-01,29.1100006103516,29.5400009155273,28.3299999237061,28.9400005340576,2020600,27.1308555603027
2021-09-02,28.9300003051758,28.9300003051758,28.1200008392334,28.2800006866455,1211200,26.512113571167
2021-09-03,28.5900001525879,28.5900001525879,27.5499992370605,28.5400009155273,2843300,26.7558650970459
2021-09-06,28.3299999237061,28.5300006866455,28,28.2999992370605,1039200,26.5308647155762
2021-09-08,27.7900009155273,28.1800003051758,27.25,27.5,1754400,25.7808780670166
2021-09-09,27.4200000762939,28.5,26.6399993896484,28,1981200,26.2496204376221
2021-09-10,28.5,28.8199996948242,27.6399993896484,28.7999992370605,4032900,26.999605178833
2021-09-13,29.2099990844727,30.2000007629395,28.8500003814697,30,3012400,28.1245937347412
2021-09-14,30,31.2199993133545,29.7199993133545,30.4099998474121,2135100,28.5089645385742
2021-09-15,30.4500007629395,30.8299999237061,29.7199993133545,29.9699993133545,2328000,28.0964679718018
2021-09-16,29.9300003051758,30.5900001525879,29.5100002288818,30.3999996185303,1403800,28.4995861053467
2021-09-17,30.4099998474121,31.2000007629395,29.7700004577637,30.8500003814697,2917600,28.9214553833008
2021-09-20,30.7700004577637,30.9799995422363,29.5699996948242,30,2721300,28.1245937347412
2021-09-21,30.25,31.5799999237061,29.4099998474121,30.8099994659424,3825400,28.8839550018311
2021-09-22,31.2999992370605,32.3499984741211,30.8099994659424,31.7000007629395,3791400,29.7183208465576
2021-09-23,31.9799995422363,32.9700012207031,31.8799991607666,32.3699989318848,2193900,30.3464336395264
2021-09-24,31.9899997711182,33.2999992370605,31.7700004577637,33.1199989318848,1336700,31.0495548248291
2021-09-27,33.3199996948242,33.9000015258789,32.2200012207031,32.4099998474121,1761900,30.3839340209961
2021-09-28,32.0699996948242,32.4599990844727,31.1299991607666,31.3299999237061,1337600,29.3714504241943
2021-09-29,31.6599998474121,32.0099983215332,30.7299995422363,31.3700008392334,1374200,29.4089508056641
2021-09-30,31.6299991607666,31.6299991607666,30.6499996185303,31.1700000762939,1945000,29.2214508056641
2021-10-01,31.1200008392334,31.4200000762939,30.1700000762939,31.2800006866455,1360100,29.324577331543
2021-10-04,31.4599990844727,32.2999992370605,29,29.0499992370605,2531600,27.233980178833
2021-10-05,29.3500003814697,29.5599994659424,27.6299991607666,27.9500007629395,3804700,26.2027454376221
2021-10-06,27.5,28.1499996185303,26.5100002288818,27.7999992370605,3430300,26.0621204376221
2021-10-07,28,28.4899997711182,27,27.7999992370605,2542600,26.0621204376221
2021-10-08,28,28.7700004577637,27.5699996948242,28.2199993133545,1449200,26.4558658599854
2021-10-11,28.2000007629395,28.2199993133545,27.3700008392334,27.7399997711182,1412700,26.0058689117432
2021-10-13,27.8600006103516,29.4699993133545,27.6399993896484,29.4699993133545,1789400,27.627721786499
2021-10-14,29.2299995422363,29.9200000762939,29.1299991607666,29.7199993133545,1739600,27.862096786499
2021-10-15,29.8500003814697,30.3299999237061,29.5900001525879,29.6499996185303,696400,27.7964725494385
2021-10-18,29.2700004577637,30.0900001525879,28.8400001525879,29.8099994659424,825100,27.9464683532715
2021-10-19,29.5,29.7000007629395,28.4300003051758,28.6299991607666,1187000,26.8402347564697
2021-10-20,28.7600002288818,28.9799995422363,28.0400009155273,28.6299991607666,1327400,26.8402347564697
2021-10-21,28.25,29.4200000762939,27.7399997711182,28.6700000762939,3032200,26.8777370452881
2021-10-22,28.4300003051758,28.6499996185303,26.3700008392334,27.4300003051758,2115200,25.7152557373047
2021-10-25,27.6700000762939,28.6900005340576,27.4899997711182,28.5599994659424,1332600,26.7746143341064
2021-10-26,28.5,28.5799999237061,27.5100002288818,27.7800006866455,865700,26.0433750152588
2021-10-27,27.9899997711182,28.3799991607666,27.6200008392334,27.8799991607666,2201300,26.1371212005615
2021-10-28,27.3299999237061,27.3299999237061,26.0499992370605,27.1599998474121,6099300,25.4621295928955
2021-10-29,26.8500003814697,27.2600002288818,26.3199996948242,26.3199996948242,2553600,24.6746387481689
2021-11-01,26.6000003814697,26.7900009155273,25.7199993133545,26.6900005340576,1711500,25.0215167999268
2021-11-03,26.4200000762939,27.7000007629395,26.2099990844727,27.5400009155273,1443200,25.8183746337891
2021-11-04,27.3500003814697,28.0200004577637,26.7700004577637,27,1068800,25.3121299743652
2021-11-05,27.0400009155273,27.7099990844727,26.8500003814697,27.4799995422363,1243900,25.7621231079102
2021-11-08,27.3099994659424,27.7900009155273,26.7999992370605,26.9200000762939,866200,25.237133026123
2021-11-09,27.1200008392334,28.2199993133545,26.9699993133545,27.5400009155273,1258800,25.8183746337891
2021-11-10,27.5,28.6200008392334,27.4500007629395,28.2700004577637,2168600,26.502742767334
2021-11-11,28.3600006103516,30.2900009155273,28.0799999237061,29.7299995422363,3325100,27.8714714050293
2021-11-12,29.6599998474121,30.2199993133545,29.1900005340576,30.0599994659424,1502000,28.1808433532715
2021-11-16,29.9300003051758,30.2000007629395,28.9400005340576,29.1499996185303,955300,27.3277263641357
2021-11-17,29.3400001525879,29.5,28,28.5599994659424,980900,26.7746143341064
2021-11-18,28.8899993896484,29.1700000762939,28.1399993896484,28.5599994659424,959900,26.7746143341064
2021-11-19,29.3700008392334,29.8400001525879,28.75,29.0499992370605,1238800,27.233980178833
2021-11-22,29.0699996948242,29.3500003814697,27.7099990844727,27.8700008392334,1271000,26.1277446746826
2021-11-23,28,28.0699996948242,26.3600006103516,27.1900005340576,1656100,25.490255355835
2021-11-24,26.8999996185303,27.0599994659424,26.3299999237061,27.0300006866455,1390300,25.3402557373047
2021-11-25,26.8500003814697,28.25,26.7700004577637,28.1499996185303,1288400,26.3902435302734
2021-11-26,27.2800006866455,27.3400001525879,26.6000003814697,27.1599998474121,913400,25.4621295928955
2021-11-29,27.3700008392334,27.6499996185303,26.8799991607666,27.1499996185303,1384000,25.4527530670166
2021-11-30,27,27.1100006103516,26.0599994659424,26.5400009155273,1532100,24.8808898925781
2021-12-01,27.6499996185303,27.6499996185303,24.75,24.75,2177700,23.2027893066406
2021-12-02,24.7000007629395,25.7600002288818,24.6000003814697,25.7600002288818,1439900,24.1496486663818
2021-12-03,25.8500003814697,26.6399993896484,25.4599990844727,25.8899993896484,1070700,24.2715225219727
2021-12-06,25.9200000762939,26.7299995422363,25.75,26.5499992370605,899900,24.8902626037598
2021-12-07,26.6700000762939,27.2700004577637,26.2000007629395,26.4599990844727,1070900,24.8058910369873
2021-12-08,26.4599990844727,27.4699993133545,26.1800003051758,27.2399997711182,739200,25.537130355835
2021-12-09,27.1499996185303,28.1800003051758,26.8999996185303,27.25,945000,25.5465049743652
2021-12-10,27.5200004577637,28.7099990844727,27.5,28.0300006866455,906900,26.2777442932129
2021-12-13,28.2600002288818,28.7999992370605,27.6499996185303,27.8799991607666,1032600,26.1371212005615
2021-12-14,28,28.1599998474121,26.8099994659424,26.9300003051758,944600,25.2465114593506
2021-12-15,26.8099994659424,27.7700004577637,26.6700000762939,27.6700000762939,575200,25.9402503967285
2021-12-16,27.8999996185303,28.2000007629395,26.9300003051758,27.2900009155273,696700,25.5840034484863
2021-12-17,27.1800003051758,27.5900001525879,26.5300006866455,27.5900001525879,1074400,25.8652496337891
2021-12-20,27.1399993896484,27.5200004577637,26.2700004577637,27.1399993896484,855700,25.4433822631836
2021-12-21,27.4500007629395,27.5,26.5200004577637,27.3999996185303,816600,25.687126159668
2021-12-22,27.4400005340576,27.8899993896484,27.1200008392334,27.2999992370605,715100,25.5933799743652
2021-12-23,27.3400001525879,27.5100002288818,26.8199996948242,26.9400005340576,509300,25.2558841705322
2021-12-27,26.9300003051758,27.4699993133545,26.9300003051758,27.2800006866455,745200,25.5746269226074
2021-12-28,27.0799999237061,28.0100002288818,27.0799999237061,27.5100002288818,735700,25.7902507781982
2021-12-29,27.4799995422363,27.6000003814697,26.6700000762939,26.75,611400,25.0777626037598
2021-12-30,26.7600002288818,28.1499996185303,26.7600002288818,27.9699993133545,1670100,26.221492767334
2022-01-03,28.2600002288818,28.2999992370605,26.7199993133545,26.7800006866455,748000,25.1058864593506
2022-01-04,26.7999992370605,26.9899997711182,25.75,25.8500003814697,969700,24.2340259552002
2022-01-05,25.7999992370605,25.9200000762939,23.2299995422363,24.8899993896484,2221100,23.3340358734131
2022-01-06,24.8700008392334,24.8700008392334,23.6499996185303,23.9200000762939,1350200,22.424674987793
2022-01-07,23.8999996185303,24.2099990844727,23.4099998474121,24,1170900,22.4996738433838
2022-01-10,23.8500003814697,23.8500003814697,22.4200000762939,23.4899997711182,1390800,22.021556854248
2022-01-11,23.4899997711182,23.8500003814697,23.0599994659424,23.5799999237061,1182800,22.1059322357178
2022-01-12,23.7000007629395,24.4099998474121,23.4500007629395,24.3099994659424,717000,22.7902927398682
2022-01-13,24.4899997711182,24.4899997711182,23.8099994659424,24.1700000762939,675800,22.6590442657471
2022-01-14,24.0100002288818,24.4899997711182,23.2099990844727,24.4899997711182,783800,22.9590396881104
2022-01-17,24.2999992370605,25.0599994659424,24.2999992370605,24.9400005340576,665500,23.3809127807617
2022-01-18,24.8899993896484,24.8899993896484,23.7800006866455,24.0799999237061,1287800,22.574670791626
2022-01-19,24.1100006103516,25.1399993896484,23.9099998474121,24.8700008392334,1348400,23.3152885437012
2022-01-20,24.8700008392334,27.1299991607666,24.8700008392334,26.1299991607666,1678100,24.4965171813965
2022-01-21,26,27.2999992370605,25.8199996948242,26.9300003051758,1395300,25.2465114593506
2022-01-24,26.8799991607666,27.3299999237061,25.8600006103516,27.3299999237061,1519700,25.6215019226074
2022-01-25,27.1299991607666,29.5,26.7600002288818,29.2900009155273,1649400,27.4589767456055
2022-01-26,29.3099994659424,30.5,28.7999992370605,30.0799999237061,2170000,28.1995944976807
2022-01-27,30.0200004577637,30.7099990844727,29.3099994659424,30.2999992370605,1228300,28.4058361053467
2022-01-28,30.1900005340576,30.7700004577637,30,30.3600006103516,1260400,28.4620838165283
2022-01-31,30.2600002288818,31.3600006103516,30.2600002288818,31.2999992370605,1094800,29.3433227539062
2022-02-01,31.2900009155273,31.4799995422363,30.1000003814697,30.7199993133545,946600,28.7995834350586
2022-02-02,30.7199993133545,31.1100006103516,29.4200000762939,29.8099994659424,1300200,27.9464683532715
2022-02-03,29.7900009155273,30.1599998474121,29.0900001525879,30.1000003814697,1093300,28.2183418273926
2022-02-04,30.1000003814697,31.1000003814697,29.0599994659424,30.8400001525879,985400,28.9120807647705
2022-02-07,30.7999992370605,31.2800006866455,30.2299995422363,30.8999996185303,1402500,28.9683284759521
2022-02-08,30.6000003814697,30.7999992370605,30.1200008392334,30.4099998474121,687600,28.5089645385742
2022-02-09,30.4099998474121,31.2299995422363,30.3400001525879,30.5799999237061,788700,28.6683368682861
2022-02-10,30.6599998474121,31.6599998474121,30.0300006866455,31.0499992370605,1029200,29.1089534759521
2022-02-11,31.1599998474121,31.5900001525879,29.7600002288818,30.1399993896484,1411000,28.255838394165
2022-02-14,30.1700000762939,31.1399993896484,29.6299991607666,30.6100006103516,978500,28.6964588165283
2022-02-15,30.75,31.7800006866455,30.75,31.4300003051758,1441200,29.4651947021484
2022-02-16,31.5599994659424,32.7799987792969,31.2999992370605,32.5299987792969,2980200,30.4964351654053
2022-02-17,32.5200004577637,32.8499984741211,32,32.5200004577637,1201600,30.4870548248291
2022-02-18,32.5400009155273,32.6599998474121,31.4699993133545,31.7700004577637,1011500,29.7839431762695
2022-02-21,31.8400001525879,31.9899997711182,30.4400005340576,30.9500007629395,914900,29.0152053833008
2022-02-22,31.1599998474121,32.2000007629395,31,31.4099998474121,1109000,29.4464473724365
2022-02-23,31.5200004577637,32.1100006103516,30.9300003051758,31.2000007629395,1843200,29.2495746612549
2022-02-24,29.9200000762939,32.1699981689453,29.4099998474121,32.1100006103516,1994400,30.102689743042
2022-02-25,31.8500003814697,33.9900016784668,31.3799991607666,33.3600006103516,2296400,31.2745475769043
2022-03-02,33.2999992370605,33.8499984741211,32.5299987792969,33.5499992370605,1028500,31.4526672363281
2022-03-03,33.7099990844727,34.310001373291,32.7200012207031,33.2700004577637,1119100,31.1901721954346
2022-03-04,33.2000007629395,33.5400009155273,31.75,31.8700008392334,1258000,29.8776931762695
2022-03-07,32.0499992370605,32.0499992370605,30.0300006866455,31,1751500,29.0620765686035
2022-03-08,31.2900009155273,31.7600002288818,30.6200008392334,31.6499996185303,1051800,29.6714458465576
2022-03-09,31.7999992370605,32.6300010681152,31.7000007629395,32.5999984741211,1912900,30.5620555877686
2022-03-10,32.2200012207031,32.689998626709,31.3899993896484,32.2200012207031,1191800,30.2058143615723
2022-03-11,32.2000007629395,32.4199981689453,30.8799991607666,31.3700008392334,1204300,29.5719566345215
2022-03-14,31.2000007629395,32.0400009155273,30.9799995422363,31.1700000762939,760400,29.3834190368652
2022-03-15,30.8700008392334,31.8999996185303,30.8600006103516,31.8999996185303,747900,30.0715789794922
2022-03-16,32,32.5499992370605,31.75,32.5499992370605,1262500,30.6843166351318
2022-03-17,32.5499992370605,32.7999992370605,31.2299995422363,32.2900009155273,1950100,30.4392242431641
2022-03-18,32.0999984741211,32.9099998474121,31.8899993896484,32.6800003051758,917400,30.8068675994873
2022-03-21,32.6100006103516,33.5,32.1500015258789,32.9300003051758,1858600,31.0425434112549
2022-03-22,32.9300003051758,33.5,32.5400009155273,33.5,1390900,31.5798664093018
2022-03-23,33.3699989318848,33.7700004577637,32.9000015258789,33.6800003051758,809500,31.7495536804199
2022-03-24,33.6199989318848,34.439998626709,33.2099990844727,33.8899993896484,916500,31.9475135803223
2022-03-25,34,34.2900009155273,33.689998626709,33.8699989318848,1389800,31.9286632537842
2022-03-28,33.8400001525879,34.1699981689453,32.5999984741211,32.7400016784668,1193700,30.863431930542
2022-03-29,33.0299987792969,34.6500015258789,33.0299987792969,33.8800010681152,2386400,31.9380912780762
2022-03-30,33.9500007629395,34.4700012207031,33.0900001525879,33.7099990844727,1810800,31.7778339385986
2022-03-31,33.3499984741211,34.2099990844727,33.3499984741211,33.75,1389400,31.8155422210693
2022-04-01,33.9199981689453,34.4799995422363,33.2900009155273,33.9300003051758,1715500,31.985221862793
2022-04-04,33.7099990844727,35.0499992370605,33.5900001525879,34.4900016784668,2314100,32.5131340026855
2022-04-05,34.5099983215332,34.6599998474121,33.2599983215332,33.6199989318848,1320200,31.6929931640625
2022-04-06,33.3899993896484,33.3899993896484,31.3999996185303,31.9599990844727,3056000,30.128137588501
2022-04-07,31.8799991607666,32.1199989318848,31.3700008392334,31.7000007629395,1859800,29.8830432891846
2022-04-08,31.7900009155273,31.7900009155273,30.2399997711182,31.5499992370605,3189700,29.7416400909424
2022-04-11,31.2999992370605,31.3700008392334,30.7199993133545,31.1000003814697,1161200,29.3174304962158
2022-04-12,31.2000007629395,31.8600006103516,30.7299995422363,31.1599998474121,1067700,29.3739929199219
2022-04-13,31.1299991607666,31.3999996185303,30.6299991607666,30.7800006866455,1458000,29.015775680542
2022-04-14,30.7700004577637,30.8999996185303,29.9500007629395,30,1213300,28.280481338501
2022-04-18,29.7000007629395,30.25,29.5499992370605,30.1000003814697,1838900,28.3747501373291
2022-04-19,29.75,30.5699996948242,29.6900005340576,30.5100002288818,1156100,28.761251449585
2022-04-20,30.7000007629395,30.8400001525879,29.9099998474121,30.0900001525879,1298100,28.3653202056885
2022-04-22,29.7000007629395,29.9500007629395,28.8999996185303,29.1800003051758,924400,27.5074787139893
2022-04-25,28.9699993133545,28.9699993133545,28.2000007629395,28.75,1727300,27.1021270751953
2022-04-26,28.5200004577637,28.9400005340576,28.0799999237061,28.5699996948242,1185300,26.9324417114258
2022-04-27,28.6599998474121,29.2000007629395,28.5599994659424,28.7299995422363,958000,27.08327293396
2022-04-28,29,29.5300006866455,28.5400009155273,29.2099990844727,1021100,27.5357627868652
2022-04-29,29.6499996185303,29.8099994659424,28.2000007629395,28.2000007629395,882100,26.5836524963379
2022-05-02,28.3899993896484,28.5400009155273,27.6200008392334,28.3999996185303,1126400,26.7721881866455
2022-05-03,28.3999996185303,29.7600002288818,28.0799999237061,29.0799999237061,2232300,27.4132137298584
2022-05-04,28.9899997711182,29.5,28.1200008392334,29.3999996185303,1371800,27.7148704528809
2022-05-05,29.1399993896484,29.2099990844727,27.1100006103516,27.6700000762939,2580000,26.0840320587158
2022-05-06,27.5699996948242,27.9200000762939,26.5300006866455,26.9099998474121,2437900,25.3675918579102
2022-05-09,26.2000007629395,26.7800006866455,25.7900009155273,26.5,5739800,24.9810905456543
2022-05-10,26.6599998474121,26.8500003814697,25.8199996948242,26.4899997711182,1212800,24.9716663360596
2022-05-11,26.4799995422363,26.8899993896484,25.8999996185303,26.6599998474121,1400800,25.1319217681885
2022-05-12,26.4400005340576,27.5200004577637,26.0900001525879,27.1900005340576,1187000,25.6315441131592
2022-05-13,27.3299999237061,28.0300006866455,27.1800003051758,27.5799999237061,1214400,25.9991855621338
2022-05-16,27.6499996185303,27.7800006866455,26.9300003051758,27.6200008392334,1548900,26.0368957519531
2022-05-17,27.8700008392334,28.1399993896484,27.2900009155273,27.9099998474121,1239700,26.3102722167969
2022-05-18,27.9099998474121,27.9099998474121,26.6700000762939,26.8299999237061,1437100,25.2921752929688
2022-05-19,26.8999996185303,27.4799995422363,26.4799995422363,27.25,1598300,25.688102722168
2022-05-20,27.4699993133545,27.7000007629395,26.9799995422363,27.4200000762939,1445000,25.8483600616455
2022-05-23,27.5400009155273,27.8700008392334,27.1700000762939,27.7399997711182,2016400,26.1500148773193
2022-05-24,27.3500003814697,27.9899997711182,27.0900001525879,27.9899997711182,891600,26.3856868743896
2022-05-25,27.8199996948242,27.8199996948242,27.0200004577637,27.1599998474121,2680900,25.6032600402832
2022-05-26,27.1700000762939,27.2299995422363,26.2999992370605,26.4599990844727,1998300,24.9433841705322
2022-05-27,26.3799991607666,27.0499992370605,26.3799991607666,26.7900009155273,948700,25.2544689178467
2022-05-30,26.7800006866455,27.0499992370605,25.9599990844727,25.9599990844727,1062000,24.4720420837402
2022-05-31,26.1100006103516,26.2600002288818,25.8600006103516,26.1599998474121,1579500,24.6605815887451
2022-06-01,26.2399997711182,27,26.0699996948242,26.5499992370605,906400,25.0282230377197
2022-06-02,26.6900005340576,26.9899997711182,26.2999992370605,26.9300003051758,1357300,25.3864459991455
2022-06-03,26.8199996948242,26.8899993896484,26.3999996185303,26.5599994659424,662300,25.037654876709
2022-06-06,26.5499992370605,26.7700004577637,26.1100006103516,26.1100006103516,558400,24.6134452819824
2022-06-07,26.0699996948242,26.1000003814697,25.3600006103516,26.0200004577637,726600,24.5286045074463
2022-06-08,25.7999992370605,26.1599998474121,25.4099998474121,26,780400,24.5097522735596
2022-06-09,25.9899997711182,26.1900005340576,25.6200008392334,25.7299995422363,770100,24.2552299499512
2022-06-10,25.5,25.8899993896484,24.6599998474121,25.2600002288818,1633600,23.8121643066406
2022-06-13,24.8899993896484,25.1299991607666,24.3600006103516,24.7999992370605,2087900,23.3785305023193
2022-06-14,24.8099994659424,25.2399997711182,24.4599990844727,24.9500007629395,1580300,23.5199337005615
2022-06-15,25.2199993133545,26.0100002288818,25.1299991607666,25.6700000762939,1594500,24.1986618041992
2022-06-17,25.3099994659424,25.3299999237061,24.7199993133545,25.2299995422363,1535300,23.7838840484619
2022-06-20,25.2299995422363,25.5,24.7099990844727,25.0699996948242,532700,23.633056640625
2022-06-21,25.0799999237061,25.3600006103516,24.7800006866455,25.1100006103516,1146600,23.6707630157471
2022-06-22,24.7199993133545,25.8799991607666,24.6299991607666,25.5799999237061,1169100,24.1138210296631
2022-06-23,25.6200008392334,26.1499996185303,25.2800006866455,25.9500007629395,685900,24.4626159667969
2022-06-24,26.1599998474121,26.7299995422363,25.4500007629395,25.7099990844727,1752900,24.2363719940186
2022-06-27,25.7399997711182,25.9599990844727,25.5100002288818,25.5100002288818,1046600,24.0478343963623
2022-06-28,25.6900005340576,25.7900009155273,24.6000003814697,25,931000,23.567066192627
2022-06-29,24.9400005340576,24.9899997711182,24.4599990844727,24.6800003051758,619100,23.3220272064209
2022-06-30,24.3199996948242,24.8899993896484,24.1000003814697,24.7099990844727,2059300,23.350378036499
2022-07-01,24.8400001525879,25.1800003051758,24.7000007629395,24.8299999237061,1201900,23.4637756347656
2022-07-04,24.8600006103516,24.8600006103516,24,24,627000,22.679443359375
2022-07-05,23.7999992370605,24.1700000762939,23.3400001525879,24.0900001525879,880900,22.7644939422607
2022-07-06,24.1299991607666,24.6299991607666,23.9799995422363,24.4599990844727,1027700,23.1141319274902
2022-07-07,24.7199993133545,25.2600002288818,24.4599990844727,24.6800003051758,668200,23.3220272064209
2022-07-08,24.7399997711182,24.9300003051758,24.1700000762939,24.4200000762939,660200,23.0763359069824
2022-07-11,24.1399993896484,24.4400005340576,23.5200004577637,23.8500003814697,854300,22.5376987457275
2022-07-12,23.7900009155273,23.8999996185303,23.3899993896484,23.5599994659424,1098100,22.2636566162109
2022-07-13,23.6000003814697,25.0699996948242,23.3899993896484,24.5200004577637,1453500,23.1708335876465
2022-07-14,24.3299999237061,25.1399993896484,24.1499996185303,24.1499996185303,1156100,22.8211936950684
2022-07-15,24.25,24.5400009155273,24.0400009155273,24.2099990844727,620300,22.8778877258301
2022-07-18,24.6000003814697,25.3299999237061,24.3600006103516,24.8400001525879,1818500,23.4732246398926
2022-07-19,24.9099998474121,25.8400001525879,24.8600006103516,25.8400001525879,1453200,24.4182014465332
2022-07-20,25.6399993896484,26.7000007629395,25.5100002288818,26.2700004577637,1581400,24.8245429992676
2022-07-21,26.1399993896484,26.6499996185303,26.1000003814697,26.2299995422363,603100,24.7867431640625
2022-07-22,26.2299995422363,26.4699993133545,25.3199996948242,25.7900009155273,729700,24.3709506988525
2022-07-25,25.9799995422363,26.6100006103516,25.9699993133545,26.4400005340576,636200,24.9851875305176
2022-07-26,26.4099998474121,26.8799991607666,25.8799991607666,26.2600002288818,516100,24.8150978088379
2022-07-27,26.3199996948242,27.7299995422363,26.1100006103516,27.5499992370605,1671400,26.0341129302979
2022-07-28,27.8400001525879,28.5,27.3500003814697,27.7000007629395,1618200,26.1758594512939
2022-07-29,27.8299999237061,27.8400001525879,26.9200000762939,27.1900005340576,725900,25.693920135498
2022-08-01,27.1900005340576,27.2700004577637,26.3899993896484,26.7999992370605,1055700,25.3253803253174
2022-08-02,26.5300006866455,26.8299999237061,26.1499996185303,26.3999996185303,851900,25.0657577514648
2022-08-03,26.3999996185303,27.5,26.3799991607666,27.5,1032900,26.110164642334
2022-08-04,27.6299991607666,28.8299999237061,27.6200008392334,28.5,1704600,27.059627532959
2022-08-05,28.3700008392334,28.75,27.9400005340576,28.6499996185303,757100,27.2020454406738
2022-08-08,28.8199996948242,29.3899993896484,28.5,28.7199993133545,785300,27.2685050964355
2022-08-09,28.75,28.9500007629395,27.5,27.7199993133545,1168700,26.3190422058105
2022-08-10,28.0200004577637,28.8999996185303,27.75,28.4300003051758,1480000,26.9931640625
2022-08-11,28.4300003051758,28.6700000762939,27.6700000762939,27.6700000762939,1189700,26.2715721130371
2022-08-12,27.5400009155273,28.5200004577637,27.5100002288818,28.1000003814697,1749500,26.6798419952393
2022-08-15,28.0900001525879,29.2600002288818,27.7000007629395,29.2000007629395,2039300,27.7242488861084
2022-08-16,29.2800006866455,29.4699993133545,28.5799999237061,28.9300003051758,945600,27.4678936004639
2022-08-17,28.7700004577637,28.9599990844727,28.0699996948242,28.7099990844727,1275100,27.2590103149414
2022-08-18,28.8999996185303,28.9200000762939,27.75,28,1448200,26.5848960876465
2022-08-19,27.8999996185303,27.9899997711182,26.75,27.0599994659424,1006300,25.6924057006836
2022-08-22,26.9500007629395,26.9500007629395,26.1499996185303,26.8999996185303,1105600,25.5404891967773
2022-08-23,26.8400001525879,27.4699993133545,26.6599998474121,27.2999992370605,974300,25.9202747344971
2022-08-24,27.1499996185303,27.9400005340576,27.1499996185303,27.6499996185303,1292000,26.2525806427002
2022-08-25,27.7600002288818,28.2600002288818,27.6299991607666,28.1599998474121,1085400,26.7368106842041
2022-08-26,28.1800003051758,28.4799995422363,27.7099990844727,27.7700004577637,484600,26.3665199279785
2022-08-29,27.5699996948242,28.0599994659424,27.2700004577637,27.6499996185303,1314200,26.2525806427002
2022-08-30,27.6599998474121,28.2299995422363,27.25,27.7399997711182,1034000,26.3380355834961
2022-08-31,27.7999992370605,28.3400001525879,27.5300006866455,27.6200008392334,783100,26.2241020202637
2022-09-01,27.6800003051758,28.4500007629395,27.5,28.4500007629395,1115500,27.0121536254883
2022-09-02,28.7099990844727,28.9200000762939,28.3299999237061,28.3700008392334,875700,26.9361972808838
2022-09-05,28.2600002288818,28.9799995422363,28.0699996948242,28.7600002288818,824400,27.3064842224121
2022-09-06,28.6299991607666,28.7099990844727,28.0100002288818,28.4300003051758,1830700,26.9931640625
2022-09-08,28.5300006866455,29.0900001525879,27.8099994659424,29,1186400,27.5343551635742
2022-09-09,29.2000007629395,29.3500003814697,28.3500003814697,29.1499996185303,1070600,27.6767749786377
2022-09-12,29.3899993896484,29.6000003814697,28.9599990844727,29.2299995422363,863100,27.7527294158936
2022-09-13,29.25,29.3199996948242,28.5200004577637,28.8500003814697,827800,27.3919372558594
2022-09-14,28.8899993896484,29.2900009155273,28.5599994659424,28.8099994659424,1177600,27.3539581298828
2022-09-15,28.7999992370605,28.8700008392334,27.8899993896484,28.1499996185303,706500,26.7273139953613
2022-09-16,27.8899993896484,28.6599998474121,27.3500003814697,28.3500003814697,668800,26.9172058105469
2022-09-19,28.2399997711182,29.0300006866455,28.1599998474121,28.7199993133545,684900,27.2685050964355
2022-09-20,28.3999996185303,29.3600006103516,28.3999996185303,29.0400009155273,971500,27.5723361968994
2022-09-21,28.9899997711182,29.8899993896484,28.8199996948242,29.1000003814697,1331600,27.6293048858643
2022-09-22,29.3799991607666,30.2000007629395,28.6599998474121,29.9400005340576,1271800,28.4268493652344
2022-09-23,29.3899993896484,30.3600006103516,29.2199993133545,30.1000003814697,794500,28.578763961792
2022-09-26,30.1399993896484,30.1399993896484,29.0599994659424,29.2800006866455,272000,27.8002052307129
2022-09-27,28.8099994659424,29.1000003814697,28.7299995422363,28.8700008392334,488800,27.4109287261963
2022-09-28,28.8899993896484,29.1800003051758,28.6000003814697,29.0100002288818,456000,27.5438499450684
2022-09-29,28.7099990844727,29.5200004577637,28.5499992370605,29.0799999237061,1275400,27.6103115081787
2022-09-30,29.0400009155273,29.7800006866455,28.7800006866455,29.5400009155273,571100,28.0470638275146
2022-10-03,29.8700008392334,31.5499992370605,29.8700008392334,31.4200000762939,1985000,29.8320503234863
2022-10-04,31.6700000762939,32.1100006103516,31.0300006866455,31.5,906900,29.9080047607422
2022-10-05,31.5100002288818,32.1699981689453,31.3799991607666,31.5100002288818,570100,29.9175052642822
2022-10-06,31.5100002288818,32.1699981689453,31.5100002288818,31.9799995422363,909900,30.363748550415
2022-10-07,31.7000007629395,32.3899993896484,31.6299991607666,32.0099983215332,1575900,30.3922271728516
2022-10-10,32.0099983215332,32.8400001525879,31.8400001525879,32.2099990844727,996000,30.582124710083
2022-10-11,32.0999984741211,32.4599990844727,31.4599990844727,32.4599990844727,1189000,30.8194885253906
2022-10-13,31.8500003814697,32.689998626709,31.5100002288818,32.5999984741211,689900,30.9524154663086
2022-10-14,32.5299987792969,33.9799995422363,32.4500007629395,33.6199989318848,3176200,31.9208602905273
2022-10-17,33.9000015258789,34.4799995422363,33.6500015258789,33.8899993896484,943600,32.1772193908691
2022-10-18,34.2599983215332,35,34.1100006103516,34.3899993896484,1418600,32.6519508361816
2022-10-19,34.3800010681152,34.7099990844727,33.5099983215332,33.9199981689453,1109300,32.2056999206543
2022-10-20,34.1199989318848,34.4900016784668,33.8699989318848,34.2700004577637,752100,32.538013458252
2022-10-21,34.2700004577637,34.7400016784668,34.1800003051758,34.5499992370605,1501900,32.8038635253906
2022-10-24,34.2000007629395,34.6300010681152,34,34.439998626709,604800,32.6994132995605
2022-10-25,34.3899993896484,34.4000015258789,33.5999984741211,33.7999992370605,533700,32.0917663574219
2022-10-26,33.5299987792969,33.9599990844727,32.9099998474121,33.2900009155273,1147400,31.6075401306152
2022-10-27,33.2900009155273,34.4900016784668,32.9099998474121,34.4000015258789,2547400,32.661449432373
2022-10-28,34.1399993896484,35.1500015258789,33.939998626709,34.9900016784668,1867800,33.221622467041
2022-10-31,34.4700012207031,36.6599998474121,34.2700004577637,36.5200004577637,1617200,34.6742973327637
2022-11-01,35.9300003051758,36.3300018310547,34.3899993896484,35.5,2736700,33.7058448791504
2022-11-03,35.439998626709,35.9799995422363,35.0900001525879,35.4199981689453,1109100,33.6298904418945
2022-11-04,35.7999992370605,35.8300018310547,34.75,35.0099983215332,1351900,33.2406120300293
2022-11-07,34.8400001525879,35.0200004577637,34.0900001525879,34.310001373291,672800,32.5759963989258
2022-11-08,34.0099983215332,35.6399993896484,34.0099983215332,35.0699996948242,1741300,33.2975769042969
2022-11-09,34.8899993896484,35.4700012207031,34.5699996948242,34.939998626709,639600,33.1741485595703
2022-11-10,34.4199981689453,34.4199981689453,31.8899993896484,32.5,2081100,30.8574676513672
2022-11-11,32.5,32.7000007629395,31.4099998474121,32.1699981689453,2138800,30.5441417694092
2022-11-14,32.5,33,32.2299995422363,32.5900001525879,1111100,30.9429225921631
2022-11-16,32.6699981689453,32.7099990844727,31.2099990844727,31.4699993133545,1432200,29.879524230957
2022-11-17,30.9500007629395,31.1499996185303,29.8199996948242,30.8600006103516,2273000,29.3003520965576
2022-11-18,31.0400009155273,31.8099994659424,30.7000007629395,30.9200000762939,877700,29.3573207855225
2022-11-21,31.0900001525879,31.8400001525879,30.1200008392334,31.4899997711182,981100,29.8985137939453
2022-11-22,31.5400009155273,31.7000007629395,30.7099990844727,30.9699993133545,551200,29.4047927856445
2022-11-23,30.6900005340576,31.0900001525879,30.4699993133545,30.7000007629395,1265500,29.1484413146973
2022-11-24,30.8999996185303,32.5499992370605,30.8799991607666,32.3499984741211,668600,30.7150497436523
2022-11-25,32.2000007629395,32.2000007629395,31.0200004577637,31.1700000762939,600400,29.5946865081787
2022-11-28,31.1700000762939,31.4400005340576,30.7900009155273,30.9500007629395,806900,29.3858051300049
2022-11-29,31.1700000762939,31.8700008392334,30.7000007629395,31.5,1567400,29.9080047607422
2022-11-30,31.4599990844727,32.25,31.4300003051758,32.1699981689453,1774300,30.5441417694092
2022-12-01,31.9200000762939,32.3899993896484,31.5300006866455,32.2200012207031,668400,30.5916213989258
2022-12-02,32.3899993896484,33.6500015258789,31.8199996948242,33,733800,31.3321952819824
2022-12-05,32.9300003051758,32.9300003051758,31.6800003051758,32.0800018310547,602300,30.4586963653564
2022-12-06,32.2200012207031,32.3300018310547,30.7900009155273,31.1900005340576,1832200,29.613676071167
2022-12-07,31.0300006866455,31.6499996185303,30.8400001525879,31.2999992370605,988700,29.7181129455566
2022-12-08,31.1499996185303,31.1499996185303,29.4699993133545,30.2199993133545,1664400,28.6926975250244
2022-12-09,30.2999992370605,30.3199996948242,29.2099990844727,29.4200000762939,719100,27.9331302642822
2022-12-12,29.2999992370605,29.6399993896484,27.2999992370605,27.7700004577637,2853800,26.3665199279785
2022-12-13,27.8400001525879,28.0499992370605,26.6000003814697,27.0100002288818,2191400,25.6449298858643
2022-12-14,27.0300006866455,27.3799991607666,25.1800003051758,26.8199996948242,2867700,25.4645328521729
2022-12-15,26.6200008392334,27.7000007629395,26.5,27.3500003814697,1658800,25.9677448272705
2022-12-16,27.2999992370605,27.7199993133545,26.8299999237061,27.0100002288818,1188000,25.6449298858643
2022-12-19,27.1499996185303,27.8999996185303,26.6000003814697,27.6499996185303,832700,26.2525806427002
2022-12-20,27.6000003814697,29.6100006103516,27.3700008392334,29.3600006103516,1387000,27.8761615753174
2022-12-21,29.4400005340576,30.1299991607666,28.6299991607666,29.4300003051758,1026200,27.9426250457764
2022-12-22,29.4699993133545,29.75,29.1200008392334,29.2999992370605,802700,27.8191947937012
2022-12-23,29.4300003051758,30.0799999237061,28.9899997711182,30.0400009155273,2596400,28.5217952728271
2022-12-26,29.6800003051758,30.0499992370605,29.25,29.9099998474121,367900,28.398365020752
2022-12-27,30,30.2299995422363,29.3400001525879,29.4699993133545,495100,27.9806003570557
2022-12-28,29.6399993896484,30.4200000762939,29.6100006103516,30.2000007629395,621100,28.6737098693848
2022-12-29,30.1399993896484,30.9400005340576,29.8199996948242,30.4500007629395,1248500,29.1012744903564
2023-01-02,30.3199996948242,30.3199996948242,29.1599998474121,29.3899993896484,555500,28.0882244110107
2023-01-03,29.3299999237061,29.5900001525879,28.25,28.25,1155200,26.9987182617188
2023-01-04,28.3700008392334,29.1200008392334,28.2399997711182,28.8099994659424,1069300,27.5339126586914
2023-01-05,28.9599990844727,29.7900009155273,28.8600006103516,29.4200000762939,616700,28.1168956756592
2023-01-06,29.4599990844727,30.1200008392334,29.3199996948242,29.5799999237061,382300,28.2698097229004
2023-01-09,29.4400005340576,30.4300003051758,29.2000007629395,30.2099990844727,551400,28.8719043731689
2023-01-10,30.1000003814697,31.9699993133545,29.9500007629395,31.4500007629395,977400,30.0569801330566
2023-01-11,31.4300003051758,32.2299995422363,31.1000003814697,32.189998626709,602900,30.7642021179199
2023-01-12,32.0099983215332,32.5299987792969,31.4200000762939,31.9400005340576,843300,30.525276184082
2023-01-13,31.6100006103516,31.8299999237061,30.7299995422363,31.0499992370605,643200,29.6746959686279
2023-01-16,30.7999992370605,31,30.5599994659424,30.7600002288818,279800,29.3975429534912
2023-01-17,30.8299999237061,31.1100006103516,30.3500003814697,30.6000003814697,565200,29.2446308135986
2023-01-18,30.6800003051758,32.0499992370605,30.6399993896484,30.9099998474121,1438700,29.5408973693848
2023-01-19,30.7000007629395,30.8899993896484,30.1000003814697,30.6900005340576,1010900,29.3306446075439
2023-01-20,30.6700000762939,30.6900005340576,29.7900009155273,30.0400009155273,675500,28.7094326019287
2023-01-23,30.0499992370605,30.3099994659424,29.6900005340576,29.9400005340576,929700,28.613862991333
2023-01-24,30.3700008392334,31.2700004577637,30.1100006103516,30.9799995422363,2143700,29.6077976226807
2023-01-25,30.9300003051758,31.7099990844727,30.3600006103516,31.6000003814697,624100,30.2003326416016
2023-01-26,31.6599998474121,31.8999996185303,31.1399993896484,31.2999992370605,643800,29.9136219024658
2023-01-27,31.3999996185303,31.6100006103516,30.75,31.4799995422363,656300,30.0856513977051
2023-01-30,31.5400009155273,31.8400001525879,30.4400005340576,30.4400005340576,534500,29.0917148590088
2023-01-31,30.4599990844727,31.1700000762939,30.2000007629395,30.8799991607666,1922200,29.512228012085
2023-02-01,30.7900009155273,30.7900009155273,29.7000007629395,30.2000007629395,946100,28.8623466491699
2023-02-02,29.9799995422363,30.8799991607666,29.9699993133545,30.3799991607666,664600,29.0343742370605
2023-02-03,30.3799991607666,30.7299995422363,29.8700008392334,30,1081400,28.6712055206299
2023-02-06,29.7099990844727,29.8299999237061,28.6200008392334,29.7299995422363,1007900,28.4131622314453
2023-02-07,29.9599990844727,29.9599990844727,29.3600006103516,29.5,1110400,28.1933517456055
2023-02-08,29.6100006103516,30.0200004577637,29.5300006866455,29.6499996185303,1157900,28.336706161499
2023-02-09,29.6299991607666,29.8099994659424,29.1100006103516,29.2999992370605,731400,28.0022106170654
2023-02-10,29.1900005340576,29.7700004577637,29.0300006866455,29.1800003051758,582600,27.8875255584717
2023-02-13,29.1200008392334,29.6499996185303,28.7199993133545,29.4500007629395,490900,28.145565032959
2023-02-14,29.6800003051758,29.7600002288818,28.7199993133545,28.9300003051758,773500,27.6485977172852
2023-02-15,28.9099998474121,29.4400005340576,28.5100002288818,29.4400005340576,894600,28.1360111236572
2023-02-16,29.3400001525879,29.7600002288818,28.6499996185303,29.4699993133545,845300,28.1646785736084
2023-02-17,29.4500007629395,29.5599994659424,29.0699996948242,29.5599994659424,559100,28.2506942749023
2023-02-22,29.5,29.5599994659424,28.7099990844727,29.3400001525879,906500,28.0404396057129
2023-02-23,29.5599994659424,29.5599994659424,28.8600006103516,28.9799995422363,558900,27.696382522583
2023-02-24,29.0300006866455,29.0300006866455,28.0699996948242,28.1599998474121,679700,26.9127063751221
2023-02-27,28.25,29.3799991607666,28.25,28.6900005340576,2136000,27.4192295074463
2023-02-28,28.8700008392334,29.6100006103516,27.9200000762939,28.3299999237061,3610500,27.0751762390137
2023-03-01,28.75,29.0799999237061,27.8799991607666,29.0400009155273,3117200,27.7537288665771
2023-03-02,28.9500007629395,29.7900009155273,28.9500007629395,29.0499992370605,852700,27.7632846832275
2023-03-03,28.9799995422363,29.7000007629395,28.8199996948242,29.5499992370605,1287400,28.3286781311035
2023-03-06,29.5200004577637,30.0599994659424,29.25,29.5,1679700,28.2807445526123
2023-03-07,29.5,29.5100002288818,28.1200008392334,28.9799995422363,2927000,27.7822360992432
2023-03-08,28.9799995422363,29.5900001525879,28.8999996185303,29.3700008392334,1827400,28.1561183929443
2023-03-09,29.2099990844727,29.6900005340576,28.3999996185303,28.3999996185303,1544200,27.2262077331543
2023-03-10,28.2399997711182,28.3099994659424,26.4899997711182,26.75,2893200,25.6444034576416
2023-03-13,26.5599994659424,27.6800003051758,26.3700008392334,27.0100002288818,1371800,25.8936595916748
2023-03-14,27.2399997711182,27.5200004577637,26.6000003814697,26.7700004577637,760800,25.6635799407959
2023-03-15,26.5,26.9200000762939,25.9099998474121,26.7800006866455,1259200,25.6731662750244
2023-03-16,26.8199996948242,26.8999996185303,26.0300006866455,26.0599994659424,1362200,24.9829216003418
2023-03-17,25.9099998474121,26.3099994659424,25.4699993133545,26,2154900,24.9254016876221
2023-03-20,25.8400001525879,26.0799999237061,24.6000003814697,24.9099998474121,2618900,23.8804531097412
2023-03-21,25.0599994659424,25.3700008392334,24.9099998474121,25.3400001525879,1079800,24.2926807403564
2023-03-22,25.8799991607666,26.0499992370605,25.0799999237061,25.2900009155273,1053800,24.2447471618652
2023-03-23,25.4500007629395,25.4899997711182,24.3999996185303,24.8600006103516,1431500,23.8325176239014
2023-03-24,24.9400005340576,25.7299995422363,24.5,25.4400005340576,1624100,24.3885478973389
2023-03-27,25.5699996948242,25.6700000762939,24.9899997711182,25.2000007629395,954900,24.15846824646
2023-03-28,25.2800006866455,25.8199996948242,24.8700008392334,25.1299991607666,2427600,24.0913600921631
2023-03-29,25.2999992370605,25.4400005340576,24,24.0799999237061,2622800,23.0847587585449
2023-03-30,24.5499992370605,24.5499992370605,23.5799999237061,23.6800003051758,2338800,22.8137683868408
2023-03-31,23.7900009155273,23.8700008392334,22.3199996948242,22.8600006103516,3011300,22.0237693786621
2023-04-03,22.8600006103516,23.25,22.4799995422363,22.9200000762939,1321500,22.0815715789795
2023-04-04,23.3299999237061,24.0200004577637,23.1000003814697,23.5,2923000,22.6403560638428
2023-04-05,23.5,23.6200008392334,22.4799995422363,22.5900001525879,900400,21.7636432647705
2023-04-06,22.5,22.7099990844727,21.9899997711182,22.4300003051758,1402300,21.6094970703125
2023-04-10,21.9799995422363,22.9699993133545,21.8899993896484,22.75,1415300,21.9177894592285
2023-04-11,22.9599990844727,24.2999992370605,22.9599990844727,24.2700004577637,2162700,23.3821849822998
2023-04-12,24.3700008392334,25.2600002288818,24.0799999237061,24.7999992370605,2509400,23.8927993774414
2023-04-13,24.8099994659424,24.9400005340576,24.2199993133545,24.6900005340576,1484200,23.7868232727051
2023-04-14,24.6399993896484,25,24.0300006866455,24.7999992370605,877900,23.8927993774414
2023-04-17,24.7999992370605,25.2099990844727,24.4300003051758,25.0300006866455,1009400,24.114387512207
2023-04-18,25.1700000762939,25.1700000762939,24.4599990844727,24.5699996948242,1391600,23.6712112426758
2023-04-19,24.3999996185303,24.4300003051758,23.4400005340576,23.5200004577637,1108600,22.6596221923828
2023-04-20,23.6000003814697,23.6100006103516,23.1900005340576,23.5,714600,22.6403560638428
2023-04-24,23.5,23.6499996185303,23.1499996185303,23.3299999237061,1054200,22.4765739440918
2023-04-25,23.3500003814697,23.3500003814697,22.0400009155273,22.2800006866455,1818300,21.4649848937988
2023-04-26,22.3999996185303,22.6000003814697,21.8700008392334,22.3700008392334,719500,21.5516910552979
2023-04-27,22.3999996185303,22.3999996185303,21.5799999237061,22.1200008392334,1825900,21.3108367919922
2023-04-28,22.1900005340576,22.7800006866455,21.8999996185303,22.5699996948242,906600,21.7443752288818
2023-05-02,22.6000003814697,22.7099990844727,21.7399997711182,22.3400001525879,1842500,21.5227890014648
2023-05-03,22.5200004577637,24.7600002288818,22.5200004577637,24.2700004577637,3183000,23.3821849822998
2023-05-04,24.2700004577637,26.3500003814697,24.1700000762939,25.5100002288818,3882200,24.5768280029297
2023-05-05,25.6200008392334,26.9699993133545,25.5400009155273,26.0499992370605,1456500,25.0970706939697
2023-05-08,26.2900009155273,26.9099998474121,25.9200000762939,25.9200000762939,1516000,24.971830368042
2023-05-09,25.8700008392334,26.3299999237061,25.4799995422363,25.5799999237061,569700,24.64426612854
2023-05-10,25.5900001525879,26.0200004577637,25.3700008392334,25.75,580300,24.808048248291
2023-05-11,25.6000003814697,25.7900009155273,25.0699996948242,25.2600002288818,926200,24.335973739624
2023-05-12,25.2800006866455,25.5699996948242,24.75,25.1599998474121,1624100,24.2396297454834
2023-05-15,25.5599994659424,25.6200008392334,24.9799995422363,25.1499996185303,978500,24.2299976348877
2023-05-16,25.2299995422363,25.4599990844727,24.3999996185303,24.3999996185303,549700,23.5074310302734
2023-05-17,24.6700000762939,25.3299999237061,24.5599994659424,25.3299999237061,728700,24.4034118652344
2023-05-18,25.2999992370605,26.0799999237061,25.2199993133545,25.8999996185303,648000,24.9525604248047
2023-05-19,26,26.9400005340576,25.5200004577637,26.6700000762939,1856700,25.694393157959
2023-05-22,26.7700004577637,27.0699996948242,26.2299995422363,26.2600002288818,949000,25.2993946075439
2023-05-23,26.2099990844727,26.6700000762939,26.0300006866455,26.0300006866455,1463000,25.0778045654297
2023-05-24,26.0300006866455,26.3400001525879,25.7800006866455,26.2299995422363,555900,25.2704887390137
2023-05-25,26.5300006866455,27.1599998474121,26.3400001525879,26.6900005340576,944400,25.7136650085449
2023-05-26,26.7600002288818,27.2999992370605,26.4599990844727,27.0599994659424,574100,26.0701274871826
2023-05-29,27.1700000762939,27.1700000762939,26.1599998474121,26.1900005340576,641700,25.2319526672363
2023-05-30,26.2099990844727,26.3999996185303,25.2800006866455,25.4899997711182,990300,24.5575580596924
2023-05-31,25.3099994659424,25.4899997711182,24.7099990844727,25.1900005340576,833300,24.2685356140137
2023-06-01,25.2199993133545,25.8799991607666,24.8099994659424,25.7999992370605,1467600,24.8562183380127
2023-06-02,26.3799991607666,26.3799991607666,25.1000003814697,25.2600002288818,4569300,24.335973739624
2023-06-05,25.2999992370605,25.4799995422363,24.5599994659424,25.3400001525879,1336300,24.4130458831787
2023-06-06,25.5499992370605,26.2399997711182,25.25,26.1499996185303,974200,25.1934146881104
2023-06-07,26.3799991607666,27.4699993133545,26.2000007629395,27.1399993896484,1317700,26.1471996307373
2023-06-09,27.4099998474121,28.1399993896484,27.2900009155273,27.6900005340576,711400,26.6770801544189
2023-06-12,27.9500007629395,27.9500007629395,27.2800006866455,27.4699993133545,876400,26.4651298522949
2023-06-13,27.6000003814697,27.8199996948242,26.8199996948242,26.9200000762939,629100,25.9352474212646
2023-06-14,26.9099998474121,28.2900009155273,26.9099998474121,27.8999996185303,1485100,26.8794002532959
2023-06-15,28.1800003051758,28.5599994659424,26.4300003051758,26.9899997711182,13501700,26.0026893615723
2023-06-16,26.9799995422363,26.9799995422363,25.8400001525879,26.1499996185303,2789300,25.1934146881104
2023-06-19,26.0499992370605,26.2299995422363,25.4599990844727,25.8999996185303,1424600,24.9525604248047
2023-06-20,25.9300003051758,26.3400001525879,25.4799995422363,25.75,1600700,24.808048248291
2023-06-21,25.8799991607666,25.8899993896484,25,25.5400009155273,2393400,24.6057300567627
2023-06-22,25.3799991607666,25.3799991607666,24.1200008392334,24.7299995422363,3215000,23.8253593444824
2023-06-23,24.75,25.2399997711182,24.4500007629395,24.7199993133545,1258800,23.8157253265381
2023-06-26,24.7000007629395,24.7000007629395,23.3299999237061,24.2099990844727,3361100,23.3243827819824
2023-06-27,24.3099994659424,24.4599990844727,23.8500003814697,24.1599998474121,1346700,23.2762126922607
2023-06-28,24.1599998474121,25.0400009155273,23.8099994659424,24.6599998474121,1068500,23.7579212188721
2023-06-29,24.6700000762939,25.5799999237061,24.5900001525879,25.4400005340576,819800,24.5093879699707
2023-06-30,25.7299995422363,26.5300006866455,25.6399993896484,25.8899993896484,2569700,24.9429244995117
2023-07-03,25.9200000762939,26.6100006103516,25.7700004577637,25.8600006103516,2448000,24.9140224456787
2023-07-04,25.6399993896484,26.1299991607666,25.25,25.4300003051758,2002600,24.4997539520264
2023-07-05,25.2399997711182,25.3700008392334,24.5200004577637,24.8400001525879,4792200,23.9313335418701
2023-07-06,24.7000007629395,25.0300006866455,24.3899993896484,24.4500007629395,1461000,23.5556030273438
2023-07-07,24.4699993133545,25,24.4300003051758,24.5,1008200,23.6037750244141
2023-07-10,24.5100002288818,24.7600002288818,24.1499996185303,24.3400001525879,503100,23.4496250152588
2023-07-11,24.3799991607666,24.5400009155273,24.0100002288818,24.1900005340576,506300,23.3051147460938
2023-07-12,24.7000007629395,24.7000007629395,23.9500007629395,24.0699996948242,594000,23.1895046234131
2023-07-13,24.3199996948242,24.3700008392334,23.6399993896484,23.7399997711182,999300,22.8715744018555
2023-07-14,23.8999996185303,23.9599990844727,23.0499992370605,23.4500007629395,1979400,22.5921840667725
2023-07-17,23.4699993133545,23.8299999237061,23.25,23.6700000762939,665800,22.8041343688965
2023-07-18,23.7700004577637,24.1200008392334,23.4799995422363,23.75,600200,22.8812103271484
2023-07-19,23.8999996185303,23.8999996185303,22.5699996948242,22.5699996948242,2920300,21.7443752288818
2023-07-20,22.6700000762939,23.1499996185303,22.4699993133545,23.0300006866455,1347300,22.1875476837158
2023-07-21,23.1499996185303,24.0599994659424,23.0400009155273,23.9500007629395,1128300,23.0738925933838
2023-07-24,24.0200004577637,24.2900009155273,23.7700004577637,24,496700,23.1220645904541
2023-07-25,24.2000007629395,24.7600002288818,24.0400009155273,24.0400009155273,818700,23.1606006622314
2023-07-26,24.0400009155273,25.3500003814697,23.9599990844727,24.8199996948242,1907600,23.9120674133301
2023-07-27,25.2299995422363,25.8600006103516,24.8099994659424,25.2000007629395,3209400,24.278169631958
2023-07-28,23.25,24.0699996948242,22.0900001525879,22.7000007629395,12087200,21.8696193695068
2023-07-31,22.9500007629395,23.7700004577637,22.4500007629395,23.7700004577637,3828400,22.9004764556885
2023-08-01,23.6200008392334,24.7800006866455,23.4099998474121,24.0699996948242,2471900,23.1895046234131
2023-08-02,23.9200000762939,24.0499992370605,23.3999996185303,23.5,785600,22.7971534729004
2023-08-03,23.7000007629395,24.1200008392334,23.3099994659424,23.3999996185303,953900,22.7001419067383
2023-08-04,23.2600002288818,24.0200004577637,23.2600002288818,23.7600002288818,867000,23.0493755340576
2023-08-07,23.8999996185303,23.9200000762939,23.3199996948242,23.4099998474121,675800,22.7098445892334
2023-08-08,23.2999992370605,23.8400001525879,22.8999996185303,23.5200004577637,470400,22.8165531158447
2023-08-09,23.5900001525879,23.5900001525879,23.0799999237061,23.2399997711182,307400,22.5449275970459
2023-08-10,23.4699993133545,23.7999992370605,23.3999996185303,23.5599994659424,309400,22.8553581237793
2023-08-11,23.6800003051758,24.0300006866455,23.3899993896484,23.3999996185303,741600,22.7001419067383
2023-08-14,23.7299995422363,23.7299995422363,22.5100002288818,22.5100002288818,994000,21.8367595672607
2023-08-15,22.7000007629395,22.9799995422363,22.5,22.8500003814697,585800,22.1665935516357
2023-08-16,22.8600006103516,23.1599998474121,22.3600006103516,22.4799995422363,605200,21.8076591491699
2023-08-17,22.5300006866455,22.9099998474121,22.1800003051758,22.3299999237061,1268700,21.662145614624
2023-08-18,22.5,23.2299995422363,22.2000007629395,22.9200000762939,1172800,22.2344989776611
2023-08-21,22.9200000762939,23,22.4599990844727,22.9699993133545,653000,22.2830009460449
2023-08-22,23.0499992370605,23.5,22.7999992370605,23.1399993896484,1593800,22.4479198455811
2023-08-23,23.2999992370605,23.6299991607666,23.0900001525879,23.3299999237061,737300,22.6322383880615
2023-08-24,23.5799999237061,23.5799999237061,23.1599998474121,23.3700008392334,734400,22.6710414886475
2023-08-25,23.3700008392334,23.5100002288818,23.1200008392334,23.2999992370605,530500,22.6031341552734
2023-08-28,23.2999992370605,23.4300003051758,22.9699993133545,23.2199993133545,560500,22.5255241394043
2023-08-29,23.2199993133545,23.5499992370605,22.75,22.7600002288818,643700,22.0792846679688
2023-08-30,22.7399997711182,23.25,22.7399997711182,22.7900009155273,492500,22.1083869934082
2023-08-31,22.7800006866455,23.0300006866455,21.8899993896484,21.8899993896484,1125500,21.2353057861328
2023-09-01,22.1100006103516,22.3799991607666,21.8400001525879,22.3799991607666,816100,21.7106494903564
2023-09-04,22.3799991607666,23.0200004577637,22.1700000762939,22.3799991607666,668300,21.7106494903564
2023-09-05,22.2999992370605,22.4699993133545,21.8600006103516,22.3700008392334,779300,21.70094871521
2023-09-06,22.5,22.7299995422363,22.0100002288818,22.1900005340576,459100,21.5263328552246
2023-09-08,22.2000007629395,22.6000003814697,21.8799991607666,22,485000,21.3420162200928
2023-09-11,22.1000003814697,22.3600006103516,21.9500007629395,22.2999992370605,361400,21.6330432891846
2023-09-12,22.3500003814697,22.9300003051758,22.0599994659424,22.8199996948242,362900,22.1374912261963
2023-09-13,22.8400001525879,23.7299995422363,22.7399997711182,23.1700000762939,1028000,22.4770221710205
2023-09-14,23.2199993133545,23.5699996948242,22.7800006866455,23.1100006103516,448000,22.4188175201416
2023-09-15,23.0400009155273,23.2600002288818,21.9699993133545,21.9699993133545,1303600,21.3129119873047
2023-09-18,22.0599994659424,22.2199993133545,21.6399993896484,22.0200004577637,986400,21.3614196777344
2023-09-19,22.0200004577637,22.3099994659424,21.3799991607666,21.3799991607666,1503800,20.7405567169189
2023-09-20,21.5499992370605,21.7900009155273,21.1299991607666,21.1299991607666,1513100,20.4980354309082
2023-09-21,20.9400005340576,20.9400005340576,20.3600006103516,20.6599998474121,1745300,20.0420913696289
2023-09-22,20.8899993896484,20.8899993896484,20.3700008392334,20.6599998474121,1186400,20.0420913696289
2023-09-25,20.5200004577637,20.8700008392334,20.3099994659424,20.7399997711182,980300,20.1196994781494
2023-09-26,20.6900005340576,20.7900009155273,20.4200000762939,20.7900009155273,854000,20.1682052612305
2023-09-27,20.7900009155273,21.1900005340576,20.5400009155273,20.7199993133545,810900,20.1002998352051
2023-09-28,20.6399993896484,21.3299999237061,20.5300006866455,21.1100006103516,1359900,20.4786338806152
2023-09-29,21.4500007629395,21.8299999237061,20.7000007629395,20.7000007629395,2083800,20.0808982849121
2023-10-02,20.7000007629395,20.7000007629395,20.3299999237061,20.5,1269400,19.8868770599365
2023-10-03,20.3700008392334,20.6399993896484,19.7399997711182,19.8799991607666,893700,19.2854194641113
2023-10-04,20,20.3400001525879,19.7099990844727,20.2199993133545,861500,19.6152515411377
2023-10-05,20.0900001525879,20.6100006103516,19.7900009155273,19.8500003814697,1071300,19.2563171386719
2023-10-06,19.7600002288818,20.0400009155273,19.3799991607666,19.7999992370605,894900,19.2078113555908
2023-10-09,19.7399997711182,19.8500003814697,19.3299999237061,19.7000007629395,678900,19.1108055114746
2023-10-10,19.9500007629395,20.3099994659424,19.7800006866455,20.1599998474121,1495800,19.5570449829102
2023-10-11,20.0699996948242,20.1100006103516,17.5,17.5,9368400,16.9766044616699
2023-10-13,17.4500007629395,17.4699993133545,16.5100002288818,16.8999996185303,4415900,16.3945484161377
2023-10-16,17.25,17.8400001525879,17.0400009155273,17.7999992370605,3162600,17.2676277160645
2023-10-17,17.7099990844727,17.7099990844727,16.9400005340576,17.5499992370605,3178900,17.0251064300537
2023-10-18,17.4599990844727,18.0400009155273,16.8899993896484,17.2999992370605,2616600,16.7825832366943
2023-10-19,17.5799999237061,18.1599998474121,17.5200004577637,17.75,1873900,17.2191257476807
2023-10-20,17.6299991607666,18.1299991607666,17.5,18.1299991607666,1430000,17.5877590179443
2023-10-23,17.9899997711182,18.8400001525879,17.8999996185303,18.3600006103516,2108000,17.8108825683594
2023-10-24,18.5100002288818,19.2399997711182,18.4699993133545,19.2399997711182,1456800,18.6645622253418
2023-10-25,19.1399993896484,19.5599994659424,18.7999992370605,19.5599994659424,1469800,18.9749889373779
2023-10-26,19.5699996948242,19.9599990844727,19.2800006866455,19.9599990844727,1363000,19.3630294799805
2023-10-27,19.9400005340576,19.9400005340576,18.9899997711182,19.3799991607666,1498500,18.8003730773926
2023-10-30,19.4099998474121,19.5,18.6499996185303,18.7399997711182,1571400,18.179515838623
2023-10-31,18.7000007629395,19.3700008392334,17.9200000762939,19.1499996185303,4076400,18.5772533416748
2023-11-01,19.1299991607666,19.2700004577637,18.0599994659424,18.8600006103516,1534400,18.2959270477295
2023-11-03,19.1100006103516,20.2399997711182,19.0599994659424,19.8299999237061,1000800,19.2369174957275
2023-11-06,19.9699993133545,20.1299991607666,19.2999992370605,19.3099994659424,550700,18.7324676513672
2023-11-07,19.3099994659424,19.9500007629395,19.0499992370605,19.7999992370605,507300,19.2078113555908
2023-11-08,19.8199996948242,20.0100002288818,19.3700008392334,19.4599990844727,525500,18.8779830932617
2023-11-09,19.5,19.7800006866455,19.1000003814697,19.1100006103516,532400,18.5384502410889
2023-11-10,19.3400001525879,19.5100002288818,19.1000003814697,19.1000003814697,563300,18.5287494659424
2023-11-13,19.0900001525879,19.1900005340576,18.8500003814697,18.9200000762939,565700,18.354133605957
2023-11-14,19.0100002288818,20.5100002288818,19.0100002288818,19.9200000762939,1677200,19.3242263793945
2023-11-16,19.7999992370605,20.0200004577637,19.6000003814697,19.6399993896484,1410000,19.0525970458984
2023-11-17,19.7800006866455,19.8199996948242,19.2999992370605,19.6000003814697,497200,19.0137958526611
2023-11-20,19.6800003051758,20.1000003814697,19.5900001525879,19.9899997711182,1218900,19.3921318054199
2023-11-21,19.9899997711182,20.2900009155273,19.7299995422363,20.2800006866455,1233800,19.6734600067139
2023-11-22,20.2999992370605,21.4200000762939,20.2600002288818,20.6800003051758,1361200,20.0614929199219
2023-11-23,20.6700000762939,21.2000007629395,20.4599990844727,20.5400009155273,1137600,19.9256820678711
2023-11-24,20.5,20.5,19.8899993896484,20.0499992370605,926000,19.4503345489502
2023-11-27,19.9799995422363,20.2999992370605,19.6299991607666,20.2999992370605,1572500,19.6928577423096
2023-11-28,20.3199996948242,21.3400001525879,20.3199996948242,21.2199993133545,1196300,20.5853443145752
2023-11-29,21.3299999237061,21.3700008392334,20.8799991607666,21.2099990844727,943600,20.5756397247314
2023-11-30,21.2099990844727,21.8999996185303,21.0400009155273,21.8999996185303,2051100,21.245002746582
2023-12-01,21.7999992370605,21.9099998474121,21.25,21.7199993133545,1799000,21.0703887939453
2023-12-04,21.6900005340576,21.9300003051758,21.1000003814697,21.4799995422363,575400,20.8375663757324
2023-12-05,21.4899997711182,22,21.3600006103516,22,664500,21.3420162200928
2023-12-06,22.0200004577637,22.4400005340576,21.75,21.7600002288818,1599900,21.1091918945312
2023-12-07,21.9599990844727,22.2199993133545,21.7600002288818,21.8099994659424,827600,21.1576976776123
2023-12-08,21.7399997711182,22.1499996185303,21.7199993133545,21.8099994659424,588100,21.1576976776123
2023-12-11,21.7999992370605,22.1399993896484,21.5699996948242,22.0100002288818,315000,21.3517169952393
2023-12-12,21.8999996185303,22.2700004577637,21.8199996948242,22.2000007629395,626400,21.5360336303711
2023-12-13,22.0599994659424,22.7600002288818,21.9599990844727,22.6000003814697,1027800,21.9240703582764
2023-12-14,22.6700000762939,22.9400005340576,22.2900009155273,22.7000007629395,832000,22.0210800170898
2023-12-15,22.7000007629395,22.75,21.7399997711182,21.7800006866455,1566100,21.1285953521729
2023-12-18,21.9899997711182,22.25,21.9099998474121,22,1089700,21.3420162200928
2023-12-19,22,22.2800006866455,21.8899993896484,22,1091100,21.3420162200928
2023-12-20,22.0799999237061,22.2900009155273,21.7600002288818,22,1416900,21.3420162200928
2023-12-21,22.1200008392334,22.1900005340576,22.0100002288818,22.0100002288818,956300,21.3517169952393
2023-12-22,22.1900005340576,22.1900005340576,21.5200004577637,21.7299995422363,1119800,21.0800895690918
2023-12-26,21.7999992370605,22.0100002288818,21.6200008392334,21.9400005340576,806800,21.2838077545166
2023-12-27,21.7999992370605,22.1399993896484,21.6700000762939,22,482700,21.4990463256836
2023-12-28,22,22.0799999237061,21.7999992370605,22,1166900,21.4990463256836
2024-01-02,22,22,20.6599998474121,20.8500003814697,1168300,20.3752307891846
2024-01-03,20.9400005340576,21.2399997711182,20.8299999237061,21.0300006866455,1064100,20.5511322021484
2024-01-04,21.0300006866455,21.2099990844727,20.5100002288818,20.7999992370605,782000,20.3263702392578
2024-01-05,20.5599994659424,21.0699996948242,20.4400005340576,20.8799991607666,577700,20.4045486450195
2024-01-08,20.6700000762939,21.4899997711182,20.6700000762939,21.4599990844727,901200,20.9713401794434
2024-01-09,21.3500003814697,21.3700008392334,20.2900009155273,20.2900009155273,1633100,19.8279857635498
2024-01-10,20.2999992370605,20.5200004577637,19.8600006103516,20.0900001525879,1912900,19.6325359344482
2024-01-11,20.1299991607666,20.2600002288818,19.7299995422363,20,1574200,19.5445861816406
2024-01-12,19.8999996185303,20.8099994659424,19.7800006866455,20.0100002288818,1653200,19.5543613433838
2024-01-15,20.0100002288818,20.0900001525879,19.5599994659424,20,523700,19.5445861816406
2024-01-16,19.8400001525879,21.8199996948242,19.8400001525879,21.6000003814697,2632700,21.108154296875
2024-01-17,21.4099998474121,21.4500007629395,20.5699996948242,21.2900009155273,1743600,20.8052139282227
2024-01-18,21.3099994659424,21.8299999237061,21.1100006103516,21.3099994659424,1165000,20.8247566223145
2024-01-19,21.3099994659424,22.0400009155273,21.1100006103516,21.8500003814697,1262100,21.3524608612061
2024-01-22,21.7199993133545,21.7399997711182,20.8999996185303,21.5900001525879,1110100,21.0983810424805
2024-01-23,21.6200008392334,21.9300003051758,21.1100006103516,21.7800006866455,490800,21.2840538024902
2024-01-24,21.8199996948242,22.1000003814697,21.5900001525879,21.6499996185303,484000,21.1570148468018
2024-01-25,21.8299999237061,22,21.5599994659424,21.6299991607666,3298300,21.1374702453613
2024-01-26,21.7199993133545,22.1299991607666,21.5100002288818,21.8099994659424,995400,21.3133735656738
2024-01-29,21.7800006866455,21.9500007629395,21.1800003051758,21.2199993133545,817100,20.7368068695068
2024-01-30,21.2800006866455,21.2800006866455,20.4300003051758,20.7000007629395,1472300,20.2286491394043
2024-01-31,20.7099990844727,21.7700004577637,20.6000003814697,20.9500007629395,1246700,20.4729557037354
2024-02-01,21.0900001525879,21.3999996185303,20.8099994659424,21.1900005340576,1091400,20.7074909210205
2024-02-02,21.3600006103516,21.4599990844727,20.7399997711182,20.9200000762939,1316500,20.4436378479004
2024-02-05,21,21.1200008392334,20.2000007629395,20.3799991607666,830400,19.9159336090088
2024-02-06,20.4300003051758,20.9699993133545,20.2800006866455,20.4599990844727,1100500,19.9941120147705
2024-02-07,20.2999992370605,20.7900009155273,20.2600002288818,20.5,966400,20.033203125
2024-02-08,20.4500007629395,20.5499992370605,19.7000007629395,19.7999992370605,1332800,19.3491401672363
2024-02-09,19.75,20.0400009155273,19.5400009155273,19.5900001525879,602400,19.1439228057861
2024-02-14,19.5499992370605,19.5599994659424,19.0499992370605,19.2199993133545,587500,18.7823486328125
2024-02-15,19.3500003814697,19.8299999237061,19.2800006866455,19.7000007629395,708100,19.2514190673828
2024-02-16,19.7399997711182,19.8700008392334,19.3299999237061,19.6800003051758,626900,19.2318725585938
2024-02-19,19.7199993133545,19.9699993133545,19.3400001525879,19.8500003814697,727900,19.3980026245117
2024-02-20,19.7800006866455,20.4799995422363,19.6599998474121,20.3500003814697,2227700,19.8866176605225
2024-02-21,20.3099994659424,20.6700000762939,20.0900001525879,20.5300006866455,570400,20.0625190734863
2024-02-22,20.5900001525879,21.1299991607666,20.5300006866455,21.1000003814697,938200,20.6195392608643
2024-02-23,21.1000003814697,21.2900009155273,20.7099990844727,21.1800003051758,1237600,20.697717666626
2024-02-26,21.2000007629395,21.5900001525879,21,21.4400005340576,1325600,20.9517955780029
2024-02-27,21.6000003814697,22.2800006866455,21.6000003814697,21.9699993133545,1470100,21.4697284698486
2024-02-28,21.9599990844727,22.4400005340576,21.7299995422363,22.2800006866455,1351200,21.7726707458496
2024-02-29,22.3700008392334,22.6200008392334,20.8099994659424,21.2000007629395,4455300,20.7172622680664
2024-03-01,21.1900005340576,21.3600006103516,20.9500007629395,21,1114500,20.5218162536621
2024-03-04,21.1200008392334,21.4799995422363,20.9400005340576,21.3400001525879,1499100,20.8540744781494
2024-03-05,21.2700004577637,21.6599998474121,21,21.5200004577637,553000,21.2076091766357
2024-03-06,21.5200004577637,21.7999992370605,21.2900009155273,21.4899997711182,473600,21.1780452728271
2024-03-07,21.3500003814697,21.5499992370605,21.0699996948242,21.0699996948242,440500,20.7641410827637
2024-03-08,20.8999996185303,21.3999996185303,20.5,21.3999996185303,694500,21.0893516540527
2024-03-11,21.4099998474121,21.6200008392334,21.0100002288818,21.2600002288818,787700,20.9513835906982
2024-03-12,21.3400001525879,22.1499996185303,21.2900009155273,21.8899993896484,2135700,21.5722370147705
2024-03-13,21.7399997711182,22.6800003051758,21.6900005340576,22.2199993133545,1192300,21.8974475860596
2024-03-14,22.3899993896484,22.5300006866455,21.6000003814697,21.7399997711182,888400,21.4244136810303
2024-03-15,21.7900009155273,21.9899997711182,21.0499992370605,21.2800006866455,1119200,20.9710922241211
2024-03-18,21.2800006866455,21.2999992370605,20.5499992370605,20.9300003051758,721500,20.6261749267578
2024-03-19,20.9500007629395,21,20.4400005340576,20.9699993133545,939300,20.6655921936035
2024-03-20,20.9799995422363,21.5,20.8600006103516,21.5,657800,21.1878986358643
2024-03-21,21.5,21.5799999237061,21.1800003051758,21.25,372100,20.9415283203125
2024-03-22,21.3700008392334,21.3700008392334,20.7600002288818,20.9599990844727,567700,20.6557369232178
2024-03-25,20.7999992370605,20.9699993133545,20.6900005340576,20.8999996185303,481500,20.7183742523193
2024-03-26,20.8600006103516,20.9500007629395,20.7000007629395,20.7999992370605,643600,20.6192417144775
2024-03-27,20.6399993896484,21.3099994659424,20.5900001525879,21.2399997711182,1021500,21.055419921875
2024-03-28,21.0300006866455,21.2600002288818,20.8500003814697,20.9899997711182,1164900,20.8075923919678
2024-04-01,20.9899997711182,21,20.5499992370605,20.5799999237061,601400,20.4011554718018
2024-04-02,20.7800006866455,20.7800006866455,20.1499996185303,20.75,716500,20.5696773529053
2024-04-03,20.75,20.75,19.8199996948242,19.9400005340576,1883200,19.7667179107666
2024-04-04,19.9799995422363,20.3099994659424,19.8700008392334,20.1599998474121,792700,19.9848041534424
2024-04-05,20.2000007629395,20.2000007629395,19.7700004577637,19.9699993133545,1199500,19.7964553833008
2024-04-08,19.9699993133545,20.0100002288818,19.3299999237061,19.5900001525879,1667100,19.4197578430176
2024-04-09,19.7000007629395,19.9400005340576,19.2700004577637,19.3899993896484,985900,19.2214965820312
2024-04-10,19.4400005340576,19.4400005340576,18.4699993133545,18.7999992370605,1408300,18.6366233825684
2024-04-11,18.8799991607666,18.8799991607666,18.0200004577637,18.7299995422363,1871300,18.567232131958
2024-04-12,18.9699993133545,19,18.2800006866455,18.3999996185303,1238800,18.2400989532471
2024-04-15,18.2999992370605,18.2999992370605,17.9200000762939,18.1499996185303,1543800,17.9922714233398
2024-04-16,18.0699996948242,19.1599998474121,17.7099990844727,18.6000003814697,1490400,18.438362121582
2024-04-17,18.7399997711182,18.7399997711182,18.3299999237061,18.4500007629395,687200,18.289665222168
2024-04-18,18.3899993896484,18.75,18.25,18.4500007629395,1025400,18.289665222168
2024-04-19,18.3799991607666,18.8400001525879,18.2800006866455,18.6299991607666,1324900,18.4680995941162
2024-04-22,18.6299991607666,18.7900009155273,18.25,18.6000003814697,1215200,18.438362121582
2024-04-23,18.5599994659424,18.7999992370605,18.3600006103516,18.6000003814697,1081100,18.438362121582
2024-04-24,18.7000007629395,19.0100002288818,18.6299991607666,18.7399997711182,1178800,18.5771446228027
2024-04-25,18.6000003814697,19.1900005340576,18.4500007629395,18.9899997711182,1510000,18.82497215271
2024-04-26,19.0300006866455,19.4899997711182,18.9699993133545,19.0499992370605,785400,18.8844509124756
2024-04-29,19.0499992370605,19.1800003051758,18.7800006866455,19.1800003051758,756800,19.0133209228516
2024-04-30,20.9599990844727,22.7600002288818,20.6200008392334,22.3999996185303,6028700,22.2053375244141
2024-05-02,22.5699996948242,23.0799999237061,21.9099998474121,22.8099994659424,1821400,22.6117744445801
2024-05-03,22.8999996185303,23.1399993896484,22.2399997711182,22.3500003814697,1353100,22.1557731628418
2024-05-06,22.6200008392334,23.8099994659424,22.6200008392334,23.0699996948242,2304900,22.8695163726807
2024-05-07,23.0699996948242,23.7700004577637,23.0100002288818,23.2700004577637,1699800,23.0677795410156
2024-05-08,23.2199993133545,23.8700008392334,22.9099998474121,23.7000007629395,1038900,23.4940414428711
2024-05-09,23.3999996185303,23.6399993896484,22.9400005340576,23.2199993133545,831800,23.0182113647461
2024-05-10,23.25,23.5300006866455,22.8099994659424,22.9699993133545,519900,22.7703838348389
2024-05-13,23.0799999237061,23.4699993133545,22.9599990844727,23.4500007629395,370800,23.2462139129639
2024-05-14,23.4099998474121,24.1000003814697,23.1399993896484,23.6200008392334,837100,23.414737701416
2024-05-15,23.5599994659424,24.2000007629395,23.4099998474121,24.0799999237061,829500,23.8707389831543
2024-05-16,24.1399993896484,24.2800006866455,23.5900001525879,23.6399993896484,637900,23.4345626831055
2024-05-17,23.8099994659424,24.1599998474121,23.2600002288818,23.5799999237061,744600,23.3750839233398
2024-05-20,23.3799991607666,24.1000003814697,23.2600002288818,24.1000003814697,681200,23.8905658721924
2024-05-21,24.0599994659424,24.8799991607666,23.8899993896484,24.7000007629395,900500,24.4853515625
2024-05-22,24.6200008392334,24.8899993896484,23.8999996185303,24.1000003814697,1513900,23.8905658721924
2024-05-23,24.1700000762939,24.3999996185303,23.1900005340576,23.6399993896484,1123300,23.4345626831055
2024-05-24,23.5,24.0699996948242,23.5,23.7600002288818,518500,23.5535202026367
2024-05-27,23.5699996948242,23.7399997711182,23.0499992370605,23.25,448000,23.0479526519775
2024-05-28,23.6299991607666,23.6299991607666,22.7900009155273,22.9699993133545,473100,22.7703838348389
2024-05-29,22.9099998474121,23.1200008392334,22.6399993896484,23.1000003814697,396600,22.8992557525635
2024-05-31,23.1299991607666,23.3400001525879,22.6200008392334,23.3400001525879,774100,23.137170791626
2024-06-03,23.1200008392334,23.1800003051758,22.4099998474121,22.6100006103516,1128200,22.4135150909424
2024-06-04,22.6100006103516,22.8700008392334,22.3899993896484,22.7900009155273,580900,22.5919494628906
2024-06-05,22.8500003814697,22.8600006103516,22.3899993896484,22.5499992370605,393500,22.3540344238281
2024-06-06,22.8600006103516,23.6100006103516,22.6499996185303,23.6100006103516,1053200,23.4048233032227
2024-06-07,23.2399997711182,23.5200004577637,23.0599994659424,23.4899997711182,647100,23.2858657836914
2024-06-10,23.4699993133545,23.5200004577637,22.8099994659424,23.2099990844727,739600,23.0082988739014
2024-06-11,23.1700000762939,23.5699996948242,23.1700000762939,23.25,971500,23.0479526519775
2024-06-12,23.5900001525879,23.5900001525879,22.6800003051758,22.8500003814697,1152500,22.6514282226562
2024-06-13,22.8600006103516,23.0200004577637,22.4699993133545,22.8500003814697,785200,22.6514282226562
2024-06-14,22.8099994659424,23.0200004577637,22.5699996948242,22.7299995422363,841900,22.532470703125
2024-06-17,22.7399997711182,23.0300006866455,22.2900009155273,22.8199996948242,686200,22.6216888427734
2024-06-18,22.9500007629395,23.2399997711182,22.5599994659424,23.1100006103516,1146100,22.9091701507568
2024-06-19,23.1100006103516,23.1499996185303,22.6000003814697,23.1399993896484,510900,22.938907623291
2024-06-20,23.1100006103516,23.4300003051758,22.1000003814697,22.1800003051758,2051100,21.9872512817383
2024-06-21,22.1700000762939,22.6599998474121,22.0599994659424,22.6499996185303,1538500,22.4531650543213
2024-06-24,22.7700004577637,23.6100006103516,22.7199993133545,23.1700000762939,1457800,22.9686470031738
2024-06-25,23.0100002288818,23.5900001525879,23.0100002288818,23.4699993133545,764800,23.2660388946533
2024-06-26,23.2700004577637,23.5799999237061,22.9300003051758,23.4699993133545,721900,23.2660388946533
2024-06-27,23.3600006103516,23.7399997711182,23.0699996948242,23.6399993896484,1222300,23.4345626831055
2024-06-28,23.6200008392334,23.6299991607666,22.7600002288818,23.0900001525879,1508200,22.8893432617188
2024-07-01,23.1000003814697,23.1100006103516,22.6499996185303,22.7000007629395,1368800,22.5027332305908
2024-07-02,22.6000003814697,22.75,22.1700000762939,22.5300006866455,1278500,22.3342094421387
2024-07-03,22.8099994659424,23,22.5200004577637,22.8099994659424,833200,22.6117744445801
2024-07-04,22.8099994659424,23.3199996948242,22.8099994659424,22.9300003051758,607800,22.73073387146
2024-07-05,22.9300003051758,23.1299991607666,22.6800003051758,22.7099990844727,619500,22.5126438140869
2024-07-08,22.6800003051758,22.8199996948242,22.3799991607666,22.6700000762939,678000,22.4729919433594
2024-07-09,22.5400009155273,23.0300006866455,22.3099994659424,22.8099994659424,1286400,22.6117744445801
2024-07-10,22.9599990844727,23.3799991607666,22.8400001525879,23,1518800,22.8001251220703
2024-07-11,22.8199996948242,23.4599990844727,22.8199996948242,23.0200004577637,1306900,22.8199520111084
2024-07-12,23.1599998474121,23.1599998474121,22.7199993133545,22.8500003814697,694500,22.6514282226562
2024-07-15,22.7999992370605,23.0900001525879,22.5200004577637,22.7000007629395,1005200,22.5027332305908
2024-07-16,22.7000007629395,22.8600006103516,22.3099994659424,22.5799999237061,1085100,22.3837738037109
2024-07-17,22.5799999237061,22.75,22.3799991607666,22.4699993133545,945600,22.2747287750244
2024-07-18,22.3799991607666,22.4200000762939,21.8700008392334,21.8799991607666,2468800,21.6898574829102
2024-07-19,21.75,22.2999992370605,21.7099990844727,21.8299999237061,752400,21.6402912139893
2024-07-22,21.8999996185303,22.2800006866455,21.8199996948242,22.2000007629395,1229300,22.0070781707764
2024-07-23,22.2999992370605,22.3299999237061,22.1000003814697,22.1499996185303,651500,21.9575099945068
2024-07-24,22.2999992370605,22.5300006866455,21.8099994659424,22.2000007629395,1333800,22.0070781707764
2024-07-25,22.1000003814697,22.7900009155273,22.1000003814697,22.4500007629395,870900,22.2549057006836
2024-07-26,22.4099998474121,22.6200008392334,22.2099990844727,22.2099990844727,451100,22.0169887542725
2024-07-29,22.3999996185303,22.5900001525879,21.9500007629395,21.9500007629395,937900,21.7592506408691
2024-07-30,21.6000003814697,22.0699996948242,20.1900005340576,21.6100006103516,4259800,21.4222049713135
2024-07-31,21.6200008392334,21.8700008392334,20.9500007629395,21.0499992370605,1643400,20.8670692443848
2024-08-01,21.7000007629395,22.0900001525879,21.2700004577637,21.3899993896484,1557400,21.2041149139404
2024-08-02,21.2000007629395,21.7099990844727,20.9300003051758,21.6000003814697,1685500,21.6000003814697
2024-08-05,21.0499992370605,21.5,20.6399993896484,20.9899997711182,716200,20.9899997711182
2024-08-06,20.9899997711182,21.1399993896484,20.3199996948242,20.3500003814697,1089100,20.3500003814697
2024-08-07,20.3500003814697,20.6299991607666,20.25,20.5400009155273,821000,20.5400009155273
2024-08-08,20.7999992370605,22.4899997711182,20.7999992370605,21.6000003814697,1831800,21.6000003814697
2024-08-09,21.4200000762939,22.1000003814697,21.3099994659424,21.5200004577637,885000,21.5200004577637
2024-08-12,22.2600002288818,22.6399993896484,21.5499992370605,21.6299991607666,1375100,21.6299991607666
2024-08-13,21.8099994659424,21.9200000762939,21.5599994659424,21.8299999237061,679300,21.8299999237061
2024-08-14,21.8299999237061,22.0699996948242,21.5300006866455,21.7700004577637,823500,21.7700004577637
2024-08-15,21.7600002288818,22.6499996185303,21.5799999237061,22.3500003814697,947700,22.3500003814697
2024-08-16,22.6299991607666,22.7000007629395,21.8899993896484,21.8899993896484,722500,21.8899993896484
2024-08-19,22.2000007629395,22.6200008392334,21.8700008392334,22.6200008392334,832100,22.6200008392334
2024-08-20,22.6900005340576,23.1700000762939,22.6399993896484,23.1100006103516,729100,23.1100006103516
2024-08-21,23.1800003051758,23.25,22.6299991607666,23,440400,23
2024-08-22,23.1299991607666,23.1299991607666,22.7199993133545,23.0499992370605,781900,23.0499992370605
2024-08-23,23.0400009155273,23.3600006103516,22.6700000762939,22.8299999237061,1349200,22.8299999237061
2024-08-26,22.8299999237061,22.8899993896484,22.5100002288818,22.7999992370605,599200,22.7999992370605
2024-08-27,22.8999996185303,22.9099998474121,22.2299995422363,22.3500003814697,712500,22.3500003814697
2024-08-28,22.3500003814697,22.5200004577637,22.1200008392334,22.4500007629395,598300,22.4500007629395
2024-08-29,22.3999996185303,22.5300006866455,22.1200008392334,22.3299999237061,463200,22.3299999237061
2024-08-30,22.1399993896484,22.3899993896484,21.9400005340576,22.0400009155273,646100,22.0400009155273
2024-09-02,21.9599990844727,21.9799995422363,21.5300006866455,21.7999992370605,933800,21.7999992370605
2024-09-03,21.7000007629395,22.0100002288818,21.6299991607666,21.7999992370605,805500,21.7999992370605
2024-09-04,21.25,22.1900005340576,21.2299995422363,22,763800,22
2024-09-05,21.8899993896484,22.1299991607666,21.6299991607666,21.7999992370605,320200,21.7999992370605
2024-09-06,21.7000007629395,21.9699993133545,21.3400001525879,21.5100002288818,625400,21.5100002288818
2024-09-09,21.4099998474121,21.5699996948242,21.1399993896484,21.4099998474121,744000,21.4099998474121
2024-09-10,21.1700000762939,21.8799991607666,21.1700000762939,21.8500003814697,479400,21.8500003814697
2024-09-11,21.8400001525879,22.0799999237061,21.8199996948242,21.9899997711182,692300,21.9899997711182
2024-09-12,22,22.5200004577637,21.8700008392334,22.4400005340576,1028400,22.4400005340576
2024-09-13,22.4599990844727,23.1800003051758,22.4599990844727,22.9099998474121,892400,22.9099998474121
2024-09-16,23.1000003814697,23.2299995422363,22.7199993133545,22.9300003051758,788700,22.9300003051758
2024-09-17,22.8299999237061,23,22.5599994659424,22.8199996948242,739900,22.8199996948242
2024-09-18,22.9799995422363,22.9799995422363,22.4699993133545,22.5699996948242,720700,22.5699996948242
2024-09-19,22.5699996948242,22.7600002288818,22.2800006866455,22.3600006103516,518600,22.3600006103516
2024-09-20,22.7399997711182,22.7399997711182,21.1700000762939,21.3600006103516,1286900,21.3600006103516
2024-09-23,21.3700008392334,21.5,20.9599990844727,21.2900009155273,650800,21.2900009155273
2024-09-24,21.1100006103516,21.5799999237061,20.9799995422363,21.2999992370605,1888300,21.2999992370605
2024-09-25,21.3999996185303,21.3999996185303,20.7199993133545,20.75,912400,20.75
2024-09-26,20.8400001525879,20.9500007629395,20.3799991607666,20.5499992370605,1010800,20.5499992370605
2024-09-27,20.3799991607666,20.6599998474121,20.3799991607666,20.3999996185303,1714900,20.3999996185303
2024-09-30,20.3600006103516,20.3999996185303,19.9300003051758,20.1000003814697,3680200,20.1000003814697
2024-10-01,20.1000003814697,20.6499996185303,20.0499992370605,20.3799991607666,3174100,20.3799991607666
2024-10-02,20.3799991607666,20.7700004577637,20.3600006103516,20.6499996185303,2661000,20.6499996185303
2024-10-03,20.6200008392334,20.6299991607666,20.1299991607666,20.1299991607666,1006500,20.1299991607666
2024-10-04,20.1299991607666,20.2900009155273,19.8700008392334,20.2900009155273,1014900,20.2900009155273
2024-10-07,20.2800006866455,20.4599990844727,20.0200004577637,20.2700004577637,471700,20.2700004577637
2024-10-08,20.2299995422363,20.75,20.2199993133545,20.75,1026900,20.75
2024-10-09,20.75,20.8899993896484,20.25,20.5300006866455,565200,20.5300006866455
2024-10-10,20.6900005340576,20.6900005340576,20.0699996948242,20.2199993133545,746000,20.2199993133545
2024-10-11,20.0599994659424,20.3700008392334,19.9599990844727,20.3700008392334,247000,20.3700008392334
2024-10-14,20.1800003051758,20.7099990844727,20.1100006103516,20.4699993133545,527600,20.4699993133545
2024-10-15,20.5499992370605,20.7000007629395,20.3700008392334,20.4699993133545,449700,20.4699993133545
2024-10-16,20.3799991607666,20.6900005340576,20.2700004577637,20.6900005340576,680100,20.6900005340576
2024-10-17,20.4699993133545,20.7000007629395,20.2800006866455,20.4699993133545,445100,20.4699993133545
2024-10-18,20.4699993133545,20.5400009155273,20.1200008392334,20.2999992370605,502800,20.2999992370605
2024-10-21,20.1499996185303,20.6700000762939,20.1499996185303,20.4899997711182,326900,20.4899997711182
2024-10-22,20.3600006103516,20.5200004577637,19.9699993133545,20.1399993896484,711400,20.1399993896484
2024-10-23,19.9400005340576,20.2299995422363,19.7399997711182,20.2000007629395,406200,20.2000007629395
2024-10-24,20.1000003814697,20.2299995422363,19.8700008392334,20.2000007629395,881200,20.2000007629395
2024-10-25,20.1200008392334,20.3600006103516,20,20.2000007629395,1346200,20.2000007629395
2024-10-28,20.2000007629395,20.7800006866455,20.2000007629395,20.4799995422363,1436700,20.4799995422363
2024-10-29,20.1599998474121,20.1599998474121,19.1000003814697,19.7999992370605,5836700,19.7999992370605
