"ONCO3.SA.Open","ONCO3.SA.High","ONCO3.SA.Low","ONCO3.SA.Close","ONCO3.SA.Volume","ONCO3.SA.Adjusted"
14.6366519927979,15.4264707565308,14.4266996383667,14.7666215896606,400891,14.7666215896606
15.2865028381348,15.4264707565308,14.846604347229,15.3964776992798,321073,15.3964776992798
15.4464664459229,15.9163589477539,15.126540184021,15.406476020813,360182,15.406476020813
15.1965236663818,15.3864803314209,14.8665990829468,15.09654712677,406492,15.09654712677
15.0365600585938,15.0765514373779,14.6466493606567,14.9965686798096,518318,14.9965686798096
14.956579208374,15.0765514373779,14.3867092132568,14.5966606140137,1585462,14.5966606140137
14.706636428833,15.0865488052368,14.0667819976807,14.2067499160767,1649577,14.2067499160767
14.2967290878296,14.3667125701904,13.3769397735596,13.4669189453125,668452,13.4669189453125
14.5966606140137,14.7966146469116,14.2767343521118,14.7366285324097,4176154,14.7366285324097
14.2767343521118,15.3164958953857,13.7168617248535,14.0467872619629,1396419,14.0467872619629
14.1967515945435,14.4266996383667,13.6568756103516,13.7968435287476,802483,13.7968435287476
13.6768712997437,13.7468547821045,12.8070697784424,13.2569665908813,823488,13.2569665908813
13.4169311523438,13.5169076919556,13.0070238113403,13.3569440841675,325974,13.3569440841675
13.4969120025635,13.9967975616455,13.3569440841675,13.9967975616455,983424,13.9967975616455
13.6468782424927,13.7368583679199,12.6771001815796,12.8570585250854,8707091,12.8570585250854
12.8970499038696,12.9170446395874,12.3371782302856,12.6071157455444,2047868,12.6071157455444
12.7170906066895,12.7370862960815,12.2072067260742,12.3871660232544,879601,12.3871660232544
12.3771686553955,12.4671478271484,12.0172510147095,12.2771911621094,580032,12.2771911621094
12.2571964263916,12.4971408843994,12.1972103118896,12.2771911621094,367283,12.2771911621094
12.1972103118896,12.3171815872192,11.4973697662354,11.4973697662354,1102152,11.4973697662354
11.7073221206665,11.8372917175293,11.1974382400513,11.4973697662354,991026,11.4973697662354
11.4973697662354,11.5373611450195,10.3176403045654,10.7375440597534,1751400,10.7375440597534
10.8175249099731,11.1074590682983,10.0976896286011,10.607572555542,4362397,10.607572555542
10.6475639343262,11.1574468612671,10.6175708770752,11.1474504470825,358281,11.1474504470825
10.9974842071533,10.9974842071533,10.3776264190674,10.7375440597534,419395,10.7375440597534
10.6775569915771,10.8575162887573,10.5175943374634,10.6175708770752,271462,10.6175708770752
10.5575847625732,10.8375205993652,10.1976671218872,10.1976671218872,547725,10.1976671218872
10.0976896286011,10.5075960159302,9.82775211334229,10.1376810073853,571230,10.1376810073853
10.1376810073853,10.467604637146,9.99771308898926,10.0976896286011,394590,10.0976896286011
10.1276826858521,10.9374980926514,10.0377044677734,10.7075500488281,1150963,10.7075500488281
10.7375440597534,10.8275232315063,10.3376350402832,10.6675596237183,1064543,10.6675596237183
10.6575622558594,11.3174114227295,10.5575847625732,11.3174114227295,2235511,11.3174114227295
11.2374286651611,11.4873723983765,10.9075050354004,11.1874408721924,1887231,11.1874408721924
11.0174798965454,11.4673767089844,10.5075960159302,10.8475179672241,2261217,10.8475179672241
10.9474964141846,11.5373611450195,10.6275691986084,11.1774425506592,2313829,11.1774425506592
11.2874183654785,11.5273628234863,10.9974842071533,11.0774660110474,865397,11.0774660110474
11.1974382400513,11.2474269866943,10.0077104568481,10.017707824707,2943873,10.017707824707
10.0976896286011,10.2476558685303,9.41784477233887,9.60780239105225,1653978,9.60780239105225
9.79775810241699,9.86774158477783,8.52804946899414,8.88796710968018,3850680,8.88796710968018
8.90796184539795,9.68778419494629,8.76799392700195,9.35785865783691,1604967,9.35785865783691
9.48782920837402,9.71777725219727,9.20789337158203,9.22788906097412,2216806,9.22788906097412
9.22788906097412,9.30787086486816,8.30809879302979,8.52804946899414,2826446,8.52804946899414
8.61802768707275,8.80798530578613,8.07815170288086,8.20812225341797,1690986,8.20812225341797
8.22811794281006,8.48805809020996,8.13813781738281,8.47805976867676,840592,8.47805976867676
8.46806335449219,8.67801475524902,8.22811794281006,8.60803127288818,1112954,8.60803127288818
8.25811100006104,8.44806671142578,7.83820676803589,8.39807891845703,2091978,8.39807891845703
8.49805641174316,8.67801475524902,8.35808753967285,8.63802433013916,1020133,8.63802433013916
8.49805641174316,8.86797142028809,7.75822496414185,7.75822496414185,5259002,7.75822496414185
7.87819814682007,7.95817899703979,7.51828002929688,7.64825010299683,3124214,7.64825010299683
7.76822280883789,8.4180736541748,7.73823022842407,8.33809185028076,2974880,8.33809185028076
8.33809185028076,9.49782657623291,8.33809185028076,9.34786128997803,3050397,9.34786128997803
9.33786392211914,9.34786128997803,8.60803127288818,8.94795322418213,2066872,8.94795322418213
9.06792545318604,9.33786392211914,8.9679479598999,9.15790462493896,791781,9.15790462493896
9.15790462493896,10.3776264190674,9.07792282104492,10.1676740646362,2587291,10.1676740646362
10.4876012802124,10.7875318527222,9.88773822784424,10.4476099014282,2256115,10.4476099014282
10.4176168441772,11.1574468612671,10.2776489257812,11.1574468612671,1489040,11.1574468612671
11.2374286651611,11.9472665786743,11.0374746322632,11.6673307418823,3301354,11.6673307418823
11.7073221206665,11.8072986602783,11.1174573898315,11.2874183654785,1454032,11.2874183654785
11.1074590682983,12.0072526931763,11.1074590682983,11.7873029708862,1853823,11.7873029708862
11.8072986602783,12.1472206115723,11.4573793411255,11.6973237991333,1416723,11.6973237991333
11.6973237991333,11.8972778320312,11.4373826980591,11.7773056030273,4065529,11.7773056030273
11.6973237991333,12.0772371292114,11.5473575592041,11.9472665786743,1659279,11.9472665786743
12.1072301864624,12.3271799087524,11.7073221206665,11.9672622680664,746770,11.9672622680664
11.9072761535645,12.0072526931763,11.4973697662354,11.8372917175293,1465935,11.8372917175293
11.9472665786743,12.0272493362427,11.5273628234863,11.6573333740234,768975,11.6573333740234
11.8772830963135,11.8772830963135,11.3374061584473,11.3973932266235,590334,11.3973932266235
11.3973932266235,11.5373611450195,11.1074590682983,11.3274087905884,586834,11.3274087905884
11.3374061584473,11.3773965835571,10.8875093460083,10.8875093460083,468607,10.8875093460083
10.9974842071533,11.6373376846313,10.637565612793,11.2474269866943,1713891,11.2474269866943
11.2474269866943,11.3973932266235,10.7275457382202,10.9874858856201,1162165,10.9874858856201
10.9974842071533,11.1374521255493,10.3876237869263,10.4476099014282,1252786,10.4476099014282
10.3176403045654,10.3976211547852,9.71777725219727,9.95772171020508,1643875,9.95772171020508
9.95772171020508,10.0676965713501,9.53781795501709,9.74777030944824,1022733,9.74777030944824
9.78776073455811,10.157675743103,9.45783615112305,9.62779712677002,859596,9.62779712677002
9.62779712677002,9.75776767730713,9.12791156768799,9.66778755187988,1097851,9.66778755187988
9.64779281616211,10.0077104568481,9.49782657623291,9.81775379180908,1039737,9.81775379180908
9.75776767730713,10.0976896286011,9.58780670166016,9.9277286529541,715463,9.9277286529541
9.91773128509521,10.0077104568481,9.34786128997803,9.41784477233887,1717892,9.41784477233887
9.45783615112305,9.96772003173828,9.05792808532715,9.60780239105225,1332404,9.60780239105225
9.61779975891113,9.86774158477783,9.43784141540527,9.53781795501709,730467,9.53781795501709
9.46783447265625,9.55781269073486,9.18789768218994,9.49782657623291,1187171,9.49782657623291
9.57780933380127,9.91773128509521,9.44783878326416,9.66778755187988,1540452,9.66778755187988
9.66778755187988,10.5075960159302,9.66778755187988,10.1176853179932,1749600,10.1176853179932
10.2576532363892,10.7375440597534,9.93772602081299,10.4876012802124,1494941,10.4876012802124
10.437611579895,10.437611579895,9.78776073455811,9.91773128509521,599837,9.91773128509521
9.83774852752686,10.187668800354,9.18789768218994,10.0077104568481,2095879,10.0077104568481
10.187668800354,10.8875093460083,10.077693939209,10.5775804519653,956618,10.5775804519653
10.6575622558594,10.7975301742554,10.3476333618164,10.3676280975342,354180,10.3676280975342
10.4176168441772,10.6175708770752,10.187668800354,10.467604637146,517518,10.467604637146
10.6475639343262,10.9974842071533,10.3476333618164,10.8475179672241,564329,10.8475179672241
10.9474964141846,11.1974382400513,10.5575847625732,10.7175483703613,441500,10.7175483703613
10.7975301742554,11.1174573898315,10.607572555542,11.1174573898315,947116,11.1174573898315
11.1574468612671,11.1574468612671,10.7575387954712,10.7575387954712,931913,10.7575387954712
10.8075275421143,11.3274087905884,10.4576082229614,11.3274087905884,966020,11.3274087905884
11.2974147796631,11.3074131011963,10.9075050354004,10.9674911499023,731967,10.9674911499023
10.9474964141846,11.0574703216553,10.5875778198242,10.6675596237183,655749,10.6675596237183
10.6975526809692,10.7975301742554,10.2276601791382,10.3976211547852,755572,10.3976211547852
10.3776264190674,10.9175024032593,9.96772003173828,10.7075500488281,1404421,10.7075500488281
10.7275457382202,10.9474964141846,10.4276142120361,10.4876012802124,1277292,10.4876012802124
10.4876012802124,10.7075500488281,10.1176853179932,10.187668800354,645447,10.187668800354
10.2376575469971,10.4776029586792,9.86774158477783,10.2576532363892,2183799,10.2576532363892
10.3176403045654,10.5975761413574,10.1376810073853,10.187668800354,756973,10.187668800354
10.32763671875,11.0174798965454,9.90773296356201,9.94772434234619,1417724,9.94772434234619
10.0377044677734,10.0377044677734,9.47783184051514,9.58780670166016,1449731,9.58780670166016
9.59780406951904,9.84774684906006,9.39785003662109,9.54781627655029,1247085,9.54781627655029
9.63779544830322,10.5075960159302,9.63779544830322,9.84774684906006,1574159,9.84774684906006
9.74777030944824,10.2376575469971,9.74777030944824,10.0377044677734,795681,10.0377044677734
9.53781795501709,10.2876462936401,9.53781795501709,9.98771476745605,1059342,9.98771476745605
9.96772003173828,10.187668800354,9.60780239105225,10.017707824707,717464,10.017707824707
9.89773559570312,9.89773559570312,9.55781269073486,9.62779712677002,969421,9.62779712677002
9.62779712677002,10.4776029586792,9.62779712677002,10.2076654434204,1031535,10.2076654434204
10.4576082229614,10.4576082229614,9.60780239105225,9.60780239105225,953017,9.60780239105225
9.56781101226807,9.68778419494629,9.05792808532715,9.05792808532715,1025934,9.05792808532715
9.17790031433105,9.54781627655029,8.64802074432373,8.99794101715088,991826,8.99794101715088
9.00793933868408,9.88773822784424,9.00793933868408,9.65779113769531,1368913,9.65779113769531
9.59780406951904,9.73777198791504,9.29787254333496,9.53781795501709,656250,9.53781795501709
9.59780406951904,9.66778755187988,9.22788906097412,9.43784141540527,752572,9.43784141540527
9.56781101226807,9.56781101226807,8.98794364929199,8.98794364929199,535322,8.98794364929199
8.98794364929199,9.07792282104492,8.76799392700195,9.05792808532715,441100,9.05792808532715
9.09791946411133,9.64779281616211,8.94795322418213,9.20789337158203,881201,9.20789337158203
9.00793933868408,9.4078483581543,9.00793933868408,9.38785171508789,398391,9.38785171508789
9.33786392211914,10.297643661499,9.2678804397583,10.297643661499,1489040,10.297643661499
10.297643661499,10.3376350402832,10.0377044677734,10.0876922607422,1730295,10.0876922607422
10.1076879501343,10.4576082229614,10.077693939209,10.2076654434204,1044838,10.2076654434204
10.2276601791382,10.5375890731812,10.187668800354,10.3676280975342,847393,10.3676280975342
10.4176168441772,10.6975526809692,10.2476558685303,10.4776029586792,373685,10.4776029586792
10.5175943374634,10.8475179672241,10.4276142120361,10.5975761413574,718764,10.5975761413574
10.6475639343262,10.7175483703613,10.3676280975342,10.5975761413574,557627,10.5975761413574
10.7075500488281,10.9574928283691,10.7075500488281,10.9075050354004,956718,10.9075050354004
11.0274772644043,11.2574253082275,10.5975761413574,10.7475414276123,753372,10.7475414276123
10.6875553131104,10.8475179672241,10.4176168441772,10.5575847625732,733367,10.5575847625732
10.5575847625732,10.7975301742554,10.4576082229614,10.7975301742554,409993,10.7975301742554
10.8575162887573,10.9474964141846,10.637565612793,10.7975301742554,474608,10.7975301742554
10.7975301742554,10.7975301742554,10.5075960159302,10.5775804519653,548925,10.5775804519653
10.4876012802124,10.4876012802124,9.81775379180908,10.0277061462402,636245,10.0277061462402
10.1676740646362,10.1976671218872,9.8077564239502,10.1076879501343,308770,10.1076879501343
10.0876922607422,10.1276826858521,9.69778060913086,9.83774852752686,319172,9.83774852752686
9.8077564239502,9.91773128509521,9.55781269073486,9.83774852752686,516618,9.83774852752686
9.86774158477783,10.2776489257812,9.83774852752686,10.2776489257812,1858625,10.2776489257812
10.297643661499,10.8875093460083,10.2576532363892,10.7375440597534,1282793,10.7375440597534
10.7675371170044,10.9274997711182,10.2876462936401,10.2876462936401,384587,10.2876462936401
10.297643661499,10.3176403045654,9.81775379180908,10.1476783752441,439800,10.1476783752441
10.0976896286011,10.1976671218872,9.53781795501709,9.57780933380127,2067872,9.57780933380127
9.61779975891113,9.61779975891113,8.11814308166504,8.35808753967285,5084662,8.35808753967285
8.21811962127686,8.27810573577881,7.56826782226562,7.56826782226562,1692987,7.56826782226562
7.5582709312439,7.7482271194458,7.22834587097168,7.5582709312439,1604566,7.5582709312439
7.49828386306763,7.59826183319092,7.17835807800293,7.22834587097168,1797611,7.22834587097168
7.35831594467163,7.44829607009888,7.08837795257568,7.39830684661865,1814214,7.39830684661865
7.47828912734985,7.47828912734985,7.04838705062866,7.09837579727173,5377529,7.09837579727173
7.22834587097168,7.57826614379883,7.13836717605591,7.24834203720093,7326775,7.24834203720093
7.24834203720093,7.31832599639893,6.92841482162476,7.16836023330688,1173468,7.16836023330688
7.15836191177368,7.31832599639893,6.95840787887573,7.14836406707764,1353109,7.14836406707764
7.09837579727173,7.50828218460083,6.98840093612671,7.3483190536499,2904764,7.3483190536499
7.2683367729187,7.32832288742065,6.80844211578369,7.01839399337769,959919,7.01839399337769
6.97840309143066,7.1983528137207,6.87842607498169,7.06838321685791,1104852,7.06838321685791
6.85843086242676,6.89842176437378,6.69846677780151,6.74845600128174,865898,6.74845600128174
6.79844522476196,7.16836023330688,6.69846677780151,7.09837579727173,770376,7.09837579727173
7.09837579727173,7.09837579727173,6.60848808288574,6.64847898483276,746670,6.64847898483276
6.5984902381897,6.91841697692871,6.34854698181152,6.76845121383667,1087948,6.76845121383667
6.90841913223267,6.92841482162476,6.67847204208374,6.68846988677979,511416,6.68846988677979
6.80844211578369,7.00839614868164,6.69846677780151,6.93841314315796,580532,6.93841314315796
6.84843301773071,6.89842176437378,5.95863723754883,6.44852495193481,3668338,6.44852495193481
6.36854314804077,6.37854099273682,5.69869613647461,5.79867315292358,2091078,5.79867315292358
5.84866189956665,5.9786319732666,5.72868919372559,5.9086480140686,935113,5.9086480140686
5.98862981796265,6.0486159324646,5.72868919372559,5.91864585876465,474708,5.91864585876465
5.94863891601562,6.15859079360962,5.91864585876465,6.02862119674683,976923,6.02862119674683
6.00862503051758,6.1985821723938,5.94863891601562,6.1285982131958,945816,6.1285982131958
6.00862503051758,6.30855703353882,6.00862503051758,6.02862119674683,1754301,6.02862119674683
6.00862503051758,6.22857522964478,5.94863891601562,6.05861377716064,2267718,6.05861377716064
6.07860898971558,6.16858911514282,5.95863723754883,6.03861808776855,879501,6.03861808776855
6.09860515594482,6.15859079360962,5.87865495681763,5.87865495681763,406492,5.87865495681763
5.86865711212158,5.9086480140686,5.46874904632568,5.53873300552368,8732296,5.53873300552368
5.55872821807861,5.73868703842163,5.42875814437866,5.44875288009644,1431727,5.44875288009644
5.47874593734741,5.88865280151367,5.39876508712769,5.73868703842163,3079204,5.73868703842163
5.59871912002563,5.64870691299438,5.32878112792969,5.32878112792969,1616669,5.32878112792969
5.43875598907471,5.43875598907471,4.98885822296143,4.99885606765747,3649434,4.99885606765747
4.96886301040649,5.03884696960449,4.8288950920105,4.92887210845947,2364540,4.92887210845947
4.92887210845947,4.97886085510254,4.71892023086548,4.81889677047729,2481067,4.81889677047729
4.8288950920105,4.8288950920105,4.57895183563232,4.73891592025757,1719993,4.73891592025757
4.6789288520813,4.7489128112793,4.4689769744873,4.73891592025757,1226180,4.73891592025757
4.6189432144165,4.62894105911255,4.34900522232056,4.47897481918335,1211377,4.47897481918335
4.47897481918335,4.47897481918335,4.30901384353638,4.38899612426758,877700,4.38899612426758
4.42898607254028,4.59894800186157,4.31901216506958,4.45898008346558,1656778,4.45898008346558
4.35900211334229,4.38899612426758,4.11905717849731,4.25902509689331,1145061,4.25902509689331
4.25902509689331,4.33900690078735,4.02907800674438,4.2090368270874,870799,4.2090368270874
4.24902820587158,4.41898918151855,4.16904592514038,4.41898918151855,1230181,4.41898918151855
4.33900690078735,4.59894800186157,4.28901815414429,4.44898176193237,1653078,4.44898176193237
4.45898008346558,4.69892501831055,4.39899301528931,4.62894105911255,1333504,4.62894105911255
4.69892501831055,4.7489128112793,4.52896404266357,4.58895015716553,695359,4.58895015716553
4.6189432144165,4.69892501831055,4.50896787643433,4.57895183563232,576231,4.57895183563232
4.63893795013428,4.65893411636353,4.37899780273438,4.4689769744873,862797,4.4689769744873
4.4689769744873,4.50896787643433,4.28901815414429,4.39899301528931,1051840,4.39899301528931
4.33900690078735,4.55895709991455,4.30901384353638,4.55895709991455,972222,4.55895709991455
4.54895877838135,4.76890897750854,4.44898176193237,4.71892023086548,928512,4.71892023086548
4.70892190933228,5.05884218215942,4.62894105911255,4.88888120651245,1095850,4.88888120651245
4.85888814926147,5.00885391235352,4.6789288520813,4.96886301040649,954518,4.96886301040649
4.96886301040649,5.00885391235352,4.55895709991455,4.58895015716553,2063471,4.58895015716553
4.62894105911255,5.03884696960449,4.62894105911255,4.96886301040649,1914337,4.96886301040649
4.97886085510254,5.11882877349854,4.70892190933228,4.72891807556152,1296396,4.72891807556152
4.59894800186157,4.71892023086548,4.36899995803833,4.65893411636353,1806913,4.65893411636353
4.66893196105957,4.98885822296143,4.6189432144165,4.84888982772827,1150563,4.84888982772827
4.88888120651245,4.97886085510254,4.71892023086548,4.79890203475952,2759230,4.79890203475952
4.73891592025757,4.81889677047729,4.56895399093628,4.81889677047729,1269890,4.81889677047729
4.80889987945557,5.15882015228271,4.69892501831055,5.01885223388672,2317329,5.01885223388672
5.14882183074951,5.21880578994751,4.8288950920105,4.96886301040649,1651177,4.96886301040649
4.96886301040649,5.09883308410645,4.79890203475952,5.08883619308472,2668410,5.08883619308472
5.04884481430054,5.50873994827271,5.00885391235352,5.50873994827271,1404421,5.50873994827271
5.49874210357666,5.7586817741394,5.37876892089844,5.69869613647461,1740898,5.69869613647461
5.68869781494141,5.74868488311768,5.48874378204346,5.62871217727661,1743498,5.62871217727661
5.68869781494141,5.68869781494141,5.42875814437866,5.43875598907471,688057,5.43875598907471
5.43875598907471,5.48874378204346,5.11882877349854,5.13882398605347,771776,5.13882398605347
5.13882398605347,5.52873516082764,5.13882398605347,5.37876892089844,1544553,5.37876892089844
5.37876892089844,5.42875814437866,5.16881704330444,5.29878807067871,2602595,5.29878807067871
5.29878807067871,5.44875288009644,5.19881010055542,5.34877586364746,7370585,5.34877586364746
5.35877418518066,5.38876676559448,5.06884002685547,5.11882877349854,2126886,5.11882877349854
5.14882183074951,5.35877418518066,5.02884912490845,5.24879884719849,1544453,5.24879884719849
5.26879405975342,5.52873516082764,5.25879716873169,5.30878496170044,1229081,5.30878496170044
5.32878112792969,5.85865879058838,5.32878112792969,5.7586817741394,3790466,5.7586817741394
5.79867315292358,5.99862718582153,5.62871217727661,5.79867315292358,1859225,5.79867315292358
5.86865711212158,5.92864322662354,5.76868009567261,5.84866189956665,1250685,5.84866189956665
5.85865879058838,5.89865016937256,5.49874210357666,5.52873516082764,1167166,5.52873516082764
5.61871385574341,5.91864585876465,5.58872079849243,5.84866189956665,1742698,5.84866189956665
5.82866621017456,5.91864585876465,5.59871912002563,5.73868703842163,933613,5.73868703842163
5.76868009567261,6.02862119674683,5.67870092391968,5.84866189956665,930612,5.84866189956665
5.79867315292358,6.44852495193481,5.73868703842163,6.31855392456055,2177497,6.31855392456055
6.31855392456055,6.31855392456055,5.51873683929443,5.89865016937256,6579604,5.89865016937256
5.79867315292358,5.95863723754883,5.41875982284546,5.79867315292358,4277078,5.79867315292358
5.80867099761963,6.09860515594482,5.62871217727661,5.99862718582153,2209105,5.99862718582153
5.9086480140686,5.96863412857056,5.74868488311768,5.95863723754883,1458933,5.95863723754883
5.84866189956665,6.02862119674683,5.73868703842163,5.83866405487061,739269,5.83866405487061
5.86865711212158,6.08860683441162,5.79867315292358,5.93864107131958,1415723,5.93864107131958
5.95863723754883,6.32855176925659,5.94863891601562,6.17858600616455,2418453,6.17858600616455
6.1885838508606,6.44852495193481,6.09860515594482,6.1285982131958,1176369,6.1285982131958
6.1285982131958,6.1985821723938,5.99862718582153,5.99862718582153,779878,5.99862718582153
5.98862981796265,6.2685661315918,5.95863723754883,6.09860515594482,1744298,6.09860515594482
6.1185998916626,6.23857307434082,6.03861808776855,6.20857906341553,840892,6.20857906341553
6.20857906341553,6.43852710723877,6.1285982131958,6.21857690811157,666152,6.21857690811157
6.21857690811157,6.31855392456055,6.10860204696655,6.29855918884277,749671,6.29855918884277
6.35854482650757,6.86842918395996,6.35854482650757,6.64847898483276,3027092,6.64847898483276
6.69846677780151,6.74845600128174,6.49851322174072,6.74845600128174,590635,6.74845600128174
6.64847898483276,6.65847682952881,6.30855703353882,6.65847682952881,855695,6.65847682952881
6.68846988677979,6.82843780517578,6.43852710723877,6.69846677780151,933913,6.69846677780151
6.73845815658569,7.04838705062866,6.73845815658569,6.77844905853271,2303526,6.77844905853271
6.85843086242676,7.01839399337769,6.61848592758179,6.71846294403076,781678,6.71846294403076
6.5984902381897,6.99839878082275,6.5984902381897,6.92841482162476,2353838,6.92841482162476
6.93841314315796,6.95840787887573,6.69846677780151,6.74845600128174,734267,6.74845600128174
6.75845384597778,6.79844522476196,6.48851490020752,6.57849502563477,770376,6.57849502563477
6.53850412368774,7.18835496902466,6.17858600616455,6.77844905853271,2555484,6.77844905853271
6.68846988677979,6.89842176437378,6.37854099273682,6.82843780517578,1874028,6.82843780517578
6.82843780517578,6.99839878082275,6.61848592758179,6.91841697692871,1181970,6.91841697692871
6.88842391967773,6.97840309143066,6.64847898483276,6.80844211578369,589734,6.80844211578369
6.90841913223267,7.00839614868164,6.73845815658569,6.84843301773071,638045,6.84843301773071
6.80844211578369,6.93841314315796,6.74845600128174,6.88842391967773,430898,6.88842391967773
6.83843517303467,6.93841314315796,6.67847204208374,6.74845600128174,386188,6.74845600128174
6.80844211578369,6.87842607498169,6.5984902381897,6.5984902381897,711862,6.5984902381897
6.65847682952881,6.65847682952881,6.40853404998779,6.53850412368774,1095950,6.53850412368774
6.47851800918579,6.47851800918579,6.24856996536255,6.31855392456055,1003029,6.31855392456055
6.31855392456055,6.49851322174072,6.17858600616455,6.38853788375854,878300,6.38853788375854
6.52850580215454,6.77844905853271,6.37854099273682,6.74845600128174,929112,6.74845600128174
6.79844522476196,6.96840620040894,6.61848592758179,6.6684741973877,725365,6.6684741973877
6.67847204208374,6.83843517303467,6.56849718093872,6.81843996047974,501714,6.81843996047974
6.83843517303467,7.37831211090088,6.82843780517578,7.28833198547363,3621428,7.28833198547363
7.30832815170288,7.30832815170288,7.09837579727173,7.09837579727173,780578,7.09837579727173
7.14836406707764,7.22834587097168,6.85843086242676,6.98840093612671,800483,6.98840093612671
6.96840620040894,6.97840309143066,6.70846509933472,6.73845815658569,732367,6.73845815658569
6.70846509933472,6.92841482162476,6.54850196838379,6.89842176437378,580432,6.89842176437378
6.93841314315796,7.15836191177368,6.79844522476196,7.09837579727173,1326603,7.09837579727173
7.10837411880493,7.15836191177368,6.97840309143066,7.08837795257568,530721,7.08837795257568
7.13836717605591,7.2783350944519,7.07838010787964,7.24834203720093,826088,7.24834203720093
7.18835496902466,7.35831594467163,7.13836717605591,7.2783350944519,554926,7.2783350944519
7.28833198547363,7.35831594467163,7.1983528137207,7.35831594467163,692858,7.35831594467163
7.3483190536499,7.5582709312439,7.2783350944519,7.51828002929688,869498,7.51828002929688
7.58826398849487,7.64825010299683,7.35831594467163,7.64825010299683,439600,7.64825010299683
7.69823884963989,7.83820676803589,7.45829391479492,7.68824100494385,862697,7.68824100494385
7.65824794769287,7.85820198059082,7.56826782226562,7.68824100494385,967121,7.68824100494385
7.6782431602478,8.02816295623779,7.6782431602478,7.80821418762207,864297,7.80821418762207
7.7482271194458,7.93818378448486,7.5582709312439,7.7482271194458,1319101,7.7482271194458
7.57826614379883,7.92818593978882,7.44829607009888,7.89819288253784,1056441,7.89819288253784
7.96817684173584,8.31809711456299,7.91818809509277,8.22811794281006,1294095,8.22811794281006
8.18812656402588,8.35808753967285,7.90819120407104,8.14813613891602,707061,8.14813613891602
8.27810573577881,8.48805809020996,8.19812393188477,8.23811531066895,940615,8.23811531066895
8.19812393188477,8.27810573577881,7.87819814682007,7.87819814682007,709662,7.87819814682007
7.8881950378418,8.05815601348877,7.7482271194458,7.92818593978882,628143,7.92818593978882
7.82820892333984,7.94818210601807,7.7482271194458,7.92818593978882,903806,7.92818593978882
7.7482271194458,7.77822017669678,7.32832288742065,7.37831211090088,1154964,7.37831211090088
7.35831594467163,7.7482271194458,7.1983528137207,7.7482271194458,1911837,7.7482271194458
7.82820892333984,8.05815601348877,7.5582709312439,7.64825010299683,795781,7.64825010299683
7.64825010299683,7.6782431602478,6.94841003417969,7.16836023330688,1347608,7.16836023330688
6.96840620040894,7.11837100982666,6.79844522476196,7.10837411880493,1049840,7.10837411880493
7.32832288742065,7.49828386306763,6.98840093612671,7.12836885452271,1220179,7.12836885452271
7.12836885452271,7.45829391479492,6.95840787887573,7.22834587097168,1689886,7.22834587097168
7.28833198547363,7.36831378936768,6.99839878082275,7.18835496902466,673153,7.18835496902466
7.15836191177368,7.23834419250488,7.01839399337769,7.20835113525391,619041,7.20835113525391
7.20835113525391,7.70823621749878,7.1983528137207,7.49828386306763,1071344,7.49828386306763
7.51828002929688,7.5582709312439,7.24834203720093,7.33832120895386,778277,7.33832120895386
7.35831594467163,7.38830995559692,7.10837411880493,7.20835113525391,1691986,7.20835113525391
7.22834587097168,7.40830516815186,7.14836406707764,7.35831594467163,950317,7.35831594467163
7.28833198547363,7.69823884963989,7.10837411880493,7.69823884963989,2059070,7.69823884963989
7.66824579238892,7.93818378448486,7.49828386306763,7.59826183319092,1865726,7.59826183319092
7.63825178146362,7.89819288253784,7.51828002929688,7.7482271194458,625443,7.7482271194458
7.72823190689087,7.72823190689087,7.39830684661865,7.39830684661865,603337,7.39830684661865
7.4183030128479,7.4183030128479,7.02839183807373,7.02839183807373,1197873,7.02839183807373
7.02839183807373,7.13836717605591,6.90841913223267,6.90841913223267,2954775,6.90841913223267
6.88842391967773,6.89842176437378,6.6684741973877,6.68846988677979,1838420,6.68846988677979
6.68846988677979,6.70846509933472,6.30855703353882,6.32855176925659,903606,6.32855176925659
6.28856086730957,6.36854314804077,5.99862718582153,6.17858600616455,1194373,6.17858600616455
6.17858600616455,6.44852495193481,5.95863723754883,6.05861377716064,1155564,6.05861377716064
5.94863891601562,6.22857522964478,5.84866189956665,6.1185998916626,1874928,6.1185998916626
6.10860204696655,6.24856996536255,6.01862287521362,6.15859079360962,980824,6.15859079360962
6.05861377716064,6.36854314804077,6.05861377716064,6.36854314804077,2042066,6.36854314804077
6.30855703353882,6.89842176437378,6.24856996536255,6.80844211578369,3263446,6.80844211578369
6.88842391967773,7.20835113525391,6.72846078872681,6.81843996047974,2446159,6.81843996047974
6.71846294403076,6.90841913223267,6.51850891113281,6.51850891113281,891403,6.51850891113281
6.54850196838379,6.67847204208374,6.49851322174072,6.60848808288574,586934,6.60848808288574
6.53850412368774,6.99839878082275,6.53850412368774,6.70846509933472,3423082,6.70846509933472
6.74845600128174,6.74845600128174,6.32855176925659,6.48851490020752,2188000,6.48851490020752
6.38853788375854,6.51850891113281,6.08860683441162,6.08860683441162,2124785,6.08860683441162
6.1285982131958,6.33855009078979,5.95863723754883,6.27856302261353,2067872,6.27856302261353
6.30855703353882,6.49851322174072,5.85865879058838,6.02862119674683,2148091,6.02862119674683
5.94863891601562,5.95863723754883,5.53873300552368,5.78867483139038,1938243,5.78867483139038
5.77867794036865,5.93864107131958,5.43875598907471,5.51873683929443,657750,5.51873683929443
5.53873300552368,5.66870307922363,5.38876676559448,5.55872821807861,2118384,5.55872821807861
5.59871912002563,6.01862287521362,5.56872606277466,6.01862287521362,1609568,6.01862287521362
6.01862287521362,6.15859079360962,5.81866884231567,5.87865495681763,3114312,5.87865495681763
5.80867099761963,5.86865711212158,5.53873300552368,5.82866621017456,2302126,5.82866621017456
5.80867099761963,6.24856996536255,5.71869087219238,6.24856996536255,1647576,6.24856996536255
6.1885838508606,6.61848592758179,6.15859079360962,6.53850412368774,1828418,6.53850412368774
6.48851490020752,6.63848114013672,6.39853620529175,6.47851800918579,1291095,6.47851800918579
6.41853094100952,6.68846988677979,6.30855703353882,6.68846988677979,1144161,6.68846988677979
6.62848281860352,6.65847682952881,6.47851800918579,6.51850891113281,629543,6.51850891113281
6.52850580215454,6.86842918395996,6.48851490020752,6.70846509933472,1815815,6.70846509933472
6.77844905853271,6.82843780517578,6.69846677780151,6.71846294403076,471907,6.71846294403076
6.64847898483276,7.24834203720093,6.62848281860352,7.23834419250488,3200531,7.23834419250488
7.21834802627563,7.31832599639893,6.90841913223267,7.08837795257568,1027234,7.08837795257568
7.07838010787964,7.23834419250488,7.05838489532471,7.1983528137207,592535,7.1983528137207
7.22834587097168,7.54827308654785,7.22834587097168,7.36831378936768,1561657,7.36831378936768
7.35831594467163,7.86819982528687,7.35831594467163,7.78821802139282,2318830,7.78821802139282
7.78821802139282,7.8881950378418,7.5582709312439,7.64825010299683,567629,7.64825010299683
7.62825489044189,7.87819814682007,7.5582709312439,7.79821586608887,1169867,7.79821586608887
7.79821586608887,7.96817684173584,7.6782431602478,7.80821418762207,1167867,7.80821418762207
7.87819814682007,8.00816822052002,7.65824794769287,7.94818210601807,1948045,7.94818210601807
7.97817516326904,7.97817516326904,7.6782431602478,7.69823884963989,888103,7.69823884963989
7.70823621749878,8.08815002441406,7.70823621749878,7.98817205429077,2250614,7.98817205429077
7.97817516326904,8.02816295623779,7.58826398849487,7.66824579238892,1903435,7.66824579238892
7.62825489044189,7.73823022842407,7.42829990386963,7.62825489044189,1126357,7.62825489044189
7.59826183319092,7.66824579238892,7.42829990386963,7.66824579238892,759773,7.66824579238892
7.73823022842407,7.75822496414185,7.57826614379883,7.59826183319092,440200,7.59826183319092
7.5582709312439,7.62825489044189,7.33832120895386,7.33832120895386,698959,7.33832120895386
7.18835496902466,7.40830516815186,7.18835496902466,7.21834802627563,483210,7.21834802627563
7.12836885452271,7.52827787399292,7.10837411880493,7.42829990386963,639146,7.42829990386963
7.52827787399292,7.75822496414185,7.44829607009888,7.64825010299683,2227109,7.64825010299683
7.72823190689087,7.99816989898682,7.59826183319092,7.90819120407104,1814714,7.90819120407104
7.84820413589478,7.96817684173584,7.77822017669678,7.94818210601807,759173,7.94818210601807
7.89819288253784,7.96817684173584,7.87819814682007,7.96817684173584,523219,7.96817684173584
7.79821586608887,8.07815170288086,7.79821586608887,8.07815170288086,883902,8.07815170288086
8.08815002441406,8.13813781738281,7.94818210601807,7.99816989898682,713563,7.99816989898682
7.93818378448486,8.05815601348877,7.8881950378418,8.00816822052002,396890,8.00816822052002
8.038161277771,8.11814308166504,7.91818809509277,7.94818210601807,932413,7.94818210601807
7.94818210601807,7.99816989898682,7.42829990386963,7.59826183319092,2697316,7.59826183319092
7.59826183319092,7.64825010299683,7.37831211090088,7.6082592010498,1724394,7.6082592010498
7.63825178146362,7.8881950378418,7.43829822540283,7.76822280883789,5222994,7.76822280883789
7.84820413589478,7.84820413589478,7.47828912734985,7.47828912734985,2247213,7.47828912734985
7.4183030128479,7.52827787399292,7.32832288742065,7.32832288742065,2418453,7.32832288742065
7.31832599639893,7.40830516815186,7.01839399337769,7.11837100982666,1324802,7.11837100982666
7.10837411880493,7.43829822540283,7.05838489532471,7.21834802627563,958919,7.21834802627563
7.20835113525391,7.43829822540283,6.91841697692871,6.91841697692871,1005830,6.91841697692871
6.89842176437378,6.97840309143066,6.35854482650757,6.97840309143066,2845850,6.97840309143066
6.85843086242676,6.86842918395996,6.54850196838379,6.73845815658569,2029164,6.73845815658569
6.72846078872681,6.94841003417969,6.54850196838379,6.56849718093872,634945,6.56849718093872
6.51850891113281,6.74845600128174,6.44852495193481,6.65847682952881,796882,6.65847682952881
6.69846677780151,6.97840309143066,6.62848281860352,6.96840620040894,594035,6.96840620040894
6.99839878082275,7.07838010787964,6.36854314804077,6.44852495193481,3086305,6.44852495193481
6.46852016448975,6.58849287033081,6.34854698181152,6.58849287033081,859596,6.58849287033081
6.5984902381897,6.60848808288574,6.39853620529175,6.39853620529175,733967,6.39853620529175
6.35854482650757,6.78844690322876,6.30855703353882,6.68846988677979,2239812,6.68846988677979
6.6684741973877,6.68846988677979,6.17858600616455,6.28856086730957,1578861,6.28856086730957
6.27856302261353,6.35854482650757,6.15859079360962,6.2685661315918,418995,6.2685661315918
6.33855009078979,6.5984902381897,6.30855703353882,6.57849502563477,2228609,6.57849502563477
6.56849718093872,6.82843780517578,6.38853788375854,6.75845384597778,1428626,6.75845384597778
7.32832288742065,7.94818210601807,7.02839183807373,7.85820198059082,6996699,7.85820198059082
7.99816989898682,8.05815601348877,7.73823022842407,7.75822496414185,1687185,7.75822496414185
7.66824579238892,8.32809543609619,7.66824579238892,8.12814044952393,3623828,8.12814044952393
8.12814044952393,8.20812225341797,8.00816822052002,8.05815601348877,1576560,8.05815601348877
7.97817516326904,8.99794101715088,7.91818809509277,8.69801044464111,2829547,8.69801044464111
8.69801044464111,8.89796352386475,8.45806503295898,8.67801475524902,1573859,8.67801475524902
8.65801906585693,8.85797309875488,8.43806934356689,8.57803726196289,1296196,8.57803726196289
8.57803726196289,8.64802074432373,8.44806671142578,8.44806671142578,1683985,8.44806671142578
8.568039894104,9.14790725708008,8.48805809020996,8.69801044464111,1939343,8.69801044464111
8.73800086975098,8.90796184539795,8.61802768707275,8.79798698425293,1331404,8.79798698425293
8.79798698425293,8.92795658111572,8.68801212310791,8.74799919128418,1414623,8.74799919128418
8.68801212310791,8.80798530578613,8.51805114746094,8.75799560546875,721264,8.75799560546875
8.75799560546875,8.89796352386475,8.61802768707275,8.86797142028809,1227980,8.86797142028809
8.92795658111572,8.93795490264893,8.61802768707275,8.66801738739014,504515,8.66801738739014
8.60803127288818,8.60803127288818,8.23811531066895,8.33809185028076,840692,8.33809185028076
8.36808490753174,8.63802433013916,8.28810405731201,8.62802600860596,763574,8.62802600860596
8.62802600860596,8.77799224853516,8.51805114746094,8.77799224853516,691958,8.77799224853516
8.73800086975098,8.81798267364502,8.63802433013916,8.77799224853516,1468035,8.77799224853516
8.847975730896,9.06792545318604,8.76799392700195,8.98794364929199,1205775,8.98794364929199
8.90796184539795,9.04792976379395,8.90796184539795,8.99794101715088,1066843,8.99794101715088
8.98794364929199,9.18789768218994,8.86797142028809,9.02793502807617,1517647,9.02793502807617
8.9679479598999,9.04792976379395,8.79798698425293,9.02793502807617,1432427,9.02793502807617
8.98794364929199,8.98794364929199,8.66801738739014,8.89796352386475,1509645,8.89796352386475
8.95795059204102,9.06792545318604,8.82798004150391,8.99794101715088,544524,8.99794101715088
9.09791946411133,9.34786128997803,8.94795322418213,9.21789073944092,1660279,9.21789073944092
9.39785003662109,9.52781963348389,9.19789600372314,9.19789600372314,1125357,9.19789600372314
9.17790031433105,9.73777198791504,9.09791946411133,9.50782489776611,1665480,9.50782489776611
9.49782657623291,9.83774852752686,9.48782920837402,9.81775379180908,1041138,9.81775379180908
9.70777893066406,10.2576532363892,9.70777893066406,10.1176853179932,1839620,10.1176853179932
10.1176853179932,10.4876012802124,10.047700881958,10.4576082229614,1852223,10.4576082229614
10.5175943374634,10.5375890731812,10.1276826858521,10.3076419830322,1393318,10.3076419830322
10.3976211547852,10.4476099014282,9.91773128509521,9.99771308898926,2187000,9.99771308898926
10.0676965713501,10.1776723861694,9.47783184051514,9.84774684906006,5801226,9.84774684906006
9.84774684906006,10.267650604248,9.76776504516602,10.2076654434204,2164895,10.2076654434204
10.3476333618164,11.4273862838745,10.3476333618164,10.8575162887573,5922654,10.8575162887573
10.7875318527222,11.0074815750122,10.7575387954712,10.8975067138672,1517647,10.8975067138672
10.8975067138672,11.1974382400513,10.8975067138672,10.9474964141846,1642775,10.9474964141846
10.9075050354004,11.1374521255493,10.7875318527222,10.8375205993652,1724394,10.8375205993652
10.9474964141846,11.1974382400513,10.5875778198242,10.7975301742554,1161765,10.7975301742554
10.8775119781494,10.9574928283691,10.6975526809692,10.7875318527222,720464,10.7875318527222
10.7175483703613,10.9574928283691,10.6275691986084,10.8975067138672,509016,10.8975067138672
10.9974842071533,11.0574703216553,10.637565612793,10.8375205993652,670153,10.8375205993652
10.7375440597534,11.0874643325806,10.6275691986084,10.9474964141846,3813171,10.9474964141846
11.0274772644043,11.1474504470825,10.8575162887573,11.1474504470825,1320001,11.1474504470825
11.1874408721924,11.3873949050903,10.7475414276123,10.7875318527222,1125157,10.7875318527222
10.8975067138672,10.8975067138672,10.6175708770752,10.8275232315063,710462,10.8275232315063
10.7375440597534,10.7375440597534,9.89773559570312,9.9277286529541,3577518,9.9277286529541
10.0277061462402,10.7175483703613,10.0277061462402,10.3076419830322,4516232,10.3076419830322
10.4300003051758,10.7600002288818,10.2700004577637,10.4899997711182,2524900,10.4899997711182
10.1999998092651,10.6800003051758,9.98999977111816,10.6300001144409,5020500,10.6300001144409
10.7799997329712,11.039999961853,10.6000003814697,10.7399997711182,4316500,10.7399997711182
10.8900003433228,11.4399995803833,10.6800003051758,11.2399997711182,2914400,11.2399997711182
11.3000001907349,11.460000038147,11.0200004577637,11.460000038147,1464100,11.460000038147
11.3999996185303,11.8000001907349,11.2600002288818,11.8000001907349,3767900,11.8000001907349
11.6999998092651,11.6999998092651,11.2399997711182,11.2700004577637,2214700,11.2700004577637
11.1999998092651,11.2399997711182,10.3599996566772,10.6499996185303,4079400,10.6499996185303
10.6000003814697,10.6400003433228,10.0900001525879,10.1700000762939,8010300,10.1700000762939
9.48999977111816,9.69999980926514,8.32999992370605,9.69999980926514,19016100,9.69999980926514
9.89999961853027,10.0699996948242,9.39999961853027,9.78999996185303,7403500,9.78999996185303
9.73999977111816,9.76000022888184,9.1899995803833,9.39999961853027,3263900,9.39999961853027
9.5,9.52000045776367,9.02999973297119,9.39999961853027,3823500,9.39999961853027
9.34000015258789,9.60999965667725,9.3100004196167,9.52000045776367,3360800,9.52000045776367
9.52999973297119,9.65999984741211,9.39000034332275,9.63000011444092,2373000,9.63000011444092
9.65999984741211,10.1300001144409,9.65999984741211,10.1000003814697,10870600,10.1000003814697
9.98999977111816,10.289999961853,9.88000011444092,10.289999961853,3806300,10.289999961853
10.3199996948242,10.4399995803833,10.1499996185303,10.3699998855591,2057700,10.3699998855591
10.289999961853,10.4899997711182,10.039999961853,10.2600002288818,5338700,10.2600002288818
10.1999998092651,10.3800001144409,10,10.3400001525879,3396400,10.3400001525879
10.3900003433228,10.8599996566772,10.289999961853,10.5299997329712,4247500,10.5299997329712
10.539999961853,10.6800003051758,10.3599996566772,10.5799999237061,1461500,10.5799999237061
10.5799999237061,10.6099996566772,10.3599996566772,10.6099996566772,1532900,10.6099996566772
10.6199998855591,10.6700000762939,10.2200002670288,10.3400001525879,2419700,10.3400001525879
10.3500003814697,10.3900003433228,10.1899995803833,10.2799997329712,1365200,10.2799997329712
10.25,10.2799997329712,9.90999984741211,10.1499996185303,1762100,10.1499996185303
9.97999954223633,10.2200002670288,9.86999988555908,10.210000038147,1610200,10.210000038147
10.210000038147,10.210000038147,9.93000030517578,10.0799999237061,1654800,10.0799999237061
9.9399995803833,10.2399997711182,9.92000007629395,10.2299995422363,1362700,10.2299995422363
10.2200002670288,10.5,10.1099996566772,10.3500003814697,1708900,10.3500003814697
10.4099998474121,10.6000003814697,10.25,10.5600004196167,3274800,10.5600004196167
10.5900001525879,10.6999998092651,10.5,10.6800003051758,1058100,10.6800003051758
10.6800003051758,10.9700002670288,10.6000003814697,10.8699998855591,4380500,10.8699998855591
10.8299999237061,11,10.7799997329712,11,1972800,11
11.0299997329712,11.3699998855591,10.8800001144409,11.3000001907349,5586200,11.3000001907349
11.289999961853,11.6599998474121,11.289999961853,11.6599998474121,2561900,11.6599998474121
11.8699998855591,12.210000038147,11.7399997711182,12.039999961853,4425600,12.039999961853
12.1599998474121,12.3500003814697,11.9399995803833,12.1099996566772,6231200,12.1099996566772
12.0200004577637,12.0200004577637,11.710000038147,11.8000001907349,1511100,11.8000001907349
11.8199996948242,12.1099996566772,11.6400003433228,11.6499996185303,1171100,11.6499996185303
11.6499996185303,11.6899995803833,11.6000003814697,11.6499996185303,2103100,11.6499996185303
11.6999998092651,11.6999998092651,11.5299997329712,11.6700000762939,1425800,11.6700000762939
11.6499996185303,12.0500001907349,11.4399995803833,11.9799995422363,1642700,11.9799995422363
12.0200004577637,12.2200002670288,11.8400001525879,12.1400003433228,2316700,12.1400003433228
12.1999998092651,12.1999998092651,11.9200000762939,12.0500001907349,3170600,12.0500001907349
12,12.0500001907349,11.8599996566772,12.0500001907349,1230600,12.0500001907349
12,12,11.5299997329712,11.6599998474121,2022100,11.6599998474121
11.8500003814697,12.0600004196167,11.210000038147,11.8999996185303,4775700,11.8999996185303
11.8299999237061,11.9399995803833,11.5799999237061,11.6999998092651,2261900,11.6999998092651
11.8000001907349,11.8000001907349,11.210000038147,11.3800001144409,1765900,11.3800001144409
11.2299995422363,11.460000038147,11.0900001525879,11.3999996185303,1059000,11.3999996185303
11.4399995803833,11.4399995803833,11.1099996566772,11.2700004577637,2087800,11.2700004577637
11.3100004196167,11.5,11.2200002670288,11.4399995803833,1307600,11.4399995803833
11.4799995422363,11.6899995803833,11.3999996185303,11.6000003814697,1688500,11.6000003814697
11.6800003051758,11.6800003051758,11.4099998474121,11.5500001907349,2427500,11.5500001907349
11.5699996948242,11.8699998855591,11.4499998092651,11.8100004196167,4109400,11.8100004196167
11.8100004196167,11.9799995422363,11.6899995803833,11.8999996185303,975500,11.8999996185303
11.9499998092651,12.1000003814697,11.7700004577637,12.0699996948242,1288400,12.0699996948242
12.0699996948242,12.1199998855591,11.7700004577637,11.8500003814697,1075000,11.8500003814697
11.789999961853,12.1000003814697,11.6499996185303,12.1000003814697,5411900,12.1000003814697
12.1499996185303,12.7700004577637,12.0900001525879,12.6199998855591,6225200,12.6199998855591
12.6800003051758,12.6999998092651,12.5,12.6899995803833,931600,12.6899995803833
12.75,12.75,12.039999961853,12.0600004196167,2829600,12.0600004196167
12.0600004196167,12.0600004196167,11.5799999237061,11.6999998092651,1988400,11.6999998092651
11.5500001907349,11.7399997711182,11.4300003051758,11.5699996948242,1241400,11.5699996948242
11.7200002670288,11.7799997329712,11.5699996948242,11.710000038147,1373000,11.710000038147
11.8000001907349,12.1599998474121,11.7799997329712,12.1000003814697,1272600,12.1000003814697
12.0600004196167,12.3199996948242,11.960000038147,11.9700002670288,1209500,11.9700002670288
11.9899997711182,12.1000003814697,11.7600002288818,11.8500003814697,1661900,11.8500003814697
11.8800001144409,11.9300003051758,11.3599996566772,11.4700002670288,4386900,11.4700002670288
11.4499998092651,11.7700004577637,11.4099998474121,11.6300001144409,1973500,11.6300001144409
11.5799999237061,11.6700000762939,11.3800001144409,11.5900001525879,1691300,11.5900001525879
11.5699996948242,11.8299999237061,11.5500001907349,11.6300001144409,2047600,11.6300001144409
11.4700002670288,11.5,11.1300001144409,11.3500003814697,1497500,11.3500003814697
11.3800001144409,11.4899997711182,11.1499996185303,11.1899995803833,882600,11.1899995803833
11.1700000762939,11.1700000762939,10.9499998092651,11.0900001525879,809000,11.0900001525879
10.9700002670288,11.0699996948242,10.8900003433228,10.9099998474121,1016700,10.9099998474121
10.9099998474121,11.1800003051758,10.6999998092651,11,1995900,11
10.9499998092651,11.2700004577637,10.9300003051758,11.1700000762939,2801400,11.1700000762939
11.3100004196167,11.5200004577637,11.1800003051758,11.4799995422363,1532900,11.4799995422363
11.3699998855591,11.460000038147,11.1999998092651,11.3400001525879,1212400,11.3400001525879
11.210000038147,11.5200004577637,11.0299997329712,11.1800003051758,2323100,11.1800003051758
11.210000038147,11.3199996948242,11.0100002288818,11.3199996948242,1090000,11.3199996948242
11.2399997711182,11.3699998855591,10.9399995803833,11.1499996185303,953700,11.1499996185303
11.0900001525879,11.0900001525879,10.6499996185303,11.0100002288818,1390000,11.0100002288818
10.8900003433228,11.1000003814697,10.6800003051758,11.1000003814697,1257100,11.1000003814697
11.3199996948242,11.3400001525879,11.0699996948242,11.2799997329712,1957600,11.2799997329712
11.3100004196167,11.3100004196167,10.5900001525879,10.6999998092651,3064700,10.6999998092651
10.6400003433228,10.6400003433228,9.96000003814697,10.0799999237061,3682900,10.0799999237061
10.1199998855591,10.2200002670288,9.90999984741211,10.210000038147,2740100,10.210000038147
10.1300001144409,10.1300001144409,9.68000030517578,9.69999980926514,3100500,9.69999980926514
9.65999984741211,9.67000007629395,9.35000038146973,9.4399995803833,2798500,9.4399995803833
9.35999965667725,9.52999973297119,9.14999961853027,9.19999980926514,1583000,9.19999980926514
9.14000034332275,9.32999992370605,9.0600004196167,9.1899995803833,1726300,9.1899995803833
9.10999965667725,9.60999965667725,9.02000045776367,9.55000019073486,3206900,9.55000019073486
9.64999961853027,9.82999992370605,9.64000034332275,9.82999992370605,2326700,9.82999992370605
9.8100004196167,10.0299997329712,9.72000026702881,9.84000015258789,2464900,9.84000015258789
9.84000015258789,10.1099996566772,9.82999992370605,10.0500001907349,1454900,10.0500001907349
10.039999961853,10.0900001525879,9.60999965667725,9.60999965667725,1409700,9.60999965667725
9.69999980926514,9.71000003814697,9.26000022888184,9.26000022888184,1186300,9.26000022888184
9.25,9.47999954223633,9,9.47999954223633,4068600,9.47999954223633
9.47000026702881,9.47000026702881,9.14999961853027,9.31999969482422,2843000,9.31999969482422
9.5,9.93000030517578,9.39999961853027,9.82999992370605,4604300,9.82999992370605
9.89999961853027,10,9.77999973297119,9.89000034332275,2570300,9.89000034332275
9.81999969482422,10.1599998474121,9.76000022888184,10.1599998474121,3033200,10.1599998474121
10.1899995803833,10.5100002288818,10.0699996948242,10.3900003433228,2491500,10.3900003433228
10.3999996185303,10.6099996566772,10.0600004196167,10.25,1767400,10.25
10.3699998855591,10.3699998855591,10.1099996566772,10.1300001144409,1408300,10.1300001144409
10.1300001144409,10.3500003814697,9.9399995803833,10.289999961853,1754800,10.289999961853
10.3599996566772,10.3800001144409,9.82999992370605,10,7544600,10
10.0100002288818,10.1700000762939,9.71000003814697,9.71000003814697,3430200,9.71000003814697
9.72999954223633,9.80000019073486,9.4399995803833,9.67000007629395,4184000,9.67000007629395
9.67000007629395,10.039999961853,9.52999973297119,9.98999977111816,3250900,9.98999977111816
9.97999954223633,9.97999954223633,9.78999996185303,9.80000019073486,1515700,9.80000019073486
9.89999961853027,10.0799999237061,9.56999969482422,9.65999984741211,2274900,9.65999984741211
9.71000003814697,10,9.56999969482422,9.89999961853027,1351600,9.89999961853027
9.89999961853027,9.90999984741211,9.72999954223633,9.76000022888184,1124800,9.76000022888184
9.75,10.3699998855591,9.69999980926514,10.3000001907349,3558900,10.3000001907349
10.3000001907349,10.5799999237061,10.2299995422363,10.3500003814697,2254900,10.3500003814697
10.3500003814697,10.4399995803833,10.2700004577637,10.3800001144409,1764900,10.3800001144409
10.4099998474121,10.8900003433228,10.3699998855591,10.8500003814697,3867200,10.8500003814697
10.8999996185303,11.1599998474121,10.7700004577637,11.1400003433228,3621500,11.1400003433228
11.1300001144409,11.1300001144409,10.8900003433228,11.1000003814697,1902900,11.1000003814697
11.1700000762939,11.5500001907349,11.1099996566772,11.3800001144409,3377400,11.3800001144409
11.3900003433228,11.5200004577637,11.2700004577637,11.3999996185303,977400,11.3999996185303
11.3999996185303,11.5100002288818,11.289999961853,11.3500003814697,1369900,11.3500003814697
11.3599996566772,11.4399995803833,11.2200002670288,11.3000001907349,914800,11.3000001907349
11.3599996566772,11.3999996185303,11.2299995422363,11.3999996185303,674300,11.3999996185303
11.3699998855591,11.4099998474121,11.1999998092651,11.2399997711182,1420100,11.2399997711182
11.210000038147,11.3000001907349,11.1000003814697,11.3000001907349,3183500,11.3000001907349
11.3299999237061,11.8400001525879,11.1599998474121,11.8400001525879,4216400,11.8400001525879
11.8500003814697,11.9200000762939,11.539999961853,11.6499996185303,2942900,11.6499996185303
11.7399997711182,11.8000001907349,11.6099996566772,11.8000001907349,2187200,11.8000001907349
11.8000001907349,11.9700002670288,11.6700000762939,11.8000001907349,2381900,11.8000001907349
11.6800003051758,12.0600004196167,11.6700000762939,11.8800001144409,3012200,11.8800001144409
11.9099998474121,12.3999996185303,11.8500003814697,12.3999996185303,5077600,12.3999996185303
12.3999996185303,12.5900001525879,12.1400003433228,12.3999996185303,3686300,12.3999996185303
12.3999996185303,12.6400003433228,12.3900003433228,12.4300003051758,848300,12.4300003051758
12.4700002670288,12.789999961853,12.4099998474121,12.789999961853,1784100,12.789999961853
12.8000001907349,13,12.75,13,3482000,13
12.8699998855591,12.9499998092651,12.3999996185303,12.5,3630200,12.5
12.4200000762939,12.6099996566772,12.2700004577637,12.2799997329712,1670900,12.2799997329712
12.2799997329712,12.3599996566772,12.039999961853,12.1899995803833,1449400,12.1899995803833
12.0799999237061,12.6899995803833,12.0799999237061,12.4300003051758,1937100,12.4300003051758
12.3000001907349,12.7600002288818,12.3000001907349,12.6899995803833,1655500,12.6899995803833
12.6000003814697,12.710000038147,12.5100002288818,12.5900001525879,872100,12.5900001525879
12.5799999237061,12.6099996566772,12.2600002288818,12.2600002288818,1188000,12.2600002288818
12.2600002288818,12.3500003814697,11.9899997711182,11.9899997711182,1268500,11.9899997711182
12.0500001907349,12.1899995803833,11.6800003051758,12.1499996185303,1486800,12.1499996185303
12.0799999237061,12.1099996566772,11.75,11.8299999237061,810900,11.8299999237061
11.8000001907349,12.2399997711182,11.6800003051758,12.0900001525879,2598100,12.0900001525879
11.9799995422363,12.210000038147,11.8900003433228,12.1899995803833,2027000,12.1899995803833
12.1899995803833,12.2299995422363,11.6300001144409,11.6999998092651,1664400,11.6999998092651
11.8000001907349,11.8000001907349,11.460000038147,11.6499996185303,2156000,11.6499996185303
11.6999998092651,11.8000001907349,11.3999996185303,11.4799995422363,1622900,11.4799995422363
11.4899997711182,11.710000038147,11.4499998092651,11.6199998855591,800400,11.6199998855591
11.6400003433228,11.8599996566772,11.5100002288818,11.5500001907349,739200,11.5500001907349
11.6199998855591,11.8900003433228,11.5500001907349,11.8500003814697,1160900,11.8500003814697
11.9099998474121,12.0799999237061,11.6599998474121,11.9700002670288,1222100,11.9700002670288
11.9700002670288,12.1400003433228,11.5600004196167,11.5900001525879,1066900,11.5900001525879
11.5299997329712,11.6099996566772,11.2700004577637,11.4300003051758,797000,11.4300003051758
11.4300003051758,12,11.4300003051758,11.5900001525879,2057100,11.5900001525879
11.6700000762939,11.8100004196167,11.539999961853,11.6000003814697,2218400,11.6000003814697
11.6000003814697,11.6599998474121,11.1800003051758,11.3299999237061,1654100,11.3299999237061
11.3299999237061,11.5799999237061,11.1599998474121,11.2299995422363,1090800,11.2299995422363
11.1999998092651,11.1999998092651,10.710000038147,10.9799995422363,4586200,10.9799995422363
10.8800001144409,11.1199998855591,10.8100004196167,10.9300003051758,1519500,10.9300003051758
10.8500003814697,11.1000003814697,10.7399997711182,10.8699998855591,1826000,10.8699998855591
10.8599996566772,10.9899997711182,10.8100004196167,10.9899997711182,3741500,10.9899997711182
10.8999996185303,11.0500001907349,10.7600002288818,10.8299999237061,1181200,10.8299999237061
10.8400001525879,11.0900001525879,10.789999961853,10.8800001144409,6007700,10.8800001144409
10.8900003433228,10.8999996185303,10.1700000762939,10.1700000762939,5946000,10.1700000762939
10.1499996185303,10.2600002288818,10.0100002288818,10.1000003814697,1530700,10.1000003814697
10,10.25,9.92000007629395,10.1199998855591,4736600,10.1199998855591
10.1300001144409,10.1599998474121,9.81999969482422,9.85999965667725,2919600,9.85999965667725
9.90999984741211,10.2700004577637,9.85999965667725,10.1700000762939,1899100,10.1700000762939
10.25,10.25,9.89999961853027,9.92000007629395,1875100,9.92000007629395
9.9399995803833,10.1099996566772,9.89999961853027,10.0200004577637,3679500,10.0200004577637
10.0600004196167,10.3900003433228,10.0600004196167,10.3900003433228,3395400,10.3900003433228
10.3500003814697,10.3800001144409,10.0100002288818,10.0100002288818,2294800,10.0100002288818
10,10.3400001525879,9.8100004196167,10.3000001907349,5130700,10.3000001907349
10.3000001907349,10.4799995422363,9.90999984741211,10.1499996185303,5128800,10.1499996185303
10.0699996948242,10.25,9.77999973297119,9.77999973297119,3209200,9.77999973297119
9.80000019073486,10.1499996185303,9.80000019073486,10,5979900,10
10,10.5,9.82999992370605,10.3599996566772,2471000,10.3599996566772
10.3299999237061,10.539999961853,10.2700004577637,10.3599996566772,1483400,10.3599996566772
10.2299995422363,10.5200004577637,10.2299995422363,10.3400001525879,1087200,10.3400001525879
10.2700004577637,10.3699998855591,10.1300001144409,10.1400003433228,896700,10.1400003433228
10.1999998092651,10.3800001144409,10.1499996185303,10.2799997329712,2203200,10.2799997329712
10.2799997329712,10.3699998855591,9.92000007629395,10,4012400,10
10.0500001907349,10.2299995422363,9.98999977111816,10.1000003814697,2370800,10.1000003814697
10.039999961853,10.1300001144409,9.94999980926514,10,1025600,10
9.97000026702881,10.0799999237061,9.97000026702881,9.97000026702881,760100,9.97000026702881
10.0100002288818,10.1000003814697,9.85999965667725,10.0299997329712,672100,10.0299997329712
10.0600004196167,10.1999998092651,10,10.1999998092651,995700,10.1999998092651
10.1999998092651,10.1999998092651,9.97999954223633,10.0200004577637,455900,10.0200004577637
9.90999984741211,10.0200004577637,9.73999977111816,9.73999977111816,1509500,9.73999977111816
9.75,9.97000026702881,9.60000038146973,9.89999961853027,921800,9.89999961853027
9.78999996185303,10.0200004577637,9.77000045776367,9.77000045776367,2461600,9.77000045776367
9.77999973297119,10.210000038147,9.67000007629395,10.1499996185303,3108300,10.1499996185303
9.65999984741211,9.72000026702881,8.75,8.85000038146973,16187400,8.85000038146973
8.85000038146973,9.0600004196167,8.47999954223633,8.52000045776367,7358100,8.52000045776367
8.47999954223633,8.60000038146973,7.92000007629395,7.92000007629395,9550900,7.92000007629395
7.82000017166138,8.02999973297119,7.5,7.59999990463257,8322700,7.59999990463257
7.65000009536743,8.38000011444092,7.65000009536743,8.30000019073486,9887500,8.30000019073486
8.28999996185303,8.30000019073486,7.94000005722046,8.10000038146973,5728900,8.10000038146973
8.07999992370605,8.60000038146973,7.94999980926514,8.57999992370605,5447000,8.57999992370605
8.5600004196167,8.60000038146973,8.40999984741211,8.4399995803833,1657900,8.4399995803833
8.42000007629395,8.5,8.22000026702881,8.3100004196167,3847600,8.3100004196167
8.30000019073486,8.3100004196167,7.98999977111816,8.02999973297119,2878800,8.02999973297119
8.03999996185303,8.10999965667725,7.84999990463257,7.88000011444092,2973600,7.88000011444092
7.88000011444092,7.92999982833862,7.67000007629395,7.67000007629395,3935100,7.67000007629395
7.59999990463257,7.67999982833862,7.30000019073486,7.34999990463257,3069800,7.34999990463257
7.36999988555908,7.48000001907349,7.13000011444092,7.19000005722046,1974000,7.19000005722046
7.19999980926514,7.26999998092651,6.69999980926514,6.76999998092651,2938700,6.76999998092651
6.73999977111816,7.07999992370605,6.73999977111816,6.94999980926514,2452000,6.94999980926514
7,7.26999998092651,6.92999982833862,7.25,1897500,7.25
7.19999980926514,7.46999979019165,7.1100001335144,7.26000022888184,2673000,7.26000022888184
7.30000019073486,7.46000003814697,7.15999984741211,7.17000007629395,3612400,7.17000007629395
7.17999982833862,7.28999996185303,7.07000017166138,7.15999984741211,2486400,7.15999984741211
7.19999980926514,7.44999980926514,7.19999980926514,7.34000015258789,1511100,7.34000015258789
7.30000019073486,7.3600001335144,6.8899998664856,7.3600001335144,6170500,7.3600001335144
7.30000019073486,7.42999982833862,6.98999977111816,7.3600001335144,6737700,7.3600001335144
7.40000009536743,7.51000022888184,7.11999988555908,7.15000009536743,2175700,7.15000009536743
7.23999977111816,7.48000001907349,7.23999977111816,7.26999998092651,1345300,7.26999998092651
7.38000011444092,7.46000003814697,7.19000005722046,7.32000017166138,2502400,7.32000017166138
7.34000015258789,7.57000017166138,7.30999994277954,7.46999979019165,3088500,7.46999979019165
7.25,7.25,6.05000019073486,6.28000020980835,15312400,6.28000020980835
6.09000015258789,6.44999980926514,5.38000011444092,6.05000019073486,17758400,6.05000019073486
6.05000019073486,6.98000001907349,6.03999996185303,6.98000001907349,6111600,6.98000001907349
6.98000001907349,7.15000009536743,6.75,6.80000019073486,3739200,6.80000019073486
6,6.05000019073486,5.55000019073486,5.57000017166138,12252100,5.57000017166138
5.59999990463257,6.21000003814697,5.51000022888184,5.98000001907349,9099200,5.98000001907349
6,6.40000009536743,5.82999992370605,6.40000009536743,7550700,6.40000009536743
6.48000001907349,7.55000019073486,6.30999994277954,7.07000017166138,11293300,7.07000017166138
7.65000009536743,8.05000019073486,7.25,7.90999984741211,13910000,7.90999984741211
7.94999980926514,8.4399995803833,7.59999990463257,8.22000026702881,4549700,8.22000026702881
8.10999965667725,8.21000003814697,7.44999980926514,7.44999980926514,9275300,7.44999980926514
8.82999992370605,9.19999980926514,8.4399995803833,9.19999980926514,28682300,9.19999980926514
9.19999980926514,9.39000034332275,8.65999984741211,9.11999988555908,9455100,9.11999988555908
9.30000019073486,9.72000026702881,9.05000019073486,9.38000011444092,7884200,9.38000011444092
9.44999980926514,9.59000015258789,9.02999973297119,9.19999980926514,5562200,9.19999980926514
9.02999973297119,9.15999984741211,8.6899995803833,9.14999961853027,6067200,9.14999961853027
9.09000015258789,9.27000045776367,8.93000030517578,8.94999980926514,5692100,8.94999980926514
8.89999961853027,8.97000026702881,8.71000003814697,8.84000015258789,3163100,8.84000015258789
8.75,8.76000022888184,8.02000045776367,8.23999977111816,3178400,8.23999977111816
8.14000034332275,8.23999977111816,7.17999982833862,7.30000019073486,7118200,7.30000019073486
7.30000019073486,7.38000011444092,7,7.23000001907349,10856500,7.23000001907349
7.1100001335144,7.15999984741211,6.96000003814697,7.03000020980835,2628600,7.03000020980835
7.05000019073486,7.30999994277954,6.8600001335144,7,3320300,7
7,7.03000020980835,6.6100001335144,6.90999984741211,3845600,6.90999984741211
6.90999984741211,7.28000020980835,6.57999992370605,6.59999990463257,4286800,6.59999990463257
6.67999982833862,6.73000001907349,6.03000020980835,6.19999980926514,6193100,6.19999980926514
6.15000009536743,6.25,5.82999992370605,6.05999994277954,5215200,6.05999994277954
6.01000022888184,6.03999996185303,5.75,5.82999992370605,6027300,5.82999992370605
5.80000019073486,6.05999994277954,5.67999982833862,5.86999988555908,5301100,5.86999988555908
5.80999994277954,6,5.63000011444092,5.92000007629395,4865300,5.92000007629395
6.09000015258789,6.15999984741211,5.6399998664856,5.67000007629395,5659200,5.67000007629395
5.67999982833862,5.86999988555908,5.53999996185303,5.80000019073486,4206500,5.80000019073486
5.86999988555908,6.09000015258789,5.76999998092651,5.8899998664856,4688200,5.8899998664856
5.88000011444092,5.98999977111816,5.71000003814697,5.75,2421000,5.75
5.71999979019165,5.90000009536743,5.3600001335144,5.73000001907349,5574400,5.73000001907349
5.75,6.32000017166138,5.75,6.25,3016200,6.25
6.25,6.67999982833862,6.05999994277954,6.17999982833862,5668500,6.17999982833862
6.1399998664856,6.21000003814697,5.92999982833862,5.92999982833862,1674200,5.92999982833862
5.92999982833862,6.40999984741211,5.90999984741211,6.38000011444092,3194800,6.38000011444092
6.44000005722046,6.80999994277954,6.40000009536743,6.80999994277954,2571400,6.80999994277954
6.8899998664856,7.21999979019165,6.73999977111816,7.07000017166138,3679500,7.07000017166138
7.05000019073486,7.34999990463257,6.92999982833862,7.05999994277954,1910000,7.05999994277954
7.05999994277954,7.69999980926514,7.01000022888184,7.57999992370605,4445300,7.57999992370605
7.59999990463257,8.35999965667725,7.59999990463257,8.18000030517578,6480400,8.18000030517578
8.1899995803833,8.25,7.92999982833862,7.94999980926514,2987700,7.94999980926514
8,8.0600004196167,7.36999988555908,7.53000020980835,4730700,7.53000020980835
7.46000003814697,7.53999996185303,7.17999982833862,7.34999990463257,3434600,7.34999990463257
7.3600001335144,7.8600001335144,7.21999979019165,7.69000005722046,5693900,7.69000005722046
7.65999984741211,7.80000019073486,7.44000005722046,7.48000001907349,2021100,7.48000001907349
7.40000009536743,7.48999977111816,7.25,7.25,3050400,7.25
7.17000007629395,7.21000003814697,6.88000011444092,7.03999996185303,2635800,7.03999996185303
7.09999990463257,7.23999977111816,7.07000017166138,7.15000009536743,1677100,7.15000009536743
7.19000005722046,7.36999988555908,7.09000015258789,7.19999980926514,1760700,7.19999980926514
7.19999980926514,7.23000001907349,7.09999990463257,7.11999988555908,2310600,7.11999988555908
7.11999988555908,7.15000009536743,6.88000011444092,7.03999996185303,3510800,7.03999996185303
7.1100001335144,7.28000020980835,6.98999977111816,7.21999979019165,5327900,7.21999979019165
7.21999979019165,7.28000020980835,7.17000007629395,7.25,2118600,7.25
7.23999977111816,7.26999998092651,6.82000017166138,6.82000017166138,2375800,6.82000017166138
6.76999998092651,6.78000020980835,6.28999996185303,6.38000011444092,4199100,6.38000011444092
6.44000005722046,6.59999990463257,6.28000020980835,6.28000020980835,3417900,6.28000020980835
6.3899998664856,6.51999998092651,6.28000020980835,6.44000005722046,2029700,6.44000005722046
6.40000009536743,6.59000015258789,6.28000020980835,6.5,2963100,6.5
6.23999977111816,6.51000022888184,6.13000011444092,6.17000007629395,3214700,6.17000007629395
6.17000007629395,6.69000005722046,6.15999984741211,6.30000019073486,5242600,6.30000019073486
6.36999988555908,6.82000017166138,6,6.80000019073486,8019100,6.80000019073486
6.88000011444092,7.17999982833862,6.69000005722046,6.80000019073486,6255400,6.80000019073486
6.73000001907349,6.84000015258789,6.44999980926514,6.44999980926514,29108500,6.44999980926514
6.38000011444092,6.94999980926514,6.32999992370605,6.88000011444092,5945100,6.88000011444092
6.8899998664856,7.28999996185303,6.84000015258789,7.28999996185303,4993000,7.28999996185303
6.65999984741211,6.65999984741211,6,6.30000019073486,14718800,6.30000019073486
6.30000019073486,6.61999988555908,6.15999984741211,6.34999990463257,6959300,6.34999990463257
6.3600001335144,6.63000011444092,6.3600001335144,6.44999980926514,3489600,6.44999980926514
6.61999988555908,6.63000011444092,6.3600001335144,6.57000017166138,3497200,6.57000017166138
6.59999990463257,6.6399998664856,6.42000007629395,6.48000001907349,1984000,6.48000001907349
6.55000019073486,6.55000019073486,6.21000003814697,6.34000015258789,2473600,6.34000015258789
6.30000019073486,6.3600001335144,6.05999994277954,6.05999994277954,2998200,6.05999994277954
6.13000011444092,6.19999980926514,6.03999996185303,6.09999990463257,1735800,6.09999990463257
6.15000009536743,6.46000003814697,6.03000020980835,6.42999982833862,3612000,6.42999982833862
6.42999982833862,6.6399998664856,6.36999988555908,6.57000017166138,3375600,6.57000017166138
6.51000022888184,6.6399998664856,6.5,6.57999992370605,2346900,6.57999992370605
6.57999992370605,6.57999992370605,6.34999990463257,6.3600001335144,1501400,6.3600001335144
6.3600001335144,6.84000015258789,6.26000022888184,6.65999984741211,8878700,6.65999984741211
6.6399998664856,6.76999998092651,6.46000003814697,6.55999994277954,1933700,6.55999994277954
6.61999988555908,6.78999996185303,6,6,3394500,6
6.09999990463257,6.19999980926514,5.80999994277954,5.80999994277954,5438600,5.80999994277954
5.84000015258789,5.84999990463257,5.51000022888184,5.57000017166138,3731900,5.57000017166138
5.57000017166138,5.57000017166138,5.09000015258789,5.19999980926514,8592400,5.19999980926514
5.17999982833862,5.34000015258789,5.11999988555908,5.32999992370605,2546800,5.32999992370605
5.28000020980835,5.53999996185303,5.15999984741211,5.42999982833862,4801300,5.42999982833862
5.42999982833862,5.94999980926514,5.42999982833862,5.92999982833862,5041100,5.92999982833862
5.96999979019165,6.21999979019165,5.80000019073486,6.17000007629395,5768600,6.17000007629395
6.19999980926514,6.67999982833862,6.13000011444092,6.19999980926514,6361600,6.19999980926514
6.21000003814697,6.26999998092651,6.01000022888184,6.03000020980835,2634600,6.03000020980835
5.82000017166138,5.82000017166138,5.34999990463257,5.59999990463257,10813900,5.59999990463257
5.57000017166138,5.84000015258789,5.5,5.59000015258789,2897900,5.59000015258789
5.69000005722046,5.69000005722046,5.44000005722046,5.44000005722046,3294200,5.44000005722046
5.42000007629395,5.44999980926514,5.09999990463257,5.26000022888184,5303800,5.26000022888184
5.32000017166138,5.32000017166138,5.11999988555908,5.19999980926514,2439900,5.19999980926514
5.26000022888184,5.30999994277954,5.09999990463257,5.09999990463257,1595200,5.09999990463257
5.09999990463257,5.13000011444092,4.90999984741211,5.09999990463257,4918800,5.09999990463257
5.13000011444092,5.19999980926514,4.65999984741211,4.92000007629395,7516900,4.92000007629395
4.90999984741211,5.15000009536743,4.84000015258789,4.8600001335144,3763500,4.8600001335144
4.90000009536743,4.90000009536743,4.51000022888184,4.51000022888184,5786500,4.51000022888184
4.51000022888184,4.59999990463257,4.36999988555908,4.48999977111816,7910900,4.48999977111816
4.57000017166138,4.59000015258789,4.44000005722046,4.48999977111816,4583800,4.48999977111816
4.46999979019165,4.57999992370605,4.40000009536743,4.53999996185303,4725100,4.53999996185303
4.55000019073486,5.17000007629395,4.5,5.07000017166138,6822100,5.07000017166138
5.07999992370605,5.09999990463257,4.73999977111816,4.90000009536743,2809700,4.90000009536743
4.73000001907349,4.8600001335144,4.65000009536743,4.65999984741211,6160600,4.65999984741211
4.65999984741211,4.71000003814697,4.55000019073486,4.55000019073486,2319300,4.55000019073486
4.59999990463257,4.6100001335144,4.42000007629395,4.53000020980835,2056000,4.53000020980835
4.51000022888184,4.59999990463257,4.42000007629395,4.55000019073486,1149700,4.55000019073486
4.53000020980835,4.71999979019165,4.44999980926514,4.65000009536743,1618100,4.65000009536743
4.65999984741211,4.78000020980835,4.6100001335144,4.6399998664856,2371500,4.6399998664856
4.59999990463257,4.82000017166138,4.59999990463257,4.80000019073486,1677300,4.80000019073486
4.73999977111816,4.84000015258789,4.67999982833862,4.80999994277954,1989900,4.80999994277954
4.82000017166138,4.98000001907349,4.78999996185303,4.86999988555908,928400,4.86999988555908
4.86999988555908,4.94999980926514,4.73999977111816,4.82000017166138,877200,4.82000017166138
4.78000020980835,4.82999992370605,4.57000017166138,4.6399998664856,1745400,4.6399998664856
4.59000015258789,4.73000001907349,4.55000019073486,4.65999984741211,923800,4.65999984741211
4.65000009536743,4.69999980926514,4.57000017166138,4.65000009536743,1600100,4.65000009536743
4.6399998664856,4.73000001907349,4.55999994277954,4.57999992370605,915500,4.57999992370605
4.59000015258789,4.69000005722046,4.55999994277954,4.61999988555908,800700,4.61999988555908
4.6100001335144,4.6399998664856,4.44000005722046,4.46999979019165,1793200,4.46999979019165
