"PETZ3.SA.Open","PETZ3.SA.High","PETZ3.SA.Low","PETZ3.SA.Close","PETZ3.SA.Volume","PETZ3.SA.Adjusted"
15.7536840438843,15.9032440185547,14.7665863037109,15.4545631408691,11936590,14.3986845016479
15.4545631408691,15.7736253738403,15.3149728775024,15.404709815979,2705932,14.3522357940674
15.155442237854,15.8234777450562,14.9560289382935,15.5542697906494,3840257,14.4915809631348
15.3648271560669,15.9431266784668,15.155442237854,15.1953248977661,5386389,14.1571578979492
15.1055889129639,15.2750911712646,14.7665863037109,14.906174659729,3374090,13.8877639770508
14.906174659729,15.5542697906494,14.7366743087769,15.4545631408691,2823376,14.3986845016479
15.3050031661987,15.7138013839722,14.7566146850586,14.7566146850586,5034257,13.748420715332
14.7566146850586,15.2052955627441,14.4574937820435,15.1853551864624,4994540,14.1478700637817
15.0657062530518,15.145471572876,14.7566146850586,14.9560289382935,2067861,13.9342098236084
15.1155595779419,15.2651195526123,14.4574937820435,14.6569080352783,2581768,13.6555271148682
14.7067623138428,14.7067623138428,14.1085195541382,14.2580814361572,1718938,13.2839469909668
14.3777294158936,14.6569080352783,14.1284618377686,14.2580814361572,3062677,13.2839469909668
14.3877000808716,14.8563222885132,13.9789018630981,14.8563222885132,4789138,13.8413162231445
14.6569080352783,14.9360866546631,14.1982574462891,14.4774360656738,2131046,13.4883155822754
14.4874067306519,14.6469383239746,13.9589595794678,13.9589595794678,3256345,13.0052633285522
14.0985498428345,14.1882858276367,13.679780960083,13.9589595794678,4663570,13.0052633285522
13.9689311981201,14.3577880859375,13.7595462799072,14.3378458023071,3248723,13.3582630157471
14.3378458023071,14.3378458023071,13.9689311981201,14.1882858276367,1682933,13.2189207077026
14.1583738327026,14.6569080352783,13.939019203186,14.6569080352783,3881377,13.6555271148682
14.6569080352783,15.155442237854,14.537260055542,15.155442237854,4008149,14.1199989318848
15.155442237854,15.6340351104736,14.796498298645,15.4146795272827,3156151,14.3615255355835
15.2052955627441,16.0827159881592,15.0058822631836,15.8035373687744,3911064,14.7238149642944
15.9032440185547,16.002950668335,15.5143871307373,15.9231853485107,1854235,14.8352909088135
15.9331560134888,15.9331560134888,15.4445924758911,15.653977394104,1683535,14.58447265625
15.653977394104,16.3918075561523,15.653977394104,16.3020706176758,4404110,15.1882886886597
16.3020706176758,16.7208404541016,16.1624813079834,16.4516315460205,3293253,15.3276319503784
16.4316902160645,17.1396083831787,16.3020706176758,16.4915142059326,4255273,15.3647899627686
16.6510448455811,17.0997257232666,15.9331560134888,16.501485824585,4797663,15.3740787506104
16.1525115966797,16.9900493621826,15.9730386734009,16.9401950836182,3332268,15.7828159332275
17.1695213317871,17.6381435394287,16.6709861755371,17.4786128997803,8857464,16.2844467163086
17.129638671875,17.1495800018311,16.4017772674561,17.1495800018311,4825545,15.9778938293457
17.1396083831787,18.1466484069824,16.7008991241455,17.9472351074219,4665275,16.7210521697998
18.0768547058105,18.2862377166748,17.4586715698242,17.6979675292969,4802477,16.4888172149658
18.2164421081543,18.8944492340088,17.6780261993408,18.5155639648438,5969298,17.2505531311035
18.7050075531006,19.7319869995117,18.6950359344482,18.8545665740967,6910758,17.5663948059082
19.1038341522217,19.4129257202148,18.5355052947998,18.5355052947998,4321568,17.2691326141357
18.3959159851074,18.8047142028809,17.9472351074219,18.096794128418,4920022,16.8603935241699
18.6451835632324,18.9443035125732,17.8275852203369,17.9472351074219,4173433,16.7210521697998
17.9970874786377,18.1466484069824,17.2293453216553,17.5982608795166,5019514,16.3959217071533
17.50852394104,18.00705909729,17.3091106414795,17.4586715698242,2663507,16.2658710479736
17.5384368896484,18.0868244171143,17.4686412811279,18.0270004272461,3745780,16.7953662872314
18.2064723968506,18.9443035125732,18.116735458374,18.9443035125732,4420859,17.6500015258789
19.1536884307861,19.3431301116943,18.6252403259277,18.6950359344482,4073240,17.4177627563477
18.7448902130127,19.0440101623535,17.9572048187256,18.4158573150635,2670829,17.157657623291
18.4657096862793,18.615270614624,17.7877044677734,17.9472351074219,2949044,16.7210521697998
17.9372634887695,18.3859443664551,17.8076457977295,18.3360900878906,1767782,17.0833435058594
18.3261203765869,19.0240688323975,18.1466484069824,19.0240688323975,2044894,17.7243175506592
19.0340385437012,19.093864440918,18.485652923584,18.615270614624,2659997,17.343448638916
18.6651248931885,18.9443035125732,18.346061706543,18.5454769134521,2605638,17.2784233093262
18.595329284668,18.9443035125732,18.4657096862793,18.9443035125732,1481743,17.6500015258789
19.0041275024414,19.7419586181641,18.6551532745361,19.1935691833496,4455560,17.8822345733643
19.1935691833496,19.5724563598633,18.6950359344482,18.9443035125732,2366436,17.6500015258789
18.9443035125732,19.1437168121338,17.9671764373779,18.116735458374,4379237,16.8789710998535
18.1865310668945,18.6352119445801,17.8475284576416,18.6352119445801,2332537,17.3620262145996
18.6352119445801,18.844596862793,18.346061706543,18.6950359344482,2725288,17.4177627563477
18.6950359344482,18.864538192749,18.4058856964111,18.8246555328369,1766478,17.5385265350342
18.8246555328369,18.844596862793,17.8973808288574,17.8973808288574,4568993,16.6746025085449
17.9572048187256,18.2463550567627,17.9472351074219,18.1466484069824,2403345,16.9068431854248
18.236385345459,18.256326675415,17.5982608795166,17.7976741790771,2010694,16.581714630127
17.8176155090332,17.9472351074219,17.2393169403076,17.3988475799561,3527339,16.210132598877
17.3988475799561,17.9472351074219,17.3489933013916,17.6580848693848,5264131,16.4516582489014
17.8275852203369,18.0569114685059,17.4387302398682,17.9073524475098,1234518,16.6838932037354
17.9073524475098,18.0668830871582,17.4686412811279,18.0469417572021,2078392,16.8139457702637
18.0369701385498,18.1566181182861,17.757791519165,17.9372634887695,4435100,16.7117614746094
17.9671764373779,18.4258289337158,17.9173221588135,18.1466484069824,4845403,16.9068431854248
18.6053009033203,19.0240688323975,18.4756813049316,18.6850643157959,25877857,17.4084739685059
18.1965026855469,18.7249488830566,17.8375568389893,18.2962093353271,2712752,17.0461845397949
18.3859443664551,19.0140972137451,18.2164421081543,18.844596862793,2560806,17.5571060180664
18.8246555328369,18.9841861724854,18.4557399749756,18.9443035125732,1925243,17.6810131072998
18.974214553833,19.4228954315186,18.7548599243164,19.3032474517822,1757852,18.0160179138184
19.2932777404785,19.9314002990723,19.1636581420898,19.5026626586914,3056158,18.2021350860596
19.5226020812988,19.7918128967285,19.0440101623535,19.0440101623535,2970006,17.7740707397461
19.3431301116943,19.3630714416504,18.2662963867188,18.5255336761475,2176480,17.2901649475098
18.5454769134521,18.7249488830566,18.0668830871582,18.5355052947998,2383286,17.2994709014893
18.5255336761475,18.7050075531006,17.50852394104,17.5882892608643,4747015,16.4154224395752
17.7478218078613,17.987117767334,17.3489933013916,17.4686412811279,6137691,16.3037509918213
17.5484066009521,18.2862377166748,17.37890625,18.0768547058105,5652168,16.8714065551758
17.9472351074219,18.8944492340088,17.8475284576416,18.8944492340088,5795187,17.6344814300537
18.974214553833,20.4299354553223,18.6750946044922,20.0909328460693,9303973,18.7511787414551
20.2404918670654,21.6064758300781,19.6522216796875,21.5067691802979,7669883,20.0725994110107
21.566593170166,21.9355087280273,21.0680599212646,21.9355087280273,3756311,20.472749710083
21.9355087280273,21.9753913879395,21.2774448394775,21.6862411499023,2845541,20.2401027679443
21.7859497070312,21.925537109375,21.1577968597412,21.436975479126,1938582,20.0074577331543
21.7360954284668,21.7360954284668,20.5894660949707,21.3472385406494,2488294,19.9237079620361
21.6264171600342,22.6533985137939,21.2874145507812,21.7261257171631,3536065,20.2773303985596
21.7261257171631,22.4041309356689,21.3472385406494,22.2346305847168,3511393,20.7519226074219
22.0252456665039,22.2146873474121,21.5965061187744,21.9654216766357,2044693,20.5006656646729
21.9554500579834,22.9824314117432,21.795919418335,22.5337505340576,5183695,21.0310974121094
22.5836048126221,22.8029594421387,21.0381469726562,21.0381469726562,4411431,19.6352252960205
21.5366821289062,22.1548633575439,21.187707901001,21.7360954284668,2492606,20.2866344451904
21.54665184021,21.815860748291,20.7888793945312,21.436975479126,2316590,20.0074577331543
21.2375602722168,22.065128326416,21.2375602722168,21.5366821289062,2547367,20.1005172729492
21.7460651397705,22.065128326416,21.5566234588623,21.7360954284668,2517178,20.2866344451904
21.8457736968994,22.5237808227539,21.5566234588623,21.9055976867676,3924103,20.4448299407959
21.8956260681152,22.0352153778076,21.1378536224365,21.5865345001221,2193229,20.1470470428467
21.6862411499023,21.7759780883789,21.2575016021729,21.5965061187744,1559471,20.1563549041748
21.5965061187744,22.1548633575439,21.3671798706055,21.9654216766357,1526675,20.5006656646729
21.8358020782471,22.6234855651855,21.6762714385986,22.5836048126221,3253437,21.0776271820068
22.6434288024902,22.7730464935303,21.9853630065918,22.294454574585,3575982,20.8077583312988
22.294454574585,22.5337505340576,22.0152740478516,22.1748065948486,1598184,20.6960868835449
22.1050109863281,22.5237808227539,21.7161540985107,22.2844829559326,2407958,20.798454284668
22.424072265625,23.550760269165,22.0053043365479,23.1020793914795,3850186,21.5615272521973
23.3314056396484,23.530818939209,22.9425487518311,23.052225112915,3719102,21.5149974822998
23.1120491027832,24.0293521881104,23.052225112915,23.7302322387695,5803010,22.1477890014648
23.0322856903076,23.6803798675537,22.3443069458008,23.2715816497803,4702083,21.7197227478027
23.4610233306885,23.8199691772461,22.6833114624023,22.7331638336182,2732710,21.217212677002
22.9325771331787,23.0621967315674,21.7560367584229,22.0750999450684,10712703,20.6030330657959
22.2047176361084,22.4739265441895,21.2874145507812,21.3372688293457,4519448,19.9144039154053
21.4768581390381,21.6663017272949,20.6492900848389,20.9184989929199,4126095,19.5235576629639
21.1179122924805,21.925537109375,20.8187923431396,21.5965061187744,2521792,20.1563549041748
21.5366821289062,22.3941612243652,20.6991443634033,22.2545719146729,3290345,20.7705383300781
22.3243656158447,22.3243656158447,21.187707901001,21.7360954284668,2511963,20.2866344451904
22.1149806976318,22.1149806976318,21.2774448394775,21.3372688293457,1427685,19.9144039154053
21.297384262085,21.4868278503418,20.1906394958496,21.3073558807373,3286634,19.8864841461182
21.0481185913086,21.4768581390381,19.7718696594238,20.1706981658936,4198206,18.8256225585938
20.5296421051025,21.4270038604736,20.1507568359375,21.4270038604736,4886724,19.9981536865234
21.4967994689941,21.5865345001221,20.439905166626,20.439905166626,19611990,19.0768795013428
20.6293487548828,20.8586750030518,19.6921043395996,20.2006092071533,5629000,18.8535423278809
20.1407852172852,20.2404918670654,19.2334537506104,19.5724563598633,3949978,18.267276763916
19.5525150299072,20.3601417541504,19.3231887817383,20.3401985168457,3128370,18.9838180541992
20.1706981658936,20.5296421051025,19.9413719177246,19.9413719177246,2034463,18.6115894317627
19.7918128967285,20.4299354553223,19.7020740509033,20.3601417541504,2048003,19.0024337768555
20.350170135498,20.5296421051025,19.9114608764648,19.9114608764648,1454864,18.5836734771729
19.8915176391602,20.5894660949707,19.722017288208,20.3102874755859,7845197,18.9559059143066
20.1706981658936,20.7789096832275,20.0709915161133,20.3202571868896,2701920,18.9652099609375
20.2404918670654,20.439905166626,19.9912242889404,19.9912242889404,1318063,18.6581192016602
20.100902557373,20.3601417541504,19.6023693084717,19.8416652679443,2325216,18.5185298919678
19.9014892578125,20.0909328460693,19.7718696594238,19.8715763092041,1649635,18.5464496612549
19.9214305877686,20.0610198974609,18.7448902130127,19.2334537506104,2524199,17.9508762359619
19.3331604003906,19.6621932983398,18.8047142028809,19.1835994720459,3152039,17.9043502807617
19.1437168121338,19.2932777404785,18.8745079040527,19.093864440918,2870715,17.8205986022949
19.0539817810059,19.8915176391602,18.7847728729248,19.7319869995117,6469364,18.4161682128906
19.3431301116943,19.8715763092041,19.3431301116943,19.7020740509033,2760792,18.3882503509521
19.8416652679443,20.4099941253662,19.8017826080322,20.2704048156738,2526706,18.91868019104
20.2404918670654,20.6792030334473,20.0211372375488,20.5396137237549,2618876,19.1699390411377
20.439905166626,20.6991443634033,20.0011959075928,20.1407852172852,2503438,18.7977066040039
20.4199657440186,21.815860748291,20.350170135498,21.5067691802979,4937473,20.0725994110107
21.436975479126,22.2346305847168,21.207649230957,22.2346305847168,3584407,20.7519226074219
22.2246589660645,22.2645416259766,21.3970928192139,21.7460651397705,2882148,20.2959365844727
21.7360954284668,21.8358020782471,21.0680599212646,21.4868278503418,2363327,20.0539875030518
21.54665184021,21.815860748291,21.1179122924805,21.815860748291,1842300,20.3610801696777
21.8258323669434,22.1349239349365,21.2774448394775,21.5765647888184,3162269,20.1377372741699
21.3572082519531,22.6434288024902,21.297384262085,22.5237808227539,3581599,21.0217914581299
22.6633682250977,22.7730464935303,21.8557434082031,22.3941612243652,3703857,20.9008140563965
22.5237808227539,22.8129291534424,22.04518699646,22.3941612243652,1488463,20.9008140563965
22.5138092041016,23.1319904327393,21.5566234588623,21.7360954284668,3196269,20.2866344451904
21.8756847381592,22.2545719146729,21.6862411499023,22.2545719146729,2430324,20.7705383300781
22.2346305847168,22.5437202453613,21.9355087280273,22.314395904541,2683065,20.8263683319092
22.2346305847168,22.9325771331787,22.1448936462402,22.9325771331787,2695702,21.4033279418945
22.9325771331787,23.3214340209961,22.5736331939697,23.3214340209961,3113526,21.7662544250488
23.3314056396484,24.2487087249756,23.2416687011719,23.8299388885498,3399565,22.2408504486084
23.8399105072021,24.0991477966309,23.30149269104,24.0991477966309,8416672,22.4921054840088
24.0891761779785,24.408239364624,23.5009078979492,23.6105842590332,2339758,22.0421123504639
23.6105842590332,24.0094127655029,23.0921096801758,23.7302322387695,3933330,22.15380859375
23.7402038574219,24.2686500549316,23.3812599182129,24.139030456543,3892711,22.5354499816895
24.0891761779785,24.6973896026611,23.6803798675537,24.6973896026611,3136293,23.0567188262939
24.7273006439209,25.0962162017822,24.4481220245361,24.7871246337891,2257617,23.1404933929443
24.7871246337891,25.3454837799072,24.3384437561035,24.5478286743164,5349180,22.9170913696289
24.2088260650635,24.2088260650635,22.8229007720947,23.281551361084,10160484,21.734935760498
23.0921096801758,23.3314056396484,21.1777362823486,21.1976776123047,7932051,19.7894954681396
21.4070625305176,21.9155673980713,21.2375602722168,21.456916809082,3368975,20.03151512146
21.6363887786865,22.1349239349365,21.2375602722168,21.6064758300781,4343031,20.1711387634277
21.7859497070312,22.5337505340576,21.7560367584229,22.4340438842773,3005510,20.9437294006348
22.5138092041016,22.9026660919189,22.1448936462402,22.424072265625,2887865,20.934419631958
22.065128326416,22.5836048126221,21.297384262085,21.5366821289062,3454325,20.1059799194336
21.7061824798584,21.8956260681152,21.2575016021729,21.8956260681152,5041679,20.4410762786865
21.8358020782471,21.9853630065918,20.8088226318359,21.187707901001,2713554,19.7801895141602
21.207649230957,21.7161540985107,21.1079425811768,21.456916809082,7713711,20.03151512146
21.4967994689941,22.6334571838379,21.4768581390381,22.0551567077637,5150899,20.5900096893311
22.2745113372803,22.6533985137939,21.8557434082031,22.1448936462402,2751164,20.6737899780273
22.3742198944092,23.0223140716553,22.2745113372803,22.9525184631348,8725678,21.4277629852295
23.0621967315674,23.3314056396484,22.6533985137939,22.9724597930908,2788875,21.4463787078857
22.9724597930908,23.4410839080811,22.9624900817871,23.2715816497803,1941190,21.7256259918213
23.3912296295166,23.5707015991211,22.6932811737061,23.1319904327393,2365534,21.5953102111816
23.3812599182129,23.7900562286377,22.8528118133545,23.1319904327393,2135158,21.5953102111816
23.1419620513916,23.3912296295166,22.5138092041016,22.8827247619629,2498423,21.362606048584
22.8827247619629,23.1818447113037,22.5237808227539,22.9325771331787,2775435,21.409143447876
22.9325771331787,24.1190891265869,22.9325771331787,23.7402038574219,3695031,22.1631183624268
23.7402038574219,24.2287673950195,23.3812599182129,24.0592651367188,2866803,22.4609851837158
24.0592651367188,24.1689434051514,23.1918163299561,23.5607318878174,2630009,21.9955711364746
23.5607318878174,23.909704208374,23.2316970825195,23.8997344970703,3045828,22.3120517730713
24.0293521881104,24.1689434051514,23.4909362792969,23.530818939209,3783290,21.967643737793
23.640495300293,23.9196758270264,23.2915210723877,23.4211406707764,2962985,21.8652515411377
23.4709949493408,24.0193824768066,23.2915210723877,23.7501735687256,2390106,22.1724262237549
23.7501735687256,24.5278873443604,23.5707015991211,24.3284740447998,2828290,22.7123107910156
24.3284740447998,25.0862464904785,23.7302322387695,24.5777416229248,7572497,22.9450206756592
24.7273006439209,25.0064792633057,24.3484153747559,24.3683567047119,2251199,22.7495422363281
24.7273006439209,24.8170375823975,23.9894695281982,24.2387371063232,2599720,22.6285343170166
24.3284740447998,25.0264225006104,24.1490001678467,24.8270072937012,3031586,23.1777267456055
24.9267158508301,24.9765682220459,24.2088260650635,24.3783264160156,1774802,22.7588539123535
24.4381504058838,24.7970962524414,24.0393238067627,24.7970962524414,2877033,23.1498031616211
24.9167442321777,25.6047210693359,24.4281806945801,25.6047210693359,2793889,23.9037780761719
25.7841949462891,25.873929977417,24.9665985107422,25.764253616333,2573443,24.0527095794678
25.6545753479004,25.8041343688965,25.1660118103027,25.6844863891602,2723182,23.9782409667969
25.7443103790283,25.7542819976807,24.6275939941406,24.8270072937012,3905949,23.1891479492188
24.9267158508301,25.495044708252,24.8569202423096,25.1560401916504,2579661,23.4964733123779
25.1560401916504,25.2557487487793,24.1490001678467,24.5877113342285,2327221,22.9656429290771
24.6275939941406,24.7572135925293,24.049295425415,24.3185024261475,2700817,22.7141933441162
24.1091194152832,24.5777416229248,23.8399105072021,24.3484153747559,3696535,22.7421321868896
23.9495887756348,24.8270072937012,23.5607318878174,24.8070678710938,2523597,23.170524597168
24.8469486236572,24.9765682220459,24.0891761779785,24.4780330657959,3278009,22.8631973266602
24.4580936431885,24.6176242828369,23.9296455383301,24.0293521881104,5040274,22.4441146850586
24.1789131164551,24.3484153747559,23.780086517334,23.8698215484619,3633852,22.295108795166
23.8797931671143,24.1490001678467,23.6704082489014,23.8897647857666,3693426,22.3137359619141
23.9595584869385,24.2985610961914,23.4410839080811,23.4410839080811,2515473,21.8946571350098
23.4410839080811,23.5108776092529,22.783016204834,23.3214340209961,3158558,21.7828998565674
23.281551361084,23.4610233306885,22.8827247619629,23.0821380615234,1837386,21.5593910217285
23.0821380615234,23.2715816497803,22.5736331939697,22.8328704833984,3117538,21.3265705108643
22.9824314117432,23.3513469696045,22.7929878234863,23.3314056396484,2562210,21.7922134399414
23.2516403198242,23.5108776092529,23.0223140716553,23.5108776092529,1582438,21.9598445892334
23.4311122894287,23.4709949493408,22.7331638336182,23.0223140716553,3141508,21.5035133361816
22.9525184631348,22.9924011230469,22.0950393676758,22.4141025543213,3119243,20.9354248046875
22.314395904541,22.6334571838379,22.1448936462402,22.314395904541,2650369,20.8422966003418
22.2246589660645,22.5536918640137,21.9654216766357,22.3941612243652,2647761,20.9168014526367
22.2745113372803,23.4909362792969,22.1050109863281,22.7730464935303,6870239,21.2706909179688
23.2217273712158,23.7102909088135,23.0821380615234,23.5407905578613,5162132,21.9877872467041
24.9267158508301,25.5249557495117,24.5079460144043,24.8668918609619,12106990,23.2264041900635
24.7073593139648,26.0234909057617,24.7073593139648,25.4651317596436,8625885,23.785177230835
25.4651317596436,26.0932846069336,25.2158641815186,25.8240776062012,6236080,24.1204433441162
26.0434322357178,26.3126392364502,25.5847797393799,26.2727584838867,3687609,24.5395259857178
26.2428455352783,27.110294342041,26.1132278442383,26.7214374542236,3039209,24.9586048126221
26.9009113311768,27.2199726104736,26.1630802154541,26.1630802154541,4723446,24.4370822906494
26.0633735656738,26.1032562255859,25.0064792633057,25.9237842559814,6221738,24.2135677337646
25.873929977417,26.3126392364502,25.2058944702148,25.4053077697754,2785064,23.7293014526367
25.4053077697754,25.7742233276367,25.0762748718262,25.5847797393799,3309501,23.8969306945801
25.5748100280762,26.143138885498,24.9466552734375,25.265718460083,4424971,23.5989189147949
25.1959228515625,26.3026695251465,24.3384437561035,26.2029628753662,10039730,24.474328994751
26.1929912567139,26.621732711792,25.7044277191162,25.8539886474609,5194125,24.148380279541
25.6645450592041,26.9108829498291,25.3155727386475,26.9108829498291,7431183,25.1355495452881
26.621732711792,27.9378623962402,26.621732711792,27.8281841278076,6716488,25.992338180542
27.83815574646,27.9578037261963,27.2000312805176,27.3196792602539,4859444,25.5173797607422
27.5589752197266,27.9278907775879,27.3097095489502,27.5589752197266,4659659,25.7408885955811
27.6487121582031,28.5759868621826,27.5988597869873,28.2668952941895,7526864,26.4021072387695
28.2668952941895,28.6956348419189,26.8410873413086,27.4193878173828,6708765,25.6105098724365
27.479211807251,28.0674800872803,27.2100028991699,27.6686534881592,5756374,25.8433303833008
27.5190925598145,27.5789165496826,26.143138885498,26.9208526611328,8300331,25.1448612213135
26.9108829498291,27.6187992095947,26.0733432769775,26.4023761749268,6894309,24.6605892181396
26.4622001647949,27.0105876922607,25.5349273681641,25.5847797393799,6735343,23.8969306945801
25.8440189361572,26.3624935150146,25.4451904296875,25.9736366271973,5953652,24.2601337432861
26.3026695251465,27.2897682189941,26.0135192871094,26.5220241546631,15602637,24.7723426818848
26.5220241546631,27.0604419708252,26.1630802154541,26.5319957733154,3660630,24.7816581726074
26.3425521850586,26.4123477935791,25.3255424499512,25.495044708252,4039641,23.8131141662598
25.3753967285156,27.5689468383789,25.2258358001709,26.9009113311768,4367402,25.1262359619141
27.0205593109131,27.0205593109131,25.9836082458496,26.3724632263184,4651033,24.6326503753662
26.8709983825684,26.9607353210449,25.893871307373,25.9138126373291,3878870,24.2042560577393
26.0534019470215,27.2000312805176,25.9935779571533,26.9208526611328,4581931,25.1448612213135
26.8709983825684,27.1800899505615,26.482141494751,26.8211441040039,3778576,25.0517330169678
26.6815567016602,26.9108829498291,26.2926998138428,26.7214374542236,2140073,24.9586048126221
26.6117610931396,26.8211441040039,26.2129325866699,26.6616134643555,3414108,24.9027252197266
26.2229042053223,26.5319957733154,25.1759815216064,25.4252490997314,4953821,23.7479248046875
25.624662399292,26.5519371032715,25.624662399292,26.1929912567139,2843435,24.4650192260742
26.3724632263184,26.7712917327881,26.1132278442383,26.3824348449707,2983445,24.6419639587402
26.3824348449707,27.249885559082,26.0633735656738,26.1132278442383,6875153,24.3905162811279
25.9636669158936,26.2727584838867,25.3853664398193,25.7243690490723,3610082,24.0273132324219
25.644603729248,25.9935779571533,25.0563335418701,25.7243690490723,4934765,24.0273132324219
25.4551601409912,25.5748100280762,23.7402038574219,24.2088260650635,8884644,22.6117496490479
24.5877113342285,24.7173309326172,23.6006145477295,23.8299388885498,5315782,22.2578601837158
24.0393238067627,24.2187957763672,23.0322856903076,23.3912296295166,6787095,21.8480911254883
23.3613166809082,24.0891761779785,22.5935745239258,23.9296455383301,7917810,22.3509864807129
23.9296455383301,23.9296455383301,22.6833114624023,22.9026660919189,3478697,21.3917579650879
23.0322856903076,23.4311122894287,22.5736331939697,23.2316970825195,4944293,21.6990814208984
22.5337505340576,23.0322856903076,22.0152740478516,22.8428421020508,6861413,21.3358821868896
23.052225112915,23.30149269104,22.6633682250977,23.0621967315674,4253167,21.5407638549805
23.3413753509521,23.9994411468506,23.2616100311279,23.3314056396484,4255975,21.7922134399414
23.3214340209961,23.4809646606445,21.3472385406494,21.925537109375,8491491,20.4790897369385
22.1947479248047,23.7202625274658,22.1947479248047,23.4011993408203,6170287,21.8574047088623
23.4410839080811,24.158971786499,22.9525184631348,23.7900562286377,5809028,22.2206077575684
23.9794998168945,23.9794998168945,23.2017860412598,23.7003211975098,5251293,22.1367950439453
23.4909362792969,23.780086517334,22.9724597930908,23.3812599182129,5030847,21.8387813568115
23.1519336700439,23.30149269104,22.04518699646,22.3443069458008,4322972,20.8702354431152
22.5736331939697,22.6135158538818,21.2475318908691,21.3173274993896,9054642,19.9110069274902
20.7390270233154,21.2275905609131,19.2633647918701,20.0410785675049,11220692,18.7189540863037
19.5923976898193,19.9613132476807,18.7648315429688,19.4827194213867,17051785,18.1974277496338
19.8416652679443,20.350170135498,19.5325736999512,19.8616065979004,6680884,18.5513210296631
19.5026626586914,19.7020740509033,18.6651248931885,18.9443035125732,4155381,17.6945304870605
18.954273223877,19.4827194213867,18.7548599243164,18.7748012542725,4402104,17.5362129211426
18.6950359344482,19.1935691833496,18.3959159851074,18.9243621826172,5033454,17.6759052276611
18.9243621826172,19.2833061218262,18.4657096862793,18.7149772644043,6137992,17.4803352355957
18.9841861724854,19.8616065979004,18.9243621826172,19.2533950805664,5082498,17.9832344055176
19.1237754821777,20.9982643127441,18.974214553833,20.7589683532715,7062502,19.3894805908203
20.5396137237549,21.6164474487305,20.1806678771973,20.579496383667,6892805,19.2218494415283
21.1378536224365,21.1378536224365,20.3003177642822,20.3900527954102,5431321,19.0449028015137
20.2404918670654,20.2604331970215,19.3431301116943,19.5525150299072,6825708,18.2626209259033
20.1100006103516,21.2199993133545,19.9400005340576,20.8299999237061,12510000,19.4558258056641
20.5499992370605,22.5699996948242,20.5499992370605,21.8899993896484,11909100,20.4458999633789
22.3999996185303,23.2999992370605,22.3899993896484,22.8099994659424,6170000,21.3052062988281
22.9500007629395,23.3899993896484,21.9300003051758,21.9699993133545,3804100,20.5206203460693
21.9300003051758,22.0100002288818,20.0799999237061,20.4200000762939,7153600,19.0728759765625
20.7099990844727,20.8199996948242,19.4099998474121,19.4899997711182,6098300,18.2042274475098
19.4899997711182,20.0900001525879,19.2999992370605,19.5499992370605,5707300,18.2602710723877
19.6499996185303,20.7800006866455,19.2999992370605,19.5499992370605,8036200,18.2602710723877
19.5499992370605,19.9200000762939,18.7199993133545,19.1399993896484,7894300,17.8773212432861
19.2399997711182,19.2399997711182,17.75,18.3700008392334,8231600,17.1581172943115
18.2900009155273,18.8700008392334,17.4699993133545,18.5699996948242,8863000,17.3449211120605
18.6800003051758,19.3400001525879,18.5499992370605,19.1700000762939,2731500,17.9053401947021
18.4300003051758,19.0400009155273,18.3999996185303,18.5,3273100,17.279541015625
18.8299999237061,18.9699993133545,18.4099998474121,18.5,4758100,17.279541015625
18.5300006866455,18.7299995422363,17.6599998474121,18.2099990844727,6939900,17.0086708068848
18.7000007629395,18.9899997711182,17.8099994659424,18.4500007629395,8262400,17.232837677002
18.9300003051758,19,17.6900005340576,18.0799999237061,8262900,16.8872451782227
18.1900005340576,19.5599994659424,18.1299991607666,19.1299991607666,6039100,17.867977142334
19.3099994659424,19.4500007629395,18.9200000762939,18.9200000762939,3489800,17.6718330383301
19.2000007629395,19.9300003051758,19.1499996185303,19.7199993133545,3441100,18.4190559387207
19.8999996185303,20.6299991607666,19.2099990844727,20.5,4262700,19.1475963592529
20.3600006103516,20.3899993896484,19.2199993133545,19.3199996948242,3947000,18.0454444885254
19.5699996948242,20.2000007629395,19.4799995422363,19.8400001525879,3392400,18.5311393737793
19.8099994659424,20.5300006866455,19.6299991607666,19.7999992370605,3485800,18.493782043457
19.7700004577637,20.1100006103516,18.7999992370605,18.8600006103516,3976200,17.6157913208008
19.0300006866455,19.3500003814697,18.4400005340576,19.1700000762939,5438500,17.9053401947021
19.1700000762939,19.6200008392334,18.5400009155273,18.6700000762939,4015800,17.438325881958
18.6100006103516,18.7800006866455,18.0100002288818,18.6200008392334,8781500,17.3916244506836
18.4099998474121,18.4699993133545,17.8500003814697,17.8899993896484,3049900,16.7097816467285
17.9699993133545,18.0799999237061,17.2700004577637,17.5300006866455,5549400,16.3735332489014
17.6499996185303,17.8999996185303,17.2999992370605,17.3299999237061,3883200,16.1867256164551
17.4400005340576,17.4699993133545,16.5100002288818,16.8299999237061,6131300,15.7197113037109
16.9500007629395,17.2299995422363,16.8400001525879,16.8999996185303,2641300,15.8066816329956
16.8999996185303,17.2199993133545,16.6299991607666,16.6299991607666,2091100,15.5541467666626
16.5599994659424,16.9300003051758,16.2800006866455,16.3999996185303,4417800,15.3390274047852
16.5,16.7000007629395,16.2000007629395,16.3700008392334,5843000,15.3109693527222
16.4099998474121,16.5699996948242,15.5200004577637,15.8199996948242,6452600,14.7965497970581
15.960000038147,16.0799999237061,14.3699998855591,14.4099998474121,12293000,13.4777679443359
14.4099998474121,14.7200002670288,13.7700004577637,13.7700004577637,10039900,12.8791704177856
13.9099998474121,14.460000038147,13.3900003433228,14.0299997329712,8400200,13.1223516464233
13.9499998092651,14.5200004577637,13.6000003814697,14.1800003051758,6569100,13.2626476287842
14,14.0799999237061,13.3699998855591,14,7164300,13.0942916870117
14,15.210000038147,14,14.9899997711182,13102200,14.0202445983887
15,16.1299991607666,14.9700002670288,15.5500001907349,11010600,14.544017791748
15.4700002670288,15.6000003814697,14.8500003814697,15.3999996185303,5594500,14.4037199020386
15.3000001907349,15.5,14.8800001144409,15.2399997711182,3202800,14.2540721893311
15.2299995422363,15.289999961853,14.9200000762939,15.0200004577637,1717600,14.0483045578003
14.8999996185303,15.0699996948242,14.5100002288818,14.7799997329712,5581100,13.8238306045532
14.8699998855591,15.6800003051758,14.7299995422363,14.7299995422363,5182200,13.7770652770996
14.7399997711182,16.4699993133545,14.7399997711182,16.1599998474121,10127900,15.1145544052124
16.0900001525879,17.0400009155273,15.8699998855591,16.7000007629395,8832400,15.6196212768555
16.7000007629395,16.7000007629395,15.8500003814697,15.8900003433228,7826000,14.862021446228
15.6999998092651,16.8999996185303,15.5299997329712,16.7800006866455,6615500,15.6944456100464
16.9799995422363,18.9799995422363,16.9799995422363,18.0100002288818,20634000,16.8448734283447
18.3199996948242,18.4799995422363,17.1200008392334,17.5100002288818,10590500,16.3772163391113
17.5799999237061,17.7000007629395,16.8299999237061,17.0599994659424,5720500,15.9563293457031
17.0799999237061,18,16.9400005340576,17.8099994659424,4674700,16.657808303833
17.7000007629395,18.2999992370605,17.6399993896484,17.9500007629395,5366400,16.7887535095215
18,18.2900009155273,17.4699993133545,17.6700000762939,5803300,16.5268650054932
17.6399993896484,18.5799999237061,17.4899997711182,17.5900001525879,4668900,16.4520416259766
17.6700000762939,18.0699996948242,16.7199993133545,17.6700000762939,8708200,16.5268650054932
17.6399993896484,18.1599998474121,17.3199996948242,17.7999992370605,4388600,16.6484546661377
17.7600002288818,17.8600006103516,17.1800003051758,17.2000007629395,4733400,16.0872745513916
17.3099994659424,17.75,17.1499996185303,17.2800006866455,2878500,16.1620998382568
17.3799991607666,17.5400009155273,16.4400005340576,16.7399997711182,5723700,15.6570329666138
16.8700008392334,17.2000007629395,16.4300003051758,16.5300006866455,5606300,15.4606189727783
16.5200004577637,17.8500003814697,16.4599990844727,17.6200008392334,8105700,16.4801025390625
17.7900009155273,18.8899993896484,17.6900005340576,18.5499992370605,10253800,17.3499336242676
18.7600002288818,18.7900009155273,18.1599998474121,18.5400009155273,3789500,17.3405838012695
18.5400009155273,19.2399997711182,18.2999992370605,18.8500003814697,7386100,17.6305313110352
19,19,17.9500007629395,18.3500003814697,8201400,17.1628761291504
18.8799991607666,18.9699993133545,17.1499996185303,17.2000007629395,3653900,16.0872745513916
17.6599998474121,18.3899993896484,17.6599998474121,18.2099990844727,7015200,17.0319309234619
18.2800006866455,18.6000003814697,17.8500003814697,17.8500003814697,4788700,16.6952228546143
17.1000003814697,18.1200008392334,16.6399993896484,18,7547700,16.8355197906494
17.7800006866455,18.2000007629395,17.2199993133545,17.4899997711182,6818100,16.3585109710693
17.4500007629395,18.0499992370605,17.4400005340576,17.6700000762939,4506500,16.5268650054932
17.6700000762939,18.7600002288818,17.6000003814697,18.2800006866455,8367700,17.0974063873291
18.2099990844727,18.4799995422363,17.3999996185303,17.5200004577637,5055400,16.3865718841553
17.3500003814697,17.3799991607666,15.8999996185303,15.9499998092651,9979400,14.9181394577026
16.5,17.0799999237061,15.6800003051758,16.6700000762939,9881300,15.5915603637695
16.8500003814697,18.3999996185303,16.8500003814697,18.1599998474121,9919800,16.985164642334
17.8400001525879,17.9200000762939,17.2999992370605,17.4099998474121,3430800,16.2836875915527
17.6000003814697,17.9899997711182,16.4300003051758,16.6800003051758,6611300,15.6009130477905
16.75,17.0799999237061,16.0799999237061,16.1800003051758,5785400,15.1332607269287
16.0100002288818,17.25,16.0100002288818,17.1299991607666,8895000,16.021800994873
17.3500003814697,18.0799999237061,17.1700000762939,17.8700008392334,7431500,16.7139263153076
18.1000003814697,18.2399997711182,17.1700000762939,18,11070500,16.8355197906494
17.8999996185303,19.1499996185303,17.8099994659424,18.6399993896484,15231100,17.4341144561768
18.7000007629395,18.7700004577637,17.6900005340576,17.9400005340576,7396400,16.7794017791748
18.0499992370605,18.7299995422363,17.9699993133545,18.5499992370605,8561000,17.3499336242676
18.7399997711182,19.3400001525879,18.1399993896484,18.9899997711182,9878000,17.7614688873291
18.9200000762939,19.75,18.4300003051758,18.7999992370605,27909900,17.58376121521
18.7000007629395,19.1800003051758,17.9300003051758,18.7600002288818,13460300,17.5463523864746
18.7600002288818,19.0900001525879,18.2900009155273,18.6000003814697,5228800,17.3967037200928
19.0200004577637,19.9300003051758,19.0200004577637,19.4400005340576,10717200,18.1823596954346
19.4500007629395,19.7099990844727,18.5,18.7800006866455,9082300,17.5650577545166
18.8500003814697,19.0400009155273,18.6200008392334,18.6599998474121,5142300,17.4528217315674
18.8999996185303,19.25,18.8500003814697,19.1499996185303,4585600,17.9111213684082
19.5599994659424,19.8799991607666,18.9899997711182,19.1100006103516,6794200,17.873706817627
19.1100006103516,19.5,18.4500007629395,18.6599998474121,4558500,17.4528217315674
18.4300003051758,18.4300003051758,17.2700004577637,17.7399997711182,13674000,16.5923385620117
17.7399997711182,17.8500003814697,17.1599998474121,17.6700000762939,7877800,16.5268650054932
17.5,17.5,16.5400009155273,17.0300006866455,11439100,15.9282722473145
16.7199993133545,16.7900009155273,16.1200008392334,16.3799991607666,11358100,15.3203210830688
16.8500003814697,17.3299999237061,16.3999996185303,16.6499996185303,8170300,15.5728540420532
16.8400001525879,17.0699996948242,16.3799991607666,16.8500003814697,7325800,15.7599153518677
16.7800006866455,16.8199996948242,16.0599994659424,16.1700000762939,6990900,15.1239070892334
16.1399993896484,16.3299999237061,15.6800003051758,15.9899997711182,7441300,14.9555521011353
16,16.2000007629395,15.6099996566772,16.1599998474121,7505700,15.1145544052124
16.1499996185303,16.2600002288818,15.6199998855591,15.9799995422363,7026900,14.9461984634399
15.8000001907349,15.8000001907349,15.0500001907349,15.4300003051758,8592000,14.4317798614502
15.039999961853,15.9799995422363,15.0100002288818,15.8699998855591,7376500,14.8433151245117
16,16.1000003814697,15.5200004577637,15.75,7239900,14.7310781478882
16.1299991607666,16.2700004577637,15.6599998474121,15.789999961853,5003100,14.7684907913208
15.789999961853,16.0499992370605,15.3599996566772,15.7600002288818,6392400,14.7404308319092
15.9499998092651,16.1499996185303,15.1999998092651,15.2299995422363,7972400,14.2447185516357
15.2200002670288,15.5100002288818,14.9099998474121,15.5100002288818,7102300,14.5066051483154
15.4399995803833,16.2700004577637,15.3299999237061,15.7600002288818,12764400,14.7404308319092
15.539999961853,16.3899993896484,15.0299997329712,16.2600002288818,8232000,15.2080860137939
15.9399995803833,15.9899997711182,15.0299997329712,15.1700000762939,5489000,14.1886014938354
15.1499996185303,15.1499996185303,12.8800001144409,13.2399997711182,37968900,12.3834590911865
12.7799997329712,12.9899997711182,11.8000001907349,11.8000001907349,19790500,11.0366191864014
12.4300003051758,12.8900003433228,11.5799999237061,12.6599998474121,25485900,11.8409814834595
12.6300001144409,13.2299995422363,12.3299999237061,12.4200000762939,11265700,11.6165084838867
12.289999961853,12.7200002670288,11.8999996185303,12.1899995803833,7919400,11.4013872146606
12.3900003433228,13.5699996948242,12.2200002670288,13.3599996566772,11403100,12.4956951141357
13.3599996566772,13.8800001144409,12.8500003814697,13.8800001144409,10893300,12.9820556640625
14.1000003814697,14.4700002670288,13.5299997329712,13.8000001907349,7827200,12.9072313308716
13.6400003433228,14.289999961853,13.2700004577637,13.460000038147,15951100,12.5892267227173
13.1999998092651,13.6700000762939,12.7399997711182,12.7600002288818,10238300,11.9345121383667
12.9899997711182,13,11.6899995803833,12.1000003814697,19895800,11.3172092437744
12.1999998092651,12.4499998092651,11.789999961853,12.3000001907349,16739800,11.5042715072632
11.9099998474121,12.1199998855591,11.5200004577637,11.8400001525879,11892400,11.0740299224854
11.789999961853,11.9899997711182,11.4399995803833,11.6199998855591,10245800,10.8682613372803
11.6700000762939,12.3999996185303,11.6199998855591,12.1499996185303,7606900,11.363974571228
12.1499996185303,12.4099998474121,11.9399995803833,12.289999961853,6722300,11.4949178695679
12.3000001907349,12.7700004577637,12.0699996948242,12.1599998474121,5596900,11.373327255249
12.039999961853,12.3400001525879,11.960000038147,12.1300001144409,7118600,11.345269203186
12.1499996185303,12.3199996948242,11.9399995803833,12.0500001907349,8838900,11.2704458236694
12.1000003814697,13.1999998092651,12.1000003814697,12.7600002288818,13649200,11.9345121383667
12.6999998092651,12.8000001907349,12.3900003433228,12.4799995422363,3987100,11.672625541687
12.6499996185303,12.6999998092651,11.7799997329712,11.9499998092651,7733600,11.1769123077393
11.8400001525879,11.8900003433228,11.460000038147,11.7200002670288,6528400,10.9617938995361
11.7200002670288,11.9499998092651,11.5500001907349,11.6300001144409,3986000,10.8776149749756
11.6700000762939,12.0500001907349,11.5699996948242,11.8199996948242,6439800,11.0553226470947
11.7200002670288,11.8900003433228,11.0600004196167,11.1499996185303,9785500,10.4286689758301
10.8599996566772,10.8599996566772,9.98999977111816,10.0500001907349,15841800,9.39983081817627
10.1599998474121,10.2299995422363,9.75,10.0900001525879,11792100,9.4372444152832
10.2700004577637,11.039999961853,10.2700004577637,10.5699996948242,17409800,9.88618946075439
10.1499996185303,10.6300001144409,9.85999965667725,10.4700002670288,12115500,9.7926607131958
10.460000038147,10.6899995803833,10.1300001144409,10.5200004577637,5065400,9.83942604064941
10.6499996185303,10.9899997711182,10.3900003433228,10.5200004577637,11117700,9.83942604064941
10.3000001907349,10.8999996185303,10.2200002670288,10.710000038147,6980100,10.0171337127686
10.8000001907349,11.4300003051758,10.6700000762939,11.3800001144409,8158700,10.6437883377075
11.3800001144409,11.3900003433228,10.5600004196167,10.75,10011700,10.0545454025269
10.9300003051758,11.0500001907349,10.5799999237061,10.710000038147,5116400,10.0171337127686
10.7600002288818,10.8299999237061,10.3100004196167,10.5699996948242,6702500,9.88618946075439
10.6199998855591,10.6800003051758,10.2600002288818,10.3900003433228,4612500,9.72383689880371
10.210000038147,10.3299999237061,9.81999969482422,9.93000030517578,12101900,9.29333019256592
9.97999954223633,10.0100002288818,9.47000026702881,9.81999969482422,10585700,9.19038200378418
9.77999973297119,10.0799999237061,9.56999969482422,9.60000038146973,4764700,8.98448753356934
9.56999969482422,10.5200004577637,9.42000007629395,10.4300003051758,15210300,9.76127147674561
10.3599996566772,10.7200002670288,10.2200002670288,10.5900001525879,6896500,9.91101264953613
10.6999998092651,10.9399995803833,10.6000003814697,10.75,5330300,10.060754776001
10.6899995803833,11,10.5900001525879,10.6599998474121,4487000,9.97652530670166
10.5799999237061,10.6300001144409,10.0299997329712,10.0799999237061,5340900,9.43371200561523
10,10.7600002288818,9.85000038146973,10.5100002288818,9054100,9.83614349365234
10.3999996185303,10.8100004196167,10.1499996185303,10.6300001144409,7278800,9.94844818115234
10.4300003051758,10.4899997711182,10.1199998855591,10.1700000762939,5425900,9.51794242858887
10.3100004196167,10.3599996566772,9.96000003814697,10.1899995803833,6049000,9.53665924072266
10.3500003814697,10.5100002288818,9.67000007629395,9.67000007629395,8360700,9.04999923706055
9.77000045776367,10.0500001907349,9.60000038146973,9.75,8356000,9.12487030029297
9.78999996185303,11.0799999237061,9.75,10.6899995803833,20027100,10.0046005249023
10.6499996185303,10.6899995803833,10.1700000762939,10.2799997329712,7419800,9.62088871002197
10.3800001144409,10.4799995422363,9.71000003814697,9.86999988555908,7581400,9.23717594146729
10.0299997329712,10.039999961853,9.22000026702881,9.36999988555908,17280400,8.7692346572876
9.36999988555908,9.52000045776367,8.82999992370605,8.96000003814697,12945700,8.38552188873291
9.02000045776367,9.59000015258789,8.89999961853027,9.47999954223633,18854400,8.87217998504639
9.39000034332275,10.1300001144409,9.25,9.93000030517578,13359300,9.29333019256592
9.93000030517578,10.1400003433228,9.59000015258789,9.68000030517578,11602100,9.05935764312744
9.69999980926514,10.4499998092651,9.56999969482422,9.82999992370605,13683000,9.19974136352539
9.80000019073486,10.25,9.68000030517578,10.0799999237061,13034800,9.43371200561523
10.0699996948242,10.8999996185303,10.0600004196167,10.789999961853,12840500,10.0981903076172
10.8500003814697,12.1499996185303,10.7600002288818,11.8400001525879,26337800,11.0808687210083
11.7299995422363,11.9700002670288,11.1599998474121,11.4300003051758,16103400,10.6971559524536
11.6400003433228,12.3599996566772,11.5,11.5799999237061,14842400,10.8375387191772
11.710000038147,11.8000001907349,10.8100004196167,10.8800001144409,12194700,10.1824197769165
11.4099998474121,11.8100004196167,11.0900001525879,11.3000001907349,14976500,10.5754909515381
11.0200004577637,11.3500003814697,10.210000038147,10.2799997329712,29289600,9.62088871002197
10.5299997329712,11.0299997329712,10.3299999237061,10.9799995422363,15119100,10.2760066986084
10.7700004577637,12.1000003814697,10.7600002288818,11.8900003433228,13971800,11.1276617050171
11.9099998474121,12.0200004577637,11.3500003814697,11.5600004196167,8171500,10.8188209533691
11.3400001525879,11.5299997329712,11.0900001525879,11.1800003051758,10452700,10.4631853103638
11.3000001907349,11.3199996948242,10.6099996566772,10.8100004196167,8151800,10.1169080734253
10.7700004577637,10.7700004577637,10.0200004577637,10.3299999237061,14518100,9.66768264770508
10.2600002288818,10.2600002288818,9.39000034332275,9.60000038146973,28093800,8.98448753356934
9.71000003814697,10.1199998855591,9.52999973297119,10.039999961853,14823200,9.39627647399902
10.1400003433228,10.6599998474121,10.039999961853,10.4099998474121,9051300,9.7425537109375
10.5100002288818,10.9899997711182,10.3699998855591,10.9300003051758,10600700,10.2292137145996
10.9700002670288,11.1499996185303,10.460000038147,10.5,12951600,9.82678318023682
10.3599996566772,10.6800003051758,10.2399997711182,10.460000038147,6103900,9.78934955596924
10.539999961853,10.8000001907349,10.1499996185303,10.4899997711182,7943200,9.81742382049561
10.6099996566772,11.0299997329712,10.5600004196167,10.8299999237061,12483800,10.1356258392334
10.8199996948242,10.8900003433228,10.2799997329712,10.5600004196167,8393700,9.88293743133545
10.4499998092651,10.8299999237061,10.0900001525879,10.1499996185303,13750300,9.49922370910645
10.3699998855591,10.539999961853,10.1599998474121,10.3100004196167,5796900,9.64896678924561
10.2399997711182,10.2399997711182,9.6899995803833,9.72000026702881,11793500,9.09679317474365
9.82999992370605,10.1099996566772,9.61999988555908,10.0100002288818,9887700,9.36819934844971
10.2600002288818,10.75,10.1499996185303,10.3400001525879,13224100,9.67704200744629
10.4499998092651,10.7399997711182,10.1000003814697,10.3000001907349,13286600,9.63960647583008
10.0799999237061,10.0799999237061,9.56999969482422,9.80000019073486,22564300,9.17166423797607
9.85000038146973,10.7799997329712,9.77999973297119,10.4399995803833,23441500,9.77063083648682
10.4399995803833,10.539999961853,9.98999977111816,10.0200004577637,8177100,9.37755966186523
9.88000011444092,10.1099996566772,9.64000034332275,10.1000003814697,9829100,9.45243072509766
10,10.6000003814697,9.85999965667725,10.4499998092651,11735000,9.77998828887939
10.4499998092651,10.5900001525879,10.25,10.3599996566772,5365100,9.69575881958008
10.3699998855591,10.75,10.1499996185303,10.5500001907349,8796600,9.87357807159424
10.7299995422363,10.7799997329712,10.2799997329712,10.6800003051758,8180400,9.99524307250977
10.3000001907349,11.1899995803833,10.25,11.1599998474121,12567400,10.4444665908813
11.0799999237061,11.0799999237061,10.5299997329712,10.6099996566772,5108200,9.92973041534424
10.3000001907349,10.6000003814697,10.2700004577637,10.3500003814697,9937400,9.6864013671875
10.3500003814697,10.4300003051758,10.1099996566772,10.2799997329712,6088600,9.62088871002197
10.1400003433228,10.25,9.46000003814697,9.75,15356900,9.12487030029297
9.75,10.3100004196167,9.61999988555908,10.1700000762939,11436500,9.51794242858887
10.4899997711182,10.8900003433228,10.4200000762939,10.8100004196167,8995200,10.1169080734253
11.0100002288818,11.2299995422363,10.6999998092651,10.9099998474121,7765100,10.2104959487915
10.9099998474121,11.0900001525879,10.5799999237061,10.6700000762939,8328500,9.98588371276855
10.7200002670288,11.0799999237061,10.6800003051758,10.9300003051758,7442500,10.2292137145996
10.8599996566772,10.8699998855591,10.0200004577637,10.0200004577637,20550300,9.37755966186523
10.1000003814697,10.1899995803833,9.59000015258789,9.65999984741211,21408500,9.04064083099365
9.64999961853027,9.72999954223633,9.1899995803833,9.3100004196167,19873400,8.71308135986328
9.19999980926514,9.39999961853027,8.86999988555908,9.25,24457000,8.65692901611328
9.39999961853027,9.42000007629395,8.78999996185303,8.84000015258789,14307600,8.27321529388428
8.98999977111816,9.10000038146973,8.77000045776367,8.81999969482422,14485500,8.25449752807617
9,9.15999984741211,8.73999977111816,8.94999980926514,12553100,8.37616348266602
8.94999980926514,9.01000022888184,8.52999973297119,8.67000007629395,14639300,8.11411571502686
8.69999980926514,8.76000022888184,8.39999961853027,8.52999973297119,14384400,7.98309135437012
8.47999954223633,8.6899995803833,8.22000026702881,8.61999988555908,17611700,8.06732177734375
8.53999996185303,8.64999961853027,8.23999977111816,8.44999980926514,9164900,7.90822124481201
8.44999980926514,8.77000045776367,8.31999969482422,8.36999988555908,9683700,7.83335065841675
8.35000038146973,8.35999965667725,7.90999984741211,7.96000003814697,16789200,7.44963788986206
8,8.34000015258789,7.98000001907349,8.27000045776367,14125400,7.73976230621338
8.17000007629395,8.38000011444092,8.0600004196167,8.38000011444092,8506900,7.84270906448364
8.18000030517578,8.78999996185303,8.18000030517578,8.76000022888184,12793800,8.19834518432617
8.85999965667725,9.06999969482422,8.69999980926514,8.78999996185303,11351300,8.22642135620117
8.69999980926514,9.15999984741211,8.56999969482422,9.01000022888184,10519400,8.43231678009033
9.10000038146973,9.21000003814697,8.75,9.03999996185303,10139400,8.4603910446167
9.01000022888184,9.18000030517578,8.61999988555908,8.69999980926514,10274100,8.14219188690186
8.64999961853027,8.72999954223633,8.09000015258789,8.15999984741211,19374100,7.63681411743164
8.10000038146973,8.96000003814697,7.96999979019165,8.88000011444092,37935300,8.31065082550049
8.56999969482422,8.71000003814697,8.0600004196167,8.47000026702881,22834200,7.92693948745728
8.55000019073486,8.61999988555908,8.05000019073486,8.14000034332275,20520400,7.61809682846069
8.30000019073486,8.51000022888184,7.92000007629395,8.1899995803833,13605100,7.6648907661438
8.15999984741211,8.28999996185303,7.63000011444092,7.82000017166138,15231400,7.31861448287964
7.65000009536743,7.73999977111816,7.21000003814697,7.73000001907349,22690300,7.23438453674316
7.90000009536743,8.25,7.3600001335144,7.38000011444092,18771200,6.90682506561279
7.42999982833862,7.92999982833862,7.3899998664856,7.80999994277954,10345200,7.30925512313843
7.82000017166138,7.92999982833862,7.48000001907349,7.57000017166138,8568000,7.08464336395264
7.5,7.51999998092651,7.23999977111816,7.42000007629395,15019000,6.944260597229
7.55999994277954,8.0600004196167,7.46000003814697,7.84999990463257,10825400,7.34669065475464
7.82999992370605,7.86999988555908,7.3600001335144,7.44999980926514,10475400,6.972336769104
7.46000003814697,7.57000017166138,7.17000007629395,7.23999977111816,8499400,6.77580118179321
7.34999990463257,7.48999977111816,7.09999990463257,7.28999996185303,7886400,6.82259511947632
7.30000019073486,7.44000005722046,7.03999996185303,7.36999988555908,10856600,6.89746522903442
7.28999996185303,7.3600001335144,6.94999980926514,6.96999979019165,9860500,6.52311229705811
6.98999977111816,7.15000009536743,6.67000007629395,6.98000001907349,39293900,6.53247117996216
6.98000001907349,7.09000015258789,6.73000001907349,6.88000011444092,12071200,6.43888282775879
6.98000001907349,7.09000015258789,6.73999977111816,6.88000011444092,13376500,6.43888282775879
6.82000017166138,6.94999980926514,6.57000017166138,6.59999990463257,13307500,6.17683506011963
6.57000017166138,6.61999988555908,6.28000020980835,6.40999984741211,15861200,5.99901723861694
6.5,6.51000022888184,6.15999984741211,6.19000005722046,9475300,5.7931227684021
6.17999982833862,6.26999998092651,5.78000020980835,5.94999980926514,17763700,5.56851053237915
5.98999977111816,6.36999988555908,5.98000001907349,6.1100001335144,25457500,5.71825218200684
6.03999996185303,6.34000015258789,5.82000017166138,6.28999996185303,21938500,5.88671159744263
6.17000007629395,6.51999998092651,6.07000017166138,6.15999984741211,15349400,5.76504611968994
6.1399998664856,6.21000003814697,5.86999988555908,5.90000009536743,11797800,5.5217170715332
5.92999982833862,6.46999979019165,5.82999992370605,6.32999992370605,15823400,5.92414665222168
6.26999998092651,6.98000001907349,6.13000011444092,6.63000011444092,16502700,6.20491218566895
6.69000005722046,6.78999996185303,6.30000019073486,6.57999992370605,11204000,6.15811777114868
6.57999992370605,6.65000009536743,6.26999998092651,6.46000003814697,9455700,6.04581212997437
6.5,6.92999982833862,6.48000001907349,6.78000020980835,9944200,6.34529495239258
6.80000019073486,6.84999990463257,6.44000005722046,6.51999998092651,3970400,6.11172771453857
6.55999994277954,6.59000015258789,6.07999992370605,6.13000011444092,10984100,5.74614906311035
6.15000009536743,6.48999977111816,6.05999994277954,6.44000005722046,12469000,6.0367374420166
6.46000003814697,6.61999988555908,6.19999980926514,6.26000022888184,9730100,5.86800909042358
6.19000005722046,6.19000005722046,5.80000019073486,5.90000009536743,7159400,5.53055143356323
5.92000007629395,6.03000020980835,5.59999990463257,5.65999984741211,11394400,5.305579662323
5.71999979019165,5.90999984741211,5.59000015258789,5.78000020980835,16944800,5.41806602478027
5.82000017166138,6.15000009536743,5.78999996185303,6,15211000,5.62428903579712
6.01000022888184,6.32999992370605,5.94999980926514,6.17999982833862,9496600,5.79301834106445
6.05000019073486,6.26999998092651,5.94000005722046,6.1399998664856,8875600,5.75552272796631
6.09000015258789,6.51999998092651,6.03000020980835,6.5,9533900,6.0929799079895
6.48999977111816,6.59999990463257,6.19000005722046,6.3899998664856,10448800,5.98986864089966
6.26000022888184,6.48000001907349,6.11999988555908,6.30999994277954,11621300,5.91487789154053
6.30999994277954,6.44000005722046,6.1100001335144,6.17000007629395,10612700,5.7836446762085
6.1100001335144,6.28999996185303,5.80999994277954,5.92000007629395,11299400,5.5492992401123
5.96000003814697,6.07000017166138,5.82999992370605,6.01000022888184,12380300,5.63366365432739
6.07000017166138,6.28999996185303,6.03000020980835,6.11999988555908,12169900,5.73677539825439
6.03999996185303,6.05000019073486,5.88000011444092,5.96999979019165,16567300,5.59616756439209
5.96999979019165,6.01999998092651,5.8600001335144,5.92000007629395,9806800,5.5492992401123
5.92999982833862,6.07999992370605,5.8600001335144,5.86999988555908,10494100,5.5024299621582
5.8899998664856,6.30000019073486,5.88000011444092,6.26000022888184,15361500,5.86800909042358
6.25,6.53999996185303,6.1100001335144,6.44999980926514,9743000,6.0461106300354
6.5,6.57000017166138,6.30000019073486,6.3899998664856,7274400,5.98986864089966
6.3899998664856,6.59999990463257,6.26999998092651,6.5,8868300,6.0929799079895
6.51999998092651,6.94999980926514,6.51999998092651,6.78999996185303,16002600,6.364821434021
6.84999990463257,7.26999998092651,6.76000022888184,7.23999977111816,23032100,6.78664255142212
7.23999977111816,7.38000011444092,7.11999988555908,7.30000019073486,18049100,6.84288549423218
7.23000001907349,7.8600001335144,7.23000001907349,7.5,23498000,7.03036165237427
7.44999980926514,7.59000015258789,7.05999994277954,7.17999982833862,18573700,6.73039960861206
7.15000009536743,7.19999980926514,6.94000005722046,7.09999990463257,13000700,6.65540885925293
7.13000011444092,7.15999984741211,6.76999998092651,6.90000009536743,12807400,6.467933177948
6.94999980926514,7.01000022888184,6.59000015258789,6.94000005722046,9561500,6.50542831420898
6.92999982833862,7.05000019073486,6.48000001907349,6.48000001907349,12007000,6.07423210144043
6.40000009536743,6.57000017166138,6.34000015258789,6.51999998092651,7615300,6.11172771453857
6.5,6.76999998092651,6.40999984741211,6.57000017166138,6625900,6.15859746932983
6.61999988555908,6.67000007629395,6.3600001335144,6.46999979019165,9908100,6.06485843658447
6.44999980926514,6.73000001907349,6.36999988555908,6.51000022888184,9847300,6.10235452651978
6.5,6.8600001335144,6.46999979019165,6.75,17985300,6.32732534408569
6.67999982833862,6.80000019073486,6.61999988555908,6.65000009536743,12869100,6.23358726501465
6.59999990463257,6.84000015258789,6.23000001907349,6.82999992370605,9259400,6.40231609344482
6.8600001335144,7.01999998092651,6.76999998092651,6.90999984741211,10550200,6.4773063659668
6.90000009536743,7,6.76999998092651,6.92000007629395,10394400,6.48668050765991
6.96000003814697,7.09000015258789,6.6399998664856,6.67999982833862,13807800,6.26170873641968
6.71000003814697,6.76000022888184,6.42999982833862,6.44999980926514,8969600,6.0461106300354
6.48999977111816,6.59999990463257,6.26999998092651,6.36999988555908,7978400,5.97112083435059
6.36999988555908,6.48000001907349,6.15000009536743,6.32999992370605,9270200,5.93362522125244
6.32999992370605,6.44999980926514,6.13000011444092,6.19000005722046,7124100,5.80239200592041
6.19000005722046,6.42999982833862,6.05999994277954,6.23000001907349,10920400,5.83988761901855
6.23000001907349,6.42000007629395,6.11999988555908,6.19999980926514,11023600,5.81176519393921
6.25,6.78999996185303,6.21999979019165,6.76999998092651,17251200,6.34607362747192
6.67999982833862,6.76000022888184,6.25,6.28999996185303,23502000,5.89613056182861
6.23999977111816,6.26000022888184,5.76000022888184,5.96000003814697,23431800,5.58679389953613
5.82999992370605,6.48999977111816,5.80999994277954,6.34999990463257,15933000,5.95237302780151
6.30999994277954,6.57999992370605,6.15000009536743,6.19999980926514,16711700,5.81176519393921
6.1399998664856,6.34999990463257,5.90000009536743,6.30999994277954,12319200,5.91487789154053
6.30999994277954,7.1399998664856,6.30000019073486,6.82000017166138,17750900,6.39294290542603
6.78999996185303,6.8600001335144,6.51000022888184,6.67000007629395,6569300,6.25233554840088
6.67999982833862,6.75,6.30999994277954,6.34000015258789,6405700,5.94299983978271
6.40000009536743,6.61999988555908,6.34999990463257,6.55000019073486,5642300,6.1398491859436
6.57000017166138,6.61999988555908,6.23999977111816,6.28000020980835,7697400,5.8867564201355
6.30000019073486,6.34000015258789,5.69999980926514,5.80000019073486,11052800,5.43681335449219
5.90000009536743,6.03000020980835,5.80999994277954,5.8899998664856,7638000,5.52117776870728
5.96000003814697,6.17000007629395,5.96000003814697,6.01999998092651,7595200,5.64303684234619
6.01999998092651,6.46999979019165,5.96000003814697,6.38000011444092,9581800,5.98049449920654
6.44000005722046,6.55000019073486,6.30999994277954,6.46999979019165,6923700,6.06485843658447
6.55000019073486,7.05000019073486,6.40000009536743,6.53999996185303,11938000,6.13047552108765
6.57999992370605,6.59999990463257,6.15000009536743,6.19999980926514,9777400,5.81176519393921
6.19999980926514,6.21000003814697,5.96000003814697,5.96999979019165,6504600,5.59616756439209
6.03000020980835,6.17000007629395,5.94999980926514,5.98000001907349,5784000,5.60554170608521
5.98999977111816,6.05000019073486,5.6399998664856,5.6399998664856,10986100,5.28683185577393
5.67999982833862,5.73999977111816,5.51999998092651,5.71000003814697,8142800,5.3524489402771
5.73999977111816,5.80000019073486,5.5,5.51999998092651,11512900,5.17434549331665
5.6399998664856,6.03999996185303,5.61999988555908,5.98000001907349,21079300,5.60554170608521
6.09000015258789,6.40000009536743,6.05999994277954,6.19999980926514,13073700,5.81176519393921
6.19999980926514,6.28000020980835,6,6.03999996185303,10836400,5.66178464889526
6,6.01999998092651,5.80000019073486,5.84000015258789,6109700,5.47430896759033
5.84999990463257,6.15999984741211,5.82000017166138,5.98000001907349,10126100,5.60554170608521
6.05000019073486,6.23999977111816,5.80999994277954,6.17000007629395,12289700,5.7836446762085
6.07999992370605,6.07999992370605,5.82000017166138,5.86999988555908,11444700,5.5024299621582
5.90999984741211,6.21000003814697,5.78999996185303,6.19000005722046,13175200,5.80239200592041
6.17000007629395,6.44999980926514,6.17000007629395,6.30000019073486,11445300,5.90550374984741
6.28999996185303,6.30000019073486,6.09999990463257,6.26000022888184,6726000,5.87785053253174
6.28000020980835,6.40000009536743,6.21000003814697,6.3600001335144,5527400,5.97174501419067
6.17000007629395,6.28000020980835,5.96000003814697,6.05000019073486,14865300,5.68067026138306
6.05000019073486,6.17000007629395,5.84000015258789,6.17000007629395,9717800,5.79334402084351
6.11999988555908,6.13000011444092,5.76000022888184,5.76999998092651,11916100,5.41776275634766
5.78999996185303,5.86999988555908,5.65000009536743,5.76000022888184,8950400,5.40837335586548
5.82999992370605,6.03000020980835,5.73000001907349,5.94000005722046,12263100,5.57738447189331
6.1100001335144,7,6.09999990463257,6.8899998664856,30477000,6.46939039230347
6.8899998664856,7.26000022888184,6.8600001335144,6.98000001907349,15563500,6.55389642715454
6.90000009536743,7.34999990463257,6.84999990463257,7.17000007629395,14185900,6.73229789733887
7.17999982833862,7.65000009536743,7.15000009536743,7.19000005722046,20362400,6.75107669830322
7.1399998664856,7.5,7.03999996185303,7.36999988555908,10658400,6.92008829116821
7.30999994277954,7.48999977111816,7.15999984741211,7.28000020980835,7941100,6.8355827331543
7.28000020980835,7.51000022888184,7.21000003814697,7.44000005722046,6491100,6.98581552505493
7.38000011444092,7.42999982833862,7.09000015258789,7.15000009536743,11303900,6.71351861953735
7.19999980926514,7.63000011444092,7.19999980926514,7.46000003814697,14520600,7.00459480285645
7.46000003814697,7.69999980926514,7.38000011444092,7.48000001907349,10193300,7.02337312698364
7.51999998092651,7.6100001335144,7.30999994277954,7.42000007629395,9878100,6.96703577041626
7.42000007629395,7.67000007629395,7.38000011444092,7.44999980926514,8243300,6.99520444869995
7.42000007629395,7.65000009536743,7.30000019073486,7.30000019073486,7450200,6.85436201095581
7.28999996185303,7.57000017166138,7.17999982833862,7.5,10241800,7.04215240478516
7.67999982833862,8,7.48999977111816,7.55999994277954,7976300,7.09848928451538
7.69999980926514,7.76999998092651,7.53000020980835,7.6399998664856,5366400,7.17360544204712
7.6399998664856,7.69000005722046,7.3899998664856,7.51999998092651,5455100,7.06093168258667
7.63000011444092,7.65000009536743,7.17999982833862,7.23999977111816,7372200,6.79802417755127
7.19000005722046,7.26999998092651,7.05999994277954,7.25,6961700,6.80741405487061
7.30000019073486,7.67000007629395,7.21000003814697,7.59999990463257,8403400,7.13604784011841
7.69000005722046,7.94000005722046,7.21999979019165,7.38000011444092,13976400,6.92947816848755
7.3899998664856,7.55000019073486,7.23999977111816,7.26000022888184,9977900,6.81680345535278
7.30000019073486,7.82000017166138,7.30000019073486,7.59999990463257,18959500,7.13604784011841
7.69999980926514,7.96999979019165,7.28000020980835,7.46999979019165,14338100,7.01398324966431
7.55000019073486,7.78999996185303,7.51999998092651,7.59000015258789,9135800,7.12665843963623
7.67000007629395,7.67000007629395,7.42000007629395,7.48000001907349,8315200,7.02337312698364
7.53999996185303,7.65000009536743,7.1100001335144,7.19999980926514,8980600,6.7604660987854
7.34000015258789,7.42000007629395,7.15000009536743,7.36999988555908,8930600,6.92008829116821
7.32999992370605,7.44999980926514,7.26000022888184,7.34999990463257,8087500,6.90130949020386
7.30000019073486,7.40999984741211,7.23000001907349,7.23000001907349,7665200,6.78863525390625
7.23000001907349,7.34000015258789,7.19000005722046,7.23999977111816,5921600,6.79802417755127
7.21999979019165,7.26999998092651,7.09000015258789,7.23000001907349,10948100,6.78863525390625
7.23999977111816,7.30000019073486,7.09000015258789,7.28999996185303,8011200,6.84497213363647
7.19999980926514,7.21999979019165,6.92000007629395,7.03999996185303,7759300,6.61023378372192
7.03999996185303,7.11999988555908,6.88000011444092,7.07000017166138,6053600,6.63840293884277
7.07000017166138,7.1100001335144,6.63000011444092,6.6399998664856,13761400,6.23465204238892
6.76000022888184,6.78000020980835,6.23000001907349,6.28000020980835,17015700,5.89662933349609
6.28999996185303,6.44999980926514,6.11999988555908,6.21000003814697,18149100,5.83090257644653
6.23999977111816,6.67999982833862,6.15000009536743,6.59999990463257,14549900,6.19709396362305
6.69999980926514,6.88000011444092,6.5,6.57999992370605,20138600,6.17831516265869
6.6399998664856,6.69999980926514,6.40999984741211,6.69999980926514,13939900,6.29719734191895
6.71000003814697,7.07000017166138,6.61999988555908,7.01999998092651,20619600,6.59795951843262
6.96000003814697,7.13000011444092,6.90000009536743,6.98000001907349,12090500,6.56036424636841
6.8899998664856,6.90999984741211,6.55999994277954,6.69999980926514,10060300,6.29719734191895
6.76999998092651,7.40000009536743,6.73999977111816,7.26999998092651,21041800,6.83292961120605
7.21000003814697,7.44000005722046,7.15000009536743,7.17000007629395,12315000,6.73894166946411
7.19000005722046,7.19000005722046,6.78999996185303,7.07999992370605,14456000,6.65435171127319
7.25,7.32999992370605,6.82000017166138,6.84000015258789,7628800,6.42878103256226
6.90000009536743,6.92000007629395,6.44999980926514,6.48999977111816,15075400,6.09982252120972
6.46999979019165,6.46999979019165,6.1399998664856,6.25,13621000,5.87425136566162
6.23999977111816,6.46000003814697,6.15999984741211,6.3899998664856,11405700,6.00583457946777
6.34999990463257,6.48000001907349,6.25,6.28999996185303,6581500,5.91184711456299
6.26999998092651,6.30000019073486,6.03999996185303,6.15000009536743,11097400,5.78026342391968
6.21000003814697,6.23000001907349,6.03999996185303,6.15000009536743,11196700,5.78026342391968
6.15999984741211,6.28000020980835,6.1100001335144,6.17999982833862,9337900,5.8084602355957
6.17000007629395,6.30000019073486,6.07000017166138,6.25,10330100,5.87425136566162
6.30999994277954,6.55999994277954,6.26000022888184,6.28999996185303,10579000,5.91184711456299
6.26999998092651,6.55999994277954,6.23999977111816,6.51999998092651,9032600,6.12801885604858
6.55999994277954,6.76999998092651,6.5,6.59999990463257,25525700,6.203209400177
6.63000011444092,6.86999988555908,6.59000015258789,6.78000020980835,8109400,6.37238836288452
6.82000017166138,7.03000020980835,6.78000020980835,7,9074300,6.57916164398193
6.94999980926514,7.19999980926514,6.90000009536743,7.15000009536743,9028700,6.72014379501343
7.1100001335144,7.28000020980835,6.98000001907349,7.1399998664856,10756200,6.71074485778809
7.28000020980835,7.32999992370605,6.84999990463257,6.84999990463257,9961300,6.4381799697876
6.84999990463257,7.19000005722046,6.78999996185303,7.03999996185303,12166300,6.61675691604614
7.03000020980835,7.03999996185303,6.84000015258789,6.88000011444092,6532100,6.46637630462646
6.69000005722046,6.69000005722046,6.46000003814697,6.46000003814697,15714500,6.07162666320801
6.30000019073486,6.30000019073486,6,6.01000022888184,25449500,5.64868068695068
6.09000015258789,6.28000020980835,6.05000019073486,6.19999980926514,11649300,5.82725715637207
6.40000009536743,6.76999998092651,5.92999982833862,5.94999980926514,39805900,5.59228754043579
5.96000003814697,5.98999977111816,5.46000003814697,5.57000017166138,38989100,5.23513317108154
5.59000015258789,5.59999990463257,5.28999996185303,5.34000015258789,39890800,5.01896095275879
5.3899998664856,5.40999984741211,5.07999992370605,5.13000011444092,36262700,4.8215856552124
5.15000009536743,5.19000005722046,4.98000001907349,5.1100001335144,29242700,4.80278825759888
5.09999990463257,5.34999990463257,5.03999996185303,5.30999994277954,19874700,4.99076414108276
5.30999994277954,5.51000022888184,5.30000019073486,5.44000005722046,19572600,5.11294889450073
5.51000022888184,5.55000019073486,5.26999998092651,5.3600001335144,25665300,5.03775835037231
5.40999984741211,5.44999980926514,5.11999988555908,5.42999982833862,55250100,5.10354948043823
5.3899998664856,5.42999982833862,5.32000017166138,5.40999984741211,16396200,5.08475208282471
5.38000011444092,5.44999980926514,5.30000019073486,5.40000009536743,23391900,5.07535314559937
5.73000001907349,5.80000019073486,5.3899998664856,5.3899998664856,30294200,5.06595468521118
5.3899998664856,5.42999982833862,5.09999990463257,5.23999977111816,29355200,4.92497205734253
5.23999977111816,5.28000020980835,5.17999982833862,5.21000003814697,13714800,4.89677619934082
5.25,5.5,5.07999992370605,5.48000001907349,31413400,5.15054368972778
5.48999977111816,5.76999998092651,5.42000007629395,5.75,18225000,5.40431118011475
5.76999998092651,5.80000019073486,5.67000007629395,5.71000003814697,6231700,5.3667163848877
5.67999982833862,5.69999980926514,5.46000003814697,5.55999994277954,11092500,5.2257342338562
5.53999996185303,5.57999992370605,5.40000009536743,5.44000005722046,5696100,5.11294889450073
5.40000009536743,5.71000003814697,5.40000009536743,5.65000009536743,10972100,5.31032371520996
5.67000007629395,5.73000001907349,5.38000011444092,5.51999998092651,18787700,5.18813896179199
5.51000022888184,5.94999980926514,5.42999982833862,5.84000015258789,30368600,5.48890113830566
5.8600001335144,5.98000001907349,5.80000019073486,5.8600001335144,14431000,5.50769805908203
5.86999988555908,5.86999988555908,5.65999984741211,5.73000001907349,10253000,5.38551425933838
5.76000022888184,5.78999996185303,5.59999990463257,5.6399998664856,10907900,5.30092430114746
5.61999988555908,5.67000007629395,5.46000003814697,5.51000022888184,7280200,5.17874002456665
5.48000001907349,5.48000001907349,5.25,5.30999994277954,12734500,4.99076414108276
5.32000017166138,5.48999977111816,5.26999998092651,5.32000017166138,12318100,5.00016307830811
5.19000005722046,5.19999980926514,5.05999994277954,5.11999988555908,14794800,4.81218671798706
5.17999982833862,5.19999980926514,4.90000009536743,4.98999977111816,16163800,4.69000244140625
4.94999980926514,5.01999998092651,4.86999988555908,5,10155900,4.69940137863159
4.94999980926514,4.94999980926514,4.65999984741211,4.71999979019165,17183000,4.43623495101929
4.75,4.78000020980835,4.51000022888184,4.61999988555908,13740600,4.34224653244019
4.61999988555908,4.73999977111816,4.55999994277954,4.67999982833862,9835700,4.39863920211792
4.80000019073486,4.90000009536743,4.67999982833862,4.71999979019165,12700200,4.43623495101929
4.69000005722046,4.73000001907349,4.55999994277954,4.59999990463257,6898900,4.32344913482666
4.53999996185303,4.59000015258789,4.25,4.30000019073486,18931700,4.04148530960083
4.32000017166138,4.48000001907349,4.26000022888184,4.30000019073486,14698600,4.04148530960083
4.28000020980835,4.44999980926514,4.25,4.36999988555908,11398100,4.10727643966675
4.25,4.26999998092651,4.05000019073486,4.15000009536743,26459300,3.90050315856934
4.03999996185303,4.25,3.99000000953674,4.17999982833862,15000800,3.9286994934082
4.21999979019165,4.30000019073486,4.15000009536743,4.26000022888184,13397200,4.00389003753662
4.28999996185303,4.36999988555908,4.09999990463257,4.13000011444092,13652800,3.88170552253723
4.1100001335144,4.11999988555908,3.92000007629395,3.9300000667572,16261500,3.69372940063477
3.97000002861023,3.98000001907349,3.86999988555908,3.90000009536743,11355100,3.6655330657959
3.84999990463257,3.94000005722046,3.8199999332428,3.82999992370605,11430200,3.59974122047424
3.79999995231628,3.86999988555908,3.71000003814697,3.72000002861023,11960000,3.49635457992554
3.72000002861023,3.83999991416931,3.72000002861023,3.77999997138977,8805900,3.55274724960327
3.75999999046326,3.8199999332428,3.74000000953674,3.77999997138977,6525400,3.55274724960327
3.75999999046326,3.89000010490417,3.74000000953674,3.80999994277954,8931300,3.58094382286072
3.86999988555908,3.89000010490417,3.76999998092651,3.85999989509583,7351300,3.62793755531311
3.84999990463257,3.84999990463257,3.69000005722046,3.74000000953674,9614900,3.51515197753906
3.75,3.89000010490417,3.75,3.88000011444092,8535400,3.64673542976379
3.85999989509583,3.91000008583069,3.69000005722046,3.70000004768372,6792500,3.47755694389343
3.74000000953674,3.74000000953674,3.5,3.51999998092651,11633500,3.30837845802307
3.51999998092651,3.57999992370605,3.45000004768372,3.55999994277954,12173900,3.34597373008728
3.57999992370605,3.60999989509583,3.47000002861023,3.51999998092651,12044300,3.30837845802307
3.61999988555908,3.86999988555908,3.61999988555908,3.86999988555908,24677600,3.63733649253845
3.90000009536743,3.96000003814697,3.71000003814697,3.71000003814697,9487800,3.4869556427002
3.67000007629395,3.92000007629395,3.64000010490417,3.88000011444092,14444200,3.64673542976379
3.9300000667572,4.07000017166138,3.84999990463257,3.89000010490417,11369000,3.65613436698914
3.92000007629395,4.03999996185303,3.84999990463257,3.84999990463257,12169400,3.61853885650635
3.85999989509583,3.98000001907349,3.57999992370605,3.80999994277954,26575700,3.58094382286072
3.8199999332428,3.95000004768372,3.73000001907349,3.94000005722046,11054700,3.70312809944153
3.97000002861023,4.15000009536743,3.9300000667572,4.07999992370605,15540000,3.83471131324768
4.11999988555908,4.32000017166138,4.07999992370605,4.30000019073486,12791200,4.04148530960083
4.30000019073486,4.3899998664856,4.23000001907349,4.26000022888184,10231700,4.00389003753662
4.26000022888184,4.38000011444092,4.19999980926514,4.34999990463257,8048600,4.08847904205322
4.34999990463257,4.34999990463257,4.1100001335144,4.15000009536743,9572000,3.90050315856934
4.17999982833862,4.36999988555908,4.17000007629395,4.17000007629395,8667200,3.91930079460144
4.17000007629395,4.19000005722046,4.07000017166138,4.09999990463257,5937400,3.85350894927979
4.13000011444092,4.13000011444092,3.9300000667572,4,9250600,3.75952100753784
4.03999996185303,4.07999992370605,3.95000004768372,4.01999998092651,12350100,3.77831840515137
4.01999998092651,4.07000017166138,3.91000008583069,4.03000020980835,10197000,3.78771758079529
4.05000019073486,4.09000015258789,3.97000002861023,4.01000022888184,10952600,3.76892018318176
4.03999996185303,4.1399998664856,3.98000001907349,4.13000011444092,8521300,3.88170552253723
4.15000009536743,4.34000015258789,4.09000015258789,4.32000017166138,9414600,4.06028318405151
4.32000017166138,4.32000017166138,4.21000003814697,4.21999979019165,6284000,3.96629452705383
4.19999980926514,4.30999994277954,4.03000020980835,4.13000011444092,29846000,3.88170552253723
4.17000007629395,4.19999980926514,4,4.01000022888184,9142600,3.76892018318176
4.01000022888184,4.23999977111816,4.01000022888184,4.17000007629395,12854800,3.91930079460144
4.15000009536743,4.32000017166138,4.11999988555908,4.28000020980835,16413100,4.02268743515015
4.26999998092651,4.26999998092651,4.11999988555908,4.11999988555908,5999200,3.87230658531189
4.13000011444092,4.21999979019165,4.13000011444092,4.19000005722046,4702800,3.93809819221497
4.21000003814697,4.44000005722046,4.11999988555908,4.42000007629395,13530900,4.1542706489563
4.48000001907349,4.73000001907349,4.19000005722046,4.19999980926514,21645100,3.94749689102173
4.23999977111816,4.25,3.90000009536743,3.9300000667572,27631000,3.69372940063477
3.99000000953674,4.01000022888184,3.80999994277954,3.85999989509583,19765500,3.62793755531311
3.89000010490417,3.92000007629395,3.75,3.75999999046326,23051400,3.53394985198975
3.77999997138977,4.07000017166138,3.72000002861023,3.9300000667572,29840700,3.69372940063477
3.97000002861023,4.03999996185303,3.92000007629395,3.97000002861023,10355200,3.73132467269897
4,4.07999992370605,3.92000007629395,4.03999996185303,8737700,3.79711627960205
4.05999994277954,4.15999984741211,4.05999994277954,4.15999984741211,9817500,3.90990161895752
4.15999984741211,4.17000007629395,4.05000019073486,4.07999992370605,9094100,3.83471131324768
4.05999994277954,4.1399998664856,3.95000004768372,3.95000004768372,12054700,3.71252703666687
3.94000005722046,3.94000005722046,3.71000003814697,3.75999999046326,16176400,3.53394985198975
3.75,3.80999994277954,3.70000004768372,3.71000003814697,12606600,3.4869556427002
3.70000004768372,3.71000003814697,3.58999991416931,3.66000008583069,10867900,3.43996167182922
3.67000007629395,3.8199999332428,3.65000009536743,3.73000001907349,8829300,3.50575351715088
3.70000004768372,3.92000007629395,3.67000007629395,3.85999989509583,10396000,3.62793755531311
3.82999992370605,3.89000010490417,3.79999995231628,3.84999990463257,4890500,3.61853885650635
3.74000000953674,3.8199999332428,3.64000010490417,3.74000000953674,20170400,3.51515197753906
3.74000000953674,3.79999995231628,3.59999990463257,3.61999988555908,13878700,3.40236639976501
3.60999989509583,3.8199999332428,3.60999989509583,3.63000011444092,17045900,3.41176533699036
3.64000010490417,3.67000007629395,3.59999990463257,3.64000010490417,5823600,3.4211642742157
3.63000011444092,3.64000010490417,3.5,3.51999998092651,17538500,3.30837845802307
3.50999999046326,3.55999994277954,3.48000001907349,3.50999999046326,15658500,3.29897975921631
3.54999995231628,3.63000011444092,3.48000001907349,3.5699999332428,17752300,3.35537242889404
3.59999990463257,3.60999989509583,3.49000000953674,3.54999995231628,13320200,3.33657479286194
3.55999994277954,3.58999991416931,3.41000008583069,3.46000003814697,14772000,3.25198554992676
3.5,3.63000011444092,3.47000002861023,3.51999998092651,12312800,3.30837845802307
3.5699999332428,3.58999991416931,3.40000009536743,3.4300000667572,16015400,3.22378921508789
3.46000003814697,3.52999997138977,3.40000009536743,3.4300000667572,13316000,3.22378921508789
3.46000003814697,3.47000002861023,3.34999990463257,3.40000009536743,14441600,3.19559288024902
3.40000009536743,3.47000002861023,3.35999989509583,3.38000011444092,9381100,3.17679524421692
3.35999989509583,3.36999988555908,3.1800000667572,3.21000003814697,30607500,3.0170156955719
3.25,3.4300000667572,3.24000000953674,3.27999997138977,22224800,3.08280730247498
3.28999996185303,3.3199999332428,3.15000009536743,3.24000000953674,12340500,3.04521203041077
3.25,3.26999998092651,3.11999988555908,3.14000010490417,12210500,2.95122408866882
3.14000010490417,3.15000009536743,3.02999997138977,3.08999991416931,19364200,2.90423011779785
3.07999992370605,3.20000004768372,3.07999992370605,3.16000008583069,10912100,2.97002172470093
3.11999988555908,3.51999998092651,3.09999990463257,3.46000003814697,28745300,3.25198554992676
3.41000008583069,3.66000008583069,3.38000011444092,3.5699999332428,22931100,3.35537242889404
3.54999995231628,3.57999992370605,3.39000010490417,3.52999997138977,15890800,3.31777739524841
3.49000000953674,3.59999990463257,3.45000004768372,3.54999995231628,6569100,3.33657479286194
3.5699999332428,3.69000005722046,3.45000004768372,3.54999995231628,13015300,3.33657479286194
3.54999995231628,3.59999990463257,3.46000003814697,3.54999995231628,13368200,3.33657479286194
3.52999997138977,3.53999996185303,3.48000001907349,3.49000000953674,24633600,3.2801821231842
3.61999988555908,3.91000008583069,3.55999994277954,3.76999998092651,33097800,3.54334855079651
3.78999996185303,3.79999995231628,3.64000010490417,3.76999998092651,10921100,3.54334855079651
3.80999994277954,3.90000009536743,3.69000005722046,3.83999991416931,9370700,3.60914015769958
3.83999991416931,3.90000009536743,3.76999998092651,3.80999994277954,8539800,3.58094382286072
3.80999994277954,3.91000008583069,3.73000001907349,3.85999989509583,6208200,3.62793755531311
3.90000009536743,4.15999984741211,3.88000011444092,4.1399998664856,14739000,3.89110422134399
4.09999990463257,4.1399998664856,4,4.07999992370605,10386500,3.83471131324768
4.03999996185303,4.25,3.97000002861023,4.17000007629395,12749100,3.91930079460144
4.17000007629395,4.28000020980835,4.1100001335144,4.19000005722046,14528900,3.93809819221497
4.21000003814697,4.21999979019165,3.91000008583069,3.95000004768372,15884800,3.71252703666687
3.98000001907349,4.09999990463257,3.89000010490417,3.94000005722046,12300200,3.70312809944153
3.98000001907349,4,3.85999989509583,3.95000004768372,8788400,3.71252703666687
3.96000003814697,4.03999996185303,3.92000007629395,3.99000000953674,6568400,3.7501220703125
3.80999994277954,4.23999977111816,3.73000001907349,4.17999982833862,45346100,3.9286994934082
4.17000007629395,4.30000019073486,4.07000017166138,4.15999984741211,18471100,3.90990161895752
4.15999984741211,4.51999998092651,4.1100001335144,4.44999980926514,29341900,4.18246650695801
4.44000005722046,4.69999980926514,4.3600001335144,4.46000003814697,20200300,4.19186592102051
4.44000005722046,4.51000022888184,4.30999994277954,4.5,14478800,4.22946119308472
4.5,4.73000001907349,4.30999994277954,4.32000017166138,26498900,4.06028318405151
4.36999988555908,4.5,4.32999992370605,4.3899998664856,9339700,4.12607431411743
4.40000009536743,4.67999982833862,4.32999992370605,4.61999988555908,12265000,4.34224653244019
4.63000011444092,5.05999994277954,4.51999998092651,4.98999977111816,38578400,4.69000244140625
5.01999998092651,5.03000020980835,4.78000020980835,4.8600001335144,15680000,4.56781816482544
4.82000017166138,4.96999979019165,4.73000001907349,4.94000005722046,11197300,4.64300870895386
4.90000009536743,5.01999998092651,4.84999990463257,4.84999990463257,8926300,4.55841875076294
4.82999992370605,4.90000009536743,4.69000005722046,4.69999980926514,10881700,4.4174370765686
4.69999980926514,4.73999977111816,4.46999979019165,4.46999979019165,14276800,4.20126438140869
4.46000003814697,4.5,4.25,4.34999990463257,17416100,4.08847904205322
4.38000011444092,4.40000009536743,4.09999990463257,4.13000011444092,9395200,3.88170552253723
4.09999990463257,4.17999982833862,3.99000000953674,4.07999992370605,12932400,3.83471131324768
4.09999990463257,4.30000019073486,4.03000020980835,4.1100001335144,17841800,3.86290788650513
4.15000009536743,4.26999998092651,3.99000000953674,4.05999994277954,13744900,3.81591367721558
4.05999994277954,4.13000011444092,3.94000005722046,3.95000004768372,9149600,3.71252703666687
3.95000004768372,4.03999996185303,3.82999992370605,3.98000001907349,17419700,3.74072337150574
4.01000022888184,4.11999988555908,4.01000022888184,4.03999996185303,8214700,3.79711627960205
4,4,3.76999998092651,3.78999996185303,19228400,3.56214618682861
3.78999996185303,3.83999991416931,3.73000001907349,3.75999999046326,7850600,3.53394985198975
3.74000000953674,3.82999992370605,3.58999991416931,3.66000008583069,15072500,3.43996167182922
3.61999988555908,3.66000008583069,3.52999997138977,3.58999991416931,14693900,3.37417006492615
3.51999998092651,3.70000004768372,3.41000008583069,3.60999989509583,15063700,3.39296770095825
3.66000008583069,3.66000008583069,3.49000000953674,3.53999996185303,13113100,3.3271758556366
3.51999998092651,3.5699999332428,3.48000001907349,3.5,9520300,3.28958082199097
5.1399998664856,5.23999977111816,4.63000011444092,4.80000019073486,104736100,4.51142549514771
4.82999992370605,5.46999979019165,4.65000009536743,5.34000015258789,55862300,5.01896095275879
5.42000007629395,5.55000019073486,5.15000009536743,5.15000009536743,54267100,4.84038352966309
5.15999984741211,5.19999980926514,4.65999984741211,4.65999984741211,36198600,4.37984180450439
4.6399998664856,4.92000007629395,4.51000022888184,4.80000019073486,21647000,4.51142549514771
4.80000019073486,4.80000019073486,4.80000019073486,4.80000019073486,0,4.51142549514771
5.01000022888184,5.07000017166138,4.80999994277954,4.82999992370605,10384600,4.53962182998657
4.76000022888184,4.90000009536743,4.69000005722046,4.71000003814697,12032900,4.42683601379395
4.82999992370605,4.8600001335144,4.73000001907349,4.8600001335144,9101500,4.57051181793213
4.94000005722046,5.05000019073486,4.84000015258789,4.86999988555908,10754500,4.57991600036621
4.86999988555908,5.07000017166138,4.80000019073486,5.07000017166138,10550700,4.76800298690796
5.09999990463257,5.30000019073486,5.07999992370605,5.15000009536743,13606800,4.84323787689209
5.05000019073486,5.09999990463257,4.80999994277954,4.84000015258789,13725800,4.55170297622681
4.75,4.84000015258789,4.69999980926514,4.76999998092651,7925100,4.48587274551392
4.65999984741211,4.76999998092651,4.5,4.51999998092651,13915000,4.25076389312744
4.53999996185303,4.63000011444092,4.48000001907349,4.5,6573400,4.23195552825928
4.48999977111816,4.55000019073486,4.36999988555908,4.40000009536743,8781100,4.13791179656982
4.36999988555908,4.59000015258789,4.3600001335144,4.42999982833862,8529500,4.16612482070923
4.48999977111816,4.55000019073486,4.40000009536743,4.40000009536743,6308900,4.13791179656982
4.40999984741211,4.53000020980835,4.34999990463257,4.44999980926514,8363900,4.18493318557739
4.44999980926514,4.51000022888184,4.34999990463257,4.46999979019165,6755600,4.20374202728271
4.40999984741211,4.53999996185303,4.32000017166138,4.34000015258789,8048800,4.08148574829102
4.30000019073486,4.32000017166138,4.01000022888184,4.07000017166138,12214600,3.82756853103638
4.07999992370605,4.11999988555908,3.9300000667572,3.96000003814697,7639100,3.72412061691284
3.95000004768372,3.98000001907349,3.80999994277954,3.82999992370605,6464400,3.60186409950256
3.79999995231628,3.84999990463257,3.75,3.79999995231628,7200100,3.57365107536316
3.84999990463257,3.92000007629395,3.76999998092651,3.79999995231628,10797000,3.57365107536316
3.76999998092651,3.82999992370605,3.66000008583069,3.69000005722046,6975400,3.4702033996582
3.69000005722046,3.8199999332428,3.60999989509583,3.75,9352000,3.52662944793701
3.75999999046326,3.80999994277954,3.63000011444092,3.74000000953674,8260900,3.51722502708435
3.73000001907349,3.76999998092651,3.58999991416931,3.70000004768372,10013500,3.47960782051086
3.70000004768372,3.75,3.5,3.53999996185303,12910800,3.3291380405426
3.54999995231628,3.75,3.53999996185303,3.67000007629395,8159700,3.45139479637146
3.59999990463257,3.6800000667572,3.53999996185303,3.54999995231628,6145900,3.33854246139526
3.55999994277954,3.57999992370605,3.48000001907349,3.53999996185303,6064000,3.3291380405426
3.53999996185303,3.66000008583069,3.52999997138977,3.59999990463257,6344100,3.38556408882141
3.69000005722046,3.71000003814697,3.42000007629395,3.5,11017100,3.29152083396912
3.50999999046326,3.54999995231628,3.35999989509583,3.38000011444092,6507200,3.1786687374115
3.38000011444092,3.5699999332428,3.32999992370605,3.5,13302400,3.29152083396912
3.47000002861023,3.48000001907349,3.39000010490417,3.41000008583069,5623100,3.2068817615509
3.41000008583069,3.4300000667572,3.27999997138977,3.3199999332428,6484500,3.12224245071411
3.32999992370605,3.45000004768372,3.26999998092651,3.39000010490417,7812200,3.18807315826416
3.46000003814697,3.53999996185303,3.36999988555908,3.4300000667572,9482000,3.22569036483765
3.44000005722046,3.5,3.39000010490417,3.45000004768372,8129600,3.24449920654297
3.44000005722046,3.51999998092651,3.4300000667572,3.47000002861023,5179800,3.26330780982971
3.47000002861023,3.50999999046326,3.32999992370605,3.4300000667572,7332800,3.22569036483765
3.42000007629395,3.4300000667572,3.25,3.28999996185303,8454400,3.09402942657471
3.29999995231628,3.61999988555908,3.27999997138977,3.60999989509583,18771300,3.39496850967407
3.57999992370605,3.70000004768372,3.47000002861023,3.63000011444092,11352200,3.41377735137939
3.61999988555908,3.88000011444092,3.57999992370605,3.70000004768372,8327700,3.47960782051086
3.71000003814697,3.75,3.59999990463257,3.6800000667572,5784700,3.46079897880554
3.71000003814697,3.8199999332428,3.67000007629395,3.75999999046326,6736000,3.53603386878967
3.78999996185303,3.84999990463257,3.71000003814697,3.79999995231628,4745200,3.57365107536316
3.80999994277954,3.85999989509583,3.71000003814697,3.75,8507800,3.52662944793701
3.75,3.75999999046326,3.65000009536743,3.74000000953674,6731000,3.51722502708435
3.72000002861023,3.96000003814697,3.71000003814697,3.9300000667572,6107900,3.69590759277344
3.9300000667572,4.03999996185303,3.86999988555908,3.97000002861023,9505600,3.7335250377655
4.01999998092651,4.11999988555908,4.01000022888184,4.03000020980835,4938500,3.78995132446289
4.01000022888184,4.15000009536743,4,4.09999990463257,4708100,3.8557813167572
4.1100001335144,4.25,4.05999994277954,4.23999977111816,7501400,3.98744201660156
4.23000001907349,4.28000020980835,4.07000017166138,4.07000017166138,5904200,3.82756853103638
4.05000019073486,4.15000009536743,4.03000020980835,4.07999992370605,5825500,3.83697271347046
4.07000017166138,4.09999990463257,3.90000009536743,3.92000007629395,6985200,3.68650341033936
3.92000007629395,3.97000002861023,3.8199999332428,3.92000007629395,6541000,3.68650341033936
3.92000007629395,3.97000002861023,3.82999992370605,3.89000010490417,5730700,3.65829038619995
3.88000011444092,3.89000010490417,3.75,3.75,6740700,3.52662944793701
3.75,3.75,3.53999996185303,3.53999996185303,11047600,3.3291380405426
3.5,3.64000010490417,3.5,3.5699999332428,4668700,3.35735106468201
3.65000009536743,3.8199999332428,3.60999989509583,3.71000003814697,11461500,3.48901200294495
3.72000002861023,3.77999997138977,3.54999995231628,3.54999995231628,4123900,3.33854246139526
3.53999996185303,3.63000011444092,3.4300000667572,3.46000003814697,7584500,3.25390338897705
3.48000001907349,3.53999996185303,3.44000005722046,3.5,7166700,3.29152083396912
3.51999998092651,3.5699999332428,3.35999989509583,3.42000007629395,9995000,3.21628618240356
3.44000005722046,3.63000011444092,3.4300000667572,3.63000011444092,8213100,3.41377735137939
3.4300000667572,3.74000000953674,3.4300000667572,3.73000001907349,8884000,3.50782084465027
3.73000001907349,3.77999997138977,3.53999996185303,3.53999996185303,6188400,3.3291380405426
3.59999990463257,3.71000003814697,3.5699999332428,3.71000003814697,6367400,3.48901200294495
3.72000002861023,3.97000002861023,3.6800000667572,3.97000002861023,9388000,3.7335250377655
3.97000002861023,4.07999992370605,3.84999990463257,4.03000020980835,7619100,3.78995132446289
4.09000015258789,4.19000005722046,3.95000004768372,3.96000003814697,10347500,3.72412061691284
3.98000001907349,4.01999998092651,3.78999996185303,3.78999996185303,10367900,3.56424689292908
3.79999995231628,3.85999989509583,3.74000000953674,3.8199999332428,9159200,3.5924596786499
3.61999988555908,3.64000010490417,3.4300000667572,3.45000004768372,43093200,3.24449920654297
3.96000003814697,4.46999979019165,3.75,3.76999998092651,80663200,3.54543805122375
3.8199999332428,4.67000007629395,3.63000011444092,4.67000007629395,55785700,4.39182949066162
4.84999990463257,4.94999980926514,4.53000020980835,4.80999994277954,41362400,4.5234899520874
4.78000020980835,5.28000020980835,4.71999979019165,5.15000009536743,37073100,4.84323787689209
5.05999994277954,5.23999977111816,5.01000022888184,5.07000017166138,24888800,4.76800298690796
5.09999990463257,5.32999992370605,5.07000017166138,5.25,31209200,4.93728113174438
5.30000019073486,5.34999990463257,5.15999984741211,5.26000022888184,21505700,4.94668579101562
5.26000022888184,5.3899998664856,5.19999980926514,5.28000020980835,15696800,4.96549463272095
5.23999977111816,5.30000019073486,5.15999984741211,5.30000019073486,18743200,4.98430299758911
5.30000019073486,5.30000019073486,5.09000015258789,5.15999984741211,14005800,4.85264205932617
5.17000007629395,5.23000001907349,4.8600001335144,4.8600001335144,41235700,4.57051181793213
4.80999994277954,5.01999998092651,4.80999994277954,4.92000007629395,10815800,4.62693786621094
4.94999980926514,5.07999992370605,4.76999998092651,4.84999990463257,12819700,4.56110715866089
5.01999998092651,5.17000007629395,4.94999980926514,4.96999979019165,17206100,4.67395925521851
5,5.09000015258789,4.92999982833862,4.92999982833862,9462100,4.63634204864502
4.96000003814697,4.96000003814697,4.80999994277954,4.84999990463257,10887000,4.56110715866089
4.86999988555908,4.94000005722046,4.84999990463257,4.84999990463257,6177600,4.56110715866089
4.82999992370605,4.86999988555908,4.61999988555908,4.67000007629395,11454500,4.39182949066162
4.71999979019165,4.88000011444092,4.57999992370605,4.71999979019165,17504700,4.43885087966919
4.71000003814697,4.78000020980835,4.65999984741211,4.67000007629395,7884600,4.39182949066162
4.69999980926514,4.86999988555908,4.69999980926514,4.75,6047800,4.46706390380859
4.75,4.75,4.55000019073486,4.55000019073486,11426200,4.278977394104
4.53000020980835,4.75,4.5,4.71999979019165,15868600,4.43885087966919
4.67999982833862,4.92000007629395,4.6100001335144,4.67000007629395,9855100,4.39182949066162
4.76999998092651,4.76999998092651,4.59999990463257,4.6399998664856,10395300,4.36361598968506
4.65000009536743,4.78000020980835,4.55999994277954,4.59999990463257,9776700,4.32599878311157
4.57000017166138,4.69999980926514,4.51000022888184,4.65000009536743,6502400,4.3730206489563
4.71000003814697,4.76999998092651,4.65000009536743,4.71000003814697,9730400,4.42944669723511
4.71999979019165,4.84000015258789,4.67999982833862,4.76999998092651,7627000,4.48587274551392
4.82000017166138,4.90000009536743,4.69000005722046,4.71000003814697,8823700,4.42944669723511
4.69000005722046,4.90999984741211,4.67999982833862,4.90999984741211,7244400,4.6175332069397
4.90000009536743,5.01999998092651,4.71000003814697,4.71999979019165,6288700,4.43885087966919
4.76000022888184,4.8899998664856,4.73999977111816,4.88000011444092,9459400,4.58932065963745
4.94000005722046,5.03000020980835,4.86999988555908,4.86999988555908,9760900,4.57991600036621
4.84999990463257,4.90000009536743,4.76999998092651,4.80000019073486,6021300,4.51408576965332
4.78999996185303,4.94000005722046,4.76000022888184,4.94000005722046,3428500,4.64574670791626
4.94999980926514,5.01000022888184,4.80999994277954,4.80999994277954,5168000,4.5234899520874
4.78000020980835,4.84999990463257,4.78000020980835,4.82000017166138,3383800,4.53289461135864
4.80999994277954,4.84000015258789,4.71999979019165,4.71999979019165,5965300,4.43885087966919
4.75,4.80000019073486,4.69999980926514,4.75,3224300,4.46706390380859
4.75,4.94999980926514,4.73999977111816,4.88000011444092,5983400,4.58932065963745
4.90000009536743,5.17999982833862,4.8600001335144,4.98000001907349,11090700,4.68336391448975
5.03999996185303,5.09999990463257,4.94000005722046,5.01999998092651,5692400,4.72098112106323
5.03000020980835,5.05999994277954,4.94999980926514,4.94999980926514,5479400,4.65515089035034
4.92000007629395,4.98000001907349,4.84999990463257,4.98000001907349,3685400,4.68336391448975
4.98999977111816,5.01000022888184,4.8899998664856,4.94000005722046,4377300,4.64574670791626
4.96000003814697,4.98999977111816,4.8899998664856,4.8899998664856,4735000,4.59872484207153
4.8600001335144,4.90999984741211,4.73999977111816,4.73999977111816,6228200,4.45765924453735
4.71999979019165,4.75,4.65999984741211,4.69000005722046,3508900,4.41063785552979
4.73000001907349,4.78999996185303,4.69000005722046,4.78000020980835,3673500,4.49527740478516
4.78999996185303,4.90000009536743,4.78999996185303,4.8600001335144,4477400,4.57051181793213
4.88000011444092,4.98999977111816,4.88000011444092,4.96999979019165,4657500,4.67395925521851
5,5.03999996185303,4.90000009536743,4.92999982833862,3571400,4.63634204864502
