"Date","RAIZ4.SA.Open","RAIZ4.SA.High","RAIZ4.SA.Low","RAIZ4.SA.Close","RAIZ4.SA.Volume","RAIZ4.SA.Adjusted"
2021-08-05,7.48000001907349,7.59999990463257,7.17999982833862,7.23999977111816,98849900,6.36280870437622
2021-08-06,7.25,7.34999990463257,7.03000020980835,7.09999990463257,28799900,6.23977088928223
2021-08-09,7.17999982833862,7.30999994277954,7.07000017166138,7.07000017166138,14491100,6.21340608596802
2021-08-10,7.11999988555908,7.15999984741211,7.05000019073486,7.09999990463257,9988600,6.23977088928223
2021-08-11,7.13000011444092,7.1399998664856,6.80000019073486,6.86999988555908,31978000,6.03763723373413
2021-08-12,6.96999979019165,6.98000001907349,6.75,6.96000003814697,17054100,6.11673259735107
2021-08-13,6.98000001907349,7.03999996185303,6.8600001335144,7.01000022888184,21141500,6.16067600250244
2021-08-16,6.96999979019165,7.11999988555908,6.78000020980835,7.01999998092651,13434600,6.16946411132812
2021-08-17,6.92999982833862,6.98999977111816,6.76000022888184,6.82000017166138,17772000,5.99369525909424
2021-08-18,6.82999992370605,7,6.71999979019165,6.80999994277954,8841700,5.98490715026855
2021-08-19,6.69999980926514,6.92999982833862,6.42000007629395,6.92999982833862,5423700,6.09036779403687
2021-08-20,6.8899998664856,7.05000019073486,6.82999992370605,6.98000001907349,3109200,6.13431072235107
2021-08-23,7.03999996185303,7.19999980926514,7.01000022888184,7.17000007629395,6128800,6.30128955841064
2021-08-24,7.23999977111816,7.40000009536743,7.17999982833862,7.25,6054100,6.37159776687622
2021-08-25,7.32000017166138,7.38000011444092,7.26000022888184,7.34000015258789,5190100,6.45069313049316
2021-08-26,7.34000015258789,7.38000011444092,7.09999990463257,7.09999990463257,7968100,6.23977088928223
2021-08-27,7.15000009536743,7.23999977111816,7.11999988555908,7.19000005722046,5881000,6.31886672973633
2021-08-30,7.25,7.28000020980835,7.09000015258789,7.1100001335144,4966000,6.24855995178223
2021-08-31,7.15000009536743,7.15000009536743,7.01000022888184,7.09999990463257,3704100,6.23977088928223
2021-09-01,7.09999990463257,7.15000009536743,7.03000020980835,7.07000017166138,6468600,6.21340608596802
2021-09-02,7.07000017166138,7.09000015258789,6.76999998092651,6.80000019073486,3746900,5.97611856460571
2021-09-03,6.84000015258789,7,6.73000001907349,7,3705400,6.1518874168396
2021-09-06,6.94000005722046,7.01999998092651,6.88000011444092,6.92999982833862,1654400,6.09036779403687
2021-09-08,6.92999982833862,6.92999982833862,6.42000007629395,6.53000020980835,10251100,5.73883199691772
2021-09-09,6.53000020980835,6.61999988555908,6.34999990463257,6.40999984741211,5428200,5.6333703994751
2021-09-10,6.53999996185303,6.69000005722046,6.36999988555908,6.5,5905500,5.71246671676636
2021-09-13,6.75,7,6.71999979019165,6.94999980926514,8999600,6.10794496536255
2021-09-14,7.05999994277954,7.38000011444092,7.05999994277954,7.19000005722046,9730300,6.31886672973633
2021-09-15,7.23999977111816,7.38000011444092,7.1399998664856,7.23999977111816,7265900,6.36280870437622
2021-09-16,7.19999980926514,7.28999996185303,7,7.11999988555908,6142600,6.25734806060791
2021-09-17,7.09999990463257,7.23999977111816,6.78000020980835,7.23999977111816,16008100,6.36280870437622
2021-09-20,6.98999977111816,7.17000007629395,6.88000011444092,7.1100001335144,9065700,6.24855995178223
2021-09-21,7.19999980926514,7.40000009536743,7.1100001335144,7.28000020980835,11102500,6.39796257019043
2021-09-22,7.32999992370605,7.44000005722046,7.26000022888184,7.30999994277954,10254600,6.42432737350464
2021-09-23,7.38000011444092,7.42000007629395,7.19000005722046,7.23000001907349,6341600,6.35402011871338
2021-09-24,7.19000005722046,7.23000001907349,6.98999977111816,7,5138200,6.1518874168396
2021-09-27,7,7.19000005722046,6.92000007629395,7.15000009536743,6343700,6.28371381759644
2021-09-28,7.09999990463257,7.11999988555908,6.94000005722046,6.94000005722046,6782400,6.09915637969971
2021-09-29,7.05000019073486,7.09000015258789,6.84999990463257,6.84999990463257,6482600,6.02006053924561
2021-09-30,6.90000009536743,7.19999980926514,6.86999988555908,7.09999990463257,15990100,6.23977088928223
2021-10-01,7.17999982833862,7.44999980926514,7.17999982833862,7.36999988555908,15528000,6.47705841064453
2021-10-04,7.40000009536743,7.42999982833862,7.01999998092651,7.01999998092651,12019000,6.16946411132812
2021-10-05,7.1399998664856,7.21999979019165,7.07999992370605,7.13000011444092,12888200,6.26613616943359
2021-10-06,7.07000017166138,7.09999990463257,6.88000011444092,6.98999977111816,10376100,6.15712118148804
2021-10-07,7.1100001335144,7.32999992370605,7.03000020980835,7.13000011444092,18438800,6.28044033050537
2021-10-08,7.19999980926514,7.53000020980835,7.11999988555908,7.1399998664856,20480700,6.28924894332886
2021-10-11,7.19999980926514,7.25,7.03000020980835,7.03000020980835,10407400,6.19235610961914
2021-10-13,7.07000017166138,7.11999988555908,7.03000020980835,7.05000019073486,8146000,6.20997285842896
2021-10-14,7.07000017166138,7.21999979019165,7.05999994277954,7.15000009536743,10992200,6.2980580329895
2021-10-15,7.17000007629395,7.19000005722046,7.03999996185303,7.09999990463257,34203500,6.25401544570923
2021-10-18,7.07999992370605,7.09000015258789,6.96000003814697,6.98000001907349,7596500,6.14831399917603
2021-10-19,6.98000001907349,7,6.67000007629395,6.69000005722046,11473400,5.89286756515503
2021-10-20,6.80000019073486,6.84000015258789,6.6100001335144,6.67999982833862,6234400,5.88405895233154
2021-10-21,6.55999994277954,6.6100001335144,6.19000005722046,6.42999982833862,12472300,5.66384696960449
2021-10-22,6.34000015258789,6.40000009536743,5.88000011444092,6.36999988555908,18890200,5.61099624633789
2021-10-25,6.42999982833862,6.65000009536743,6.28000020980835,6.63000011444092,11428100,5.84001779556274
2021-10-26,6.59999990463257,6.6399998664856,6.42999982833862,6.57999992370605,8470300,5.79597425460815
2021-10-27,6.59999990463257,6.75,6.55000019073486,6.63000011444092,7675900,5.84001779556274
2021-10-28,6.51000022888184,6.82000017166138,6.48000001907349,6.78000020980835,8299700,5.97214460372925
2021-10-29,6.73999977111816,6.80999994277954,6.6100001335144,6.78000020980835,3926300,5.97214460372925
2021-11-01,6.75,6.8600001335144,6.73000001907349,6.78999996185303,5059700,5.98095178604126
2021-11-03,6.76999998092651,7,6.69999980926514,6.90000009536743,5711600,6.07784557342529
2021-11-04,6.90000009536743,6.96999979019165,6.6100001335144,6.75,8687600,5.94571828842163
2021-11-05,6.78999996185303,6.84999990463257,6.71999979019165,6.75,3123600,5.94571828842163
2021-11-08,6.80000019073486,6.82999992370605,6.71999979019165,6.76999998092651,3898000,5.9633355140686
2021-11-09,6.78000020980835,6.98000001907349,6.73000001907349,6.73000001907349,5176300,5.92810106277466
2021-11-10,6.73999977111816,6.80000019073486,6.5,6.5,10074000,5.72550678253174
2021-11-11,6.59999990463257,6.82999992370605,6.57000017166138,6.80000019073486,8604300,5.9897608757019
2021-11-12,6.88000011444092,6.88000011444092,6.26000022888184,6.51999998092651,20568500,5.74312353134155
2021-11-16,6.55000019073486,6.57999992370605,5.90999984741211,6.01999998092651,27445700,5.30269956588745
2021-11-17,6.07000017166138,6.17999982833862,5.65999984741211,5.84999990463257,24600900,5.15295600891113
2021-11-18,5.90000009536743,6.03999996185303,5.73999977111816,5.84000015258789,17735600,5.1441478729248
2021-11-19,5.84000015258789,5.98000001907349,5.76000022888184,5.92999982833862,11364600,5.22342348098755
2021-11-22,5.92000007629395,6.03000020980835,5.63000011444092,5.63000011444092,8516000,4.95916938781738
2021-11-23,5.65999984741211,5.76999998092651,5.40999984741211,5.67000007629395,9084200,4.99440383911133
2021-11-24,5.57000017166138,5.67999982833862,5.46000003814697,5.57000017166138,8397000,4.90631866455078
2021-11-25,5.59999990463257,6.07999992370605,5.42999982833862,6.07999992370605,20546100,5.35555124282837
2021-11-26,5.69999980926514,6.03999996185303,5.67999982833862,5.90999984741211,8564200,5.20580720901489
2021-11-29,5.98000001907349,6.09999990463257,5.78999996185303,5.78999996185303,7811800,5.10010480880737
2021-11-30,5.73999977111816,5.80000019073486,5.42000007629395,5.46000003814697,11282700,4.80942583084106
2021-12-01,5.53999996185303,5.82999992370605,5.48999977111816,5.48999977111816,12492100,4.83585119247437
2021-12-02,5.55000019073486,5.69000005722046,5.36999988555908,5.69000005722046,18379200,5.0120210647583
2021-12-03,5.67999982833862,6.03000020980835,5.63000011444092,6.01999998092651,10548200,5.30269956588745
2021-12-06,6.07999992370605,6.13000011444092,5.82999992370605,5.82999992370605,5884400,5.13533926010132
2021-12-07,5.92999982833862,5.94999980926514,5.55999994277954,5.92000007629395,9906100,5.21461534500122
2021-12-08,5.90999984741211,6.03999996185303,5.80000019073486,5.98000001907349,9204000,5.26746654510498
2021-12-09,5.8899998664856,6.15000009536743,5.8600001335144,5.92000007629395,9205900,5.21461534500122
2021-12-10,5.96000003814697,6.30000019073486,5.92999982833862,6.15999984741211,8741300,5.42601871490479
2021-12-13,6.15999984741211,6.3600001335144,6.1399998664856,6.21999979019165,8265100,5.47886943817139
2021-12-14,6.21999979019165,6.34000015258789,6.1399998664856,6.17000007629395,6640900,5.43482685089111
2021-12-15,6.19999980926514,6.25,6.03000020980835,6.19999980926514,4791400,5.46125268936157
2021-12-16,6.23999977111816,6.28000020980835,6.05000019073486,6.1100001335144,9238300,5.38197612762451
2021-12-17,6.01999998092651,6.05000019073486,5.92999982833862,5.92999982833862,50153800,5.22342348098755
2021-12-20,5.8600001335144,5.8600001335144,5.59999990463257,5.82000017166138,8433600,5.12653112411499
2021-12-21,5.84999990463257,5.90999984741211,5.67999982833862,5.75,5049800,5.06487131118774
2021-12-22,5.71999979019165,5.73999977111816,5.55999994277954,5.67000007629395,4649500,4.99440383911133
2021-12-23,5.65000009536743,5.73999977111816,5.61999988555908,5.71999979019165,3174500,5.03844547271729
2021-12-27,5.71000003814697,5.92000007629395,5.67000007629395,5.92000007629395,4493500,5.21461534500122
2021-12-28,5.90000009536743,6.05000019073486,5.86999988555908,6.05000019073486,4379800,5.32912540435791
2021-12-29,6.01999998092651,6.09000015258789,5.90000009536743,6.01000022888184,5394800,5.29389095306396
2021-12-30,6.01999998092651,6.46000003814697,5.94999980926514,6.44999980926514,23096200,5.68146419525146
2022-01-03,6.44000005722046,6.5,6.23000001907349,6.26999998092651,7451800,5.5229115486145
2022-01-04,6.26000022888184,6.34999990463257,6.15999984741211,6.32999992370605,10613100,5.5757622718811
2022-01-05,6.28000020980835,6.30000019073486,5.78999996185303,5.78999996185303,7203400,5.10010480880737
2022-01-06,5.80000019073486,5.84999990463257,5.48999977111816,5.55999994277954,8427100,4.91619968414307
2022-01-07,5.6100001335144,5.94999980926514,5.57000017166138,5.82000017166138,10961100,5.14609432220459
2022-01-10,5.69999980926514,5.78000020980835,5.53000020980835,5.69999980926514,11253600,5.03998899459839
2022-01-11,5.65999984741211,5.90000009536743,5.65999984741211,5.90000009536743,5425200,5.21683073043823
2022-01-12,5.92999982833862,6.21999979019165,5.8899998664856,6.13000011444092,9077500,5.42019939422607
2022-01-13,6.03999996185303,6.21000003814697,6.03999996185303,6.1100001335144,4388600,5.40251493453979
2022-01-14,6.1100001335144,6.19999980926514,6.01000022888184,6.19000005722046,4745900,5.47325038909912
2022-01-17,6.1399998664856,6.34000015258789,6.1399998664856,6.17999982833862,3137800,5.46440887451172
2022-01-18,6.17000007629395,6.23999977111816,6.05999994277954,6.17999982833862,3854900,5.46440887451172
2022-01-19,6.21000003814697,6.48000001907349,6.21000003814697,6.36999988555908,12660500,5.63240814208984
2022-01-20,6.36999988555908,6.57999992370605,6.34999990463257,6.44000005722046,9343500,5.69430351257324
2022-01-21,6.40000009536743,6.40999984741211,6.17999982833862,6.23000001907349,7609900,5.50861883163452
2022-01-24,6.15999984741211,6.19000005722046,6.03000020980835,6.15000009536743,8531700,5.4378833770752
2022-01-25,6.07999992370605,6.28000020980835,6.05000019073486,6.19999980926514,8097000,5.48209381103516
2022-01-26,6.30999994277954,6.40000009536743,6.19000005722046,6.21999979019165,11610000,5.49977684020996
2022-01-27,6.28999996185303,6.48000001907349,6.23000001907349,6.25,8501200,5.52630376815796
2022-01-28,6.21000003814697,6.46000003814697,6.21000003814697,6.38000011444092,15566700,5.64125061035156
2022-01-31,6.32000017166138,6.53000020980835,6.28000020980835,6.42000007629395,7514700,5.67661905288696
2022-02-01,6.5,6.53000020980835,6.23999977111816,6.40000009536743,8050400,5.65893459320068
2022-02-02,6.44999980926514,6.63000011444092,6.36999988555908,6.3899998664856,8808600,5.65009260177612
2022-02-03,6.40000009536743,6.53000020980835,6.32999992370605,6.46000003814697,8390300,5.71198701858521
2022-02-04,6.44999980926514,6.55999994277954,6.34999990463257,6.38000011444092,8483700,5.64125061035156
2022-02-07,6.42999982833862,6.51000022888184,6.26000022888184,6.26999998092651,7178800,5.54398775100708
2022-02-08,6.28999996185303,6.42000007629395,6.17999982833862,6.32999992370605,9770800,5.5970401763916
2022-02-09,6.32999992370605,6.46999979019165,6.30000019073486,6.34999990463257,8867400,5.61472511291504
2022-02-10,6.40000009536743,6.46999979019165,6.26999998092651,6.42999982833862,9667400,5.68546056747437
2022-02-11,6.46000003814697,6.51000022888184,6.30000019073486,6.34999990463257,8001300,5.61472511291504
2022-02-14,6.3600001335144,6.5,6.3600001335144,6.42000007629395,12680200,5.67661905288696
2022-02-15,6.55000019073486,6.55000019073486,6.21999979019165,6.42000007629395,17426200,5.67661905288696
2022-02-16,6.44000005722046,6.55000019073486,6.36999988555908,6.42999982833862,12029900,5.68546056747437
2022-02-17,6.46000003814697,6.46999979019165,6.21000003814697,6.28999996185303,16171600,5.56167221069336
2022-02-18,6.30999994277954,6.32999992370605,5.98000001907349,6.1100001335144,12852100,5.40251493453979
2022-02-21,6.1399998664856,6.15000009536743,5.71999979019165,5.76999998092651,8726900,5.10188341140747
2022-02-22,5.82999992370605,5.90000009536743,5.6100001335144,5.65000009536743,7346000,4.99577808380127
2022-02-23,5.69999980926514,5.75,5.59999990463257,5.65999984741211,10772600,5.00462007522583
2022-02-24,5.55000019073486,5.78999996185303,5.38000011444092,5.76999998092651,11357100,5.10188341140747
2022-02-25,5.76000022888184,5.82000017166138,5.61999988555908,5.71000003814697,6795000,5.04883146286011
2022-03-02,5.75,6.03000020980835,5.67000007629395,5.98999977111816,7030100,5.29640865325928
2022-03-03,6,6.25,6,6.15999984741211,18057800,5.44672441482544
2022-03-04,6.17999982833862,6.23999977111816,6.05999994277954,6.21000003814697,9336900,5.4909348487854
2022-03-07,6.19000005722046,6.30000019073486,6.09000015258789,6.17999982833862,12429900,5.46440887451172
2022-03-08,6.19999980926514,6.30000019073486,6.1100001335144,6.30000019073486,5566500,5.57051420211792
2022-03-09,6.30000019073486,6.42999982833862,6.26000022888184,6.42000007629395,9079900,5.67661905288696
2022-03-10,6.34000015258789,6.57000017166138,6.26000022888184,6.42000007629395,15215200,5.67661905288696
2022-03-11,6.42000007629395,6.73999977111816,6.23000001907349,6.30999994277954,16712700,5.57935619354248
2022-03-14,6.32000017166138,6.44999980926514,6.21999979019165,6.30000019073486,7706100,5.57051420211792
2022-03-15,6.21000003814697,6.40999984741211,6.19999980926514,6.36999988555908,5880900,5.63240814208984
2022-03-16,6.44000005722046,6.5,6.21999979019165,6.34000015258789,10739100,5.60588264465332
2022-03-17,6.32000017166138,6.67999982833862,6.23999977111816,6.6399998664856,10001800,5.87114524841309
2022-03-18,6.6399998664856,6.98999977111816,6.6399998664856,6.98999977111816,17710700,6.1806173324585
2022-03-21,6.96999979019165,7.15000009536743,6.78999996185303,6.88000011444092,14982100,6.08335447311401
2022-03-22,6.84999990463257,7.1100001335144,6.84999990463257,7.09999990463257,9703800,6.27788066864014
2022-03-23,7.05999994277954,7.1399998664856,6.98999977111816,7.1100001335144,8187500,6.2867226600647
2022-03-24,7.09999990463257,7.25,7.05000019073486,7.15000009536743,11578200,6.32209157943726
2022-03-25,7.15000009536743,7.34000015258789,7.03000020980835,7.26999998092651,15324200,6.42819690704346
2022-03-28,7.25,7.42999982833862,7.15999984741211,7.36999988555908,10802600,6.51661729812622
2022-03-29,7.30000019073486,7.48999977111816,7.19999980926514,7.34000015258789,18100700,6.49009084701538
2022-03-30,7.38000011444092,7.46000003814697,7.26999998092651,7.32999992370605,10697600,6.48124837875366
2022-03-31,7.32999992370605,7.3600001335144,6.96999979019165,7.03000020980835,12972000,6.21598672866821
2022-04-01,7.05000019073486,7.09999990463257,6.67999982833862,6.92000007629395,18919700,6.11872386932373
2022-04-04,6.94000005722046,7.03000020980835,6.82000017166138,7,13343800,6.18946027755737
2022-04-05,7.01999998092651,7.13000011444092,6.92999982833862,7.09999990463257,6962400,6.27788066864014
2022-04-06,7.01000022888184,7.17999982833862,6.8899998664856,7.13000011444092,10002000,6.32915353775024
2022-04-07,7.09999990463257,7.17999982833862,6.96999979019165,7.03000020980835,10216600,6.24038553237915
2022-04-08,7,7.09999990463257,6.8899998664856,6.94999980926514,10722400,6.16937112808228
2022-04-11,6.86999988555908,6.98000001907349,6.76000022888184,6.90000009536743,4955900,6.12498712539673
2022-04-12,6.94999980926514,7.1399998664856,6.90000009536743,6.98000001907349,15598900,6.1960015296936
2022-04-13,7.03000020980835,7.09999990463257,6.92999982833862,7.07999992370605,5828500,6.28477001190186
2022-04-14,7.07000017166138,7.13000011444092,6.98999977111816,7.09999990463257,4947000,6.30252313613892
2022-04-18,7.09000015258789,7.17999982833862,6.94999980926514,7.13000011444092,6987700,6.32915353775024
2022-04-19,7.1399998664856,7.19999980926514,6.94000005722046,6.94999980926514,12659600,6.16937112808228
2022-04-20,6.94999980926514,7.05000019073486,6.8600001335144,6.96999979019165,7897000,6.18712472915649
2022-04-22,6.8899998664856,6.94999980926514,6.71999979019165,6.88000011444092,9926800,6.10723400115967
2022-04-25,6.78999996185303,7.07999992370605,6.78000020980835,7.05000019073486,9340700,6.25813913345337
2022-04-26,7.01000022888184,7.1100001335144,6.86999988555908,7.01999998092651,9190800,6.23150873184204
2022-04-27,7.05999994277954,7.1399998664856,6.96999979019165,7.1100001335144,11357200,6.31139993667603
2022-04-28,7.1100001335144,7.19000005722046,6.98000001907349,7.19000005722046,9691200,6.3824143409729
2022-04-29,7.19999980926514,7.23999977111816,6.80999994277954,6.90000009536743,21979100,6.12498712539673
2022-05-02,6.90000009536743,6.94999980926514,6.44999980926514,6.59000015258789,12404500,5.8498067855835
2022-05-03,6.63000011444092,6.63000011444092,5.86999988555908,6.19999980926514,36500900,5.50361156463623
2022-05-04,6.19000005722046,6.19000005722046,5.84999990463257,6.05000019073486,18834300,5.37045955657959
2022-05-05,6.03999996185303,6.03999996185303,5.53000020980835,5.55000019073486,16863600,4.92662048339844
2022-05-06,5.57999992370605,5.69000005722046,5.46000003814697,5.55999994277954,14479200,4.93549728393555
2022-05-09,5.53999996185303,5.53999996185303,4.98000001907349,5.19000005722046,21341300,4.6070556640625
2022-05-10,5.23000001907349,5.28999996185303,5.13000011444092,5.19999980926514,9825600,4.61593246459961
2022-05-11,5.21000003814697,5.26999998092651,5.03999996185303,5.21000003814697,17331100,4.62480926513672
2022-05-12,5.15000009536743,5.40000009536743,5.1100001335144,5.38000011444092,13350100,4.77571439743042
2022-05-13,5.3899998664856,5.3899998664856,5.07000017166138,5.17000007629395,51332400,4.58930206298828
2022-05-16,5.17000007629395,5.48000001907349,5.09999990463257,5.48000001907349,29391700,4.86448240280151
2022-05-17,5.55999994277954,5.82000017166138,5.48000001907349,5.61999988555908,40878000,4.98875761032104
2022-05-18,5.59999990463257,5.73999977111816,5.5,5.55999994277954,17779600,4.93549728393555
2022-05-19,5.59999990463257,5.82000017166138,5.5,5.67000007629395,12233400,5.03314161300659
2022-05-20,5.71999979019165,5.75,5.42000007629395,5.53999996185303,10517400,4.91774320602417
2022-05-23,5.59000015258789,5.73000001907349,5.48000001907349,5.6399998664856,11444200,5.00651121139526
2022-05-24,5.59000015258789,5.84000015258789,5.57000017166138,5.78999996185303,9007600,5.13966274261475
2022-05-25,5.78000020980835,5.98000001907349,5.73999977111816,5.92000007629395,9738900,5.25506114959717
2022-05-26,5.92999982833862,6.34000015258789,5.92999982833862,6.17999982833862,14781100,5.48585796356201
2022-05-27,6.19999980926514,6.26999998092651,6.05000019073486,6.07000017166138,11400800,5.38821363449097
2022-05-30,6.13000011444092,6.36999988555908,5.96999979019165,6.28999996185303,7527500,5.58350324630737
2022-05-31,6.32000017166138,6.3899998664856,6.13000011444092,6.13000011444092,13931800,5.44147443771362
2022-06-01,6.17000007629395,6.23000001907349,6.07000017166138,6.19000005722046,9091200,5.49473476409912
2022-06-02,6.23000001907349,6.34999990463257,6.17999982833862,6.30000019073486,14163200,5.59237957000732
2022-06-03,6.26000022888184,6.28999996185303,6.11999988555908,6.19000005722046,9326300,5.49473476409912
2022-06-06,6.25,6.25,5.8899998664856,5.96000003814697,9845400,5.29056835174561
2022-06-07,5.92999982833862,5.94999980926514,5.59999990463257,5.6399998664856,18881300,5.00651121139526
2022-06-08,5.6100001335144,5.61999988555908,5.36999988555908,5.51999998092651,13996400,4.89999008178711
2022-06-09,5.48000001907349,5.6100001335144,5.40000009536743,5.40999984741211,8480000,4.80234527587891
2022-06-10,5.3600001335144,5.36999988555908,5.25,5.32000017166138,4786300,4.72245454788208
2022-06-13,5.19999980926514,5.25,5.05999994277954,5.13000011444092,7709600,4.55379438400269
2022-06-14,5.15000009536743,5.21000003814697,5,5.01000022888184,9819800,4.44727325439453
2022-06-15,5.09999990463257,5.21999979019165,5.03000020980835,5.11999988555908,10830000,4.54491806030273
2022-06-17,5.05999994277954,5.07999992370605,4.84000015258789,5.07999992370605,10891400,4.50941133499146
2022-06-20,5.07999992370605,5.21999979019165,5,5.07999992370605,7841400,4.50941133499146
2022-06-21,5.11999988555908,5.15999984741211,4.98999977111816,5.03999996185303,7411800,4.4739031791687
2022-06-22,5.03000020980835,5.09000015258789,4.94000005722046,4.98999977111816,8433900,4.42951917648315
2022-06-23,5.01999998092651,5.07000017166138,4.78999996185303,4.78999996185303,8059200,4.25198364257812
2022-06-24,4.84999990463257,4.86999988555908,4.75,4.78000020980835,7941200,4.24310684204102
2022-06-27,4.80000019073486,4.86999988555908,4.76000022888184,4.80000019073486,10516900,4.26086044311523
2022-06-28,4.84999990463257,5.01999998092651,4.82000017166138,4.82000017166138,8975600,4.27861404418945
2022-06-29,4.84000015258789,4.8899998664856,4.76999998092651,4.80000019073486,7179800,4.26086044311523
2022-06-30,4.76000022888184,4.76000022888184,4.55000019073486,4.59000015258789,6721700,4.0744481086731
2022-07-01,4.51999998092651,4.69999980926514,4.51999998092651,4.51999998092651,12849200,4.01231098175049
2022-07-04,4.53000020980835,4.71000003814697,4.5,4.53999996185303,5003300,4.03006362915039
2022-07-05,4.55999994277954,4.55999994277954,4.38000011444092,4.53000020980835,9503300,4.02118730545044
2022-07-06,4.53000020980835,4.55000019073486,4.25,4.3899998664856,11922900,3.89691209793091
2022-07-07,4.40999984741211,4.65000009536743,4.40999984741211,4.55000019073486,10027800,4.0389404296875
2022-07-08,4.53000020980835,4.6399998664856,4.40000009536743,4.40000009536743,7050900,3.9057891368866
2022-07-11,4.36999988555908,4.38000011444092,4.13000011444092,4.15999984741211,13261200,3.69274592399597
2022-07-12,4.15000009536743,4.15999984741211,4.01999998092651,4.01999998092651,14771600,3.56847095489502
2022-07-13,4.03000020980835,4.17999982833862,3.90000009536743,4.1399998664856,14925600,3.67499208450317
2022-07-14,4.1399998664856,4.32999992370605,4.09999990463257,4.28999996185303,9774500,3.80814480781555
2022-07-15,4.30000019073486,4.44000005722046,4.23999977111816,4.42000007629395,4881500,3.92354202270508
2022-07-18,4.48000001907349,4.59000015258789,4.30000019073486,4.30000019073486,5011900,3.8170211315155
2022-07-19,4.30999994277954,4.42000007629395,4.30000019073486,4.32999992370605,5270100,3.84365081787109
2022-07-20,4.30000019073486,4.51999998092651,4.26999998092651,4.48999977111816,11021800,3.985680103302
2022-07-21,4.51999998092651,4.51999998092651,4.42000007629395,4.44999980926514,6658500,3.95017242431641
2022-07-22,4.48999977111816,4.48999977111816,4.19999980926514,4.19999980926514,6536400,3.72825312614441
2022-07-25,4.23000001907349,4.25,4.09999990463257,4.15000009536743,10514300,3.68386912345886
2022-07-26,4.15999984741211,4.28000020980835,4.11999988555908,4.17000007629395,4594100,3.70162296295166
2022-07-27,4.19999980926514,4.48999977111816,4.17999982833862,4.48999977111816,8689000,3.985680103302
2022-07-28,4.51999998092651,4.57000017166138,4.36999988555908,4.48999977111816,3634200,3.985680103302
2022-07-29,4.51999998092651,4.59000015258789,4.40000009536743,4.40999984741211,8694600,3.91466546058655
2022-08-01,4.46999979019165,4.48000001907349,4.34999990463257,4.40999984741211,7696400,3.91466546058655
2022-08-02,4.40999984741211,4.61999988555908,4.38000011444092,4.6100001335144,12885400,4.09220170974731
2022-08-03,4.63000011444092,4.90999984741211,4.63000011444092,4.80999994277954,8750200,4.26973819732666
2022-08-04,4.8600001335144,5.38000011444092,4.8600001335144,5.05000019073486,17206200,4.48278093338013
2022-08-05,5.09999990463257,5.09999990463257,4.76999998092651,4.8600001335144,11124100,4.31412172317505
2022-08-08,4.92999982833862,5.05999994277954,4.8899998664856,4.94999980926514,6283600,4.39401245117188
2022-08-09,5,5.1399998664856,4.90000009536743,4.92000007629395,9216300,4.36738204956055
2022-08-10,4.96999979019165,5.28000020980835,4.96999979019165,5.15000009536743,9044400,4.57154846191406
2022-08-11,5.17999982833862,5.26000022888184,4.84000015258789,4.88000011444092,11482900,4.33187532424927
2022-08-12,5.1399998664856,5.26999998092651,5.05000019073486,5.26999998092651,15222800,4.67807006835938
2022-08-15,5.21000003814697,5.30999994277954,5.11999988555908,5.21000003814697,10250500,4.62480926513672
2022-08-16,5.25,5.28000020980835,5.11999988555908,5.19000005722046,5754000,4.6070556640625
2022-08-17,5.15999984741211,5.3600001335144,5.11999988555908,5.28000020980835,27272900,4.68694639205933
2022-08-18,5.21000003814697,5.28999996185303,5.07000017166138,5.09000015258789,8785600,4.51828765869141
2022-08-19,5.07999992370605,5.09000015258789,4.73999977111816,4.84999990463257,17743000,4.30524444580078
2022-08-22,4.82999992370605,4.90000009536743,4.69000005722046,4.84999990463257,9829500,4.30524444580078
2022-08-23,4.84000015258789,5.01999998092651,4.84000015258789,5.01999998092651,6333000,4.45615005493164
2022-08-24,5,5.17000007629395,4.96999979019165,5.09000015258789,5861300,4.51828765869141
2022-08-25,5.15000009536743,5.17000007629395,5,5.03000020980835,4135100,4.46502733230591
2022-08-26,5.03999996185303,5.07999992370605,4.82000017166138,4.84999990463257,6692300,4.30524444580078
2022-08-29,4.80000019073486,5.03000020980835,4.78999996185303,5,7870400,4.43839597702026
2022-08-30,5.01999998092651,5.03000020980835,4.86999988555908,4.90000009536743,7827400,4.34962892532349
2022-08-31,4.92000007629395,4.98000001907349,4.80999994277954,4.84000015258789,8375100,4.29636764526367
2022-09-01,4.88000011444092,4.96999979019165,4.69000005722046,4.76999998092651,13026600,4.23422956466675
2022-09-02,4.84999990463257,4.8899998664856,4.59999990463257,4.59999990463257,69570300,4.08332443237305
2022-09-05,4.63000011444092,4.73999977111816,4.61999988555908,4.61999988555908,7604300,4.10107755661011
2022-09-06,4.65000009536743,4.69000005722046,4.42999982833862,4.44000005722046,14609100,3.94129610061646
2022-09-08,4.48000001907349,4.5,4.32999992370605,4.3899998664856,9864000,3.89691209793091
2022-09-09,4.42999982833862,4.53999996185303,4.3600001335144,4.3899998664856,15548300,3.89691209793091
2022-09-12,4.44000005722046,4.48000001907349,4.30999994277954,4.32999992370605,15738600,3.84365081787109
2022-09-13,4.34999990463257,4.3600001335144,4.13000011444092,4.15000009536743,21443000,3.68386912345886
2022-09-14,4.15999984741211,4.28999996185303,4.13000011444092,4.19999980926514,13539100,3.72825312614441
2022-09-15,4.19999980926514,4.21999979019165,4.07999992370605,4.21000003814697,12717200,3.73712992668152
2022-09-16,4.15000009536743,4.36999988555908,4.1100001335144,4.28999996185303,19813000,3.80814480781555
2022-09-19,4.30000019073486,4.5,4.26000022888184,4.48000001907349,8945000,3.97680258750916
2022-09-20,4.48000001907349,4.6399998664856,4.40000009536743,4.44999980926514,10696200,3.95017242431641
2022-09-21,4.46000003814697,4.53000020980835,4.30000019073486,4.3600001335144,18275700,3.870281457901
2022-09-22,4.42000007629395,4.59999990463257,4.38000011444092,4.55000019073486,13589200,4.0389404296875
2022-09-23,4.44999980926514,4.48000001907349,4.32000017166138,4.3899998664856,14173200,3.89691209793091
2022-09-26,4.38000011444092,4.42000007629395,4.26000022888184,4.28999996185303,9718800,3.80814480781555
2022-09-27,4.30999994277954,4.40000009536743,4.19000005722046,4.19000005722046,11052300,3.71937608718872
2022-09-28,4.21000003814697,4.23000001907349,4.1399998664856,4.1399998664856,11148900,3.67499208450317
2022-09-29,4.1100001335144,4.17000007629395,4.05999994277954,4.15000009536743,12380300,3.68386912345886
2022-09-30,4.1100001335144,4.26000022888184,4.09999990463257,4.19000005722046,11827700,3.71937608718872
2022-10-03,4.25,4.3899998664856,4.23000001907349,4.3899998664856,14167700,3.92652082443237
2022-10-04,4.42999982833862,4.51999998092651,4.34000015258789,4.38000011444092,11413300,3.91757607460022
2022-10-05,4.36999988555908,4.42999982833862,4.30999994277954,4.42999982833862,8368900,3.9622974395752
2022-10-06,4.44999980926514,4.48999977111816,4.42999982833862,4.46000003814697,5975200,3.98912978172302
2022-10-07,4.44000005722046,4.46000003814697,4.1399998664856,4.19000005722046,16354500,3.74763584136963
2022-10-10,4.23999977111816,4.23999977111816,4.05000019073486,4.07999992370605,18862600,3.6492486000061
2022-10-11,4.07999992370605,4.40000009536743,4.05000019073486,4.34999990463257,30833900,3.89074349403381
2022-10-13,4.34000015258789,4.34999990463257,4.23000001907349,4.25,15027200,3.80130124092102
2022-10-14,4.26000022888184,4.26999998092651,4.09999990463257,4.1100001335144,10535000,3.67608189582825
2022-10-17,4.15000009536743,4.19999980926514,4.09000015258789,4.09999990463257,8129100,3.66713738441467
2022-10-18,4.15000009536743,4.21999979019165,4.07999992370605,4.1399998664856,13196400,3.70291423797607
2022-10-19,4.1399998664856,4.19999980926514,4.09000015258789,4.15999984741211,12625300,3.72080278396606
2022-10-20,4.19000005722046,4.23000001907349,4.13000011444092,4.19999980926514,13428400,3.75657963752747
2022-10-21,4.19000005722046,4.30000019073486,4.15999984741211,4.26999998092651,14614900,3.81918907165527
2022-10-24,4.19999980926514,4.21000003814697,4.11999988555908,4.13000011444092,9021900,3.69397044181824
2022-10-25,4.13000011444092,4.19999980926514,4.07999992370605,4.09000015258789,12220200,3.65819358825684
2022-10-26,4.07999992370605,4.09000015258789,3.95000004768372,3.97000002861023,15630800,3.55086255073547
2022-10-27,3.99000000953674,4.19000005722046,3.99000000953674,4.13000011444092,15175200,3.69397044181824
2022-10-28,4.1100001335144,4.15999984741211,4.05999994277954,4.15000009536743,9985100,3.71185874938965
2022-10-31,4,4.30999994277954,3.95000004768372,4.28999996185303,19491700,3.83707809448242
2022-11-01,4.30999994277954,4.55999994277954,4.25,4.51000022888184,23695600,4.03385162353516
2022-11-03,4.42999982833862,4.73999977111816,4.34000015258789,4.69999980926514,15015300,4.20379161834717
2022-11-04,4.69999980926514,4.84000015258789,4.63000011444092,4.71999979019165,12500600,4.22168016433716
2022-11-07,4.80999994277954,4.88000011444092,4.46999979019165,4.46999979019165,17217400,3.99807405471802
2022-11-08,4.46999979019165,4.57999992370605,4.42000007629395,4.55000019073486,15444300,4.06962871551514
2022-11-09,4.53000020980835,4.65000009536743,4.44000005722046,4.46999979019165,11339500,3.99807405471802
2022-11-10,4.36999988555908,4.42999982833862,4.09000015258789,4.1100001335144,22566600,3.67608189582825
2022-11-11,4.05000019073486,4.17999982833862,3.82999992370605,4.1399998664856,24235200,3.70291423797607
2022-11-14,4.19000005722046,4.23000001907349,4.05999994277954,4.11999988555908,10873300,3.68502616882324
2022-11-16,4.11999988555908,4.19000005722046,3.96000003814697,4.03000020980835,16148800,3.60452795028687
2022-11-17,3.97000002861023,3.98000001907349,3.74000000953674,3.91000008583069,25106400,3.49719715118408
2022-11-18,3.99000000953674,4.28000020980835,3.94000005722046,4.07000017166138,23150300,3.64030504226685
2022-11-21,4.09999990463257,4.15999984741211,3.95000004768372,4.03000020980835,11314600,3.60452795028687
2022-11-22,4.03000020980835,4.07999992370605,3.97000002861023,4.03000020980835,10439300,3.60452795028687
2022-11-23,3.98000001907349,4.05999994277954,3.95000004768372,4,6531500,3.57769513130188
2022-11-24,4.05000019073486,4.17000007629395,4.01000022888184,4.15000009536743,5511600,3.71185874938965
2022-11-25,4.15999984741211,4.19000005722046,3.99000000953674,4.05000019073486,8739900,3.62241625785828
2022-11-28,4,4.09000015258789,4,4.01999998092651,7386900,3.59558367729187
2022-11-29,4.03000020980835,4.1399998664856,3.92000007629395,4,13237500,3.57769513130188
2022-11-30,3.98000001907349,4.07999992370605,3.92000007629395,4.05000019073486,16877200,3.62241625785828
2022-12-01,4,4,3.8199999332428,3.83999991416931,22625600,3.43458724021912
2022-12-02,3.86999988555908,4.03999996185303,3.84999990463257,3.90000009536743,16610700,3.48825263977051
2022-12-05,3.95000004768372,3.95000004768372,3.71000003814697,3.73000001907349,14607600,3.33620071411133
2022-12-06,3.76999998092651,3.78999996185303,3.61999988555908,3.6800000667572,13327400,3.29147958755493
2022-12-07,3.6800000667572,3.70000004768372,3.57999992370605,3.59999990463257,13628700,3.21992540359497
2022-12-08,3.5,3.54999995231628,3.32999992370605,3.33999991416931,19978800,3.0631422996521
2022-12-09,3.36999988555908,3.39000010490417,3.25,3.34999990463257,12963000,3.07231307029724
2022-12-12,3.34999990463257,3.39000010490417,3.23000001907349,3.29999995231628,24013800,3.02645754814148
2022-12-13,3.3199999332428,3.40000009536743,3.25,3.25999999046326,10848100,2.9897735118866
2022-12-14,3.24000000953674,3.36999988555908,3.19000005722046,3.33999991416931,15438000,3.0631422996521
2022-12-15,3.3199999332428,3.41000008583069,3.26999998092651,3.29999995231628,8858500,3.02645754814148
2022-12-16,3.29999995231628,3.32999992370605,3.23000001907349,3.25999999046326,7695800,2.9897735118866
2022-12-19,3.26999998092651,3.35999989509583,3.25,3.33999991416931,6693400,3.0631422996521
2022-12-20,3.29999995231628,3.59999990463257,3.29999995231628,3.53999996185303,12943700,3.24656367301941
2022-12-21,3.54999995231628,3.67000007629395,3.51999998092651,3.61999988555908,14610300,3.31993246078491
2022-12-22,3.61999988555908,3.65000009536743,3.53999996185303,3.63000011444092,7727000,3.32910370826721
2022-12-23,3.65000009536743,3.74000000953674,3.63000011444092,3.71000003814697,4486400,3.40247225761414
2022-12-26,3.74000000953674,3.74000000953674,3.5699999332428,3.63000011444092,5290600,3.32910370826721
2022-12-27,3.64000010490417,3.69000005722046,3.55999994277954,3.6800000667572,5669100,3.37495923042297
2022-12-28,3.69000005722046,3.84999990463257,3.65000009536743,3.75,9716800,3.4391565322876
2022-12-29,3.82999992370605,3.91000008583069,3.70000004768372,3.74000000953674,7177700,3.42998576164246
2023-01-02,3.69000005722046,3.71000003814697,3.50999999046326,3.53999996185303,9470500,3.24656367301941
2023-01-03,3.53999996185303,3.5699999332428,3.32999992370605,3.33999991416931,9560100,3.0631422996521
2023-01-04,3.38000011444092,3.42000007629395,3.29999995231628,3.3199999332428,10680900,3.0447998046875
2023-01-05,3.34999990463257,3.39000010490417,3.19000005722046,3.23000001907349,35445300,2.96226024627686
2023-01-06,3.24000000953674,3.27999997138977,3.17000007629395,3.22000002861023,37999700,2.95308923721313
2023-01-09,3.20000004768372,3.28999996185303,3.16000008583069,3.23000001907349,15633700,2.96226024627686
2023-01-10,3.22000002861023,3.34999990463257,3.21000003814697,3.34999990463257,12594800,3.07231307029724
2023-01-11,3.35999989509583,3.57999992370605,3.35999989509583,3.57999992370605,21444400,3.28324818611145
2023-01-12,3.54999995231628,3.64000010490417,3.44000005722046,3.49000000953674,13176700,3.20070862770081
2023-01-13,3.46000003814697,3.5,3.3199999332428,3.33999991416931,14486700,3.0631422996521
2023-01-16,3.3199999332428,3.34999990463257,3.26999998092651,3.29999995231628,8730700,3.02645754814148
2023-01-17,3.3199999332428,3.40000009536743,3.28999996185303,3.35999989509583,11859400,3.08148431777954
2023-01-18,3.40000009536743,3.45000004768372,3.32999992370605,3.34999990463257,13324700,3.07231307029724
2023-01-19,3.34999990463257,3.42000007629395,3.25,3.41000008583069,23712400,3.12733960151672
2023-01-20,3.40000009536743,3.41000008583069,3.26999998092651,3.28999996185303,19274300,3.01728677749634
2023-01-23,3.27999997138977,3.34999990463257,3.25,3.28999996185303,10637200,3.01728677749634
2023-01-24,3.30999994277954,3.48000001907349,3.27999997138977,3.47000002861023,12703800,3.18236637115479
2023-01-25,3.47000002861023,3.52999997138977,3.42000007629395,3.52999997138977,7649000,3.23739266395569
2023-01-26,3.53999996185303,3.5699999332428,3.46000003814697,3.48000001907349,8271800,3.19153738021851
2023-01-27,3.49000000953674,3.5,3.40000009536743,3.42000007629395,8557200,3.13651084899902
2023-01-30,3.40000009536743,3.4300000667572,3.22000002861023,3.25,24955900,2.98060250282288
2023-01-31,3.25,3.34999990463257,3.25,3.28999996185303,20039900,3.01728677749634
2023-02-01,3.28999996185303,3.33999991416931,3.05999994277954,3.15000009536743,404695000,2.88889169692993
2023-02-02,3.15000009536743,3.23000001907349,3.03999996185303,3.04999995231628,50857000,2.79718065261841
2023-02-03,3.04999995231628,3.11999988555908,2.94000005722046,3.08999991416931,53290600,2.83386468887329
2023-02-06,3.09999990463257,3.20000004768372,3.04999995231628,3.15000009536743,34861900,2.88889169692993
2023-02-07,3.1800000667572,3.21000003814697,3.08999991416931,3.13000011444092,31913300,2.87054967880249
2023-02-08,3.16000008583069,3.29999995231628,3.10999989509583,3.29999995231628,50518000,3.02645754814148
2023-02-09,3.29999995231628,3.35999989509583,3.19000005722046,3.27999997138977,43678900,3.00811553001404
2023-02-10,3.27999997138977,3.30999994277954,3.1800000667572,3.21000003814697,23226200,2.94391798973083
2023-02-13,3.21000003814697,3.22000002861023,3.13000011444092,3.22000002861023,14875700,2.95308923721313
2023-02-14,3.21000003814697,3.21000003814697,2.96000003814697,2.98000001907349,40924300,2.73298311233521
2023-02-15,2.97000002861023,3.09999990463257,2.85999989509583,3.08999991416931,42760100,2.83386468887329
2023-02-16,3.0699999332428,3.11999988555908,3,3.07999992370605,21149000,2.82469391822815
2023-02-17,3.0699999332428,3.11999988555908,3.00999999046326,3.02999997138977,27974700,2.77883887290955
2023-02-22,3.00999999046326,3.08999991416931,2.95000004768372,3.07999992370605,20601900,2.82469391822815
2023-02-23,3.09999990463257,3.15000009536743,2.99000000953674,3.03999996185303,24919500,2.78800940513611
2023-02-24,3.03999996185303,3.04999995231628,2.88000011444092,2.89000010490417,27929600,2.65044355392456
2023-02-27,2.91000008583069,3.07999992370605,2.86999988555908,3.03999996185303,32246200,2.78800940513611
2023-02-28,3.0699999332428,3.14000010490417,3.03999996185303,3.07999992370605,28842300,2.82469391822815
2023-03-01,3.08999991416931,3.17000007629395,2.99000000953674,3.01999998092651,32788900,2.76966738700867
2023-03-02,3.01999998092651,3.03999996185303,2.92000007629395,2.92000007629395,21864000,2.67795705795288
2023-03-03,2.95000004768372,2.95000004768372,2.77999997138977,2.82999992370605,36019100,2.59541654586792
2023-03-06,2.86999988555908,2.95000004768372,2.79999995231628,2.91000008583069,24268000,2.66878533363342
2023-03-07,2.91000008583069,2.9300000667572,2.84999990463257,2.91000008583069,12209500,2.66878533363342
2023-03-08,2.91000008583069,2.97000002861023,2.89000010490417,2.94000005722046,21816400,2.69629859924316
2023-03-09,2.92000007629395,2.94000005722046,2.77999997138977,2.79999995231628,41324600,2.56790328025818
2023-03-10,2.79999995231628,2.8199999332428,2.71000003814697,2.72000002861023,23735100,2.49453496932983
2023-03-13,2.69000005722046,2.69000005722046,2.60999989509583,2.61999988555908,31528700,2.40282392501831
2023-03-14,2.69000005722046,2.80999994277954,2.6800000667572,2.71000003814697,40119200,2.48536396026611
2023-03-15,2.69000005722046,2.74000000953674,2.66000008583069,2.71000003814697,17612600,2.48536396026611
2023-03-16,2.75,2.75999999046326,2.66000008583069,2.73000001907349,22197500,2.50370597839355
2023-03-17,2.61999988555908,2.6800000667572,2.47000002861023,2.47000002861023,44089800,2.34165406227112
2023-03-20,2.48000001907349,2.52999997138977,2.4300000667572,2.47000002861023,20939200,2.34165406227112
2023-03-21,2.49000000953674,2.51999998092651,2.35999989509583,2.38000011444092,26738200,2.25633072853088
2023-03-22,2.36999988555908,2.39000010490417,2.30999994277954,2.32999992370605,26704400,2.20892858505249
2023-03-23,2.33999991416931,2.34999990463257,2.25,2.25999999046326,30902200,2.14256596565247
2023-03-24,2.26999998092651,2.42000007629395,2.25999999046326,2.41000008583069,19141800,2.28477191925049
2023-03-27,2.4300000667572,2.53999996185303,2.42000007629395,2.50999999046326,19684900,2.37957572937012
2023-03-28,2.49000000953674,2.6800000667572,2.46000003814697,2.65000009536743,69618900,2.51230120658875
2023-03-29,2.67000007629395,2.77999997138977,2.61999988555908,2.75,36856900,2.60710477828979
2023-03-30,2.80999994277954,2.94000005722046,2.77999997138977,2.89000010490417,39786400,2.73983001708984
2023-03-31,2.92000007629395,2.9300000667572,2.78999996185303,2.84999990463257,25812800,2.70190834999084
2023-04-03,2.88000011444092,2.91000008583069,2.80999994277954,2.82999992370605,18815900,2.68294763565063
2023-04-04,2.85999989509583,2.88000011444092,2.78999996185303,2.82999992370605,21012200,2.68294763565063
2023-04-05,2.83999991416931,2.85999989509583,2.75,2.8199999332428,22336100,2.67346739768982
2023-04-06,2.80999994277954,2.8199999332428,2.75,2.78999996185303,14613400,2.64502644538879
2023-04-10,2.80999994277954,2.83999991416931,2.77999997138977,2.80999994277954,14149600,2.663987159729
2023-04-11,2.84999990463257,3.0699999332428,2.82999992370605,3.05999994277954,33609000,2.90099668502808
2023-04-12,3.0699999332428,3.17000007629395,3.03999996185303,3.05999994277954,32421000,2.90099668502808
2023-04-13,3.07999992370605,3.10999989509583,3,3.02999997138977,15780900,2.87255549430847
2023-04-14,3.00999999046326,3.04999995231628,2.96000003814697,3.03999996185303,10628600,2.88203549385071
2023-04-17,3.04999995231628,3.14000010490417,3.01999998092651,3.11999988555908,14970900,2.95787882804871
2023-04-18,3.14000010490417,3.19000005722046,3.09999990463257,3.1800000667572,13884000,3.01476097106934
2023-04-19,3.14000010490417,3.15000009536743,3.01999998092651,3.02999997138977,19845900,2.87255549430847
2023-04-20,3.02999997138977,3.13000011444092,2.99000000953674,3.10999989509583,11874200,2.94839859008789
2023-04-24,3.09999990463257,3.26999998092651,3.03999996185303,3.23000001907349,37103600,3.06216311454773
2023-04-25,3.23000001907349,3.30999994277954,3.13000011444092,3.1800000667572,18942800,3.01476097106934
2023-04-26,3.17000007629395,3.19000005722046,3.03999996185303,3.04999995231628,15122100,2.89151573181152
2023-04-27,3.04999995231628,3.16000008583069,3.03999996185303,3.13000011444092,12242300,2.9673593044281
2023-04-28,3.13000011444092,3.25,3.08999991416931,3.19000005722046,20412700,3.02424144744873
2023-05-02,3.1800000667572,3.24000000953674,3.03999996185303,3.03999996185303,14598900,2.88203549385071
2023-05-03,3.05999994277954,3.19000005722046,3,3.15000009536743,15681500,2.98632001876831
2023-05-04,3.17000007629395,3.22000002861023,3.10999989509583,3.1800000667572,20441800,3.01476097106934
2023-05-05,3.19000005722046,3.28999996185303,3.1800000667572,3.27999997138977,17709200,3.10956501960754
2023-05-08,3.29999995231628,3.38000011444092,3.29999995231628,3.30999994277954,16113900,3.13800621032715
2023-05-09,3.28999996185303,3.3199999332428,3.17000007629395,3.1800000667572,32144800,3.01476097106934
2023-05-10,3.19000005722046,3.29999995231628,3.14000010490417,3.27999997138977,20064700,3.10956501960754
2023-05-11,3.26999998092651,3.32999992370605,3.21000003814697,3.32999992370605,17152200,3.15696692466736
2023-05-12,3.32999992370605,3.38000011444092,3.25,3.28999996185303,13638800,3.11904525756836
2023-05-15,3.34999990463257,3.36999988555908,3.04999995231628,3.14000010490417,71533500,2.9768397808075
2023-05-16,3.13000011444092,3.29999995231628,3.13000011444092,3.24000000953674,45623200,3.07164335250854
2023-05-17,3.25,3.47000002861023,3.24000000953674,3.42000007629395,27916800,3.24229025840759
2023-05-18,3.42000007629395,3.50999999046326,3.33999991416931,3.47000002861023,40825600,3.28969240188599
2023-05-19,3.5,3.70000004768372,3.45000004768372,3.67000007629395,32544700,3.47930002212524
2023-05-22,3.73000001907349,3.75999999046326,3.63000011444092,3.65000009536743,14142300,3.46033883094788
2023-05-23,3.65000009536743,3.75,3.61999988555908,3.65000009536743,12031500,3.46033883094788
2023-05-24,3.64000010490417,3.71000003814697,3.4300000667572,3.49000000953674,35329500,3.30865263938904
2023-05-25,3.54999995231628,3.59999990463257,3.44000005722046,3.45000004768372,36092900,3.2707314491272
2023-05-26,3.50999999046326,3.51999998092651,3.33999991416931,3.46000003814697,25686400,3.28021144866943
2023-05-29,3.49000000953674,3.58999991416931,3.46000003814697,3.52999997138977,14544800,3.34657454490662
2023-05-30,3.5699999332428,3.64000010490417,3.48000001907349,3.59999990463257,24140700,3.41293668746948
2023-05-31,3.59999990463257,3.74000000953674,3.58999991416931,3.63000011444092,23066900,3.44137787818909
2023-06-01,3.65000009536743,3.84999990463257,3.54999995231628,3.75999999046326,28377100,3.5646231174469
2023-06-02,3.79999995231628,3.82999992370605,3.67000007629395,3.71000003814697,24144300,3.51722121238708
2023-06-05,3.69000005722046,3.78999996185303,3.6800000667572,3.76999998092651,11705300,3.57410359382629
2023-06-06,3.78999996185303,3.92000007629395,3.75,3.92000007629395,20867200,3.71630930900574
2023-06-07,3.94000005722046,4.05000019073486,3.86999988555908,3.95000004768372,19382700,3.74475026130676
2023-06-09,3.99000000953674,4.01999998092651,3.92000007629395,3.98000001907349,14031500,3.77319145202637
2023-06-12,3.98000001907349,4,3.94000005722046,3.99000000953674,16242400,3.78267192840576
2023-06-13,3.98000001907349,4.01000022888184,3.84999990463257,3.89000010490417,19986600,3.68786835670471
2023-06-14,3.90000009536743,3.99000000953674,3.84999990463257,3.94000005722046,25840400,3.73527002334595
2023-06-15,3.95000004768372,3.99000000953674,3.91000008583069,3.95000004768372,13781200,3.74475026130676
2023-06-16,3.92000007629395,3.97000002861023,3.90000009536743,3.95000004768372,14449100,3.74475026130676
2023-06-19,3.98000001907349,4.01000022888184,3.9300000667572,3.97000002861023,9550900,3.76371145248413
2023-06-20,3.98000001907349,4.17000007629395,3.96000003814697,4.15000009536743,35176100,3.93435835838318
2023-06-21,4.17000007629395,4.25,4.09999990463257,4.23000001907349,23935400,4.0102014541626
2023-06-22,4.21000003814697,4.28000020980835,4.1399998664856,4.26000022888184,12449700,4.03864240646362
2023-06-23,4.28000020980835,4.36999988555908,4.23999977111816,4.34999990463257,23532100,4.12396574020386
2023-06-26,4.34999990463257,4.5,4.34000015258789,4.42000007629395,42881900,4.19032859802246
2023-06-27,4.44999980926514,4.51000022888184,4.28999996185303,4.44000005722046,76576700,4.20928907394409
2023-06-28,4.44000005722046,4.48000001907349,4.30000019073486,4.3899998664856,30177100,4.16188716888428
2023-06-29,4.40000009536743,4.59000015258789,4.40000009536743,4.59000015258789,40765500,4.35149478912354
2023-06-30,4.6399998664856,4.71999979019165,4.34999990463257,4.40000009536743,35419200,4.17136812210083
2023-07-03,4.44999980926514,4.51999998092651,4.40999984741211,4.46999979019165,20197900,4.23772954940796
2023-07-04,4.46999979019165,4.48000001907349,4.34999990463257,4.40999984741211,10806500,4.18084764480591
2023-07-05,4.38000011444092,4.40000009536743,4.23000001907349,4.28999996185303,33346200,4.06708335876465
2023-07-06,4.26999998092651,4.26999998092651,4.1100001335144,4.15999984741211,22675100,3.94383835792542
2023-07-07,4.17999982833862,4.25,4.15000009536743,4.19999980926514,19055100,3.98175954818726
2023-07-10,4.19999980926514,4.30999994277954,4.15000009536743,4.23999977111816,16685100,4.01968097686768
2023-07-11,4.23999977111816,4.32000017166138,4.17000007629395,4.26000022888184,19787900,4.03864240646362
2023-07-12,4.30000019073486,4.34000015258789,4.21000003814697,4.21999979019165,6157400,4.00072002410889
2023-07-13,4.23000001907349,4.28000020980835,4.15999984741211,4.19999980926514,10522300,3.98175954818726
2023-07-14,4.19999980926514,4.21999979019165,4.01000022888184,4.07999992370605,16845900,3.86799502372742
2023-07-17,4.07999992370605,4.25,4.05000019073486,4.23000001907349,20863600,4.0102014541626
2023-07-18,4.23000001907349,4.40000009536743,4.21000003814697,4.28000020980835,19854400,4.05760288238525
2023-07-19,4.30000019073486,4.30999994277954,4.17999982833862,4.26000022888184,15101300,4.03864240646362
2023-07-20,4.28000020980835,4.28999996185303,4.15000009536743,4.19999980926514,13981900,3.98175954818726
2023-07-21,4.21000003814697,4.30999994277954,4.17999982833862,4.26999998092651,9991000,4.04812240600586
2023-07-24,4.26999998092651,4.28999996185303,4.15000009536743,4.23000001907349,17283700,4.0102014541626
2023-07-25,4.26999998092651,4.30000019073486,4.17000007629395,4.19999980926514,14413200,3.98175954818726
2023-07-26,4.19999980926514,4.23999977111816,4.15999984741211,4.21999979019165,6399600,4.00072002410889
2023-07-27,4.23000001907349,4.23999977111816,4.05999994277954,4.07000017166138,18331700,3.88077974319458
2023-07-28,4.09000015258789,4.13000011444092,4.03000020980835,4.11999988555908,16807200,3.92845487594604
2023-07-31,4.11999988555908,4.19000005722046,4.09999990463257,4.15999984741211,13989300,3.96659541130066
2023-08-01,4.15000009536743,4.19999980926514,4.05999994277954,4.15999984741211,24308900,3.96659541130066
2023-08-02,4.13000011444092,4.19999980926514,4.1100001335144,4.19000005722046,25721100,3.99520087242126
2023-08-03,4.21000003814697,4.21999979019165,4.07000017166138,4.09999990463257,21426900,3.90938496589661
2023-08-04,4.07999992370605,4.1399998664856,4.03999996185303,4.07999992370605,16409800,3.89031481742859
2023-08-07,4.09000015258789,4.09999990463257,3.99000000953674,4.01999998092651,14729300,3.83310437202454
2023-08-08,3.97000002861023,3.99000000953674,3.86999988555908,3.97000002861023,17862300,3.78542900085449
2023-08-09,3.96000003814697,3.97000002861023,3.85999989509583,3.92000007629395,13848500,3.73775362968445
2023-08-10,3.9300000667572,3.96000003814697,3.86999988555908,3.91000008583069,11449000,3.72821855545044
2023-08-11,3.90000009536743,3.92000007629395,3.79999995231628,3.84999990463257,13400900,3.67100763320923
2023-08-14,3.82999992370605,3.82999992370605,3.73000001907349,3.76999998092651,20072900,3.59472727775574
2023-08-15,3.74000000953674,3.99000000953674,3.69000005722046,3.77999997138977,38335200,3.60426235198975
2023-08-16,3.77999997138977,3.78999996185303,3.52999997138977,3.59999990463257,27465600,3.43263053894043
2023-08-17,3.60999989509583,3.63000011444092,3.49000000953674,3.51999998092651,22050300,3.35634994506836
2023-08-18,3.50999999046326,3.63000011444092,3.49000000953674,3.58999991416931,15864700,3.42309546470642
2023-08-21,3.59999990463257,3.61999988555908,3.48000001907349,3.5,12295100,3.33728003501892
2023-08-22,3.52999997138977,3.55999994277954,3.4300000667572,3.51999998092651,23013400,3.35634994506836
2023-08-23,3.54999995231628,3.72000002861023,3.52999997138977,3.60999989509583,43718400,3.44216585159302
2023-08-24,3.60999989509583,3.80999994277954,3.59999990463257,3.73000001907349,42127000,3.5565869808197
2023-08-25,3.77999997138977,3.82999992370605,3.71000003814697,3.78999996185303,21198200,3.61379718780518
2023-08-28,3.83999991416931,3.83999991416931,3.70000004768372,3.74000000953674,28115900,3.56612205505371
2023-08-29,3.77999997138977,3.82999992370605,3.74000000953674,3.8199999332428,13520200,3.6424024105072
2023-08-30,3.8199999332428,3.84999990463257,3.71000003814697,3.75,15075000,3.57565689086914
2023-08-31,3.75,3.75999999046326,3.61999988555908,3.63000011444092,21889800,3.46123576164246
2023-09-01,3.66000008583069,3.74000000953674,3.63000011444092,3.63000011444092,17307200,3.46123576164246
2023-09-04,3.63000011444092,3.6800000667572,3.57999992370605,3.59999990463257,8845200,3.43263053894043
2023-09-05,3.54999995231628,3.77999997138977,3.53999996185303,3.74000000953674,25511600,3.56612205505371
2023-09-06,3.74000000953674,3.86999988555908,3.70000004768372,3.74000000953674,22648600,3.56612205505371
2023-09-08,3.69000005722046,3.75,3.67000007629395,3.71000003814697,26042800,3.53751659393311
2023-09-11,3.74000000953674,3.78999996185303,3.71000003814697,3.77999997138977,10987900,3.60426235198975
2023-09-12,3.79999995231628,3.94000005722046,3.77999997138977,3.88000011444092,15715300,3.69961309432983
2023-09-13,3.88000011444092,4.01999998092651,3.88000011444092,3.94000005722046,17575000,3.75682377815247
2023-09-14,3.97000002861023,4.01000022888184,3.9300000667572,3.97000002861023,9553000,3.78542900085449
2023-09-15,3.96000003814697,4.11999988555908,3.96000003814697,3.98000001907349,34682000,3.7949640750885
2023-09-18,3.99000000953674,4.05999994277954,3.91000008583069,3.99000000953674,23371600,3.80449938774109
2023-09-19,4,4.03999996185303,3.83999991416931,3.90000009536743,20181900,3.71868348121643
2023-09-20,3.91000008583069,3.94000005722046,3.80999994277954,3.80999994277954,23728500,3.63286757469177
2023-09-21,3.76999998092651,3.84999990463257,3.72000002861023,3.74000000953674,21444200,3.56612205505371
2023-09-22,3.75999999046326,3.82999992370605,3.72000002861023,3.76999998092651,21984900,3.59472727775574
2023-09-25,3.75999999046326,3.8199999332428,3.6800000667572,3.74000000953674,13094300,3.56612205505371
2023-09-26,3.72000002861023,3.74000000953674,3.58999991416931,3.59999990463257,22975300,3.43263053894043
2023-09-27,3.60999989509583,3.65000009536743,3.50999999046326,3.54999995231628,21389800,3.38495516777039
2023-09-28,3.5699999332428,3.59999990463257,3.48000001907349,3.5699999332428,16733500,3.40402555465698
2023-09-29,3.61999988555908,3.65000009536743,3.53999996185303,3.57999992370605,13661300,3.41356062889099
2023-10-02,3.58999991416931,3.59999990463257,3.4300000667572,3.48000001907349,16747100,3.31820964813232
2023-10-03,3.47000002861023,3.55999994277954,3.42000007629395,3.46000003814697,29291500,3.29913973808289
2023-10-04,3.47000002861023,3.5,3.45000004768372,3.47000002861023,10591900,3.30867457389832
2023-10-05,3.46000003814697,3.50999999046326,3.34999990463257,3.38000011444092,37198300,3.22285914421082
2023-10-06,3.34999990463257,3.41000008583069,3.27999997138977,3.38000011444092,15875400,3.22285914421082
2023-10-09,3.40000009536743,3.52999997138977,3.36999988555908,3.49000000953674,15376700,3.32774496078491
2023-10-10,3.51999998092651,3.57999992370605,3.5,3.5699999332428,9595500,3.40402555465698
2023-10-11,3.5699999332428,3.67000007629395,3.54999995231628,3.64000010490417,15610900,3.47077107429504
2023-10-13,3.64000010490417,3.6800000667572,3.51999998092651,3.51999998092651,13786100,3.35634994506836
2023-10-16,3.52999997138977,3.58999991416931,3.5,3.53999996185303,12135900,3.37542033195496
2023-10-17,3.57999992370605,3.57999992370605,3.47000002861023,3.49000000953674,14243700,3.32774496078491
2023-10-18,3.47000002861023,3.53999996185303,3.42000007629395,3.46000003814697,23622300,3.32218551635742
2023-10-19,3.44000005722046,3.57999992370605,3.4300000667572,3.54999995231628,35125300,3.40860080718994
2023-10-20,3.50999999046326,3.60999989509583,3.50999999046326,3.57999992370605,22281100,3.43740558624268
2023-10-23,3.54999995231628,3.61999988555908,3.53999996185303,3.59999990463257,12226000,3.45660924911499
2023-10-24,3.63000011444092,3.76999998092651,3.61999988555908,3.75,18123000,3.60063457489014
2023-10-25,3.77999997138977,3.88000011444092,3.6800000667572,3.73000001907349,23871300,3.5814311504364
2023-10-26,3.73000001907349,3.80999994277954,3.6800000667572,3.78999996185303,21310400,3.63904118537903
2023-10-27,3.78999996185303,3.86999988555908,3.72000002861023,3.74000000953674,26716200,3.59103274345398
2023-10-30,3.76999998092651,3.78999996185303,3.59999990463257,3.60999989509583,22466600,3.46621060371399
2023-10-31,3.64000010490417,3.65000009536743,3.54999995231628,3.63000011444092,11282600,3.48541402816772
2023-11-01,3.64000010490417,3.75,3.64000010490417,3.75,18109500,3.60063457489014
2023-11-03,3.79999995231628,3.84999990463257,3.75,3.78999996185303,16239100,3.63904118537903
2023-11-06,3.80999994277954,3.83999991416931,3.75999999046326,3.78999996185303,9299300,3.63904118537903
2023-11-07,3.79999995231628,4,3.77999997138977,3.99000000953674,29734300,3.83107495307922
2023-11-08,3.99000000953674,4.03000020980835,3.78999996185303,3.79999995231628,30563500,3.64864301681519
2023-11-09,3.82999992370605,3.97000002861023,3.75999999046326,3.76999998092651,25567000,3.61983776092529
2023-11-10,3.83999991416931,3.84999990463257,3.76999998092651,3.80999994277954,16066300,3.65824437141418
2023-11-13,3.8199999332428,3.83999991416931,3.77999997138977,3.82999992370605,14693200,3.6774480342865
2023-11-14,3.85999989509583,3.91000008583069,3.73000001907349,3.74000000953674,29235500,3.59103274345398
2023-11-16,3.75,3.78999996185303,3.71000003814697,3.77999997138977,20519400,3.62943983078003
2023-11-17,3.79999995231628,3.82999992370605,3.5699999332428,3.5699999332428,39803600,3.4278039932251
2023-11-20,3.58999991416931,3.76999998092651,3.54999995231628,3.76999998092651,39060200,3.61983776092529
2023-11-21,3.75,3.75999999046326,3.64000010490417,3.64000010490417,23500900,3.49501609802246
2023-11-22,3.6800000667572,3.69000005722046,3.63000011444092,3.65000009536743,29127900,3.50461769104004
2023-11-23,3.64000010490417,3.72000002861023,3.60999989509583,3.72000002861023,15777100,3.57182955741882
2023-11-24,3.72000002861023,3.76999998092651,3.69000005722046,3.74000000953674,13788800,3.59103274345398
2023-11-27,3.74000000953674,3.76999998092651,3.53999996185303,3.54999995231628,29619500,3.40860080718994
2023-11-28,3.54999995231628,3.63000011444092,3.50999999046326,3.63000011444092,15991300,3.48541402816772
2023-11-29,3.64000010490417,3.71000003814697,3.63000011444092,3.66000008583069,20395200,3.51421928405762
2023-11-30,3.69000005722046,3.70000004768372,3.59999990463257,3.65000009536743,22087700,3.50461769104004
2023-12-01,3.67000007629395,3.71000003814697,3.64000010490417,3.66000008583069,18953400,3.51421928405762
2023-12-04,3.65000009536743,3.70000004768372,3.64000010490417,3.66000008583069,11239700,3.51421928405762
2023-12-05,3.66000008583069,3.71000003814697,3.45000004768372,3.46000003814697,41571800,3.32218551635742
2023-12-06,3.51999998092651,3.66000008583069,3.50999999046326,3.55999994277954,47800500,3.41820216178894
2023-12-07,3.5699999332428,3.69000005722046,3.50999999046326,3.61999988555908,22088700,3.47581243515015
2023-12-08,3.6800000667572,3.69000005722046,3.5699999332428,3.64000010490417,14112100,3.49501609802246
2023-12-11,3.64000010490417,3.65000009536743,3.50999999046326,3.50999999046326,16540400,3.37019395828247
2023-12-12,3.53999996185303,3.54999995231628,3.46000003814697,3.46000003814697,14664100,3.32218551635742
2023-12-13,3.47000002861023,3.64000010490417,3.46000003814697,3.59999990463257,23179400,3.45660924911499
2023-12-14,3.61999988555908,3.95000004768372,3.61999988555908,3.65000009536743,64134600,3.50461769104004
2023-12-15,3.70000004768372,3.77999997138977,3.63000011444092,3.73000001907349,53571000,3.5814311504364
2023-12-18,3.76999998092651,3.85999989509583,3.75,3.85999989509583,24794200,3.70625305175781
2023-12-19,3.85999989509583,3.99000000953674,3.80999994277954,3.99000000953674,25810200,3.83107495307922
2023-12-20,3.98000001907349,4.03999996185303,3.91000008583069,4.01999998092651,18861600,3.85988020896912
2023-12-21,3.92000007629395,4.03000020980835,3.88000011444092,4.03000020980835,20313400,3.9978015422821
2023-12-22,4.05000019073486,4.21999979019165,3.98000001907349,4.19999980926514,28202700,4.16644287109375
2023-12-26,4.19999980926514,4.21000003814697,4.11999988555908,4.1399998664856,15886100,4.1069221496582
2023-12-27,4.11999988555908,4.15999984741211,4.03000020980835,4.05999994277954,17379800,4.0275616645813
2023-12-28,4.05999994277954,4.07000017166138,3.96000003814697,4.03000020980835,15616800,3.9978015422821
2024-01-02,4.03000020980835,4.09999990463257,4.01000022888184,4.07999992370605,11094100,4.04740142822266
2024-01-03,4.09000015258789,4.15000009536743,4.03999996185303,4.1100001335144,11071200,4.07716226577759
2024-01-04,4.1100001335144,4.11999988555908,3.99000000953674,4.01999998092651,10576600,3.98788142204285
2024-01-05,4,4.09999990463257,3.97000002861023,4.03999996185303,11373500,4.00772142410278
2024-01-08,4.03999996185303,4.07000017166138,4,4.05000019073486,8738900,4.0176420211792
2024-01-09,4.03000020980835,4.09999990463257,4,4.09999990463257,9725900,4.06724214553833
2024-01-10,4.09999990463257,4.09999990463257,4.01000022888184,4.05999994277954,8756400,4.0275616645813
2024-01-11,4.05999994277954,4.07999992370605,3.90000009536743,3.9300000667572,21979600,3.89860057830811
2024-01-12,3.94000005722046,4.05000019073486,3.92000007629395,4,15347000,3.96804118156433
2024-01-15,3.99000000953674,4.01000022888184,3.95000004768372,4,5014300,3.96804118156433
2024-01-16,3.98000001907349,3.98000001907349,3.73000001907349,3.78999996185303,27618000,3.7597188949585
2024-01-17,3.78999996185303,3.79999995231628,3.67000007629395,3.72000002861023,11262900,3.69027829170227
2024-01-18,3.75,3.76999998092651,3.66000008583069,3.69000005722046,9675400,3.6605179309845
2024-01-19,3.71000003814697,3.75999999046326,3.59999990463257,3.74000000953674,9559100,3.71011829376221
2024-01-22,3.74000000953674,3.75,3.59999990463257,3.65000009536743,10654600,3.62083768844604
2024-01-23,3.6800000667572,3.76999998092651,3.66000008583069,3.73000001907349,7530300,3.70019841194153
2024-01-24,3.76999998092651,3.76999998092651,3.66000008583069,3.72000002861023,8128300,3.69027829170227
2024-01-25,3.71000003814697,3.75,3.6800000667572,3.73000001907349,5575200,3.70019841194153
2024-01-26,3.73000001907349,3.77999997138977,3.71000003814697,3.74000000953674,5289300,3.71011829376221
2024-01-29,3.74000000953674,3.82999992370605,3.71000003814697,3.80999994277954,14380900,3.77955889701843
2024-01-30,3.80999994277954,3.85999989509583,3.75999999046326,3.79999995231628,7646500,3.76963901519775
2024-01-31,3.80999994277954,3.90000009536743,3.77999997138977,3.82999992370605,11410500,3.79939937591553
2024-02-01,3.82999992370605,3.85999989509583,3.74000000953674,3.8199999332428,9696000,3.78947925567627
2024-02-02,3.83999991416931,3.88000011444092,3.75999999046326,3.77999997138977,10550300,3.74979901313782
2024-02-05,3.77999997138977,3.80999994277954,3.73000001907349,3.76999998092651,7313500,3.73987865447998
2024-02-06,3.77999997138977,3.92000007629395,3.75,3.84999990463257,10290600,3.81923937797546
2024-02-07,3.85999989509583,3.97000002861023,3.84999990463257,3.9300000667572,8333200,3.89860057830811
2024-02-08,3.9300000667572,3.95000004768372,3.85999989509583,3.92000007629395,8824000,3.88868021965027
2024-02-09,4,4.07000017166138,3.88000011444092,3.88000011444092,21737700,3.84899997711182
2024-02-14,3.88000011444092,3.95000004768372,3.8199999332428,3.86999988555908,10231000,3.83907961845398
2024-02-15,3.88000011444092,3.9300000667572,3.79999995231628,3.8199999332428,11601200,3.78947925567627
2024-02-16,3.83999991416931,3.92000007629395,3.79999995231628,3.89000010490417,10365100,3.85892009735107
2024-02-19,3.90000009536743,3.9300000667572,3.8199999332428,3.84999990463257,7637600,3.81923937797546
2024-02-20,3.8199999332428,3.86999988555908,3.80999994277954,3.85999989509583,8575800,3.82915949821472
2024-02-21,3.86999988555908,3.92000007629395,3.82999992370605,3.86999988555908,12999700,3.83907961845398
2024-02-22,3.89000010490417,3.90000009536743,3.80999994277954,3.84999990463257,17263600,3.81923937797546
2024-02-23,3.83999991416931,3.84999990463257,3.6800000667572,3.69000005722046,17260000,3.6605179309845
2024-02-26,3.6800000667572,3.73000001907349,3.60999989509583,3.69000005722046,8341900,3.6605179309845
2024-02-27,3.72000002861023,3.78999996185303,3.71000003814697,3.73000001907349,16161500,3.70019841194153
2024-02-28,3.72000002861023,3.73000001907349,3.64000010490417,3.66000008583069,25059900,3.63075757026672
2024-02-29,3.66000008583069,3.66000008583069,3.5,3.53999996185303,29758900,3.51171636581421
2024-03-01,3.55999994277954,3.6800000667572,3.53999996185303,3.5699999332428,25491300,3.54147672653198
2024-03-04,3.57999992370605,3.65000009536743,3.57999992370605,3.61999988555908,15545800,3.59107708930969
2024-03-05,3.61999988555908,3.63000011444092,3.50999999046326,3.53999996185303,25719000,3.51171636581421
2024-03-06,3.54999995231628,3.5699999332428,3.48000001907349,3.50999999046326,19542500,3.48195600509644
2024-03-07,3.50999999046326,3.53999996185303,3.45000004768372,3.48000001907349,10281000,3.45219564437866
2024-03-08,3.45000004768372,3.54999995231628,3.45000004768372,3.48000001907349,10535000,3.45219564437866
2024-03-11,3.48000001907349,3.53999996185303,3.46000003814697,3.49000000953674,8463000,3.46211576461792
2024-03-12,3.5,3.54999995231628,3.48000001907349,3.51999998092651,8959100,3.49187612533569
2024-03-13,3.51999998092651,3.54999995231628,3.5,3.50999999046326,7059100,3.48195600509644
2024-03-14,3.50999999046326,3.52999997138977,3.47000002861023,3.5,5616300,3.47203612327576
2024-03-15,3.49000000953674,3.50999999046326,3.46000003814697,3.46000003814697,5753900,3.43235564231873
2024-03-18,3.48000001907349,3.49000000953674,3.4300000667572,3.47000002861023,10887500,3.44227576255798
2024-03-19,3.49000000953674,3.54999995231628,3.48000001907349,3.52999997138977,9642000,3.50179624557495
2024-03-20,3.53999996185303,3.65000009536743,3.51999998092651,3.60999989509583,10217300,3.58115696907043
2024-03-21,3.60999989509583,3.63000011444092,3.48000001907349,3.51999998092651,10717000,3.49187612533569
2024-03-22,3.5,3.5,3.39000010490417,3.41000008583069,15227900,3.39842438697815
2024-03-25,3.41000008583069,3.42000007629395,3.32999992370605,3.35999989509583,16337500,3.34859395027161
2024-03-26,3.34999990463257,3.35999989509583,3.20000004768372,3.25,29261600,3.23896741867065
2024-03-27,3.24000000953674,3.46000003814697,3.21000003814697,3.42000007629395,49731200,3.40839052200317
2024-03-28,3.42000007629395,3.61999988555908,3.41000008583069,3.53999996185303,28396200,3.52798295021057
2024-04-01,3.52999997138977,3.52999997138977,3.33999991416931,3.35999989509583,29549500,3.34859395027161
2024-04-02,3.35999989509583,3.35999989509583,3.29999995231628,3.33999991416931,15309000,3.32866191864014
2024-04-03,3.3199999332428,3.40000009536743,3.28999996185303,3.35999989509583,12562500,3.34859395027161
2024-04-04,3.35999989509583,3.49000000953674,3.3199999332428,3.35999989509583,24284700,3.34859395027161
2024-04-05,3.35999989509583,3.39000010490417,3.3199999332428,3.33999991416931,10350600,3.32866191864014
2024-04-08,3.33999991416931,3.38000011444092,3.3199999332428,3.35999989509583,15802900,3.34859395027161
2024-04-09,3.36999988555908,3.42000007629395,3.35999989509583,3.41000008583069,10843700,3.39842438697815
2024-04-10,3.41000008583069,3.42000007629395,3.25,3.27999997138977,21697200,3.26886558532715
2024-04-11,3.28999996185303,3.28999996185303,3.13000011444092,3.13000011444092,27462100,3.11937499046326
2024-04-12,3.11999988555908,3.16000008583069,3.07999992370605,3.09999990463257,20843400,3.08947658538818
2024-04-15,3.10999989509583,3.10999989509583,3,3,23803700,2.98981618881226
2024-04-16,2.99000000953674,3.01999998092651,2.92000007629395,2.95000004768372,23774700,2.93998599052429
2024-04-17,2.99000000953674,3.01999998092651,2.9300000667572,2.97000002861023,24606500,2.95991802215576
2024-04-18,2.99000000953674,3.01999998092651,2.88000011444092,2.9300000667572,30494700,2.92005395889282
2024-04-19,2.9300000667572,3.04999995231628,2.91000008583069,3.01999998092651,21842100,3.00974822044373
2024-04-22,3.02999997138977,3.14000010490417,2.99000000953674,3.11999988555908,16533100,3.10940861701965
2024-04-23,3.07999992370605,3.14000010490417,3.04999995231628,3.0699999332428,13604900,3.05957841873169
2024-04-24,3.07999992370605,3.10999989509583,3,3.04999995231628,14180500,3.03964638710022
2024-04-25,3.04999995231628,3.10999989509583,3.02999997138977,3.05999994277954,7841800,3.04961252212524
2024-04-26,3.0699999332428,3.10999989509583,3.03999996185303,3.0699999332428,7530900,3.05957841873169
2024-04-29,3.0699999332428,3.09999990463257,3.03999996185303,3.0699999332428,7119400,3.05957841873169
2024-04-30,3.05999994277954,3.08999991416931,3.02999997138977,3.05999994277954,7587500,3.04961252212524
2024-05-02,3.09999990463257,3.20000004768372,3.08999991416931,3.14000010490417,14952900,3.12934112548828
2024-05-03,3.19000005722046,3.27999997138977,3.17000007629395,3.23000001907349,24014400,3.21903538703918
2024-05-06,3.21000003814697,3.27999997138977,3.16000008583069,3.16000008583069,15719700,3.14927315711975
2024-05-07,3.20000004768372,3.21000003814697,3.16000008583069,3.20000004768372,8033300,3.18913722038269
2024-05-08,3.17000007629395,3.19000005722046,3.11999988555908,3.11999988555908,8449000,3.10940861701965
2024-05-09,3.08999991416931,3.09999990463257,3.02999997138977,3.0699999332428,10609200,3.05957841873169
2024-05-10,3.05999994277954,3.07999992370605,3,3.01999998092651,8506500,3.00974822044373
2024-05-13,3.01999998092651,3.04999995231628,2.96000003814697,2.98000001907349,14189800,2.96988415718079
2024-05-14,2.91000008583069,3.01999998092651,2.90000009536743,3,19375800,2.98981618881226
2024-05-15,3,3.02999997138977,2.97000002861023,3.02999997138977,12883800,3.01971435546875
2024-05-16,3.04999995231628,3.04999995231628,2.94000005722046,3.01999998092651,16088000,3.00974822044373
2024-05-17,3.01999998092651,3.01999998092651,2.97000002861023,2.97000002861023,7609200,2.95991802215576
2024-05-20,2.98000001907349,3.00999999046326,2.9300000667572,2.94000005722046,12231800,2.93001985549927
2024-05-21,2.94000005722046,2.97000002861023,2.90000009536743,2.9300000667572,15225000,2.92005395889282
2024-05-22,2.92000007629395,2.9300000667572,2.77999997138977,2.80999994277954,30207800,2.80046105384827
2024-05-23,2.80999994277954,2.83999991416931,2.75999999046326,2.82999992370605,20366100,2.82039308547974
2024-05-24,2.80999994277954,2.84999990463257,2.79999995231628,2.82999992370605,6912200,2.82039308547974
2024-05-27,2.83999991416931,2.94000005722046,2.83999991416931,2.90000009536743,11417300,2.89015579223633
2024-05-28,2.94000005722046,2.95000004768372,2.84999990463257,2.84999990463257,12568700,2.84032535552979
2024-05-29,2.84999990463257,2.91000008583069,2.8199999332428,2.86999988555908,16166600,2.86025738716125
2024-05-31,2.86999988555908,2.92000007629395,2.8199999332428,2.84999990463257,13170800,2.84032535552979
2024-06-03,2.85999989509583,2.89000010490417,2.79999995231628,2.79999995231628,12939000,2.79049515724182
2024-06-04,2.79999995231628,2.79999995231628,2.69000005722046,2.71000003814697,22310500,2.70080065727234
2024-06-05,2.69000005722046,2.76999998092651,2.65000009536743,2.72000002861023,29066900,2.71076679229736
2024-06-06,2.72000002861023,2.79999995231628,2.72000002861023,2.73000001907349,22876500,2.72073268890381
2024-06-07,2.70000004768372,2.74000000953674,2.67000007629395,2.70000004768372,12877000,2.69083452224731
2024-06-10,2.71000003814697,2.75999999046326,2.67000007629395,2.72000002861023,13665800,2.71076679229736
2024-06-11,2.72000002861023,2.8199999332428,2.72000002861023,2.79999995231628,15590700,2.79049515724182
2024-06-12,2.83999991416931,2.83999991416931,2.65000009536743,2.67000007629395,25194600,2.6609365940094
2024-06-13,2.6800000667572,2.8199999332428,2.6800000667572,2.79999995231628,20030500,2.79049515724182
2024-06-14,2.79999995231628,2.85999989509583,2.76999998092651,2.79999995231628,17345600,2.79049515724182
2024-06-17,2.77999997138977,2.80999994277954,2.72000002861023,2.77999997138977,12943300,2.77056288719177
2024-06-18,2.77999997138977,2.85999989509583,2.76999998092651,2.8199999332428,8335000,2.81042718887329
2024-06-19,2.80999994277954,2.80999994277954,2.75,2.79999995231628,9595200,2.79049515724182
2024-06-20,2.8199999332428,2.84999990463257,2.74000000953674,2.77999997138977,14372400,2.77056288719177
2024-06-21,2.75999999046326,2.89000010490417,2.75,2.89000010490417,29116900,2.8801896572113
2024-06-24,2.90000009536743,2.92000007629395,2.85999989509583,2.88000011444092,10720000,2.87022376060486
2024-06-25,2.88000011444092,2.90000009536743,2.82999992370605,2.86999988555908,8222000,2.86025738716125
2024-06-26,2.84999990463257,2.88000011444092,2.8199999332428,2.86999988555908,8831500,2.86025738716125
2024-06-27,2.88000011444092,2.99000000953674,2.86999988555908,2.98000001907349,12993000,2.96988415718079
2024-06-28,2.98000001907349,3,2.91000008583069,2.95000004768372,15255400,2.93998599052429
2024-07-01,2.95000004768372,3,2.94000005722046,2.98000001907349,14052700,2.96988415718079
2024-07-02,2.96000003814697,3.02999997138977,2.94000005722046,2.99000000953674,19768600,2.97985005378723
2024-07-03,3.00999999046326,3.05999994277954,3.00999999046326,3.00999999046326,9354100,2.99978232383728
2024-07-04,3.04999995231628,3.05999994277954,2.96000003814697,2.99000000953674,15373500,2.97985005378723
2024-07-05,3.00999999046326,3.09999990463257,3.00999999046326,3.07999992370605,15703400,3.06954455375671
2024-07-08,3.10999989509583,3.10999989509583,3.00999999046326,3.04999995231628,12219800,3.03964638710022
2024-07-09,3.04999995231628,3.0699999332428,3.01999998092651,3.02999997138977,11385000,3.01971435546875
2024-07-10,3.04999995231628,3.07999992370605,2.98000001907349,3.01999998092651,15804200,3.00974822044373
2024-07-11,3.02999997138977,3.11999988555908,3.00999999046326,3.09999990463257,19735600,3.08947658538818
2024-07-12,3.10999989509583,3.13000011444092,3.05999994277954,3.07999992370605,12600200,3.06954455375671
2024-07-15,3.08999991416931,3.11999988555908,3.0699999332428,3.08999991416931,6986800,3.07951068878174
2024-07-16,3.08999991416931,3.11999988555908,3.04999995231628,3.09999990463257,10904200,3.08947658538818
2024-07-17,3.0699999332428,3.20000004768372,3.0699999332428,3.1800000667572,22525000,3.16920518875122
2024-07-18,3.1800000667572,3.1800000667572,3.10999989509583,3.11999988555908,13601300,3.10940861701965
2024-07-19,3.11999988555908,3.16000008583069,3.05999994277954,3.05999994277954,11699900,3.04961252212524
2024-07-22,3.0699999332428,3.13000011444092,3.04999995231628,3.09999990463257,16965600,3.08947658538818
2024-07-23,3.07999992370605,3.09999990463257,3.02999997138977,3.03999996185303,18002900,3.0296802520752
2024-07-24,3.0699999332428,3.07999992370605,3.01999998092651,3.02999997138977,14536100,3.01971435546875
2024-07-25,3.02999997138977,3.07999992370605,3.01999998092651,3.0699999332428,11844100,3.05957841873169
2024-07-26,3.0699999332428,3.13000011444092,3.03999996185303,3.05999994277954,13300500,3.04961252212524
2024-07-29,3.04999995231628,3.07999992370605,2.99000000953674,3.00999999046326,14916000,2.99978232383728
2024-07-30,3.00999999046326,3.01999998092651,2.98000001907349,2.99000000953674,9309200,2.97985005378723
2024-07-31,3,3.03999996185303,2.98000001907349,2.99000000953674,20291400,2.97985005378723
2024-08-01,3.00999999046326,3.07999992370605,2.97000002861023,2.97000002861023,33714900,2.95991802215576
2024-08-02,2.98000001907349,3.01999998092651,2.92000007629395,2.95000004768372,14114900,2.93998599052429
2024-08-05,2.82999992370605,2.96000003814697,2.8199999332428,2.95000004768372,19898700,2.95000004768372
2024-08-06,2.95000004768372,3.10999989509583,2.92000007629395,3.03999996185303,25222500,3.03999996185303
2024-08-07,3.05999994277954,3.1800000667572,3.01999998092651,3.14000010490417,14324900,3.14000010490417
2024-08-08,3.14000010490417,3.20000004768372,3.13000011444092,3.16000008583069,14939900,3.16000008583069
2024-08-09,3.15000009536743,3.3199999332428,3.15000009536743,3.28999996185303,21070100,3.28999996185303
2024-08-12,3.27999997138977,3.34999990463257,3.27999997138977,3.30999994277954,13465500,3.30999994277954
2024-08-13,3.30999994277954,3.40000009536743,3.26999998092651,3.39000010490417,16080900,3.39000010490417
2024-08-14,3.34999990463257,3.34999990463257,3.1800000667572,3.25,30173100,3.25
2024-08-15,3.23000001907349,3.3199999332428,3.21000003814697,3.27999997138977,16365200,3.27999997138977
2024-08-16,3.28999996185303,3.3199999332428,3.25,3.29999995231628,15000500,3.29999995231628
2024-08-19,3.30999994277954,3.34999990463257,3.27999997138977,3.29999995231628,18287500,3.29999995231628
2024-08-20,3.30999994277954,3.30999994277954,3.24000000953674,3.29999995231628,13042400,3.29999995231628
2024-08-21,3.28999996185303,3.32999992370605,3.22000002861023,3.25,25056600,3.25
2024-08-22,3.25,3.27999997138977,3.20000004768372,3.24000000953674,14370300,3.24000000953674
2024-08-23,3.22000002861023,3.3199999332428,3.22000002861023,3.26999998092651,17499800,3.26999998092651
2024-08-26,3.25,3.3199999332428,3.20000004768372,3.29999995231628,13657200,3.29999995231628
2024-08-27,3.28999996185303,3.3199999332428,3.25999999046326,3.27999997138977,12921700,3.27999997138977
2024-08-28,3.26999998092651,3.28999996185303,3.21000003814697,3.26999998092651,11631600,3.26999998092651
2024-08-29,3.25999999046326,3.26999998092651,3.17000007629395,3.21000003814697,13161000,3.21000003814697
2024-08-30,3.19000005722046,3.22000002861023,3.15000009536743,3.21000003814697,12964900,3.21000003814697
2024-09-02,3.19000005722046,3.20000004768372,3.16000008583069,3.1800000667572,5522000,3.1800000667572
2024-09-03,3.17000007629395,3.19000005722046,3.11999988555908,3.11999988555908,8074600,3.11999988555908
2024-09-04,3.11999988555908,3.17000007629395,3.09999990463257,3.14000010490417,11117700,3.14000010490417
2024-09-05,3.14000010490417,3.1800000667572,3.11999988555908,3.14000010490417,11152600,3.14000010490417
2024-09-06,3.14000010490417,3.15000009536743,3.03999996185303,3.03999996185303,18739000,3.03999996185303
2024-09-09,3.03999996185303,3.04999995231628,2.98000001907349,3,8979100,3
2024-09-10,3,3,2.92000007629395,2.95000004768372,14109100,2.95000004768372
2024-09-11,2.95000004768372,3,2.94000005722046,2.99000000953674,11743600,2.99000000953674
2024-09-12,3,3.08999991416931,2.98000001907349,3.05999994277954,19973100,3.05999994277954
2024-09-13,3.07999992370605,3.14000010490417,3.05999994277954,3.08999991416931,13100000,3.08999991416931
2024-09-16,3.09999990463257,3.14000010490417,3.0699999332428,3.09999990463257,8655300,3.09999990463257
2024-09-17,3.08999991416931,3.1800000667572,3.0699999332428,3.15000009536743,14435100,3.15000009536743
2024-09-18,3.13000011444092,3.17000007629395,3.08999991416931,3.09999990463257,17521900,3.09999990463257
2024-09-19,3.13000011444092,3.14000010490417,3.0699999332428,3.0699999332428,7206400,3.0699999332428
2024-09-20,3.05999994277954,3.14000010490417,3.03999996185303,3.14000010490417,28750400,3.14000010490417
2024-09-23,3.14000010490417,3.14000010490417,3.03999996185303,3.03999996185303,23737500,3.03999996185303
2024-09-24,3.07999992370605,3.15000009536743,3.0699999332428,3.09999990463257,16486900,3.09999990463257
2024-09-25,3.10999989509583,3.11999988555908,3.01999998092651,3.03999996185303,14092400,3.03999996185303
2024-09-26,3.03999996185303,3.10999989509583,3.02999997138977,3.04999995231628,10502800,3.04999995231628
2024-09-27,3.04999995231628,3.20000004768372,3.03999996185303,3.16000008583069,29030200,3.16000008583069
2024-09-30,3.13000011444092,3.17000007629395,3.08999991416931,3.09999990463257,16445800,3.09999990463257
2024-10-01,3.10999989509583,3.17000007629395,3.08999991416931,3.10999989509583,14780800,3.10999989509583
2024-10-02,3.13000011444092,3.24000000953674,3.13000011444092,3.16000008583069,12512800,3.16000008583069
2024-10-03,3.14000010490417,3.15000009536743,3,3.05999994277954,19345600,3.05999994277954
2024-10-04,3.04999995231628,3.09999990463257,3.02999997138977,3.04999995231628,6918100,3.04999995231628
2024-10-07,3.05999994277954,3.0699999332428,3.00999999046326,3.03999996185303,9381800,3.03999996185303
2024-10-08,3.02999997138977,3.03999996185303,3.00999999046326,3.01999998092651,10704000,3.01999998092651
2024-10-09,3.00999999046326,3.01999998092651,2.96000003814697,2.98000001907349,11235800,2.98000001907349
2024-10-10,2.99000000953674,3.00999999046326,2.96000003814697,2.98000001907349,6296100,2.98000001907349
2024-10-11,2.97000002861023,2.98000001907349,2.89000010490417,2.95000004768372,11818200,2.95000004768372
2024-10-14,2.94000005722046,2.98000001907349,2.90000009536743,2.96000003814697,12104800,2.96000003814697
2024-10-15,2.96000003814697,3.01999998092651,2.95000004768372,3.00999999046326,10640600,3.00999999046326
2024-10-16,3.00999999046326,3.05999994277954,3,3.00999999046326,11776600,3.00999999046326
2024-10-17,3,3.00999999046326,2.92000007629395,2.96000003814697,9029500,2.96000003814697
2024-10-18,2.96000003814697,2.98000001907349,2.90000009536743,2.91000008583069,7113200,2.91000008583069
2024-10-21,2.9300000667572,2.9300000667572,2.88000011444092,2.88000011444092,11978200,2.88000011444092
2024-10-22,2.85999989509583,2.89000010490417,2.82999992370605,2.84999990463257,11828900,2.84999990463257
2024-10-23,2.83999991416931,2.88000011444092,2.79999995231628,2.86999988555908,15165900,2.86999988555908
2024-10-24,2.88000011444092,2.95000004768372,2.83999991416931,2.92000007629395,12679700,2.92000007629395
2024-10-25,2.9300000667572,2.97000002861023,2.8199999332428,2.82999992370605,16939300,2.82999992370605
2024-10-28,2.84999990463257,2.89000010490417,2.83999991416931,2.86999988555908,7054100,2.86999988555908
2024-10-29,2.88000011444092,2.89000010490417,2.80999994277954,2.82999992370605,12177900,2.82999992370605
