"RDOR3.SA.Open","RDOR3.SA.High","RDOR3.SA.Low","RDOR3.SA.Close","RDOR3.SA.Volume","RDOR3.SA.Adjusted"
66.3344116210938,67.3635482788086,65.7449035644531,66.5342407226562,3282948,62.2730331420898
66.7440643310547,67.4334869384766,66.1445693969727,67.1936874389648,2830870,62.8902244567871
67.0238342285156,70.8306427001953,66.9938583374023,69.7415542602539,3838013,65.2749252319336
69.7315673828125,71.4201507568359,68.2528076171875,68.2528076171875,9740255,63.881519317627
66.9538955688477,67.3835296630859,65.7449035644531,66.1245880126953,2001776,61.8896141052246
66.6441497802734,67.2536392211914,66.0146789550781,67.24365234375,1743960,62.9370002746582
67.4334869384766,68.1628799438477,66.9439010620117,68.0829467773438,859119,63.7225494384766
68.4426422119141,68.6125030517578,67.3435668945312,67.9430618286133,1377453,63.591625213623
67.9430618286133,68.1428985595703,67.4434814453125,67.9430618286133,968110,63.591625213623
67.9530563354492,68.2428131103516,66.6441497802734,68.2428131103516,1305192,63.8721694946289
68.4925994873047,68.4925994873047,65.6449890136719,65.9447402954102,1353533,61.7212715148926
65.9447402954102,66.434326171875,63.4967880249023,65.0454940795898,1236034,61.0008392333984
65.0554809570312,65.1653900146484,62.3177757263184,62.3477516174316,1224225,58.4708480834961
62.3577423095703,63.3269309997559,60.4493446350098,60.8989677429199,1920908,57.1121520996094
61.5484237670898,63.0071983337402,60.9589157104492,62.1778945922852,2331151,58.3115577697754
62.1379280090332,62.8972930908203,59.5700798034668,61.1887245178223,3476110,57.3838958740234
61.4485054016113,64.9455718994141,60.0097122192383,64.1162719726562,2695256,60.1294059753418
63.9464111328125,66.2944412231445,62.9772262573242,66.2944412231445,2332352,62.1721229553223
66.16455078125,67.4035186767578,65.9946975708008,67.043815612793,1954436,62.8749046325684
67.043815612793,67.9430618286133,65.5450744628906,67.3435668945312,1459021,63.1560134887695
67.24365234375,68.3227462768555,65.4551467895508,67.1936874389648,3533858,63.0154609680176
67.6832809448242,68.8722839355469,66.9538955688477,67.843147277832,2202344,63.6245384216309
68.2528076171875,68.9422225952148,67.643310546875,67.9430618286133,2119574,63.7182464599609
67.9330749511719,68.6424789428711,66.8239974975586,67.8631286621094,1763676,63.6432876586914
67.24365234375,67.9130859375,65.8448257446289,67.24365234375,1626862,63.0623245239258
67.24365234375,67.9130859375,65.4651412963867,66.3344116210938,1401473,62.2096138000488
66.6041870117188,66.6041870117188,63.0471649169922,63.8365058898926,2672437,59.8670349121094
63.9464111328125,65.1354141235352,63.546745300293,64.95556640625,1762575,60.9165077209473
64.5858764648438,66.8239974975586,63.546745300293,65.6449890136719,2215655,61.5630645751953
66.9439010620117,67.9430618286133,66.0646362304688,67.7432327270508,1905095,63.5308303833008
67.9730377197266,69.6816024780273,67.643310546875,68.4925994873047,2230667,64.2335968017578
68.5825271606445,70.9405517578125,68.3027648925781,70.9405517578125,3830607,66.5293426513672
71.0904235839844,73.428466796875,70.470947265625,73.3385391235352,4126354,68.7782211303711
73.4384613037109,74.837287902832,72.1795120239258,74.837287902832,2781228,70.1837692260742
74.837287902832,74.8872451782227,73.2985763549805,73.4384613037109,2138390,68.8719177246094
72.9288864135742,74.4975738525391,71.5900039672852,74.1878280639648,2660127,69.5746841430664
74.1878280639648,74.1878280639648,71.6899261474609,72.5392150878906,1813218,68.0285949707031
72.5392150878906,73.6183090209961,71.0005035400391,72.2994155883789,7591756,67.8037033081055
71.8298034667969,73.8980712890625,71.4501266479492,73.7382049560547,1295584,69.1530380249023
73.9380416870117,74.9372024536133,72.5791778564453,73.6183090209961,1187994,69.0405883789062
73.9879989624023,74.0779190063477,71.5200653076172,71.9397125244141,1150363,67.4663772583008
71.2702713012695,73.2186431884766,71.2602844238281,72.9588623046875,685173,68.4221572875977
71.4301376342773,71.9197311401367,67.7432327270508,70.9005813598633,1776787,66.4918518066406
71.4401321411133,72.888916015625,69.331901550293,72.4392929077148,1706328,67.9348907470703
72.8389587402344,72.9188919067383,70.7307281494141,72.6691055297852,1060888,68.1503982543945
73.4384613037109,73.8281326293945,70.0313110351562,70.7806854248047,1651983,66.3794174194336
71.6399612426758,71.9297256469727,69.0421447753906,69.0421447753906,1784293,64.7489852905273
69.7415542602539,72.3793487548828,69.4617919921875,70.1612014770508,1423491,65.798454284668
69.8115005493164,70.7107467651367,68.4626312255859,69.1720352172852,2089249,64.8707962036133
69.4917678833008,70.131233215332,66.9439010620117,67.9930191040039,2882113,63.7650909423828
68.112922668457,68.8423080444336,65.9747161865234,67.8631286621094,2507299,63.6432876586914
67.8331527709961,67.843147277832,64.5359191894531,66.4243392944336,2794139,62.2939529418945
65.8847885131836,65.8847885131836,61.958080291748,62.1079521179199,3243215,58.2459716796875
62.9472503662109,63.6666488647461,60.3594169616699,60.849006652832,2315438,57.065299987793
61.4485054016113,62.5575752258301,59.7199554443359,59.9497604370117,1903593,56.2219696044922
61.9480857849121,63.516773223877,60.4693260192871,62.9472503662109,4639184,59.033073425293
62.7873840332031,64.3660583496094,61.9680709838867,62.4476661682129,1233833,58.5645599365234
62.7673988342285,64.6458282470703,62.5875511169434,63.9264297485352,732213,59.9513664245605
63.9464111328125,65.1953659057617,63.9264297485352,65.1154327392578,765140,61.0664367675781
64.3061141967773,65.1354141235352,62.8473320007324,63.6266784667969,2111467,59.6702537536621
63.6266784667969,64.8156814575195,61.4385147094727,62.4676513671875,1289980,58.5833053588867
62.3577423095703,63.8464965820312,62.1978797912598,63.7066116333008,1996972,59.7452201843262
63.6966209411621,64.5958709716797,61.7382621765137,63.0871315002441,847809,59.1642570495605
62.7374267578125,62.7474174499512,61.7182807922363,62.0979614257812,1703126,58.2366027832031
62.4976272583008,62.4976272583008,60.4793167114258,60.549259185791,1476436,56.7841987609863
61.0988006591797,62.5275993347168,59.9997215270996,62.4476661682129,3066367,58.5645599365234
62.1179466247559,62.7374267578125,60.9689064025879,61.7482528686523,1168978,57.908634185791
61.4485054016113,61.8681526184082,60.24951171875,61.2886390686035,1164374,57.4775924682617
60.9489250183105,63.2270164489746,60.6092071533203,62.9372596740723,2170517,59.0237045288086
63.3369216918945,64.8556518554688,62.4077033996582,64.8556518554688,2249983,60.8228073120117
63.8564872741699,66.4443206787109,63.8564872741699,64.2761383056641,1826429,60.3490562438965
64.2661437988281,65.4451522827148,62.6574935913086,64.7157669067383,1702425,60.7618293762207
65.8947830200195,67.2536392211914,65.4051895141602,66.5042724609375,2081142,62.4410514831543
67.4434814453125,68.3327407836914,66.6941070556641,67.5034332275391,1547896,63.3791732788086
67.9330749511719,67.9430618286133,66.1445693969727,66.1445693969727,1091614,62.103328704834
65.9447402954102,66.4643020629883,64.9455718994141,65.8747940063477,1141956,61.8500480651855
66.6441497802734,69.1720352172852,66.6441497802734,68.9422225952148,2210550,64.7300567626953
68.7423934936523,70.9405517578125,68.1029281616211,69.5717010498047,2530919,65.3210678100586
69.5717010498047,70.8905944824219,69.2119979858398,69.4418106079102,2227665,65.1991348266602
69.4517974853516,70.0413055419922,68.7423934936523,69.2419738769531,1514868,65.0115051269531
69.6416397094727,69.9413909912109,68.792350769043,69.9413909912109,728710,65.6681823730469
69.5816879272461,69.8314819335938,68.8423080444336,69.5217437744141,951396,65.2741851806641
69.4218215942383,69.8115005493164,68.1229095458984,68.7723693847656,1983760,64.5705795288086
68.45263671875,69.9413909912109,66.6941070556641,67.4434814453125,1729247,63.3228912353516
67.843147277832,69.3518829345703,67.2536392211914,69.2919311523438,1036968,65.0584030151367
68.9322357177734,70.2611236572266,68.0729522705078,69.3618774414062,1270964,65.1240615844727
69.5717010498047,69.591682434082,67.7632141113281,68.5825271606445,1719039,64.3923416137695
68.5825271606445,70.1412200927734,67.9530563354492,69.2119979858398,1514167,64.9833374023438
69.2119979858398,69.9214019775391,68.8223266601562,69.4418106079102,1291781,65.1991348266602
69.4418106079102,71.8397979736328,68.9122543334961,71.8397979736328,2721478,67.4505996704102
71.5700225830078,71.5999984741211,68.9921875,69.5417251586914,1670298,65.2929382324219
69.5317306518555,69.5317306518555,68.2827758789062,68.6924362182617,1210713,64.4955368041992
68.9422225952148,69.8714447021484,67.9530563354492,69.5417251586914,1335518,65.2929382324219
69.7415542602539,71.5300598144531,69.1420593261719,70.8406372070312,2403012,66.5124816894531
71.140380859375,72.4392929077148,70.0113296508789,71.5300598144531,2010583,67.159797668457
71.9397125244141,73.2885818481445,71.609992980957,72.3393783569336,1437203,67.9196701049805
71.3502044677734,72.8389587402344,70.7507095336914,71.5800170898438,971513,67.2066879272461
73.9380416870117,74.9172210693359,72.1495361328125,72.1495361328125,8001199,67.7414169311523
72.1495361328125,73.4084854125977,70.6807708740234,72.9188919067383,1319004,68.4637832641602
73.1287155151367,73.758186340332,72.279426574707,73.6382904052734,1211414,69.1392059326172
74.1378707885742,75.9363632202148,74.1378707885742,75.9363632202148,3154541,71.296875
75.8099975585938,76.4100036621094,70.0999984741211,71.9000015258789,5818800,67.5071182250977
70.4700012207031,72.379997253418,69,72.0800018310547,3483600,67.6761245727539
72.0800018310547,74.4400024414062,72.0800018310547,73.7200012207031,2074900,69.215934753418
74.1999969482422,74.9800033569336,73.3600006103516,74.4000015258789,1710900,69.8544006347656
74.8000030517578,75.6600036621094,72.4400024414062,73.1500015258789,2201700,68.6807403564453
73.1399993896484,74.6999969482422,72.6800003051758,73.8899993896484,1544600,69.3755416870117
74.9000015258789,74.9000015258789,72.5,73.5,2795000,69.0093688964844
72,72,70.1999969482422,71,27879800,66.6621322631836
71.8199996948242,71.8199996948242,69.8499984741211,71,3681500,66.6621322631836
71,71.3899993896484,70.1100006103516,70.2200012207031,1346200,65.9297637939453
70.9700012207031,70.9700012207031,68.0199966430664,68.5699996948242,4030800,64.3805847167969
68.8399963378906,69.8099975585938,68.2799987792969,69.2699966430664,3011400,65.0378189086914
69.3000030517578,69.9700012207031,68.75,69,2006300,64.784309387207
68.9499969482422,69.2799987792969,66.7699966430664,68.5,3491800,64.3148574829102
68.5100021362305,69,67.4100036621094,69,1637000,64.784309387207
68.9899978637695,69.7600021362305,68.5500030517578,68.9400024414062,1350700,64.7279663085938
69,70.0699996948242,68.1500015258789,70.0699996948242,1227600,65.7889404296875
69.9100036621094,69.9100036621094,68.9700012207031,69.7099990844727,984600,65.4509201049805
69.7399978637695,70.0500030517578,68.6800003051758,69.4499969482422,1573800,65.2068023681641
69.6100006103516,69.75,67.8199996948242,68.2300033569336,1452700,64.0613555908203
68.5500030517578,68.7300033569336,67.5800018310547,68.3199996948242,1788000,64.1458511352539
68.4000015258789,68.8600006103516,67.9499969482422,68.5100021362305,1547200,64.3242416381836
68.4899978637695,68.620002746582,66.9400024414062,66.9400024414062,4105500,62.8501625061035
67.0800018310547,67.5800018310547,66.5,66.9000015258789,1918000,62.8126068115234
67,69.8000030517578,66.6500015258789,69.75,1713900,65.4884796142578
69.3600006103516,69.6800003051758,68.3300018310547,68.8000030517578,1114000,64.5965347290039
69.3600006103516,69.5299987792969,67.7200012207031,68.1900024414062,1644800,64.0237884521484
68.4599990844727,69.8099975585938,67.4000015258789,68.6699981689453,2028100,64.5494842529297
68.8000030517578,69.5800018310547,67.9899978637695,69.4400024414062,1034400,65.2732772827148
69.3099975585938,69.5899963378906,68.0299987792969,69.4499969482422,1569800,65.2826690673828
69.3000030517578,69.5,67.7300033569336,69.0299987792969,1981700,64.8878784179688
69.4199981689453,70.5,68.2600021362305,69.3199996948242,2142900,65.1604843139648
69.75,71.4000015258789,68.8499984741211,71.4000015258789,1556000,67.1156692504883
71.0999984741211,71.7099990844727,70.5,70.7200012207031,1142200,66.4764785766602
70.5999984741211,70.6100006103516,69.5500030517578,69.8600006103516,1893600,65.6680755615234
70.0800018310547,70.9400024414062,69.4599990844727,70.9300003051758,1246600,66.6738662719727
69.9000015258789,70.629997253418,69.5999984741211,70.5999984741211,1150000,66.3636627197266
70.5999984741211,71.0999984741211,69.6900024414062,69.9499969482422,1434600,65.7526702880859
69.9499969482422,70.379997253418,69.0299987792969,69.8000030517578,1308100,65.6116790771484
69.8099975585938,70.620002746582,68.7600021362305,69.9899978637695,2300200,65.7902755737305
69.9899978637695,70,68.370002746582,68.8600006103516,1788500,64.7280731201172
69.370002746582,69.9800033569336,68.2900009155273,68.5500030517578,1395600,64.4366912841797
68.370002746582,68.370002746582,66.7300033569336,66.8499984741211,1419200,62.8386764526367
67.1999969482422,67.5,65.4899978637695,66.6800003051758,2157200,62.678882598877
66.8399963378906,67.8199996948242,65.8399963378906,66.2699966430664,1811700,62.2934875488281
66.5,69.9199981689453,66.0899963378906,69.9199981689453,3301200,65.7244720458984
69.4499969482422,69.4499969482422,68.5800018310547,69.1999969482422,1145300,65.0476760864258
69.0599975585938,69.2300033569336,66.6999969482422,67.129997253418,1679100,63.101879119873
67.2399978637695,67.3600006103516,65.7099990844727,67.3600006103516,1468200,63.3180847167969
67.3899993896484,67.7300033569336,66.4199981689453,67.7200012207031,1537600,63.6564788818359
68,69.6500015258789,67.4000015258789,69.4100036621094,1755000,65.2450714111328
68.6999969482422,69.7900009155273,67.7300033569336,69,2459200,64.8596801757812
69.3099975585938,70.4700012207031,69.0999984741211,70.25,1566600,66.0346755981445
70.4000015258789,71.6900024414062,69.2799987792969,71.6900024414062,1746700,67.3882675170898
73,73,69.2099990844727,70.4800033569336,3771900,66.2508773803711
71,71.0899963378906,69.5,70.3300018310547,2028200,66.1098709106445
70.5,70.5500030517578,68.7900009155273,69.8899993896484,1777700,65.6962661743164
69.6999969482422,70.8000030517578,69.0500030517578,69.7200012207031,2702100,65.5364761352539
69.7399978637695,70.6800003051758,69.5699996948242,69.9400024414062,1799500,65.7432708740234
70.129997253418,70.129997253418,68.4400024414062,69.9300003051758,2474500,65.7338790893555
69.9599990844727,73.5800018310547,69.9199981689453,73.5,7066200,69.0896530151367
73,73.9700012207031,72.2300033569336,73,3207300,68.6196517944336
72.8899993896484,73.9100036621094,71.4499969482422,73,4768900,68.6196517944336
73.5,73.8600006103516,70.7799987792969,72.379997253418,4195600,68.036865234375
72.1699981689453,74.1399993896484,70.4100036621094,73.379997253418,2696200,68.9768447875977
72.1999969482422,73.8000030517578,72.0599975585938,73.4599990844727,2710600,69.0520401000977
73,75.7600021362305,72.7699966430664,75.6999969482422,2082900,71.1576385498047
75.4899978637695,76.9300003051758,75.4599990844727,75.8399963378906,3164300,71.2892456054688
75.4800033569336,77.3000030517578,75.3600006103516,76.25,2259200,71.6746368408203
75.4899978637695,76.9700012207031,75.120002746582,76.2399978637695,3077300,71.6652297973633
75.5699996948242,76.5,73.8000030517578,74.5400009155273,4241000,70.067253112793
74.7600021362305,76.2699966430664,73.8199996948242,75.7600021362305,4195700,71.2140579223633
76.0299987792969,76.0299987792969,73.0400009155273,73.3000030517578,5559700,68.9016571044922
70,70.3899993896484,68.8199996948242,68.8199996948242,65798400,64.6904678344727
68.9800033569336,69.3300018310547,67.2300033569336,68,4332800,63.919677734375
68.4400024414062,70,68,68.9800033569336,5704400,64.8408737182617
69.620002746582,69.8499984741211,68.1100006103516,68.5,18240700,64.3896713256836
68.6999969482422,71.3199996948242,68.6999969482422,71.3199996948242,5922600,67.0404739379883
71.1999969482422,71.25,69.0599975585938,70,5430300,65.799674987793
69.8600006103516,70.9499969482422,68.7099990844727,70.8099975585938,4354800,66.5610809326172
70.0100021362305,70.2200012207031,68,68,3037300,64.9095687866211
69.1999969482422,70.9499969482422,68.1900024414062,70.5,4136100,67.2959671020508
70.2600021362305,71.3399963378906,69.9700012207031,70.3000030517578,3269200,67.1050491333008
70.6500015258789,70.6500015258789,68.9499969482422,69.6600036621094,2439500,66.4941329956055
69.6600036621094,71.1900024414062,68.7900009155273,69.9300003051758,2647700,66.7518615722656
69.8399963378906,70.0999984741211,68.2399978637695,69.0400009155273,15349000,65.9023056030273
68.75,68.8399963378906,65.5999984741211,67.6999969482422,4069300,64.6231918334961
67.5800018310547,70.25,67.4000015258789,69.3199996948242,2224000,66.1695861816406
69.0999984741211,69.3000030517578,67.8099975585938,68.8399963378906,3691400,65.7113952636719
69,69.5500030517578,67.7600021362305,69.5500030517578,2349800,66.3891296386719
68.5400009155273,69.3899993896484,68.2399978637695,69.0500030517578,2122600,65.9118576049805
69.379997253418,69.379997253418,66.8199996948242,67.7699966430664,2863800,64.6900177001953
66.9700012207031,67.3899993896484,65.8499984741211,66.6900024414062,2250800,63.6591186523438
66.620002746582,67.6699981689453,66.1600036621094,66.879997253418,1810700,63.8404655456543
67.5,68.25,66.5699996948242,67.9100036621094,3106500,64.8236618041992
67.9100036621094,68.8300018310547,67.3399963378906,68.6100006103516,1653400,65.4918518066406
67.4499969482422,67.8899993896484,66.4100036621094,67.0999984741211,3291600,64.0504837036133
67.0999984741211,67.4499969482422,66.120002746582,66.4199981689453,1952900,63.4013786315918
66,67.3000030517578,65,67.0299987792969,2788300,63.9836654663086
66.2799987792969,67.0299987792969,65.5100021362305,65.5100021362305,1714000,62.5327415466309
65.9899978637695,67.6900024414062,65.5800018310547,66.4800033569336,2018200,63.4586563110352
65.9300003051758,66.5,64.7200012207031,64.7200012207031,1805100,61.7786407470703
64.8099975585938,66.4899978637695,64.7200012207031,66.0500030517578,3435300,63.0481986999512
66.0899963378906,66.25,64.9899978637695,65.7699966430664,1852800,62.7809143066406
65.9000015258789,66.9100036621094,65.0999984741211,65.6900024414062,2231500,62.7045631408691
65.0199966430664,66.0100021362305,64.6600036621094,65.3499984741211,1658600,62.3800086975098
65.3399963378906,65.3399963378906,62.8400001525879,63.5900001525879,2344100,60.6999969482422
63.5999984741211,64.2600021362305,63.2200012207031,63.4099998474121,1686200,60.5281791687012
62.8699989318848,62.8800010681152,60.0200004577637,61.25,4561100,58.4663505554199
60.060001373291,61.4300003051758,58,60.8800010681152,4653800,58.1131591796875
60.9599990844727,63.25,60.3400001525879,63,2997400,60.1368141174316
62.5099983215332,62.810001373291,59.7000007629395,60.3499984741211,3441600,57.6072387695312
60.5999984741211,61.810001373291,60.1599998474121,60.6100006103516,1512000,57.8554267883301
60.3300018310547,61.2200012207031,58.9500007629395,59.5,2455900,56.7958793640137
59.810001373291,60.5,58.8699989318848,59,2846900,56.3186073303223
58.4700012207031,59.5200004577637,58.25,58.9900016784668,3149800,56.3090553283691
58.5499992370605,62.7000007629395,58.4099998474121,62.2999992370605,2969900,59.4686317443848
61.6199989318848,61.7000007629395,57.2000007629395,57.2099990844727,5696600,54.6099510192871
57.3400001525879,59.2999992370605,57.3300018310547,57.6100006103516,1766600,54.9917755126953
57.2400016784668,58.7200012207031,56.5200004577637,58,1339600,55.3640556335449
58.1199989318848,59.6100006103516,57.7000007629395,57.9300003051758,1565900,55.2972297668457
58.0200004577637,58.9599990844727,57.5400009155273,57.5400009155273,1714700,54.9249572753906
58.1800003051758,59.2099990844727,56.939998626709,57.9900016784668,2072700,55.3545074462891
57.8600006103516,58.9099998474121,56.6300010681152,56.8499984741211,1528400,54.2663078308105
57.1199989318848,57.3800010681152,54.2099990844727,54.7000007629395,2285300,52.2140274047852
55.5,55.939998626709,54.2400016784668,54.5200004577637,1961800,52.0422058105469
54.5200004577637,56.5699996948242,54.5200004577637,54.75,1867100,52.2617530822754
54.439998626709,57.0900001525879,54.439998626709,55.7000007629395,2137400,53.168571472168
55.7599983215332,56.2000007629395,54.0200004577637,54.0200004577637,1668000,51.5649299621582
54.2700004577637,54.2700004577637,52.1699981689453,53.8300018310547,1772700,51.3835678100586
53.3499984741211,53.7099990844727,51.9700012207031,52.1500015258789,2471600,49.7799224853516
52.2400016784668,52.5699996948242,51.3499984741211,52,2014400,49.6367340087891
51.25,52.9799995422363,50.7900009155273,50.7900009155273,2165100,48.4817237854004
51.2000007629395,52.7200012207031,50.8699989318848,51.25,1772600,48.9208145141602
51.25,51.6399993896484,48.75,50.1699981689453,4396900,47.8899002075195
50.5299987792969,50.9900016784668,47.560001373291,48.0099983215332,3166800,45.8280639648438
49.2799987792969,49.2799987792969,47.2299995422363,48.6399993896484,2593100,46.4294357299805
48.25,50.4900016784668,48.25,49.3199996948242,2232300,47.0785293579102
50.1100006103516,50.1199989318848,47.25,47.7299995422363,3554400,45.560791015625
48.0299987792969,49.2000007629395,47.5,49.2000007629395,2463200,46.9639854431152
49.6199989318848,49.8400001525879,48.75,49.560001373291,1535600,47.3076248168945
48.9000015258789,49.2700004577637,47.8499984741211,48.7299995422363,1765800,46.5153465270996
48.7999992370605,50.2200012207031,48.7900009155273,50.2200012207031,1599800,47.9376335144043
50.2700004577637,51.2900009155273,48.9500007629395,48.9500007629395,2594600,46.7253494262695
49.3499984741211,49.9099998474121,47.1500015258789,47.3300018310547,1795600,45.1789703369141
47.4099998474121,47.7700004577637,46.3199996948242,46.9199981689453,2990800,44.7876052856445
47.2099990844727,48.0499992370605,45.6199989318848,45.9700012207031,3112700,43.8807907104492
45.9000015258789,47.0800018310547,44.2999992370605,45.9700012207031,6512600,43.8807907104492
45.5800018310547,46.0999984741211,44.9700012207031,45.2000007629395,2089600,43.234546661377
45.2000007629395,45.689998626709,44.7599983215332,45.3199996948242,1125000,43.3493270874023
44.9599990844727,45.4700012207031,42.6500015258789,42.75,3442100,40.8910789489746
42.75,43.1199989318848,42.2999992370605,42.6599998474121,1986200,40.8049964904785
43.0800018310547,44.939998626709,43,44.7200012207031,2746500,42.7754249572754
44.7999992370605,45.9000015258789,44.5699996948242,45.8400001525879,2749500,43.8467178344727
46,46.2299995422363,44.2200012207031,44.3499984741211,1940100,42.4215126037598
45.2599983215332,45.7999992370605,44.5,44.8300018310547,9262800,42.8806381225586
44.7599983215332,45.439998626709,43.2400016784668,43.9799995422363,3004000,42.0676002502441
43.9799995422363,44.0999984741211,42.5,42.9000015258789,1911600,41.0345611572266
42.9000015258789,42.939998626709,40,40,3681800,38.2606620788574
40.060001373291,41.0800018310547,39.1599998474121,40.4300003051758,9113400,38.6719627380371
40.7999992370605,41.6199989318848,40.0999984741211,41.1599998474121,13981900,39.3702201843262
41,41.310001373291,39.0400009155273,39.4700012207031,2610800,37.7537040710449
39.2999992370605,41.0800018310547,39.25,40.810001373291,3010000,39.0354423522949
40.8300018310547,41.5,40.2299995422363,41.2000007629395,3070600,39.4084815979004
41.2000007629395,43.4500007629395,39.2400016784668,41.4000015258789,7629800,39.599781036377
41.5400009155273,41.6100006103516,39.5099983215332,41,3829700,39.2171745300293
40.4799995422363,40.7099990844727,39.3300018310547,39.5900001525879,2031800,37.8684921264648
39.4500007629395,39.4700012207031,37.6599998474121,38.9000015258789,3365500,37.2084884643555
39.3899993896484,40.8300018310547,38.9199981689453,40.1399993896484,2960800,38.3945732116699
40.3899993896484,42.5999984741211,40.1800003051758,41.25,3335500,39.4563102722168
41.0400009155273,42.1599998474121,40.4500007629395,41.7999992370605,3041700,39.9823913574219
42.2599983215332,42.2799987792969,40.1399993896484,40.6100006103516,2660400,38.8441390991211
39.9599990844727,42.7299995422363,39.8300018310547,42.2599983215332,3328800,40.4223937988281
43,44.5699996948242,42.689998626709,43.8400001525879,4780600,41.9336853027344
44.3199996948242,44.4599990844727,42.7599983215332,44.0099983215332,3125000,42.0962944030762
42.8400001525879,44.8499984741211,42.810001373291,43.9900016784668,2128800,42.0771636962891
43.7999992370605,44.9900016784668,43.689998626709,44.3199996948242,2357100,42.3928184509277
44.7000007629395,45.6500015258789,43.5499992370605,45.189998626709,3647700,43.2249794006348
45.2599983215332,47.2700004577637,45.2599983215332,45.5900001525879,3037400,43.6075859069824
45.5800018310547,46.8499984741211,45.3499984741211,46.1300010681152,3435000,44.1241035461426
45.75,46.1100006103516,44.4000015258789,45.7200012207031,3919700,43.7319374084473
45.8199996948242,47.5,45.3400001525879,45.8899993896484,3617000,43.8945350646973
45.9000015258789,46.4900016784668,45,45.8400001525879,3004900,43.8467178344727
46.9599990844727,47.5999984741211,46.2999992370605,47.5,3501800,45.4345359802246
47.6100006103516,48.1100006103516,46.7099990844727,47.5800018310547,3630200,45.5110549926758
47.9799995422363,48.560001373291,47.1500015258789,47.6100006103516,3517600,45.5397529602051
47.75,48.25,47.25,47.75,2418400,45.6736640930176
48.5200004577637,50.2099990844727,47.9500007629395,50.0400009155273,4603400,47.864086151123
49.7700004577637,50.8699989318848,49.2999992370605,50.5400009155273,2698700,48.3423500061035
50.4000015258789,50.5800018310547,49.5699996948242,50.1599998474121,2647900,47.9788703918457
50.2999992370605,50.3699989318848,49.689998626709,50.0299987792969,3172600,47.8545150756836
50.3699989318848,50.3699989318848,48.5900001525879,49.0200004577637,1640000,46.8884429931641
49.7000007629395,51.4000015258789,48.9900016784668,51,3276800,48.7823486328125
51.1300010681152,55.5,50.0900001525879,55.5,4984700,53.0866661071777
55,55.7700004577637,49.560001373291,51.25,15454900,49.0214691162109
50.5099983215332,51.6699981689453,49.7999992370605,51,12307000,48.7823486328125
50.7400016784668,52.6399993896484,50.4900016784668,51.8899993896484,5665200,49.6336441040039
51.1199989318848,52.3400001525879,50.439998626709,51.3499984741211,6527000,49.1171264648438
51.3300018310547,51.439998626709,50.3499984741211,51.2999992370605,7281900,49.0692977905273
50.2900009155273,51.9799995422363,49.6199989318848,51.9799995422363,9550200,49.7197265625
51.4000015258789,52.2999992370605,51.1500015258789,51.6800003051758,5317100,49.4327774047852
51.939998626709,53.6300010681152,51.6399993896484,52.3800010681152,4556000,50.1023406982422
51.1100006103516,51.939998626709,50.5,51.2700004577637,2305000,49.040599822998
51.5400009155273,52.3199996948242,50.6300010681152,51.0900001525879,2409600,48.8684310913086
52.5,52.5,50.2999992370605,50.3699989318848,2157000,48.1797409057617
50.1699981689453,51.1399993896484,49.6199989318848,51.1399993896484,4800700,48.9162521362305
51.2599983215332,52.4000015258789,50.5900001525879,52.0099983215332,3467600,49.7484245300293
51.9199981689453,52.1599998474121,51.1300010681152,51.7999992370605,3644100,49.5475578308105
51.4099998474121,52.7099990844727,51.4099998474121,51.9000015258789,6181600,49.6432151794434
52.310001373291,52.310001373291,50.7200012207031,51.25,2727400,49.0214691162109
51.75,52.5099983215332,51.2400016784668,52.2900009155273,2866400,50.0162506103516
52.060001373291,52.8400001525879,51.6100006103516,52.439998626709,1494900,50.1597290039062
52.439998626709,53.5200004577637,52.0200004577637,52.4300003051758,2386300,50.1501655578613
52.7400016784668,53.1599998474121,52.2000007629395,52.2599983215332,2185500,49.9875450134277
52.4500007629395,52.5800018310547,51.5400009155273,51.6100006103516,1413900,49.3658180236816
52.9900016784668,53.1800003051758,51.189998626709,51.5,2958700,49.2605972290039
52.0099983215332,52.0200004577637,49.4599990844727,49.7799987792969,5459600,47.6153907775879
49.5,50.9500007629395,49.5,49.9000015258789,2289100,47.7301788330078
50.3199996948242,50.9599990844727,49.7999992370605,50.5299987792969,3333300,48.524284362793
50.4900016784668,51.4199981689453,50.1500015258789,50.9599990844727,2175500,48.9372138977051
50.9799995422363,50.9799995422363,49.75,49.8899993896484,2074600,47.9096908569336
49.3899993896484,49.8300018310547,48.0099983215332,48.5800018310547,3904200,46.6516876220703
48.2599983215332,48.4900016784668,47.3800010681152,47.5800018310547,2288400,45.6913795471191
47.0699996948242,47.3400001525879,46.0999984741211,46.6599998474121,1445700,44.8079032897949
46.1399993896484,46.1399993896484,45.1599998474121,45.4199981689453,2426100,43.6171188354492
46,46.2200012207031,44.5299987792969,44.7200012207031,3363500,42.9449081420898
44.9000015258789,45.2400016784668,43.0800018310547,43.9300003051758,5161500,42.1862602233887
43.6800003051758,43.9799995422363,42.0200004577637,42.4700012207031,3253500,40.7842178344727
42.0299987792969,42.8800010681152,41.8400001525879,42.439998626709,4195700,40.7554016113281
41.9599990844727,43.0299987792969,41.8199996948242,42.5900001525879,2432300,40.8994598388672
42.5900001525879,43.2000007629395,41.5099983215332,41.5999984741211,2720400,39.9487419128418
40.7900009155273,41.2599983215332,39.6300010681152,40.2999992370605,2856800,38.7003517150879
39.7999992370605,41.3899993896484,39.6800003051758,40.8300018310547,4145500,39.2093086242676
39.7299995422363,40.25,38.9799995422363,39.6699981689453,4253000,38.0953521728516
39.5699996948242,40.189998626709,39.3800010681152,39.5,4537400,37.9321022033691
39.0499992370605,39.4799995422363,38.5900001525879,38.6599998474121,5166400,37.1254463195801
39.189998626709,39.6699981689453,36.5800018310547,36.7299995422363,12623100,35.2720565795898
36.1399993896484,36.75,35.25,35.9300003051758,3436700,34.5038146972656
35.8499984741211,37.0299987792969,35.1800003051758,35.8899993896484,3448900,34.4653968811035
35.6399993896484,37.75,34.9199981689453,37.4500007629395,6328000,35.9634742736816
37.3400001525879,37.3499984741211,34.8499984741211,35.6300010681152,4375900,34.2157211303711
35.5499992370605,35.5499992370605,34.3400001525879,34.8600006103516,3598300,33.4762802124023
34.2900009155273,35.189998626709,34,34.4300003051758,2284300,33.0633506774902
34.7200012207031,35.439998626709,33.5,33.6599998474121,3142200,32.3239135742188
33.5,33.5,31.5599994659424,31.8500003814697,4418300,30.5857620239258
31.4599990844727,33.2799987792969,31.2199993133545,32.4000015258789,7548500,31.1139297485352
31.75,33.060001373291,31.3799991607666,32.7000007629395,5958400,31.4020214080811
32.9300003051758,33.0699996948242,32.1100006103516,32.8499984741211,1882600,31.5460624694824
33.1599998474121,33.9700012207031,33.0999984741211,33.810001373291,3875800,32.467960357666
33.810001373291,33.810001373291,32.7000007629395,32.9000015258789,5000800,31.5940837860107
32.9199981689453,33.1699981689453,32.4300003051758,33.0200004577637,4317800,31.7093181610107
33.3600006103516,34.1699981689453,32.8800010681152,34.0400009155273,3890500,32.6888313293457
34.25,34.5800018310547,32.7000007629395,33.4300003051758,3437200,32.1030464172363
33.3400001525879,34.3899993896484,32.689998626709,33.8199996948242,6033700,32.4775619506836
33.5499992370605,35.7400016784668,33.3600006103516,34.9900016784668,7490400,33.6011276245117
35.0299987792969,37.6699981689453,34.7999992370605,37.1300010681152,7012400,35.656177520752
37.0999984741211,37.9900016784668,36.4599990844727,37.4000015258789,3315500,35.9154624938965
37.7400016784668,37.9700012207031,36.0800018310547,36.560001373291,2664600,35.1088027954102
36.7400016784668,37.2299995422363,35.8199996948242,35.8199996948242,8242800,34.3981819152832
35.8199996948242,37.2700004577637,35.2999992370605,35.2999992370605,3843600,33.8988151550293
35.6300010681152,36.3199996948242,35.1199989318848,35.560001373291,3167800,34.148494720459
35.5499992370605,35.5499992370605,33.9199981689453,33.9900016784668,2556100,32.6408157348633
34.4000015258789,34.6300010681152,32.9300003051758,33.1300010681152,3371500,31.8149528503418
33,33.7299995422363,32.8199996948242,33.2999992370605,4006700,31.9782028198242
32.9599990844727,34.2999992370605,32.8199996948242,33.3499984741211,3906900,32.0262184143066
33.1800003051758,34.5800018310547,32.8400001525879,34,3841200,32.6504211425781
33.2099990844727,33.9300003051758,32.689998626709,33.2000007629395,2629400,31.8821754455566
32.6500015258789,32.8199996948242,31.6599998474121,32.0200004577637,3589400,30.7490100860596
31.9699993133545,32.0999984741211,31.1700000762939,31.9500007629395,4872900,30.681791305542
32.25,33.1199989318848,31.5,31.7000007629395,8068300,30.4417171478271
31.2299995422363,31.2299995422363,29.9400005340576,30.1399993896484,9948100,28.9436359405518
30.2999992370605,30.6599998474121,29.3999996185303,29.6499996185303,2635700,28.4730854034424
29.6399993896484,30.7199993133545,29.4099998474121,30.2700004577637,5138900,29.0684776306152
30.0400009155273,30.6200008392334,29.3700008392334,29.9200000762939,4077500,28.7323684692383
29.8500003814697,30.8999996185303,29.4799995422363,29.6000003814697,3020200,28.42506980896
29.9400005340576,29.9400005340576,29.2299995422363,29.6000003814697,2252700,28.42506980896
29.5,30.3999996185303,29.4099998474121,29.4099998474121,1921200,28.2426109313965
29.5100002288818,29.6299991607666,28.0300006866455,28.2900009155273,3795600,27.1670722961426
28.5,29.6499996185303,28.2900009155273,29.0900001525879,5130100,27.9353141784668
28.3799991607666,29.3500003814697,28.25,28.9799995422363,2993000,27.8296775817871
28.5599994659424,28.75,27.7700004577637,28.6800003051758,4012900,27.5415897369385
28.5400009155273,29.8799991607666,28.2099990844727,28.8700008392334,1832200,27.724048614502
28.5400009155273,29.2800006866455,28.0799999237061,29.1200008392334,3094100,27.9641227722168
28.7000007629395,30.3299999237061,28.3099994659424,29.8999996185303,2740300,28.7131633758545
30.2000007629395,30.3299999237061,29.1399993896484,30.1299991607666,2814400,29.0419750213623
30.2999992370605,30.6299991607666,29.4599990844727,29.8199996948242,3729000,28.7431678771973
29.2900009155273,30.1200008392334,28.6100006103516,29.1499996185303,2990000,28.0973644256592
29.1599998474121,30.0499992370605,28.7900009155273,29.4699993133545,3701400,28.4058074951172
29.1499996185303,29.1599998474121,28.1499996185303,28.2000007629395,4060700,27.1816692352295
28,28,27.0799999237061,27.5200004577637,4696300,26.5262260437012
27.4200000762939,27.6000003814697,26.7099990844727,26.7099990844727,3430700,25.745475769043
26.8600006103516,27.4099998474121,25.75,26,4400500,25.0611133575439
26.2099990844727,27.2999992370605,26.0200004577637,27.0100002288818,3680700,26.0346412658691
26.7600002288818,28.6200008392334,26.7199993133545,28.3199996948242,4358600,27.2973346710205
28.1599998474121,30.7999992370605,27.4899997711182,30.5300006866455,12274600,29.4275321960449
30.2999992370605,31.2299995422363,30.0599994659424,30.25,9264300,29.1576404571533
31.5,31.7999992370605,30.6499996185303,30.8799991607666,6258500,29.764892578125
31.0499992370605,31.1499996185303,29.7399997711182,30.0599994659424,3443100,28.9745025634766
30.1100006103516,31.1200008392334,30.1100006103516,30.9599990844727,6535800,29.8420028686523
30.9699993133545,31.7000007629395,30.4200000762939,31.3899993896484,2024800,30.2564754486084
31.4899997711182,32.7200012207031,31.2999992370605,32.3899993896484,5904300,31.2203636169434
32.5099983215332,32.9599990844727,31.8700008392334,32.1399993896484,3276700,30.9793910980225
32.1399993896484,33.4599990844727,32.0400009155273,32.9000015258789,6105400,31.7119483947754
32.9599990844727,34.0400009155273,32.9300003051758,33.1199989318848,2952400,31.9240016937256
33.439998626709,35.1599998474121,33.2999992370605,34.5299987792969,4456000,33.283088684082
34.5400009155273,34.8899993896484,33.439998626709,33.7400016784668,5422300,32.5216178894043
33.939998626709,36.5900001525879,33.7900009155273,35.9700012207031,7911500,34.671085357666
35.9799995422363,36.0800018310547,34.1800003051758,34.7700004577637,2811400,33.5144157409668
35.9500007629395,36.7400016784668,35.2799987792969,35.689998626709,2836700,34.4011993408203
35.7000007629395,36.8300018310547,34.310001373291,34.689998626709,3351100,33.4373092651367
35.2099990844727,36.9000015258789,35.0499992370605,36.2700004577637,4368400,34.9602546691895
35.9900016784668,39,35.9900016784668,39,10881300,37.591667175293
38,38.3300018310547,36.6100006103516,37.4500007629395,8761200,36.0976409912109
37.5,37.75,35.7900009155273,35.8499984741211,6901000,34.5554237365723
35.9700012207031,36.3800010681152,34.7700004577637,35.7999992370605,3316000,34.5072288513184
35.6699981689453,35.6699981689453,34.5,34.8300018310547,4578300,33.5722541809082
34.2999992370605,34.7099990844727,33.560001373291,33.7299995422363,3142900,32.5119743347168
33.939998626709,34.560001373291,33.310001373291,34.1800003051758,2503800,32.9457244873047
34.2000007629395,35.1399993896484,33.8699989318848,34.7000007629395,3097500,33.4469528198242
34.6599998474121,35.2299995422363,34.2700004577637,34.4500007629395,9238400,33.2059745788574
34.6199989318848,35.1300010681152,33.0900001525879,33.4599990844727,2579200,32.2517280578613
33.3800010681152,34.0099983215332,33.0400009155273,33.060001373291,2013100,31.8661689758301
33.0400009155273,33.7799987792969,32.9300003051758,33,3348300,31.8083343505859
33.5,34.3199996948242,32.9199981689453,33.3300018310547,4572500,32.1264228820801
33.4000015258789,34.6500015258789,33.1800003051758,34.060001373291,6286300,32.8300590515137
33.9700012207031,35.2200012207031,33.5200004577637,34,7824400,32.7722282409668
34.2200012207031,36.0999984741211,34.2200012207031,34.9700012207031,3196700,33.707202911377
34.7000007629395,34.8300018310547,33.4500007629395,33.5099983215332,4457600,32.2999153137207
33.6300010681152,33.6300010681152,32.4799995422363,33.25,2190800,32.0493087768555
33.6199989318848,34.9000015258789,33.5900001525879,34.0900001525879,3318700,32.8589782714844
34.560001373291,35.1800003051758,34.2799987792969,34.6699981689453,3047200,33.4180297851562
33.7000007629395,33.8400001525879,32.8600006103516,33.25,4325800,32.0493087768555
33.1500015258789,33.6500015258789,32.9799995422363,33.189998626709,1719900,31.99147605896
33,33.4000015258789,31.7299995422363,32.0900001525879,3616500,30.9312000274658
31.7999992370605,32.5499992370605,31.2999992370605,32.2999992370605,5164900,31.1336116790771
32.1599998474121,33.2000007629395,32.0499992370605,33.2000007629395,2720800,32.0011138916016
33.2000007629395,34.25,33.0900001525879,34.060001373291,5025100,32.8300590515137
34.2999992370605,34.8899993896484,33.7299995422363,34.1800003051758,4892300,32.9457244873047
34.7999992370605,35.3400001525879,33.560001373291,35.0499992370605,5313300,33.8988571166992
34.2099990844727,34.8499984741211,34.0099983215332,34.4500007629395,2307700,33.3185691833496
34.3800010681152,34.5699996948242,32.7400016784668,33.0999984741211,1760700,32.0129051208496
31.6399993896484,31.6900005340576,31.0599994659424,31.2299995422363,6316700,30.2043228149414
31.1900005340576,31.4699993133545,30.4200000762939,30.7999992370605,4837400,29.7884426116943
30.1900005340576,30.1900005340576,28.2099990844727,29.8500003814697,10363800,28.8696460723877
29.2800006866455,30.1800003051758,28.9599990844727,29.7199993133545,6224900,28.7439136505127
30.2999992370605,31.7700004577637,30.2999992370605,31.2999992370605,6850100,30.2720241546631
32.5,32.7000007629395,31.1599998474121,31.5699996948242,4505900,30.5331573486328
31.8099994659424,31.8099994659424,30.7600002288818,31.6800003051758,5053700,30.6395397186279
32.0499992370605,32.9799995422363,31.8899993896484,32.3800010681152,5440200,31.3165550231934
32.1800003051758,32.3800010681152,31.0200004577637,31.1800003051758,3112000,30.1559658050537
31.5599994659424,32.0499992370605,31.0400009155273,31.2399997711182,3541400,30.2139949798584
31.1499996185303,31.5499992370605,29.9300003051758,30.0699996948242,7805000,29.0824184417725
29.8999996185303,30.3299999237061,29,29.8899993896484,8625400,28.9083290100098
29.8999996185303,30.2399997711182,28.5699996948242,28.7299995422363,5199300,27.7864265441895
29,29.1399993896484,28.7000007629395,28.8400001525879,3055000,27.8928165435791
29.1599998474121,29.7800006866455,28.8700008392334,29.4699993133545,6477800,28.502124786377
29.6800003051758,29.9899997711182,28.9799995422363,29.7000007629395,9028200,28.7245693206787
30.2900009155273,30.2900009155273,28.9400005340576,29.4699993133545,6145400,28.502124786377
29.2099990844727,30.4799995422363,28.9699993133545,30.1499996185303,9601800,29.1597919464111
30.3299999237061,30.4099998474121,29.4099998474121,29.4099998474121,5726400,28.4440975189209
29.4699993133545,30.0499992370605,28.75,29.1000003814697,8280300,28.1442756652832
28.7900009155273,29.0100002288818,27.8199996948242,27.9400005340576,6406600,27.0223770141602
28.25,30.4300003051758,27.8999996185303,29.1700000762939,7770100,28.2119789123535
28.8199996948242,30.3999996185303,28.8199996948242,30.3999996185303,4005100,29.4015808105469
30.1499996185303,32.3899993896484,29.5200004577637,32.1699981689453,7829100,31.1134471893311
31.5,33.7999992370605,31.3700008392334,33.2799987792969,6960500,32.1869926452637
32.2099990844727,33.8800010681152,32.1199989318848,33.3499984741211,7307600,32.2546920776367
33.939998626709,34.4300003051758,33.189998626709,33.2999992370605,3828100,32.2063331604004
32.7000007629395,33.7299995422363,32.560001373291,32.7000007629395,8720000,31.6260452270508
32.7200012207031,33.4900016784668,32.2400016784668,32.5999984741211,6645400,31.5293254852295
32.2000007629395,32.8800010681152,32.1100006103516,32.2999992370605,6846300,31.2391777038574
32.0099983215332,34.5499992370605,31.6499996185303,32.2000007629395,18628300,31.1424655914307
32.5400009155273,32.810001373291,30.9500007629395,31.2399997711182,8458800,30.2139949798584
31.4799995422363,32.1100006103516,30.5499992370605,31.5,7146100,30.4654541015625
31.1000003814697,31.4099998474121,29.2800006866455,29.8400001525879,8452500,28.8599700927734
29.1299991607666,29.7099990844727,28.2099990844727,29.4899997711182,7326100,28.5214691162109
29.7999992370605,30.8999996185303,28.4099998474121,28.5499992370605,4488900,27.612340927124
28.5100002288818,29.3700008392334,28.4200000762939,28.8199996948242,3172500,27.8734722137451
29.0799999237061,29.5799999237061,27.9099998474121,28.3199996948242,4302500,27.389892578125
28.2000007629395,29.7000007629395,27.7199993133545,29.3299999237061,7780200,28.3667240142822
29.4899997711182,31.6900005340576,29.4200000762939,31.3600006103516,3253000,30.3300533294678
30.9099998474121,31.1299991607666,29.1299991607666,29.6399993896484,5060100,28.6665420532227
29.5699996948242,29.8600006103516,29.1800003051758,29.25,1863400,28.2893524169922
29.2999992370605,31.1200008392334,28.8899993896484,30.2299995422363,5901400,29.2371635437012
30.1299991607666,31.3299999237061,29.6200008392334,31.0599994659424,5179600,30.0399036407471
30.7099990844727,31.2600002288818,29.7099990844727,30.2999992370605,3721000,29.3048629760742
30.4599990844727,32.6399993896484,30.3099994659424,30.7099990844727,3334400,29.7013988494873
30.4899997711182,30.5499992370605,29.0100002288818,29.1700000762939,2953200,28.2119789123535
29.2999992370605,29.5,28.3999996185303,28.9200000762939,2653600,27.9701900482178
28.7800006866455,29.3799991607666,28.5,28.6100006103516,1999100,27.6703701019287
28.1000003814697,28.3600006103516,27.6200008392334,27.75,3718500,26.8386135101318
27.6599998474121,27.7900009155273,26.4099998474121,26.4099998474121,2917600,25.5426273345947
26.2900009155273,26.5799999237061,24.9500007629395,25.2999992370605,4869800,24.4690780639648
25.3600006103516,25.7099990844727,24.25,24.2999992370605,5820700,23.5019207000732
24,25.9599990844727,23.3899993896484,25.4699993133545,11129500,24.6334953308105
25,26.3099994659424,24.75,25.8999996185303,5034000,25.049373626709
25.8400001525879,26.0499992370605,24.8700008392334,24.9300003051758,5661300,24.1112308502197
25.0499992370605,26.5100002288818,24.9300003051758,26.2000007629395,6377500,25.3395195007324
26.0499992370605,28.2999992370605,25.9699993133545,27.4699993133545,4785900,26.6493892669678
27.4599990844727,29.6100006103516,27.4599990844727,28.7000007629395,10227800,27.8426475524902
28.7399997711182,29.3400001525879,28.0100002288818,28.2099990844727,3084100,27.3672828674316
28.3700008392334,30.2700004577637,28.3299999237061,29.2000007629395,10759800,28.327709197998
29.1399993896484,29.9300003051758,28.6399993896484,29.8400001525879,19661100,28.9485893249512
29.4400005340576,30.4699993133545,28.7999992370605,30.0599994659424,9970700,29.1620197296143
30.2299995422363,31.1800003051758,29.6399993896484,30.2299995422363,7368600,29.326940536499
30.3400001525879,31.0499992370605,28.7700004577637,29.5799999237061,6549700,28.6963577270508
29.2099990844727,29.3899993896484,27,27.0799999237061,4189200,26.2710399627686
27,27.5699996948242,25.3299999237061,25.7399997711182,5024500,24.9710712432861
25.7099990844727,26.9300003051758,25.5499992370605,26.1399993896484,4982200,25.3591213226318
26.1100006103516,27.7700004577637,26,27.6499996185303,7411200,26.8240146636963
27.5900001525879,28.4599990844727,27.0100002288818,27.9400005340576,3991800,27.1053504943848
27.7399997711182,28.25,27.2900009155273,27.4400005340576,4057200,26.6202869415283
26.8999996185303,27.5400009155273,26.5599994659424,27.1000003814697,5480900,26.2904434204102
27.0699996948242,27.5200004577637,26.2700004577637,27.3999996185303,7510300,26.5814819335938
27.3999996185303,27.4899997711182,26.5499992370605,26.8500003814697,4309800,26.0479106903076
26.2299995422363,26.5499992370605,26.0699996948242,26.2999992370605,2441000,25.5143432617188
26.1000003814697,26.4699993133545,25.8799991607666,26.1299991607666,3356200,25.3494186401367
26.2000007629395,28.4699993133545,26.0699996948242,28.25,7195900,27.4060897827148
28.4400005340576,28.7600002288818,27.5,27.7999992370605,4430900,26.9695320129395
27.3500003814697,29.8999996185303,27.2700004577637,29.5200004577637,5445100,28.6381511688232
28.9799995422363,29.0100002288818,28,28.2299995422363,8881400,27.3866863250732
28.2099990844727,28.7199993133545,27.5100002288818,28.3500003814697,3735100,27.503101348877
28.5799999237061,28.8799991607666,27.9200000762939,28.8099994659424,3292700,27.9493579864502
28.7299995422363,29.8799991607666,27.6599998474121,29.6000003814697,4319000,28.7157611846924
29.6700000762939,30.1599998474121,29.1100006103516,29.6900005340576,4212900,28.803071975708
29.6100006103516,30.6499996185303,29.5799999237061,30.3700008392334,6087600,29.4627628326416
30.4300003051758,30.8500003814697,30.1900005340576,30.3899993896484,6678700,29.4821605682373
30.3999996185303,32.1800003051758,30.2600002288818,31.8999996185303,5791700,30.9470520019531
31.9500007629395,32.5900001525879,31.2299995422363,31.8999996185303,7958600,30.9470520019531
31.6700000762939,32.4599990844727,30.4099998474121,30.9899997711182,9264600,30.0642395019531
30.5599994659424,30.7399997711182,29.4599990844727,29.5599994659424,3977600,28.6769542694092
29.4699993133545,29.6599998474121,29.0300006866455,29.3199996948242,2114500,28.4441261291504
29.3999996185303,29.5200004577637,28.5,28.7399997711182,3189100,27.8814525604248
28.8099994659424,29.1399993896484,27.5900001525879,28.6299991607666,5442600,27.7747383117676
28.6200008392334,28.8999996185303,27.9099998474121,28.1000003814697,2528600,27.260570526123
28,28.5599994659424,27.8999996185303,28.3600006103516,2212400,27.5128040313721
28.3299999237061,28.4799995422363,27.5499992370605,28.2000007629395,2290500,27.3575859069824
28.1499996185303,28.3999996185303,26.8700008392334,27.1599998474121,5563600,26.3486499786377
26.9799995422363,29.0200004577637,26.6700000762939,28.2399997711182,5842800,27.3963871002197
27.8799991607666,29.4500007629395,27.4599990844727,29.0699996948242,5961000,28.2015933990479
28.7900009155273,29.3299999237061,28.6000003814697,29.0100002288818,1915000,28.1433887481689
27.6100006103516,28.2000007629395,27.2199993133545,28.0499992370605,3430400,27.2120628356934
27.9500007629395,28.6800003051758,27.5100002288818,27.6599998474121,3139400,26.8337154388428
27.4899997711182,27.7600002288818,26.2900009155273,26.8600006103516,4389000,26.0576133728027
26.9599990844727,27.25,26.3500003814697,26.5,3146600,25.7083644866943
26.5100002288818,26.9599990844727,25.4799995422363,25.5499992370605,12320500,24.7867450714111
25.7399997711182,25.7399997711182,24.1399993896484,24.6399993896484,8152500,23.9039306640625
24.4899997711182,24.6200008392334,23.6800003051758,23.6800003051758,5596000,22.9726085662842
23.7600002288818,23.9599990844727,23.0699996948242,23.1100006103516,5944600,22.4196376800537
23.3899993896484,23.9300003051758,22.9300003051758,23.6000003814697,6720900,22.8950004577637
23.6000003814697,23.8299999237061,23.2000007629395,23.5,4483700,22.7979869842529
23.6299991607666,25.2800006866455,23.4799995422363,24.8999996185303,12341800,24.1561641693115
24.8899993896484,25.5900001525879,24.3700008392334,24.5599994659424,6376100,23.826322555542
24.3799991607666,24.4200000762939,23.2000007629395,23.3400001525879,4042800,22.6427669525146
23.1900005340576,24.0900001525879,22.5900001525879,23.6499996185303,4119100,22.9435043334961
23.7999992370605,24.1599998474121,22.1900005340576,22.4500007629395,13828000,21.779354095459
22.1499996185303,24.0599994659424,22.0799999237061,23.7700004577637,9616400,23.0599212646484
23.8799991607666,23.9400005340576,22.8700008392334,23.25,6678700,22.5554542541504
23.0200004577637,23.0799999237061,21.4300003051758,21.9799995422363,13532700,21.323392868042
21.8400001525879,22.1200008392334,21.1800003051758,21.5400009155273,3488600,20.8965396881104
21.4899997711182,22.0200004577637,21.2700004577637,21.6100006103516,2732200,20.9644470214844
21.6700000762939,21.9400005340576,21.1399993896484,21.2600002288818,3506900,20.6249027252197
21.3500003814697,21.3500003814697,20.5300006866455,20.75,4039000,20.1301364898682
20.7000007629395,21.3400001525879,20.5100002288818,21.1000003814697,6034900,20.4696788787842
21.3600006103516,21.8400001525879,20.7000007629395,21.0200004577637,8090600,20.3920707702637
19.6100006103516,21.5400009155273,19.3500003814697,20,34740400,19.4025402069092
20.0100002288818,20.5499992370605,19.8099994659424,20.4200000762939,9970600,19.8099937438965
21,22.2800006866455,20.8600006103516,22.25,9059900,21.5853290557861
22.25,22.3700008392334,20.9300003051758,21.2399997711182,7319100,20.6054992675781
21.3299999237061,21.4200000762939,20.7000007629395,20.8600006103516,2529000,20.2368507385254
20.9899997711182,21.9200000762939,20.9899997711182,21.8099994659424,7166000,21.1584720611572
21.6800003051758,22.25,21.3199996948242,21.6000003814697,6566300,20.9547443389893
21.3600006103516,22.0200004577637,21.2099990844727,21.8899993896484,4251900,21.2360820770264
22.1900005340576,22.5100002288818,21.3700008392334,21.3700008392334,4239700,20.7316150665283
21.9899997711182,23.3600006103516,21.8700008392334,23.3600006103516,8487800,22.6621704101562
23.3999996185303,24.7900009155273,23.2800006866455,23.7000007629395,9204700,22.9920120239258
23.75,24.0699996948242,23.0499992370605,23.6000003814697,3560400,22.8950004577637
22.8099994659424,22.8099994659424,21.4400005340576,22.1800003051758,13032200,21.5174179077148
22.2099990844727,22.5599994659424,21.75,22,11178100,21.3427963256836
22.1399993896484,23.2199993133545,22.1399993896484,22.7700004577637,11279500,22.0897922515869
22.4599990844727,22.9899997711182,21.75,22.1900005340576,11896900,21.5271186828613
22.0200004577637,23.1499996185303,22.0200004577637,23,9471300,22.3129215240479
22.8999996185303,23.5,22.6599998474121,23.0499992370605,3876100,22.3614292144775
23.0499992370605,23.0699996948242,22.25,22.8199996948242,4587600,22.138298034668
22.5,23.3999996185303,22.4799995422363,22.7999992370605,5315500,22.118896484375
22.8500003814697,23.0400009155273,22.3099994659424,22.5,5900100,21.8278579711914
22.4599990844727,22.9500007629395,22.2800006866455,22.8700008392334,5618100,22.1868057250977
22.8700008392334,23.3299999237061,21.9300003051758,22.3400001525879,3899000,21.6726398468018
22.3600006103516,22.4400005340576,21.5900001525879,22.0200004577637,4239700,21.3621997833252
22.0599994659424,22.9099998474121,22.0599994659424,22.7999992370605,3341900,22.118896484375
22.9699993133545,24.2600002288818,22.5,23.8099994659424,6279800,23.0987243652344
23.9200000762939,25.0699996948242,23.5699996948242,23.7099990844727,6107100,23.0017127990723
23.5,24.8299999237061,23.3999996185303,24.4799995422363,3265500,23.7487106323242
24.4799995422363,24.8600006103516,24.2399997711182,24.4500007629395,2341400,23.7196083068848
24,25.3799991607666,23.7900009155273,25.2199993133545,3579000,24.4666042327881
24.7600002288818,25.4599990844727,24.2199993133545,25.4599990844727,4469000,24.6994361877441
25.25,26.3700008392334,24.9799995422363,26.0499992370605,5051900,25.2718086242676
27.7999992370605,28.3700008392334,27.2800006866455,27.7999992370605,10691200,26.9695320129395
28.1000003814697,28.2600002288818,27.5499992370605,28.1000003814697,4698300,27.260570526123
27.9699993133545,29.0599994659424,27.8999996185303,28.9799995422363,3841000,28.1142807006836
29.2000007629395,29.4899997711182,28.6499996185303,28.8999996185303,4571900,28.0366725921631
29.0300006866455,29.7000007629395,28.9099998474121,29.2000007629395,4763200,28.327709197998
29.0900001525879,29.9099998474121,28.9099998474121,29.1499996185303,4925100,28.2792053222656
28.8999996185303,29.1399993896484,28.3600006103516,28.6000003814697,3543200,27.7456359863281
29.3500003814697,29.9799995422363,29.0100002288818,29.6599998474121,5520600,28.7739677429199
30,30.0699996948242,29.4200000762939,29.6599998474121,8748500,28.7739677429199
29.3899993896484,29.75,29.2999992370605,29.4500007629395,1901400,28.570240020752
29.8099994659424,30.0300006866455,28.4200000762939,28.9899997711182,4706300,28.1239852905273
28.4500007629395,29.1800003051758,28.2999992370605,29,6207300,28.1336860656738
28.8500003814697,30.3799991607666,28.7000007629395,30.2299995422363,9410300,29.326940536499
30.6000003814697,31.4799995422363,30.1299991607666,30.7999992370605,6703000,29.8799133300781
30.7999992370605,31.3600006103516,30.4099998474121,31.1000003814697,3612300,30.1709518432617
31.2900009155273,31.8999996185303,30.75,31.6200008392334,5068000,30.6754188537598
31.6499996185303,33.2599983215332,31.5900001525879,32.3699989318848,6177300,31.4030151367188
32.75,33.6500015258789,32.2000007629395,32.2400016784668,5669700,31.2768993377686
32.1599998474121,33.2999992370605,32.0999984741211,32.7000007629395,5555900,31.7231559753418
32.7200012207031,33.2000007629395,32.0800018310547,32.2599983215332,5972300,31.2962970733643
32.2999992370605,33.4799995422363,32.2000007629395,33.3400001525879,9167700,32.3440322875977
33.310001373291,34.0900001525879,33.1599998474121,33.3400001525879,4282100,32.3440322875977
33.1599998474121,33.939998626709,33.0499992370605,33.2299995422363,9663600,32.2373199462891
33.2099990844727,33.8600006103516,32.939998626709,33.4500007629395,2709600,32.4507522583008
33.310001373291,33.9000015258789,32.7999992370605,32.9500007629395,4982800,31.9656887054443
32.9000015258789,33.4300003051758,32.2599983215332,33.189998626709,5677300,32.1985130310059
32.7999992370605,33.2000007629395,32.1699981689453,32.9300003051758,4605300,31.9462890625
32.9500007629395,33.5,32.8199996948242,33.3699989318848,4648000,32.3731384277344
33.5299987792969,33.7000007629395,32.310001373291,33.0299987792969,3039400,32.0432929992676
33.3300018310547,33.3699989318848,31.7199993133545,32.3400001525879,4093500,31.373908996582
32.5999984741211,32.6699981689453,31.9099998474121,32,3352300,31.0440654754639
32,32.5,31.9699993133545,32.4500007629395,3830000,31.4806270599365
32.9000015258789,33.8400001525879,32.810001373291,32.9199981689453,6896000,31.9365825653076
32.9199981689453,33.689998626709,32.810001373291,33.4799995422363,2959600,32.4798545837402
33.4799995422363,33.7000007629395,32.2099990844727,32.25,6252400,31.2865982055664
31.9599990844727,32.6699981689453,31.4599990844727,32.1300010681152,6099100,31.1701831817627
31.6499996185303,31.8400001525879,30.8600006103516,31.2000007629395,4714400,30.2679634094238
31.25,32.1599998474121,31.1499996185303,31.6399993896484,4594200,30.6948204040527
31.5,32.4199981689453,31.4099998474121,31.7299995422363,2699700,30.7821311950684
31,31.5900001525879,30.3299999237061,31.3299999237061,9212700,30.3940811157227
31.3999996185303,32.6800003051758,31.3999996185303,31.5300006866455,5183600,30.5881080627441
31.2999992370605,32.7599983215332,31.2099990844727,32.2999992370605,3457700,31.3351039886475
31.8899993896484,32.4700012207031,31.7999992370605,31.9599990844727,2437500,31.0052623748779
31.1100006103516,33.0699996948242,31.1100006103516,32.7999992370605,8111200,31.8201637268066
32.5999984741211,33.2700004577637,32.3499984741211,32.9700012207031,3675500,31.9850902557373
32.5200004577637,33.0099983215332,32.2299995422363,32.9500007629395,3717800,31.9656887054443
33.0499992370605,33.3600006103516,32.7000007629395,33.3600006103516,3306500,32.3634414672852
33.4000015258789,34.9700012207031,33.2700004577637,34.5200004577637,6046000,33.4887886047363
34.5200004577637,35.9099998474121,33.9199981689453,35.9099998474121,4974900,34.8372611999512
36.3499984741211,36.8199996948242,36,36.4199981689453,4214200,35.33203125
36.5,37.2200012207031,36.1599998474121,36.9799995422363,2698700,35.8752975463867
37.0999984741211,37.5699996948242,36.2799987792969,36.6300010681152,6085900,35.5357551574707
36.9000015258789,37.2299995422363,35.9599990844727,36.4000015258789,4630300,35.3126258850098
36.6399993896484,36.6800003051758,35.8300018310547,36,3882700,34.9245758056641
35.6399993896484,35.8899993896484,35.1199989318848,35.5099983215332,3738100,34.4492111206055
35.5099983215332,35.5499992370605,34.7099990844727,35.0999984741211,2536800,34.0514602661133
35.4099998474121,35.7599983215332,34.4599990844727,34.5400009155273,4289500,33.508186340332
34.5099983215332,35.6800003051758,34.4500007629395,34.8899993896484,5577200,33.8477363586426
34.9799995422363,35.0800018310547,34.310001373291,34.6300010681152,2217500,33.5955009460449
34.1399993896484,34.4700012207031,33.5,34.2000007629395,4417200,33.1783447265625
33.7999992370605,34.0699996948242,33.2000007629395,33.939998626709,8946400,32.9261131286621
34.4000015258789,34.6399993896484,32.1399993896484,32.2700004577637,12583500,31.3059997558594
32.060001373291,32.439998626709,31.3899993896484,31.4500007629395,5444800,30.510498046875
31.3999996185303,31.7800006866455,30.5,30.8899993896484,4821600,29.9672222137451
30.9500007629395,31.3500003814697,30.6900005340576,30.75,6988200,29.8314075469971
30.75,30.7900009155273,29.7800006866455,30.0499992370605,11726200,29.1523170471191
30.0200004577637,30.6599998474121,29.9799995422363,30.2999992370605,6446800,29.3948497772217
30.2999992370605,30.6000003814697,29.6100006103516,29.7399997711182,7673700,28.8515796661377
29.4599990844727,30.2999992370605,29.1000003814697,29.9799995422363,5783600,29.0844097137451
30.0900001525879,30.2800006866455,29.8500003814697,29.8899993896484,5029200,28.9970989227295
29.8400001525879,30.2800006866455,29.7000007629395,29.9899997711182,9526600,29.0941104888916
30.0400009155273,30.0599994659424,29.5699996948242,29.6599998474121,4220500,28.7739677429199
29.6599998474121,29.8999996185303,29.0499992370605,29.2099990844727,5212100,28.3374080657959
29.2099990844727,29.4899997711182,28.9099998474121,29.1399993896484,3080800,28.2695007324219
29.4500007629395,29.7099990844727,29.0100002288818,29.5599994659424,4273200,28.6769542694092
29.7399997711182,29.7399997711182,28.5100002288818,28.6399993896484,4825500,27.7844390869141
28.7800006866455,29.2199993133545,28.5,28.6599998474121,5035500,27.8038425445557
28.7000007629395,29.0100002288818,28.5499992370605,28.8600006103516,5344700,27.9978656768799
28.6499996185303,29.2299995422363,28.6399993896484,29.1000003814697,2335900,28.2306957244873
28.7299995422363,29.0499992370605,28.4899997711182,28.7299995422363,4545900,27.8717498779297
28.7199993133545,29.3299999237061,28.3199996948242,28.3199996948242,4736300,27.4739971160889
28.2399997711182,28.4599990844727,27.8999996185303,28.25,3220800,27.4060897827148
28,29.4400005340576,28,29.3799991607666,5765700,28.5023326873779
29.4200000762939,30.1800003051758,29.0300006866455,29.0799999237061,8628600,28.211296081543
29,29.9200000762939,28.7600002288818,29.3700008392334,6818800,28.4926319122314
29.4300003051758,29.6800003051758,28.5100002288818,28.6399993896484,4867800,27.7844390869141
28.5,29,28.1800003051758,28.7800006866455,8069600,27.9202575683594
28.8999996185303,29.0100002288818,28.2800006866455,28.3700008392334,3164800,27.5225086212158
28.2900009155273,28.2900009155273,27.5100002288818,27.7999992370605,5861700,26.9695320129395
27.8500003814697,28.2299995422363,27.2600002288818,27.4899997711182,3890200,26.6687908172607
26.7000007629395,27.0799999237061,26.3700008392334,26.5,15223200,25.7083644866943
26.5799999237061,26.9799995422363,26.0300006866455,26.4200000762939,9047700,25.6307563781738
26.3899993896484,26.4799995422363,26.1599998474121,26.3500003814697,2687300,25.5628490447998
26.1499996185303,26.2299995422363,25.3700008392334,25.5499992370605,6920400,24.7867450714111
25.5,25.9300003051758,24.4699993133545,24.9200000762939,6837600,24.1755657196045
24.8400001525879,25.1200008392334,24.4599990844727,24.9400005340576,9478600,24.1949691772461
25.4400005340576,25.6200008392334,24.9300003051758,25.4099998474121,7122800,24.6509265899658
25.2700004577637,25.4500007629395,24.6499996185303,24.8899993896484,4398300,24.1464614868164
24.6200008392334,24.7900009155273,23.9799995422363,24.2099990844727,4765600,23.4867744445801
24.2099990844727,24.8400001525879,24.0900001525879,24.5400009155273,4695400,23.8069152832031
24.4400005340576,24.8500003814697,24,24.2700004577637,6079600,23.5449848175049
23.7299995422363,24.6499996185303,23.0699996948242,24.2399997711182,14144100,23.5158805847168
24,24.6000003814697,23.5,24.5,4619500,23.7681121826172
24.5799999237061,25.6700000762939,24.5,25.1499996185303,7733900,24.3986949920654
25.1499996185303,25.4599990844727,24.1399993896484,24.3099994659424,10424200,23.5837917327881
24.1599998474121,24.1599998474121,22.7800006866455,22.8600006103516,13425500,22.1771049499512
22.8600006103516,23.5499992370605,22.5200004577637,23.2999992370605,28385300,22.6039600372314
22.75,23.5799999237061,22.6299991607666,23.0300006866455,14943400,22.520486831665
22.7999992370605,23.1000003814697,22.4599990844727,22.6399993896484,7308900,22.1391143798828
22.5599994659424,23.2900009155273,22.4500007629395,23.1000003814697,12241500,22.5889377593994
22.7900009155273,23.7000007629395,22.7900009155273,23.3700008392334,6645300,22.8529663085938
23.2399997711182,24.1399993896484,23.1100006103516,23.9099998474121,4702500,23.3810157775879
24.1000003814697,24.1599998474121,23.3099994659424,23.5499992370605,5149400,23.0289821624756
23.5,23.5400009155273,22.1599998474121,22.2900009155273,5165200,21.7968597412109
22.4799995422363,22.9500007629395,22.1100006103516,22.8899993896484,6373300,22.3835849761963
22.7600002288818,22.9200000762939,21.8600006103516,22.1499996185303,7097900,21.6599540710449
22.2299995422363,22.4799995422363,21.7700004577637,21.7700004577637,4158700,21.2883625030518
21.7999992370605,22.2800006866455,21.3899993896484,21.6200008392334,4289300,21.1416835784912
21.6499996185303,23.2199993133545,21.6499996185303,22.9699993133545,9060800,22.4618167877197
23.7800006866455,24.9599990844727,23.6399993896484,24.4599990844727,13339500,23.9188480377197
24.3799991607666,24.4200000762939,23.4599990844727,23.5,4850400,22.9800891876221
23.5100002288818,24.8600006103516,23.3999996185303,24.6299991607666,7070600,24.0850887298584
24.2000007629395,25.0100002288818,23.5499992370605,24.7999992370605,10835500,24.2513294219971
25.0200004577637,25.0900001525879,23.8299999237061,23.9400005340576,5130400,23.4103565216064
24.0599994659424,24.75,23.9200000762939,24.6299991607666,3861500,24.0850887298584
24.6599998474121,24.8400001525879,23.7700004577637,24.1299991607666,5932300,23.5961494445801
24.2999992370605,25.8500003814697,24.2299995422363,25.3299999237061,9003900,24.7696018218994
25.5,26.0900001525879,25.3400001525879,25.8899993896484,5272200,25.317211151123
25.9500007629395,26.4300003051758,25.2099990844727,25.2099990844727,4470400,24.6522560119629
25.2099990844727,26.0900001525879,25.1000003814697,25.9899997711182,4017100,25.4150009155273
25.9899997711182,25.9899997711182,25.3099994659424,25.6200008392334,3428900,25.053186416626
25.8700008392334,26.8199996948242,25.6900005340576,25.8600006103516,3933200,25.2878761291504
25.9799995422363,26.5100002288818,25.8099994659424,26.1100006103516,2018300,25.5323448181152
25.8700008392334,26.1100006103516,25.5900001525879,25.7700004577637,4122900,25.1998672485352
25.7299995422363,26.3899993896484,25.6000003814697,26.2700004577637,3470600,25.6888065338135
26.2399997711182,26.9699993133545,26.0300006866455,26.5400009155273,4211100,25.9528331756592
26.8199996948242,26.9300003051758,25.9099998474121,26.0799999237061,5305600,25.5030097961426
26.1800003051758,26.7099990844727,25.5,26.6000003814697,6157900,26.0115051269531
26.4699993133545,27.6399993896484,26.0599994659424,27.3799991607666,9723000,26.7742462158203
26.8299999237061,27.0599994659424,26.3999996185303,26.6700000762939,4424300,26.0799560546875
26.6499996185303,27.2399997711182,26.5900001525879,26.8700008392334,4342400,26.2755317687988
27.0699996948242,27.1100006103516,26.2199993133545,26.6700000762939,5538900,26.0799560546875
26.7700004577637,26.7700004577637,26.1000003814697,26.2999992370605,5635500,25.7181434631348
25.9899997711182,26.6399993896484,25.3199996948242,26.5,8678400,25.9137153625488
26.1399993896484,26.7299995422363,25.8799991607666,26.2600002288818,5592700,25.6790256500244
26.1800003051758,26.8099994659424,26.1800003051758,26.7399997711182,3495000,26.1484069824219
26.6599998474121,28.6499996185303,26.4400005340576,28.2800006866455,8643500,27.6543388366699
28.7000007629395,29.3799991607666,28.1800003051758,28.5,6239000,27.8694686889648
28.5,29,27.7999992370605,28.0300006866455,5775000,27.4098682403564
28.2199993133545,28.5799999237061,27.6200008392334,28.5400009155273,3622400,27.9085845947266
28.6200008392334,28.8600006103516,27.9899997711182,28.2099990844727,5268500,27.7655124664307
28.2800006866455,28.3500003814697,27.1900005340576,27.5400009155273,3671400,27.1060733795166
27.8199996948242,28.2600002288818,27.6599998474121,27.9099998474121,2212900,27.4702415466309
27.9500007629395,28.25,27.6700000762939,28.1900005340576,3654900,27.7458305358887
28.1900005340576,28.5,28.1000003814697,28.2999992370605,1435100,27.8540935516357
28.2199993133545,28.9500007629395,28.1100006103516,28.8500003814697,3012800,28.3954315185547
28.7399997711182,28.9799995422363,28.6299991607666,28.7600002288818,3291500,28.3068466186523
28.1100006103516,28.3600006103516,27.5799999237061,27.7399997711182,4877200,27.3029193878174
27.6100006103516,27.8999996185303,27.2600002288818,27.4899997711182,3893300,27.0568580627441
27.3700008392334,27.5100002288818,26.9099998474121,27.2399997711182,2447500,26.8107967376709
27.2000007629395,28.5100002288818,27.1200008392334,28,3814600,27.5588226318359
28,29.1800003051758,27.8600006103516,28.8799991607666,4818600,28.4249572753906
28.7299995422363,28.7700004577637,27.9899997711182,28.5300006866455,6196600,28.080472946167
28.6100006103516,29.1499996185303,28.3500003814697,28.4300003051758,5260800,27.982048034668
28.4200000762939,28.5900001525879,27.6200008392334,28.0499992370605,3056900,27.6080341339111
27.9899997711182,28.9899997711182,27.9899997711182,28.2399997711182,3646600,27.7950420379639
28.0400009155273,28.7399997711182,28.0400009155273,28.3500003814697,1183400,27.9033088684082
28.0400009155273,28.4400005340576,27.2099990844727,27.4300003051758,5689500,26.9978046417236
27.4200000762939,27.6000003814697,26.8099994659424,26.9300003051758,3390200,26.5056838989258
26.9599990844727,27.1599998474121,26.6800003051758,26.7800006866455,3308100,26.3580455780029
26.8500003814697,26.9699993133545,26.3700008392334,26.6499996185303,3049000,26.230094909668
26.7800006866455,26.8700008392334,26.1399993896484,26.4699993133545,2058500,26.0529308319092
26.7000007629395,27.2399997711182,26.5699996948242,27.1299991607666,2463200,26.7025299072266
27.3999996185303,27.9500007629395,27.2399997711182,27.3799991607666,4128200,26.9485912322998
27.3500003814697,27.8500003814697,26.9699993133545,27.1700000762939,2939500,26.7419013977051
27.2999992370605,27.9099998474121,26.8999996185303,27.5599994659424,2611900,27.1257553100586
27.2700004577637,27.6800003051758,26.8099994659424,27.1299991607666,1813500,26.7025299072266
26.9799995422363,27.0900001525879,26.2999992370605,26.5499992370605,2709700,26.1316680908203
26.6299991607666,27.6700000762939,26.4799995422363,27.1499996185303,3109200,26.7222137451172
26.8099994659424,27.0400009155273,26.2700004577637,26.7600002288818,3220600,26.3383617401123
26.6100006103516,27.0300006866455,26.3899993896484,26.6700000762939,3441900,26.2497787475586
26.6599998474121,27.1299991607666,26.4500007629395,26.8099994659424,2936000,26.3875732421875
26.7800006866455,28,26.6900005340576,27.7999992370605,4367500,27.3619747161865
27.75,28.2000007629395,27.4799995422363,27.9799995422363,2115200,27.5391387939453
27.7700004577637,27.8799991607666,27.3199996948242,27.5100002288818,4644700,27.0765438079834
27.5400009155273,28.1499996185303,27.3999996185303,27.7999992370605,3864600,27.3619747161865
27.3999996185303,27.6700000762939,26.1900005340576,26.3500003814697,6223400,25.9348220825195
26.5,26.9899997711182,26.1100006103516,26.5400009155273,3486500,26.1218280792236
26.6000003814697,26.8199996948242,25.6200008392334,26.4200000762939,3460600,26.0037174224854
26.3799991607666,26.4599990844727,25.2199993133545,25.3199996948242,4465000,24.921049118042
25.2000007629395,26.1499996185303,25.0599994659424,25.8299999237061,4825300,25.4230136871338
25.8899993896484,25.8899993896484,25.1399993896484,25.5599994659424,5831000,25.1572685241699
25.7800006866455,26.0499992370605,25.4599990844727,25.5499992370605,3592700,25.147424697876
25.6299991607666,25.6399993896484,24.9200000762939,25.1000003814697,6647000,24.704517364502
24.3400001525879,25,24.2800006866455,25,7140000,24.6060924530029
25.2399997711182,26.1299991607666,25.2099990844727,26.0300006866455,5130400,25.6198635101318
26.0900001525879,26.0900001525879,25.1599998474121,25.2800006866455,4443600,24.8816814422607
25.0900001525879,25.4200000762939,24.8400001525879,25.3199996948242,5308100,24.921049118042
25.3799991607666,25.6000003814697,25.1000003814697,25.4300003051758,4948600,25.0293159484863
25.4300003051758,25.4599990844727,24.6599998474121,24.7199993133545,3195600,24.3305034637451
24.7700004577637,25.0900001525879,24.4699993133545,24.6200008392334,2584800,24.2320804595947
24.7199993133545,25.1399993896484,24.6100006103516,24.9400005340576,7172700,24.5470371246338
24.7900009155273,25.0499992370605,24.4599990844727,24.5900001525879,2304900,24.2025527954102
24.1200008392334,25.4599990844727,24.0200004577637,25.0900001525879,5844700,24.694673538208
24.8400001525879,25.3400001525879,24.7700004577637,25.2399997711182,1893600,24.8423099517822
25.3500003814697,25.7199993133545,24.9799995422363,25.2000007629395,8393600,24.802942276001
25.1399993896484,25.5200004577637,24.9899997711182,25.3700008392334,4690300,24.9702625274658
25.1700000762939,25.5599994659424,25.0799999237061,25.4699993133545,2354100,25.0686874389648
25.4899997711182,25.5900001525879,25.1700000762939,25.2199993133545,4128800,24.822624206543
25.4099998474121,26.1800003051758,25.3099994659424,26.0900001525879,8333900,25.6789169311523
26.0100002288818,26.3899993896484,25.7700004577637,26.1599998474121,2194100,25.7478141784668
26.3199996948242,27.1499996185303,25.8500003814697,26.9200000762939,2771700,26.4958400726318
26.8899993896484,27.3600006103516,26.6000003814697,27.1700000762939,2991000,26.7419013977051
26.8999996185303,27.2000007629395,26.2399997711182,26.3999996185303,2891900,25.9840316772461
26.0599994659424,26.7199993133545,26.0400009155273,26.6200008392334,2678900,26.200569152832
26.4599990844727,26.5200004577637,25.7900009155273,25.7900009155273,7097600,25.3836441040039
24.4500007629395,25.7800006866455,23.9400005340576,25.6900005340576,20659400,25.4163246154785
25.7399997711182,25.7399997711182,25,25.3099994659424,4959400,25.0403709411621
25.3099994659424,25.3400001525879,24.8999996185303,25.2800006866455,3450500,25.0106925964355
25.2199993133545,25.3299999237061,24.8999996185303,25.0900001525879,2850400,24.8227157592773
25.0900001525879,25.7299995422363,24.4500007629395,25.5799999237061,8272100,25.3074951171875
25.7700004577637,26.9200000762939,25.6700000762939,26.0799999237061,7378700,25.8021697998047
26.1499996185303,26.2800006866455,25.25,25.25,4482000,24.9810104370117
25.1200008392334,25.4799995422363,24.9200000762939,25.1000003814697,4350500,24.8326091766357
25.1100006103516,25.7999992370605,25.1100006103516,25.4300003051758,3122800,25.1590938568115
25.2299995422363,25.25,24.5599994659424,24.7099990844727,7513000,24.4467639923096
24.7099990844727,24.7299995422363,24.1599998474121,24.5499992370605,6828900,24.2884674072266
24.2399997711182,24.7999992370605,24.0799999237061,24.5400009155273,5577200,24.2785758972168
24.2999992370605,24.2999992370605,23.8400001525879,23.9699993133545,7542400,23.7146472930908
23.8299999237061,23.8999996185303,23.3600006103516,23.5100002288818,6284600,23.2595481872559
23.5799999237061,23.9400005340576,23.0699996948242,23.3700008392334,5831200,23.1210403442383
23.3700008392334,23.5300006866455,23.0200004577637,23.3199996948242,5524000,23.0715713500977
23.9699993133545,24.7800006866455,23.7900009155273,24.4500007629395,8874000,24.1895351409912
24.3999996185303,25,24.3799991607666,24.8099994659424,3436600,24.5456981658936
24.5100002288818,25.0400009155273,24.3999996185303,24.6000003814697,4144700,24.3379364013672
24.3999996185303,24.7900009155273,24.2800006866455,24.3700008392334,3650300,24.1103858947754
24.2199993133545,25,24.0300006866455,24.9500007629395,4107300,24.6842079162598
25.0900001525879,26.1599998474121,25.0799999237061,25.8500003814697,6359000,25.5746192932129
26.7999992370605,27.0200004577637,26.3500003814697,26.4599990844727,7834000,26.1781196594238
26.2000007629395,26.5200004577637,26,26,6349700,25.7230205535889
26.3500003814697,26.6499996185303,26.1700000762939,26.4699993133545,5257600,26.1880149841309
27.1000003814697,27.1499996185303,26.6299991607666,26.8199996948242,7696500,26.5342845916748
26.6000003814697,27.4500007629395,26.5900001525879,27.2099990844727,6168900,26.9201316833496
28.3400001525879,29.9500007629395,28.1200008392334,29.75,22641000,29.4330711364746
29.6000003814697,29.9200000762939,29.1299991607666,29.5200004577637,6333500,29.2055225372314
29.4699993133545,31,29.2299995422363,30.2700004577637,10615400,29.9475345611572
30.2000007629395,30.9300003051758,30.0300006866455,30.6200008392334,7832600,30.2938041687012
30.6200008392334,30.9799995422363,30.1399993896484,30.7800006866455,6112500,30.4521007537842
30.7999992370605,31.2999992370605,30.5599994659424,30.7099990844727,5474300,30.3828449249268
30.7700004577637,30.9799995422363,30.3999996185303,30.7900009155273,2772000,30.4619941711426
31,31.7600002288818,30.8099994659424,30.8999996185303,10175000,30.570821762085
30.7299995422363,31.3600006103516,30.3199996948242,31.1000003814697,8155700,30.7686901092529
30.8600006103516,31.7800006866455,30.7700004577637,31.3400001525879,3904800,31.0061359405518
31.1000003814697,31.5300006866455,30.8799991607666,30.9899997711182,4343600,30.6598625183105
29.4400005340576,29.8899993896484,28.9400005340576,29.1200008392334,89977800,28.8097858428955
29.1399993896484,29.4799995422363,28.9200000762939,29.2000007629395,6097900,28.8889312744141
29.1000003814697,29.3999996185303,28.7600002288818,28.9799995422363,2289900,28.6712760925293
29,29.1700000762939,28.2600002288818,28.5400009155273,2947200,28.2359638214111
28.9799995422363,29.0300006866455,27.6800003051758,28.1800003051758,6600100,27.8797969818115
27.6399993896484,28.3700008392334,27.5,27.8199996948242,4229500,27.5236339569092
27.8099994659424,27.8799991607666,27.2000007629395,27.4599990844727,5238000,27.1674671173096
27.4699993133545,27.5499992370605,26.7000007629395,27.3099994659424,14651100,27.0190658569336
28.1700000762939,28.2900009155273,27.0400009155273,27.1499996185303,6936600,26.8607692718506
27.0900001525879,27.3099994659424,26.5599994659424,26.8999996185303,4480600,26.6134338378906
26.7999992370605,27.8099994659424,26.7999992370605,27.3700008392334,5747500,27.0784282684326
26.9799995422363,27.3700008392334,26.7700004577637,26.9099998474121,5666000,26.623327255249
26.9099998474121,27.0400009155273,26.4300003051758,26.5499992370605,2342500,26.2671604156494
26.5200004577637,27.2199993133545,26.3999996185303,27.1599998474121,3235700,26.870662689209
27.8999996185303,28.2399997711182,26.7600002288818,26.7800006866455,7945100,26.4947128295898
26.8299999237061,27.0499992370605,26.2299995422363,26.75,4047100,26.4650325775146
26.5599994659424,27.1900005340576,26.3500003814697,26.9300003051758,2379000,26.6431140899658
26.6100006103516,26.7700004577637,25.4200000762939,25.5400009155273,7800100,25.2679214477539
25.5699996948242,26.5,25.2999992370605,26.2000007629395,12271700,25.9208927154541
25.9400005340576,26.2199993133545,25.5699996948242,26.1499996185303,3099400,25.8714237213135
26.3600006103516,26.6200008392334,25.6499996185303,25.7399997711182,5220400,25.4657917022705
25.4500007629395,26.3799991607666,25.3600006103516,26.3500003814697,6771800,26.0692939758301
26.6100006103516,26.9300003051758,26.3999996185303,26.6100006103516,3570000,26.3265247344971
26.2600002288818,26.9099998474121,26.1200008392334,26.1200008392334,3758300,25.8417434692383
25.8600006103516,26.5100002288818,25.5200004577637,26.3899993896484,9996800,26.108865737915
26.4699993133545,27.3899993896484,26.1800003051758,27.3899993896484,5249200,27.0982131958008
27.1700000762939,27.5,26.7199993133545,27.2000007629395,7852900,26.9102382659912
26.6000003814697,27.0499992370605,26.4500007629395,26.7000007629395,5220000,26.5679340362549
26.7000007629395,27.1000003814697,26.5200004577637,26.9099998474121,5753700,26.7768955230713
27.1499996185303,27.6499996185303,26.8899993896484,27.4500007629395,5416500,27.3142242431641
27.75,28.1700000762939,27.5499992370605,27.7199993133545,3883200,27.5828876495361
27.9200000762939,28.0799999237061,27.2600002288818,27.7000007629395,3330900,27.56298828125
27.3099994659424,27.8500003814697,27.2099990844727,27.7600002288818,6513500,27.6226921081543
27.8500003814697,28.5900001525879,27.7399997711182,28.5900001525879,7759400,28.4485855102539
28.8099994659424,29.1000003814697,28.4400005340576,28.6499996185303,3363000,28.5082874298096
28.6499996185303,28.9599990844727,28.5,28.6499996185303,6605000,28.5082874298096
28.5599994659424,29.1900005340576,28.3700008392334,28.9400005340576,5394600,28.796854019165
28.9400005340576,29.5100002288818,28.7299995422363,29.4699993133545,3138900,29.3242321014404
29.5499992370605,30.1599998474121,29.2999992370605,29.5,3676600,29.3540840148926
29.75,29.7999992370605,29.1800003051758,29.1800003051758,3660200,29.0356674194336
29.1800003051758,29.1800003051758,28.0599994659424,28.3400001525879,5006100,28.199821472168
28.6900005340576,28.8400001525879,28.0900001525879,28.1000003814697,3503700,27.961009979248
27.9400005340576,28.5400009155273,27.9300003051758,28.1599998474121,2077700,28.0207118988037
28.1599998474121,28.1800003051758,27.4699993133545,27.7999992370605,4145300,27.6624927520752
27.4799995422363,27.8500003814697,27.3199996948242,27.5,3675800,27.363977432251
27.5,27.5,26.9200000762939,27.0599994659424,4897300,26.9261531829834
27.1499996185303,28.1599998474121,27.1299991607666,28.0799999237061,3908600,27.9411087036133
28.2900009155273,28.5699996948242,27.9400005340576,28.25,3566500,28.1102676391602
28.2000007629395,28.4400005340576,28.1000003814697,28.1700000762939,2891600,28.0306625366211
28.4200000762939,28.4500007629395,27.5900001525879,27.5900001525879,5162800,27.4535312652588
27.9599990844727,28.7900009155273,27.9599990844727,28.0499992370605,5015600,27.9112548828125
28.0499992370605,28.5400009155273,27.6700000762939,27.9799995422363,4097000,27.8416023254395
27.8400001525879,28.0300006866455,26.8600006103516,27.3600006103516,5458900,27.2246704101562
27.5,28.3099994659424,27.5,28,3679400,27.8615036010742
28.3199996948242,29.0900001525879,28.2399997711182,29.0400009155273,3817100,28.8963603973389
29.0499992370605,29.6200008392334,28.8600006103516,29.2600002288818,3989500,29.1152725219727
29.5499992370605,29.8500003814697,29.3199996948242,29.6800003051758,3608400,29.5331935882568
29.9699993133545,30.2900009155273,29.3500003814697,29.3500003814697,4198700,29.2048263549805
29.7199993133545,30.2600002288818,29.7199993133545,29.8500003814697,6329400,29.7023544311523
31.5,32.5099983215332,30.4500007629395,30.7299995422363,19975700,30.5779991149902
30.9699993133545,31.9899997711182,30.7600002288818,31.4799995422363,7010500,31.324291229248
31.8500003814697,32.3499984741211,31.5,31.6000003814697,7157600,31.443696975708
31.8400001525879,32.3800010681152,31.5799999237061,32.0499992370605,6801300,31.8914699554443
32.2900009155273,33.1199989318848,31.7700004577637,32.9599990844727,10203800,32.7969703674316
32.8800010681152,33.689998626709,32.8199996948242,33.4799995422363,9481600,33.314395904541
33.3899993896484,33.75,32.1800003051758,32.310001373291,7674900,32.1501884460449
32.689998626709,33.7799987792969,32.5499992370605,33.5699996948242,8390500,33.4039535522461
33.75,33.8600006103516,33.2999992370605,33.5299987792969,4010100,33.3641510009766
33.25,33.7799987792969,32.7900009155273,32.9700012207031,7758100,32.8069229125977
32.7999992370605,33,32.2700004577637,32.8499984741211,8357500,32.6875114440918
32.939998626709,33.0800018310547,32.310001373291,32.4900016784668,5433600,32.3292961120605
32.0099983215332,32.4799995422363,31.6000003814697,31.9300003051758,28516000,31.772066116333
31.6299991607666,31.8600006103516,31.3700008392334,31.6700000762939,3177900,31.5133514404297
32.2000007629395,32.689998626709,31.7199993133545,32.3899993896484,9612800,32.2297897338867
32.689998626709,33.7200012207031,32.560001373291,33.4000015258789,7275600,33.2347946166992
33.2799987792969,33.7599983215332,33.1699981689453,33.1699981689453,8470800,33.0059280395508
33.2700004577637,33.5400009155273,32.8899993896484,33.3499984741211,6070500,33.1850395202637
33.1199989318848,33.6800003051758,33.0400009155273,33.4500007629395,4599100,33.2845458984375
33.3300018310547,33.6300010681152,33.0999984741211,33.5299987792969,3118700,33.3641510009766
33.6199989318848,33.810001373291,33.2700004577637,33.6199989318848,4122800,33.4537048339844
33.4199981689453,34.0200004577637,33.189998626709,33.7700004577637,4727000,33.6029624938965
33.7999992370605,35.0999984741211,33.7999992370605,34.7599983215332,10815700,34.5880661010742
34.8600006103516,35.0699996948242,34.2900009155273,34.439998626709,12752200,34.2696495056152
34.439998626709,34.560001373291,33.9000015258789,34.0800018310547,3234700,33.9114303588867
33.689998626709,34.9500007629395,33.689998626709,34.4099998474121,8312000,34.2397994995117
34.7000007629395,34.7000007629395,33.2299995422363,33.4700012207031,4369100,33.3044471740723
33.0699996948242,33.6300010681152,32.25,32.5800018310547,7042000,32.4188499450684
32.2700004577637,32.4900016784668,31.3799991607666,31.7900009155273,4892200,31.6327590942383
31.9899997711182,32.1800003051758,31.3700008392334,32.1599998474121,5052100,32.0009269714355
32.2799987792969,32.2900009155273,31.5,31.7099990844727,3149800,31.5531520843506
32.0299987792969,32.189998626709,31.1900005340576,31.5599994659424,3187100,31.4038944244385
31.3099994659424,32.0200004577637,31.2000007629395,31.5100002288818,3682900,31.5100002288818
31.4200000762939,31.5200004577637,30.8799991607666,30.9300003051758,3495800,30.9300003051758
30.7900009155273,31.1599998474121,30.2099990844727,30.4400005340576,4803100,30.4400005340576
31.0599994659424,31.2999992370605,30,30.4300003051758,4672500,30.4300003051758
29.8999996185303,30.5499992370605,29.7800006866455,30.3700008392334,4931400,30.3700008392334
30.0499992370605,30.9099998474121,29.9300003051758,30.5599994659424,4649800,30.5599994659424
30.8400001525879,30.8400001525879,30.0400009155273,30.3600006103516,4230300,30.3600006103516
30.3899993896484,30.75,30.3199996948242,30.6100006103516,4607000,30.6100006103516
30.2099990844727,30.3600006103516,29.7600002288818,30.0599994659424,3476900,30.0599994659424
29.8799991607666,30.2399997711182,29.6100006103516,30.2399997711182,4089900,30.2399997711182
30.0100002288818,30.1299991607666,29.5100002288818,29.9599990844727,3576800,29.9599990844727
29.9099998474121,30.2600002288818,29.6000003814697,29.9699993133545,2685100,29.9699993133545
29.9400005340576,30.4400005340576,29.8199996948242,30.1299991607666,5623800,30.1299991607666
30.0300006866455,30.7399997711182,29.7800006866455,30.5400009155273,6185200,30.5400009155273
30.0799999237061,30.2199993133545,29.5400009155273,30.0900001525879,6201200,30.0900001525879
30.2900009155273,30.4699993133545,29.6000003814697,29.9400005340576,3784900,29.9400005340576
30.0499992370605,30.1000003814697,29.1700000762939,29.6000003814697,5407000,29.6000003814697
29.1700000762939,29.8299999237061,28.8999996185303,29.8299999237061,4504600,29.8299999237061
29.4899997711182,29.7600002288818,29.1800003051758,29.3600006103516,3535600,29.3600006103516
29.1599998474121,30.0200004577637,29.1000003814697,29.9599990844727,2696300,29.9599990844727
29.8999996185303,30.0300006866455,29.0599994659424,29.1200008392334,13961200,29.1200008392334
29.6800003051758,30.2600002288818,29.3500003814697,29.9599990844727,4523100,29.9599990844727
30.0100002288818,30.6000003814697,29.8600006103516,30.1299991607666,3300400,30.1299991607666
