"Date","RECV3.SA.Open","RECV3.SA.High","RECV3.SA.Low","RECV3.SA.Close","RECV3.SA.Volume","RECV3.SA.Adjusted"
2021-05-05,14.1393308639526,16.3409557342529,14.0219097137451,15.2743911743164,10680015,12.2023143768311
2021-05-06,15.6462211608887,16.0963306427002,15.2743911743164,15.656005859375,1678691,12.5071773529053
2021-05-07,15.8027811050415,16.536657333374,15.1863260269165,16.243106842041,2348389,12.9761972427368
2021-05-10,16.4877319335938,16.536657333374,15.5190162658691,15.5385856628418,1054061,12.4133739471436
2021-05-11,15.3428859710693,15.8027811050415,14.8242807388306,15.8027811050415,1737863,12.6244325637817
2021-05-12,15.5972957611084,16.0180511474609,15.382025718689,15.5972957611084,360142,12.4602756500244
2021-05-13,15.4505214691162,15.5777263641357,15.0982608795166,15.4113807678223,616453,12.3117532730103
2021-05-14,15.4505214691162,15.8614912033081,15.0689058303833,15.656005859375,2456207,12.5071773529053
2021-05-17,15.6462211608887,15.9886960983276,15.3624563217163,15.9886960983276,1382217,12.7729558944702
2021-05-18,15.998480796814,16.243106842041,15.5777263641357,15.5777263641357,416453,12.4446430206299
2021-05-19,15.5385856628418,15.7538557052612,15.1863260269165,15.2646064758301,1259989,12.1944980621338
2021-05-20,15.3233156204224,15.4896612167358,14.8732061386108,15.4113807678223,367194,12.3117532730103
2021-05-21,15.3722410202026,15.4113807678223,15.2548208236694,15.3624563217163,263873,12.272668838501
2021-05-24,15.4113807678223,15.5679407119751,15.2156810760498,15.313530921936,327848,12.2335824966431
2021-05-25,15.2939605712891,15.4994459152222,15.2156810760498,15.2646064758301,209095,12.1944980621338
2021-05-26,15.333101272583,15.3918113708496,14.9710559844971,14.9808406829834,527541,11.9678039550781
2021-05-27,15.1276159286499,15.3918113708496,14.9319162368774,15.1765413284302,582626,12.1241464614868
2021-05-28,15.4015960693359,15.6168661117554,15.2254657745361,15.5092306137085,401021,12.3899230957031
2021-05-31,15.4994459152222,15.8027811050415,15.4015960693359,15.7538557052612,1178844,12.5853471755981
2021-06-01,15.8027811050415,15.9691257476807,15.7049312591553,15.9397706985474,723453,12.7338695526123
2021-06-02,15.8517055511475,16.0865459442139,15.6168661117554,15.929986000061,758098,12.7260513305664
2021-06-04,16.0963306427002,16.4290218353271,15.7245006561279,16.4290218353271,663362,13.1247186660767
2021-06-07,16.3116016387939,16.3898811340332,15.949556350708,16.0669765472412,421563,12.8354911804199
2021-06-08,16.2137508392334,16.2235355377197,15.7636413574219,15.8125658035278,201124,12.632248878479
2021-06-09,15.8712759017944,15.8908462524414,15.6364364624023,15.8223514556885,895043,12.6400661468506
2021-06-10,15.9006309509277,16.3507404327393,15.9006309509277,16.3507404327393,755032,13.062183380127
2021-06-11,16.3409557342529,16.5170879364014,16.0376205444336,16.3409557342529,1029023,13.0543661117554
2021-06-14,16.6345062255859,17.0846176147461,16.5757961273193,16.9280567169189,1571997,13.5233840942383
2021-06-15,17.0356922149658,18.0044078826904,17.0259075164795,17.6227912902832,1521511,14.07839012146
2021-06-16,18.0044078826904,18.3958072662354,17.7010726928711,18.13161277771,795196,14.4848766326904
2021-06-17,18.1707515716553,18.5621528625488,17.8087062835693,18.2979564666748,1181297,14.6177616119385
2021-06-18,18.2196769714355,18.4936561584473,17.9261264801025,18.1022567749023,725293,14.4614238739014
2021-06-21,18.121826171875,18.9241981506348,18.121826171875,18.8752727508545,722431,15.0789661407471
2021-06-22,18.8752727508545,19.0807571411133,18.4740867614746,18.5425815582275,808379,14.8131895065308
2021-06-23,18.6306476593018,18.8850574493408,18.0631160736084,18.5327968597412,380786,14.8053693771362
2021-06-24,18.6110763549805,19.8439884185791,18.4740867614746,19.4330177307129,1189881,15.5245351791382
2021-06-25,19.3743076324463,19.6482887268066,18.8361320495605,19.1688232421875,1139498,15.3134737014771
2021-06-28,19.1688232421875,19.4525871276855,18.6697864532471,18.8850574493408,353806,15.0867834091187
2021-06-29,18.8948421478271,19.4525871276855,18.8459186553955,19.2177486419678,861011,15.352560043335
2021-06-30,19.2177486419678,19.4232330322266,18.9633388519287,19.325382232666,1235053,15.4385452270508
2021-07-01,19.4330177307129,19.687427520752,18.9829082489014,19.1003284454346,1506897,15.2587575912476
2021-07-02,19.2177486419678,20.0005474090576,19.2079639434814,19.8048477172852,539192,15.8215780258179
2021-07-05,19.8342037200928,20.3528079986572,19.3743076324463,20.235387802124,1023300,16.16552734375
2021-07-06,20.206033706665,20.3332386016846,19.4819431304932,19.9222679138184,785589,15.9153823852539
2021-07-07,20.0592575073242,20.0886135101318,19.5797939300537,19.7657089233398,738476,15.7903127670288
2021-07-08,19.4428024291992,19.4428024291992,18.8361320495605,18.8361320495605,725906,15.0476989746094
2021-07-12,18.8361320495605,19.2373180389404,18.5915069580078,18.9926929473877,414716,15.1727685928345
2021-07-13,18.8459186553955,19.0220489501953,18.708927154541,18.7872085571289,384261,15.0086116790771
2021-07-14,18.9829082489014,19.2764587402344,18.6208610534668,18.8948421478271,285538,15.0946016311646
2021-07-15,18.8067779541016,18.8752727508545,18.1903228759766,18.1903228759766,341032,14.5317783355713
2021-07-16,18.2979564666748,18.4936561584473,17.9554824829102,18.4838714599609,402656,14.7662868499756
2021-07-19,18.3175277709961,18.3175277709961,17.446662902832,17.8772010803223,1093714,14.2816324234009
2021-07-20,17.6325778961182,18.1022567749023,17.4270915985107,18.1022567749023,633009,14.4614238739014
2021-07-21,18.2098922729492,18.6795711517334,17.8282775878906,18.6795711517334,438017,14.922625541687
2021-07-22,18.6697864532471,18.8752727508545,18.3958072662354,18.5915069580078,763719,14.8522729873657
2021-07-23,18.7969932556152,18.8850574493408,18.2196769714355,18.5915069580078,328666,14.8522729873657
2021-07-26,18.5915069580078,18.5915069580078,18.0631160736084,18.1609668731689,619212,14.5083265304565
2021-07-27,17.9456977844238,18.3370971679688,17.5347270965576,17.798921585083,693305,14.2190971374512
2021-07-28,17.7206420898438,18.0337619781494,17.2607479095459,17.4270915985107,639754,13.9220523834229
2021-07-29,17.4955863952637,18.0044078826904,17.4564476013184,17.8967723846436,701481,14.2972679138184
2021-07-30,17.8478469848633,17.9065570831299,17.3292427062988,17.50537109375,681450,13.9845886230469
2021-08-02,17.6815013885498,18.092472076416,17.4564476013184,17.8576316833496,816657,14.265998840332
2021-08-03,17.8087062835693,17.9065570831299,16.9769821166992,17.9065570831299,325804,14.3050851821899
2021-08-04,17.7499961853027,17.7499961853027,17.0063362121582,17.0063362121582,461215,13.5859203338623
2021-08-05,17.2118225097656,17.3194561004639,16.7225723266602,17.1237564086914,336228,13.6797246932983
2021-08-06,17.1139717102051,17.1139717102051,16.605152130127,16.6247215270996,360040,13.2810592651367
2021-08-09,16.4388065338135,16.8791313171387,16.2333202362061,16.8204212188721,302503,13.4373979568481
2021-08-10,16.6932163238525,17.2607479095459,16.4779472351074,17.2607479095459,560449,13.7891635894775
2021-08-11,17.0552616119385,17.838062286377,16.7910671234131,17.8087062835693,568012,14.2269134521484
2021-08-12,17.798921585083,17.8478469848633,17.3488121032715,17.6130065917969,855083,14.070574760437
2021-08-13,17.4955863952637,17.6032218933105,16.7910671234131,17.1237564086914,270107,13.6797246932983
2021-08-16,16.8497772216797,16.9867668151855,15.4015960693359,15.9104156494141,1578946,12.7104187011719
2021-08-17,15.8125658035278,15.8125658035278,14.4915914535522,15.2743911743164,2387633,12.2023143768311
2021-08-18,15.2743911743164,15.4505214691162,14.7362155914307,14.7362155914307,1234950,11.7723808288574
2021-08-19,14.4818058013916,15.5679407119751,14.1295461654663,15.2743911743164,794889,12.2023143768311
2021-08-20,15.0786905288696,15.4896612167358,14.8732061386108,14.8732061386108,298620,11.8818197250366
2021-08-23,15.03955078125,15.6853609085083,14.9417009353638,15.5581560134888,827388,12.4290075302124
2021-08-24,15.7049312591553,16.2528915405273,15.5972957611084,16.0474052429199,676341,12.8198566436768
2021-08-25,16.0376205444336,16.4877319335938,15.8321361541748,16.4192371368408,566274,13.1169033050537
2021-08-26,16.2528915405273,16.3703117370605,15.7538557052612,16.1159019470215,402656,12.8745765686035
2021-08-27,16.1843967437744,17.2411766052246,16.0669765472412,17.2411766052246,697598,13.7735290527344
2021-08-30,17.221607208252,17.4955863952637,17.0356922149658,17.4173069000244,468982,13.9142351150513
2021-08-31,17.4075222015381,17.5445117950439,16.536657333374,17.2411766052246,426060,13.7735290527344
2021-09-01,16.9867668151855,17.2020378112793,16.4877319335938,16.4877319335938,180071,13.1716203689575
2021-09-02,16.4975166320801,17.0259075164795,15.9593410491943,16.0963306427002,420132,12.858941078186
2021-09-03,16.1452560424805,16.3898811340332,15.9886960983276,16.1941814422607,266734,12.9371118545532
2021-09-06,15.7734260559082,16.1550407409668,15.6168661117554,16.0474052429199,405620,12.8198566436768
2021-09-08,16.243106842041,16.243106842041,15.3624563217163,15.4113807678223,622483,12.3117532730103
2021-09-09,15.4211664199829,15.949556350708,15.2058963775635,15.7049312591553,442922,12.5462617874146
2021-09-10,16.2626762390137,16.3996677398682,15.1667556762695,15.1667556762695,428921,12.1163272857666
2021-09-13,15.4113807678223,16.4094524383545,15.4113807678223,16.1452560424805,599284,12.8980255126953
2021-09-14,16.1452560424805,16.5170879364014,16.0474052429199,16.3898811340332,506693,13.093451499939
2021-09-15,16.5953674316406,17.1139717102051,16.3018169403076,17.0063362121582,649360,13.5859203338623
2021-09-16,17.0063362121582,17.0748329162598,16.243106842041,17.0748329162598,1130096,13.6406421661377
2021-09-17,17.0161228179932,17.0454769134521,16.4975166320801,16.9084873199463,798671,13.5077524185181
2021-09-20,16.6345062255859,16.6345062255859,15.0101957321167,15.3428859710693,1039345,12.2570352554321
2021-09-21,15.4505214691162,15.9202013015747,15.1667556762695,15.656005859375,659478,12.5071773529053
2021-09-22,15.8614912033081,17.3390274047852,15.8517055511475,17.3194561004639,737965,13.8360652923584
2021-09-23,17.3292427062988,18.0239772796631,16.7323570251465,17.9554824829102,760653,14.3441696166992
2021-09-24,17.6912860870361,18.8850574493408,17.0748329162598,18.8850574493408,948696,15.0867834091187
2021-09-27,18.8948421478271,20.528938293457,18.8850574493408,20.206033706665,1874603,16.1420764923096
2021-09-28,20.1179676055908,21.0573272705078,19.1590385437012,19.8342037200928,2141951,15.8450298309326
2021-09-29,19.8342037200928,20.303882598877,19.3547382354736,19.687427520752,870209,15.7277774810791
2021-09-30,20.0592575073242,20.274528503418,19.1003284454346,19.6678581237793,1233520,15.7121410369873
2021-10-01,19.912483215332,20.1571083068848,19.2764587402344,19.9711933135986,1020336,15.9544706344604
2021-10-04,20.0396881103516,20.0396881103516,18.9241981506348,19.2079639434814,1002963,15.3447456359863
2021-10-05,19.2471027374268,19.658073425293,18.6502170562744,19.325382232666,1250382,15.4385452270508
2021-10-06,18.9339828491211,18.9926929473877,18.3664512634277,18.5132274627686,613285,14.7897386550903
2021-10-07,18.4936561584473,18.973123550415,17.7793521881104,17.9065570831299,1025957,14.3050851821899
2021-10-08,17.9652671813965,18.415376663208,17.8184928894043,17.8478469848633,620439,14.2581825256348
2021-10-11,18.2979564666748,18.9339828491211,17.9554824829102,18.5425815582275,938783,14.8131895065308
2021-10-13,18.5915069580078,18.9437675476074,17.3292427062988,17.5640811920166,1167091,14.0314893722534
2021-10-14,17.8576316833496,18.0141925811768,17.2901020050049,17.3194561004639,1117117,13.8360652923584
2021-10-15,17.3683815002441,17.5445117950439,16.9476261138916,16.9476261138916,740929,13.5390186309814
2021-10-18,16.9084873199463,17.4955863952637,16.5757961273193,16.7910671234131,1630556,13.413948059082
2021-10-19,16.9476261138916,16.9476261138916,15.9593410491943,15.9593410491943,2265814,12.7495040893555
2021-10-20,16.1159019470215,16.3018169403076,15.7929964065552,16.0571918487549,4128357,12.8276748657227
2021-10-21,15.8517055511475,15.9104156494141,14.5796556472778,15.4113807678223,2154521,12.3117532730103
2021-10-22,15.2156810760498,15.2156810760498,13.7479295730591,14.765570640564,2865098,11.7958316802979
2021-10-25,14.9123458862305,16.1843967437744,14.6383657455444,15.8223514556885,938987,12.6400661468506
2021-10-26,15.656005859375,15.9593410491943,15.1276159286499,15.4603061676025,515789,12.3508377075195
2021-10-27,15.4603061676025,15.5581560134888,14.6579360961914,14.6579360961914,950638,11.7098455429077
2021-10-28,14.765570640564,14.7753562927246,13.9436302185059,13.9436302185059,612365,11.1392040252686
2021-10-29,14.080620765686,14.1686859130859,13.0825500488281,13.2684650421143,2167193,10.59983253479
2021-11-01,13.4054546356201,14.0121250152588,13.2586803436279,13.7283601760864,429739,10.9672298431396
2021-11-03,13.6500797271729,13.8849201202393,13.1314754486084,13.8849201202393,486458,11.092303276062
2021-11-04,13.8849201202393,14.0316953659058,13.5424451828003,13.8653497695923,418395,11.0766687393188
2021-11-05,13.7968549728394,15.0004110336304,13.7968549728394,14.8732061386108,1027081,11.8818197250366
2021-11-08,14.7753562927246,15.6364364624023,14.6383657455444,15.0297660827637,558814,12.006890296936
2021-11-09,15.2450361251831,15.313530921936,14.8536357879639,15.1178312301636,421052,12.0772438049316
2021-11-10,15.1471862792969,15.4603061676025,14.8732061386108,15.4113807678223,425651,12.3117532730103
2021-11-11,15.7538557052612,16.5757961273193,15.2646064758301,16.3703117370605,890852,13.0778179168701
2021-11-12,16.2528915405273,16.3800964355469,15.0493364334106,15.3037462234497,660500,12.2257652282715
2021-11-16,15.4113807678223,15.6951456069946,14.6579360961914,14.6579360961914,336126,11.7098455429077
2021-11-17,14.9417009353638,15.0004110336304,13.9925546646118,14.2371807098389,391926,11.3737144470215
2021-11-18,14.2763214111328,14.3448162078857,13.5326595306396,13.6990051269531,564537,10.9437799453735
2021-11-19,13.6500797271729,13.6696500778198,12.7889995574951,13.2684650421143,875318,10.59983253479
2021-11-22,13.3467445373535,14.0512657165527,13.2782497406006,14.0512657165527,630147,11.2251920700073
2021-11-23,14.0904064178467,14.765570640564,13.6500797271729,14.765570640564,503321,11.7958316802979
2021-11-24,15.059121131897,15.059121131897,14.1099758148193,14.1099758148193,523147,11.2720947265625
2021-11-25,14.2763214111328,14.765570640564,13.9925546646118,14.6090106964111,296474,11.6707592010498
2021-11-26,13.6892204284668,14.0316953659058,13.4054546356201,14.0316953659058,753193,11.2095584869385
2021-11-29,14.2078256607056,14.442666053772,13.9534149169922,14.3546009063721,409197,11.4675178527832
2021-11-30,14.149115562439,14.149115562439,12.9357748031616,13.4739503860474,1108635,10.7639894485474
2021-12-01,13.6892204284668,14.2273960113525,13.1216897964478,13.4054546356201,583852,10.7092714309692
2021-12-02,13.4445953369141,14.0023403167725,13.1510448455811,13.7087898254395,590393,10.9515962600708
2021-12-03,14.0121250152588,14.5503005981445,13.4250249862671,13.6794347763062,495860,10.9281463623047
2021-12-06,14.0316953659058,14.3839559555054,13.6794347763062,14.3448162078857,864792,11.4597015380859
2021-12-07,14.5992259979248,14.9123458862305,14.2665357589722,14.2665357589722,455084,11.3971652984619
2021-12-08,14.1882562637329,14.6187963485718,13.9631996154785,14.4818058013916,385590,11.5691394805908
2021-12-09,14.3839559555054,14.6090106964111,13.9044904708862,14.3937406539917,385590,11.4987859725952
2021-12-10,14.2078256607056,15.3428859710693,14.2078256607056,15.1765413284302,779969,12.1241464614868
2021-12-13,14.9808406829834,15.5288009643555,14.9710559844971,15.4211664199829,571997,12.3195705413818
2021-12-14,15.2058963775635,15.9397706985474,15.1961107254028,15.656005859375,911905,12.5071773529053
2021-12-15,15.656005859375,15.656005859375,14.7949256896973,15.4309511184692,636279,12.3273868560791
2021-12-16,15.4700908660889,15.8810606002808,15.2743911743164,15.7734260559082,1394480,12.600980758667
2021-12-17,15.1961107254028,16.2333202362061,15.1178312301636,15.5972957611084,2448133,12.4602756500244
2021-12-20,15.2841758728027,15.5385856628418,15.03955078125,15.333101272583,919161,12.2492179870605
2021-12-21,15.656005859375,15.9691257476807,15.2254657745361,15.7049312591553,358405,12.5462617874146
2021-12-22,16.0082664489746,16.1354713439941,15.5875110626221,16.0180511474609,477567,12.7964057922363
2021-12-23,16.1452560424805,16.4877319335938,15.8908462524414,15.9691257476807,1686764,12.7573213577271
2021-12-27,15.9691257476807,17.1237564086914,15.9104156494141,16.9769821166992,330710,13.5624704360962
2021-12-28,17.2313919067383,17.5542964935303,17.0454769134521,17.5542964935303,510270,14.0236721038818
2021-12-29,17.5542964935303,17.6912860870361,17.0161228179932,17.0161228179932,879611,13.5937395095825
2021-12-30,17.1922512054443,18.2979564666748,17.0063362121582,18.2979564666748,3439140,14.6177616119385
2022-01-03,18.2979564666748,18.3958072662354,17.1922512054443,17.1922512054443,1136739,13.7344446182251
2022-01-04,17.0748329162598,18.0044078826904,16.9378414154053,17.446662902832,1266427,13.937686920166
2022-01-05,17.446662902832,17.7304267883301,15.949556350708,16.0474052429199,1182830,12.8198566436768
2022-01-06,16.3898811340332,16.7225723266602,15.6951456069946,16.0082664489746,580480,12.7885885238647
2022-01-07,16.0865459442139,17.1139717102051,15.8908462524414,16.8497772216797,665099,13.4608488082886
2022-01-10,17.6325778961182,17.6325778961182,15.9593410491943,16.6442928314209,903525,13.2966938018799
2022-01-11,16.7030029296875,17.2803173065186,16.3800964355469,17.2118225097656,872764,13.7500782012939
2022-01-12,17.221607208252,18.3664512634277,17.2118225097656,18.121826171875,766070,14.4770574569702
2022-01-13,18.1120414733887,18.4349460601807,17.7108573913574,18.2588176727295,523454,14.5864963531494
2022-01-14,18.4936561584473,18.6893577575684,17.9163417816162,18.6893577575684,731323,14.9304437637329
2022-01-17,18.6795711517334,18.7969932556152,18.2001075744629,18.6697864532471,224425,14.9148082733154
2022-01-18,18.6893577575684,19.0807571411133,18.4740867614746,18.7969932556152,451098,15.0164308547974
2022-01-19,19.0807571411133,20.3919486999512,18.9339828491211,20.3919486999512,902503,16.2905979156494
2022-01-20,20.274528503418,20.274528503418,19.6678581237793,19.7461376190186,556770,15.7746772766113
2022-01-21,19.6678581237793,19.8537731170654,18.8654880523682,19.7461376190186,636484,15.7746772766113
2022-01-24,19.5308685302734,19.8146324157715,18.7872085571289,19.2275333404541,764128,15.3603782653809
2022-01-25,19.1003284454346,20.1766777038574,19.0905437469482,19.9614086151123,804291,15.9466514587402
2022-01-26,20.1962471008301,20.6659278869629,19.7461376190186,20.1375389099121,898415,16.0873565673828
2022-01-27,20.1668930053711,20.4995822906494,19.5406532287598,19.8635578155518,1002452,15.8684797286987
2022-01-28,19.7363529205322,19.912483215332,19.0905437469482,19.6385021209717,837812,15.6886920928955
2022-01-31,19.5797939300537,20.1179676055908,19.36452293396,19.9614086151123,710168,15.9466514587402
2022-02-01,20.0592575073242,20.4408721923828,19.2862434387207,20.4408721923828,835564,16.3296813964844
2022-02-02,20.0788288116455,20.5680770874023,19.7852783203125,20.4800128936768,538988,16.3609504699707
2022-02-03,20.4506587982178,20.4506587982178,19.58957862854,20.0103321075439,450587,15.9857358932495
2022-02-04,20.303882598877,20.9007682800293,19.7069988250732,20.9007682800293,757690,16.6970825195312
2022-02-07,20.7833480834961,20.8714122772217,20.0983982086182,20.0983982086182,742667,16.0560894012451
2022-02-08,20.0592575073242,20.3430233001709,19.3743076324463,19.658073425293,876238,15.7043237686157
2022-02-09,19.6287174224854,20.558292388916,19.5308685302734,20.558292388916,461726,16.4234867095947
2022-02-10,20.5680770874023,21.4095897674561,20.5485076904297,20.8420581817627,770771,16.6501789093018
2022-02-11,20.9301223754883,21.8792686462402,20.5485076904297,21.2823848724365,1638221,17.0019454956055
2022-02-14,21.3215236663818,21.732494354248,20.82248878479,21.3704490661621,1186509,17.0722980499268
2022-02-15,21.3313083648682,21.5367946624756,20.6757125854492,21.0866832733154,596422,16.8456039428711
2022-02-16,21.0964698791504,21.761848449707,21.0768985748291,21.0768985748291,581195,16.8377895355225
2022-02-17,21.2334594726562,21.5270080566406,20.6561431884766,20.6561431884766,900152,16.5016574859619
2022-02-18,20.7148532867432,21.0768985748291,20.0396881103516,20.0396881103516,699642,16.0091857910156
2022-02-21,20.5485076904297,21.184534072876,20.4800128936768,20.6854972839355,1247418,16.5251083374023
2022-02-22,20.9105529785156,21.3313083648682,19.8635578155518,19.912483215332,993765,15.9075651168823
2022-02-23,19.941837310791,20.7442073822021,19.7559223175049,20.2549571990967,2030147,16.1811618804932
2022-02-24,20.5485076904297,20.890983581543,19.8048477172852,19.8635578155518,1947060,15.8684797286987
2022-02-25,20.0788288116455,20.5778636932373,19.8733425140381,20.2158184051514,1307919,16.1498928070068
2022-03-02,20.7442073822021,22.2315292358398,20.7442073822021,22.1043243408203,1307306,17.6585712432861
2022-03-03,22.417444229126,22.9751892089844,21.5563640594482,21.9379787445068,1236483,17.5256843566895
2022-03-04,21.8596992492676,22.1043243408203,21.3410930633545,21.7520637512207,732345,17.3771591186523
2022-03-07,22.4272289276123,22.6131439208984,20.8127021789551,21.1356086730957,867143,16.8846893310547
2022-03-08,21.3117389678955,21.9966888427734,20.9007682800293,21.3802337646484,2157996,17.0801162719727
2022-03-09,21.478084564209,21.478084564209,20.3528079986572,20.851842880249,1687275,16.6579971313477
2022-03-10,20.7246379852295,21.3508796691895,20.6757125854492,21.0377578735352,454777,16.8065204620361
2022-03-11,21.1649646759033,21.2823848724365,20.1277523040771,20.206033706665,816759,16.1420764923096
2022-03-14,20.0592575073242,20.2451725006104,18.5915069580078,18.9437675476074,947061,15.1336860656738
2022-03-15,18.3370971679688,19.6287174224854,18.3370971679688,19.6287174224854,1073990,15.6808738708496
2022-03-16,19.8146324157715,20.0592575073242,19.1198978424072,19.3743076324463,625140,15.4776315689087
2022-03-17,19.4917278289795,20.4800128936768,19.4623737335205,20.3625926971436,733162,16.267147064209
2022-03-18,20.5680770874023,21.5759334564209,20.1864624023438,21.5759334564209,766172,17.2364540100098
2022-03-21,21.6542148590088,22.0847549438477,21.4095897674561,21.6639995574951,1047827,17.3068084716797
2022-03-22,21.6639995574951,23.8166999816895,21.6639995574951,23.3372344970703,3234541,18.6435127258301
2022-03-23,23.6797103881836,24.5505752563477,23.28830909729,24.5505752563477,1454470,19.6128196716309
2022-03-24,24.560359954834,26.1748867034912,24.3842296600342,25.5290756225586,1982727,20.3945178985596
2022-03-25,25.5290756225586,26.1259613037109,25.1278896331787,25.8030567169189,1408277,20.6133918762207
2022-03-28,25.9204769134521,25.9204769134521,25.0789642333984,25.5779991149902,914767,20.4335994720459
2022-03-29,25.3627300262451,25.8911209106445,25.0593948364258,25.3431606292725,802452,20.2459964752197
2022-03-30,25.5095043182373,25.9204769134521,24.5016498565674,24.5505752563477,889830,19.6128196716309
2022-03-31,23.904764175415,24.4625091552734,23.3372344970703,23.621000289917,850178,18.8702030181885
2022-04-01,23.8656253814697,24.560359954834,23.7482051849365,23.8166999816895,645988,19.0265445709229
2022-04-04,23.7579898834229,24.1885299682617,23.2295989990234,23.2687397003174,594583,18.5887928009033
2022-04-05,23.4350852966309,24.2276706695557,23.3372344970703,23.3763732910156,514460,18.6747760772705
2022-04-06,23.3763732910156,23.3763732910156,22.6327133178711,23.06325340271,454777,18.4246387481689
2022-04-07,23.1513195037842,23.8656253814697,22.6522846221924,23.581859588623,479304,18.8389377593994
2022-04-08,23.7579898834229,23.7579898834229,22.8577690124512,23.033899307251,1404700,18.4011821746826
2022-04-11,22.7794895172119,23.0828247070312,22.378303527832,22.378303527832,414511,17.8774471282959
2022-04-12,22.7305641174316,23.581859588623,22.7305641174316,23.2687397003174,519263,18.5887928009033
2022-04-13,23.3861598968506,24.7462749481201,23.3861598968506,24.4722957611084,1154521,19.5502834320068
2022-04-14,24.4625091552734,24.5407905578613,24.0123996734619,24.4527244567871,442820,19.5346488952637
2022-04-18,24.4527244567871,24.9321899414062,23.8851947784424,24.3450908660889,752171,19.4486618041992
2022-04-19,24.1689605712891,24.7071342468262,24.0026149749756,24.3450908660889,455595,19.4486618041992
2022-04-20,24.4820804595947,24.8734798431396,23.8264846801758,24.560359954834,386816,19.6206359863281
2022-04-22,24.2765941619873,24.6484241485596,23.5622901916504,24.0808944702148,443127,19.2376022338867
2022-04-25,23.6992797851562,23.8362693786621,22.1434631347656,23.4644393920898,887276,18.7451324462891
2022-04-26,23.5329341888428,24.4233703613281,23.1806735992432,24.1004657745361,608686,19.2532348632812
2022-04-27,24.1102504730225,24.7267055511475,23.2785243988037,23.4448699951172,418599,18.7294998168945
2022-04-28,23.4546546936035,24.3548755645752,23.2295989990234,24.3548755645752,512212,19.589973449707
2022-04-29,24.6582107543945,25.2844505310059,24.1591758728027,24.7462749481201,1619416,19.9047985076904
2022-05-02,24.853910446167,24.853910446167,22.8675537109375,23.4350852966309,1168727,18.8501358032227
2022-05-03,23.5329341888428,24.1004657745361,23.1611042022705,24.1004657745361,831680,19.3853378295898
2022-05-04,24.9517593383789,25.0496101379395,24.0026149749756,25.0496101379395,1375778,20.1487865447998
2022-05-05,24.9028358459473,25.2159557342529,23.2002449035645,24.8343391418457,1331425,19.9756336212158
2022-05-06,24.9811153411865,25.5192909240723,24.2961654663086,25.0985355377197,1686355,20.188138961792
2022-05-09,24.6582107543945,24.8049850463867,23.1317481994629,23.6307849884033,1458456,19.0075492858887
2022-05-10,23.9830455780029,24.3940143585205,23.2393836975098,24.2178840637207,684721,19.4797821044922
2022-05-11,24.2178840637207,25.2257404327393,24.2178840637207,24.8734798431396,864179,20.0071144104004
2022-05-12,24.6484241485596,25.763916015625,24.5505752563477,25.5975704193115,773837,20.5895404815674
2022-05-13,25.6367092132568,26.6837062835693,25.6269245147705,26.4195117950439,1233417,21.2506732940674
2022-05-16,26.4586505889893,26.703275680542,25.9204769134521,25.9204769134521,1116708,20.8492736816406
2022-05-17,26.4195117950439,26.8402652740479,26.2433815002441,26.5075759887695,1508021,21.3215084075928
2022-05-18,26.6543502807617,26.8304805755615,25.1865997314453,25.2453098297119,1259069,20.3061962127686
2022-05-19,25.1474609375,27.0066108703613,25.0104694366455,26.9087600708008,1978435,21.6442050933838
2022-05-20,27.1827411651611,27.7502708435059,26.8011264801025,27.7502708435059,1785691,22.3210773468018
2022-05-23,28.0438213348389,28.6113529205322,27.4273662567139,27.4273662567139,1613489,22.0613479614258
2022-05-24,27.0359668731689,27.9459705352783,26.9185466766357,27.4958610534668,983852,22.1164417266846
2022-05-25,27.3686561584473,28.9049015045166,27.3295154571533,28.6896324157715,1486969,23.0766563415527
2022-05-26,28.7483425140381,29.8246917724609,28.4352226257324,28.4352226257324,1231476,22.8720226287842
2022-05-27,28.4645767211914,29.4822177886963,28.2884464263916,29.3550128936768,1154010,23.6118602752686
2022-05-30,29.5017871856689,30.2356624603271,28.9244728088379,29.0125370025635,717424,23.3363876342773
2022-05-31,29.2865161895752,29.7072715759277,27.4469356536865,28.1123161315918,4563820,22.6122894287109
2022-06-01,28.1710262298584,28.6113529205322,27.6817760467529,27.7991962432861,1067960,22.3604297637939
2022-06-02,27.8285503387451,28.4254379272461,27.5056457519531,27.5056457519531,722125,22.1243114471436
2022-06-03,27.7796268463135,27.7796268463135,26.5271453857422,26.8304805755615,1293918,21.5812397003174
2022-06-06,26.5,27.8700008392334,26.1200008392334,26.1200008392334,1819900,21.0097618103027
2022-06-07,25.9899997711182,26.4099998474121,25.4400005340576,25.7399997711182,1083600,20.7041053771973
2022-06-08,25.5599994659424,26.8700008392334,25.4099998474121,26.4799995422363,1349000,21.2993278503418
2022-06-09,26.1800003051758,27.2099990844727,26.1800003051758,26.7900009155273,910200,21.5486793518066
2022-06-10,26.3600006103516,26.8299999237061,25.7600002288818,26.5200004577637,974100,21.3315010070801
2022-06-13,25.9500007629395,26.0499992370605,24.4799995422363,24.8299999237061,1022900,19.9721412658691
2022-06-14,25.1800003051758,25.5200004577637,23.5200004577637,23.8400001525879,2273200,19.1758308410645
2022-06-15,24.0100002288818,26.1800003051758,24.0100002288818,25.5400009155273,4278100,20.54323387146
2022-06-17,24.9300003051758,24.9300003051758,23.8600006103516,24.8999996185303,4176000,20.0284481048584
2022-06-20,24.7600002288818,24.8600006103516,22.9500007629395,24.4500007629395,2975400,19.6664867401123
2022-06-21,24.6700000762939,25.6200008392334,24.2399997711182,25.25,2019600,20.3099689483643
2022-06-22,23.9099998474121,24.7700004577637,23.4300003051758,24.0599994659424,2442400,19.3527870178223
2022-06-23,24.1100006103516,24.6000003814697,22.9200000762939,23.2299995422363,2267000,18.6851749420166
2022-06-24,23.4300003051758,24.7099990844727,22.6499996185303,24.7099990844727,2418500,19.8756198883057
2022-06-27,24.7399997711182,25.2000007629395,23.8899993896484,24.5,2135300,19.7067050933838
2022-06-28,24.8600006103516,25.3999996185303,24.6599998474121,25.2900009155273,1302800,20.3421478271484
2022-06-29,25.3999996185303,26.25,25.2399997711182,25.8199996948242,1223500,20.7684535980225
2022-06-30,25.4500007629395,25.8700008392334,24.9099998474121,25.6399993896484,2602200,20.6236705780029
2022-07-01,25.6299991607666,25.9599990844727,24.75,25.7999992370605,1992300,20.7523651123047
2022-07-04,25.7000007629395,27.3099994659424,25.7000007629395,26.8700008392334,1162300,21.6130275726318
2022-07-05,26.5499992370605,26.6299991607666,24.2000007629395,25.3500003814697,2124200,20.3904075622559
2022-07-06,25.3999996185303,25.5400009155273,23.2999992370605,24.0900001525879,1998400,19.3769187927246
2022-07-07,24.75,25.3099994659424,24.3299999237061,24.5599994659424,2130900,19.7549667358398
2022-07-08,24.6100006103516,25.9500007629395,24.5900001525879,25.5200004577637,1758400,20.5271492004395
2022-07-11,25,25.1499996185303,24,24,963000,19.3045272827148
2022-07-12,23.3999996185303,23.4799995422363,21.9699993133545,22.7700004577637,3223100,18.3151721954346
2022-07-13,22.5699996948242,23.0699996948242,22.2900009155273,22.7199993133545,999300,18.2749519348145
2022-07-14,22.2000007629395,22.7999992370605,21.1700000762939,22.5799999237061,2177700,18.1623401641846
2022-07-15,23,23.6200008392334,22.3799991607666,23.1000003814697,1511900,18.5806083679199
2022-07-18,22.9200000762939,24.5,22.9200000762939,23.8500003814697,835500,19.1838760375977
2022-07-19,23.8400001525879,24.6200008392334,23.6000003814697,24.2900009155273,921400,19.5377922058105
2022-07-20,24.1900005340576,25.0900001525879,23.8400001525879,24.6200008392334,1062600,19.8032264709473
2022-07-21,24.2000007629395,24.2999992370605,23.3400001525879,24.1000003814697,1173200,19.3849639892578
2022-07-22,24.0799999237061,24.0799999237061,23,23.4899997711182,1582300,18.8943042755127
2022-07-25,23.7600002288818,24.0599994659424,23.3999996185303,23.8700008392334,825000,19.1999607086182
2022-07-26,23.8899993896484,24.4500007629395,23.2399997711182,23.4400005340576,1356400,18.8540897369385
2022-07-27,23.5300006866455,23.6000003814697,22.9599990844727,23.6000003814697,1050000,18.9827861785889
2022-07-28,23.6000003814697,24.1100006103516,23.1900005340576,24.0100002288818,1448400,19.3125705718994
2022-07-29,24.1299991607666,24.7600002288818,23.9799995422363,24.5200004577637,2268400,19.7227897644043
2022-08-01,24.5200004577637,24.5200004577637,23.4599990844727,23.7399997711182,1013500,19.0953941345215
2022-08-02,23.7299995422363,24.6700000762939,23.5200004577637,24.3500003814697,761100,19.586051940918
2022-08-03,24.3299999237061,25.0599994659424,23.9500007629395,24.4799995422363,893100,19.690616607666
2022-08-04,24.6000003814697,25.1900005340576,23.4099998474121,23.4200000762939,988600,18.8380012512207
2022-08-05,23.4200000762939,24.2299995422363,22.75,23.8799991607666,645900,19.2080039978027
2022-08-08,24.0200004577637,25.1499996185303,23.6700000762939,24.5,1510900,19.7067050933838
2022-08-09,24.6599998474121,25.5,24.5,24.9300003051758,1109600,20.0525779724121
2022-08-10,25.1800003051758,26,24.8400001525879,25.5499992370605,1213700,20.5512771606445
2022-08-11,25.9200000762939,26.2000007629395,24.8099994659424,25.2299995422363,1856500,20.2938842773438
2022-08-12,25.2999992370605,26.0499992370605,25.0400009155273,25.9300003051758,1302300,20.8569355010986
2022-08-15,25.3999996185303,25.5799999237061,24.6000003814697,25.2999992370605,1360400,20.3501892089844
2022-08-16,25.3799991607666,25.5900001525879,24.6700000762939,24.9899997711182,1225800,20.1008396148682
2022-08-17,24.8999996185303,25.7800006866455,24.8500003814697,25.2000007629395,1273000,20.26975440979
2022-08-18,25.3199996948242,25.9500007629395,24.8999996185303,25,1169500,20.1088848114014
2022-08-19,24.9099998474121,24.9099998474121,23.6000003814697,24.0499992370605,1994300,19.3447437286377
2022-08-22,23.9699993133545,24.75,23.5,24.5,2273700,19.7067050933838
2022-08-23,24.5,25.3500003814697,24.4099998474121,24.9099998474121,19890100,20.0364894866943
2022-08-24,25,25.5300006866455,24.6100006103516,25.3799991607666,2409900,20.4145374298096
2022-08-25,25.3999996185303,26.3299999237061,25.3500003814697,25.9699993133545,1586500,20.8891048431396
2022-08-26,25.9899997711182,26.75,25.8199996948242,26.4799995422363,1440100,21.2993278503418
2022-08-29,26.3899993896484,27.9099998474121,26.3299999237061,26.8899993896484,2165000,21.6291122436523
2022-08-30,26.6000003814697,26.7399997711182,25.8299999237061,26.1299991607666,1259400,21.0178031921387
2022-08-31,26.1100006103516,27.3899993896484,25.8299999237061,27.2800006866455,1589700,21.942813873291
2022-09-01,27.1399993896484,27.5799999237061,26.8199996948242,27.2199993133545,2003200,21.8945503234863
2022-09-02,27.4699993133545,28.1700000762939,26.5499992370605,27.7000007629395,2990100,22.2806434631348
2022-09-05,28.25,30.0599994659424,28.1200008392334,29.0699996948242,3621000,23.3826084136963
2022-09-06,28.8500003814697,28.9200000762939,27.7399997711182,28.0900001525879,1834000,22.5943374633789
2022-09-08,28.2999992370605,28.4400005340576,26.8799991607666,27.5200004577637,1939300,22.1358604431152
2022-09-09,28.1000003814697,28.6399993896484,27.7399997711182,28.1299991607666,1889700,22.6265144348145
2022-09-12,28.5300006866455,29.1200008392334,27.9300003051758,28.2800006866455,1883700,22.7471694946289
2022-09-13,27.8199996948242,28.1599998474121,26.9300003051758,27.2900009155273,1769500,21.950855255127
2022-09-14,27.2800006866455,28.1000003814697,26.9799995422363,27.8799991607666,2283300,22.4254245758057
2022-09-15,27.5699996948242,27.9200000762939,27.1100006103516,27.2099990844727,2074400,21.8865070343018
2022-09-16,27.1499996185303,27.1900005340576,26.2399997711182,26.7800006866455,6216300,21.5406379699707
2022-09-19,26.5300006866455,27.6599998474121,26.5300006866455,27.4799995422363,2752500,22.1036834716797
2022-09-20,27.5699996948242,27.8299999237061,27.0300006866455,27.3700008392334,1480900,22.0152053833008
2022-09-21,27.3799991607666,28.3799991607666,27.3799991607666,27.9400005340576,1701900,22.4736862182617
2022-09-22,28.2099990844727,28.2900009155273,27.4400005340576,28.1000003814697,1550500,22.6023845672607
2022-09-23,27.5400009155273,27.5400009155273,25.9500007629395,26.1499996185303,4326600,21.0338878631592
2022-09-26,25.9599990844727,26.0699996948242,24.4699993133545,24.6900005340576,3398700,19.8595333099365
2022-09-27,25.0300006866455,25.0400009155273,24.3099994659424,24.4500007629395,2257100,19.6664867401123
2022-09-28,24.2600002288818,25.2600002288818,24.2299995422363,24.9899997711182,3349800,20.1008396148682
2022-09-29,24.7399997711182,24.8999996185303,24.1000003814697,24.7600002288818,2490300,19.9158382415771
2022-09-30,24.7600002288818,25.2900009155273,24.5300006866455,25.0599994659424,1754700,20.1571445465088
2022-10-03,26,26.8199996948242,25.7399997711182,26.1700000762939,2655300,21.0499782562256
2022-10-04,26.75,27.9899997711182,26.75,27.8299999237061,3051600,22.3852100372314
2022-10-05,27.8600006103516,29.1700000762939,27.8299999237061,28.7999992370605,2485100,23.1654319763184
2022-10-06,28.8999996185303,29.1299991607666,28.6700000762939,29.0300006866455,1055300,23.350435256958
2022-10-07,28.9799995422363,29.75,28.5599994659424,28.8999996185303,1698800,23.2458686828613
2022-10-10,28.9599990844727,29.2199993133545,28.2099990844727,28.7999992370605,1505400,23.1654319763184
2022-10-11,28.7099990844727,28.7600002288818,27.6000003814697,28.4300003051758,2166100,22.8678226470947
2022-10-13,28.0499992370605,29.4799995422363,27.9400005340576,29.1000003814697,2076000,23.40673828125
2022-10-14,29.1200008392334,29.4599990844727,28.5699996948242,28.8799991607666,1447700,23.2297782897949
2022-10-17,28.9200000762939,30.1499996185303,28.8400001525879,29.5400009155273,1415700,23.7606544494629
2022-10-18,29.6200008392334,30.2299995422363,29.1900005340576,30,1748700,24.1306591033936
2022-10-19,29.9899997711182,31.2999992370605,29.9400005340576,30.7000007629395,2764200,24.6937103271484
2022-10-20,30.8799991607666,31.1499996185303,29.2199993133545,29.8999996185303,4266700,24.0502243041992
2022-10-21,29.8899993896484,31,29.6700000762939,30.7600002288818,2439500,24.7419681549072
2022-10-24,30.3899993896484,31.3500003814697,30.2000007629395,31.1100006103516,1612300,25.023494720459
2022-10-25,30.7600002288818,31.9099998474121,30.4799995422363,30.7900009155273,1634700,24.7661018371582
2022-10-26,30.4099998474121,31.2999992370605,29.9300003051758,30.2299995422363,2114500,24.3156604766846
2022-10-27,30.3999996185303,31.5200004577637,30.1000003814697,30.5,1847700,24.5328388214111
2022-10-28,30.2000007629395,31.0499992370605,29.9899997711182,31.0100002288818,2005100,24.943058013916
2022-10-31,30.1599998474121,32.5,30.1399993896484,31.3600006103516,3232800,25.2245826721191
2022-11-01,32.0999984741211,32.4900016784668,30.9599990844727,31.6000003814697,2515700,25.4176273345947
2022-11-03,31.7299995422363,33.5499992370605,31.1000003814697,33.189998626709,3826700,26.69655418396
2022-11-04,36.4700012207031,36.6599998474121,34.5400009155273,36.1100006103516,5450300,29.0452690124512
2022-11-07,35.939998626709,36.0400009155273,34.75,35.0800018310547,2425700,28.2167854309082
2022-11-08,34.7299995422363,35.2000007629395,34.2400016784668,34.9700012207031,1360600,28.1283054351807
2022-11-09,34.7099990844727,35.560001373291,34.1100006103516,34.3800010681152,2481700,27.653736114502
2022-11-10,33.9900016784668,33.9900016784668,32.560001373291,33.2999992370605,2761000,26.7850284576416
2022-11-11,34.5999984741211,34.7799987792969,33.0400009155273,34.0499992370605,3814000,27.388298034668
2022-11-14,34.1500015258789,34.2900009155273,33.1500015258789,33.2299995422363,2524800,26.7287273406982
2022-11-16,33.1300010681152,33.2900009155273,30.8600006103516,31.5499992370605,2371700,25.3774089813232
2022-11-17,30.6599998474121,31.1000003814697,29.7199993133545,30.8400001525879,3497700,24.8063163757324
2022-11-18,31.3199996948242,32.0499992370605,30.8700008392334,31.6000003814697,2871400,25.4176273345947
2022-11-21,31.7700004577637,32.0499992370605,29.9599990844727,31.7000007629395,2623400,25.4980640411377
2022-11-22,31.9799995422363,32.9099998474121,29.9699993133545,30.2700004577637,4490200,24.3478355407715
2022-11-23,30.0400009155273,30.0400009155273,28.5300006866455,29.5,3676000,23.7284812927246
2022-11-24,29.6900005340576,29.9099998474121,29.0699996948242,29.5499992370605,2116300,23.7686977386475
2022-11-25,29.7600002288818,29.9400005340576,28.2399997711182,28.5499992370605,1324500,22.9643440246582
2022-11-28,28.2399997711182,29.2800006866455,28.0699996948242,28.9500007629395,1216600,23.2860870361328
2022-11-29,29.25,30.8799991607666,29.2099990844727,30.2600002288818,1596600,24.3397922515869
2022-11-30,30.8099994659424,30.9300003051758,29.5799999237061,30.7299995422363,3519500,24.7178363800049
2022-12-01,30.7299995422363,31.7999992370605,30.2800006866455,31.1499996185303,1545400,25.0556659698486
2022-12-02,30.3600006103516,30.8799991607666,29.6900005340576,29.75,2423300,24.411506652832
2022-12-05,29.8099994659424,30.8600006103516,29.5,30.0499992370605,2561100,24.6576709747314
2022-12-06,29.9699993133545,30.3700008392334,28.6100006103516,28.7999992370605,2853700,23.6319808959961
2022-12-07,28.5300006866455,29.2000007629395,27.7800006866455,28.1200008392334,2613300,23.0740032196045
2022-12-08,28.1200008392334,28.75,27.6200008392334,27.8500003814697,1656100,22.8524532318115
2022-12-09,27.8400001525879,28.2199993133545,27.4500007629395,27.7600002288818,1010700,22.7786045074463
2022-12-12,27.7600002288818,28.5100002288818,27.3099994659424,28.2999992370605,1248400,23.2217025756836
2022-12-13,28.3999996185303,29.0599994659424,28.1399993896484,28.4799995422363,1227500,23.3694019317627
2022-12-14,28.1000003814697,28.75,27.6700000762939,28.6700000762939,2069400,23.5253067016602
2022-12-15,28.4899997711182,29.0699996948242,28.1700000762939,28.7099990844727,1774400,23.5581302642822
2022-12-16,28.6000003814697,28.6200008392334,27.9699993133545,28.1900005340576,5268700,23.131441116333
2022-12-19,28.2999992370605,28.6599998474121,27.2999992370605,27.4699993133545,1304200,22.540641784668
2022-12-20,27.4200000762939,29.2800006866455,27.3999996185303,28.5499992370605,1733100,23.4268417358398
2022-12-21,28.8700008392334,29.6499996185303,28,29.4699993133545,1243400,24.1817512512207
2022-12-22,29.7999992370605,30.1100006103516,28.6800003051758,28.9500007629395,1441800,23.7550659179688
2022-12-23,29.3299999237061,30.5400009155273,29.1900005340576,30.3299999237061,2123800,24.8874320983887
2022-12-26,30.2999992370605,31.3899993896484,30.2800006866455,30.7299995422363,1067000,25.2156505584717
2022-12-27,30.9200000762939,31.0100002288818,30.3199996948242,30.9500007629395,1489100,25.3961753845215
2022-12-28,31.6499996185303,33.0499992370605,31.1900005340576,33.0499992370605,3326300,27.1193389892578
2022-12-29,33.1800003051758,33.5299987792969,32.4000015258789,33.1300010681152,4563700,27.184986114502
2023-01-02,32.6500015258789,33.060001373291,31.6599998474121,32.7400016784668,1876100,26.8649673461914
2023-01-03,33.1500015258789,33.6199989318848,30.75,31.0300006866455,2282800,25.4618186950684
2023-01-04,30.9300003051758,31.8600006103516,30.0499992370605,31.1200008392334,2418100,25.5356712341309
2023-01-05,31.3199996948242,32.0900001525879,29.8500003814697,31.0799999237061,4674500,25.5028457641602
2023-01-06,31.1200008392334,31.8700008392334,30.8700008392334,31.6299991607666,1500900,25.9541511535645
2023-01-09,31.8799991607666,32.2999992370605,31.2199993133545,32.0299987792969,2144100,26.2823734283447
2023-01-10,32.2900009155273,32.3899993896484,31.3500003814697,32.2000007629395,1336800,26.4218673706055
2023-01-11,32.4500007629395,32.9599990844727,32.0499992370605,32.3699989318848,2706500,26.5613613128662
2023-01-12,32.2299995422363,34.0099983215332,32.1199989318848,33.3699989318848,2636000,27.3819141387939
2023-01-13,33.0200004577637,33.3699989318848,32.5499992370605,32.9700012207031,1747100,27.0536956787109
2023-01-16,32.7099990844727,33.0900001525879,32.4300003051758,32.7599983215332,785900,26.8813781738281
2023-01-17,32.8600006103516,33.5999984741211,32.8400001525879,33.3800010681152,1403700,27.3901233673096
2023-01-18,33.8400001525879,34.689998626709,33.6800003051758,33.75,1324100,27.6937274932861
2023-01-19,33.3800010681152,34.1399993896484,33.2400016784668,33.8600006103516,809800,27.7839889526367
2023-01-20,34.0200004577637,34.0499992370605,32.9599990844727,33.6300010681152,2796700,27.5952625274658
2023-01-23,33.8199996948242,34.7900009155273,33.2299995422363,33.2999992370605,13243200,27.3244743347168
2023-01-24,33.3400001525879,34.2000007629395,32.2000007629395,33.7099990844727,2868300,27.6609039306641
2023-01-25,33.7000007629395,34.1199989318848,33.1199989318848,33.6199989318848,1320200,27.5870513916016
2023-01-26,33.7999992370605,34.5200004577637,33.4799995422363,33.9900016784668,1120300,27.8906593322754
2023-01-27,33.5,33.7999992370605,32.6699981689453,32.9799995422363,2981000,27.0618991851807
2023-01-30,33.2200012207031,33.4099998474121,31.9200000762939,32.2999992370605,1367900,26.5039215087891
2023-01-31,32.2000007629395,32.5499992370605,31.4300003051758,31.5799999237061,1856200,25.913122177124
2023-02-01,31.5699996948242,31.7099990844727,29.4200000762939,30.6000003814697,3736800,25.1089782714844
2023-02-02,30.6800003051758,30.8400001525879,28.8600006103516,29.0100002288818,4018000,23.8042984008789
2023-02-03,29,29.5200004577637,28.2900009155273,28.5100002288818,2828000,23.3940200805664
2023-02-06,28.6000003814697,29.4400005340576,28.0799999237061,29.0799999237061,2800900,23.8617362976074
2023-02-07,29.4099998474121,29.8500003814697,29.0300006866455,29.5499992370605,1581500,24.2473964691162
2023-02-08,29.8700008392334,30.0699996948242,29.1599998474121,30.0300006866455,2729500,24.6412658691406
2023-02-09,30.0300006866455,30.0300006866455,29.4599990844727,29.5,1477300,24.2063694000244
2023-02-10,29.6499996185303,30.7999992370605,29.5300006866455,30.2199993133545,1641000,24.7971687316895
2023-02-13,30.2199993133545,30.8799991607666,29.7700004577637,30.5200004577637,1870700,25.0433349609375
2023-02-14,30.5200004577637,30.7900009155273,29.5400009155273,29.8099994659424,1977500,24.4607410430908
2023-02-15,29.2999992370605,30.7199993133545,29.1499996185303,30.4300003051758,2064100,24.9694862365723
2023-02-16,30.1000003814697,30.3199996948242,29.3899993896484,29.7999992370605,1251300,24.4525375366211
2023-02-17,29.6499996185303,29.7800006866455,29.2900009155273,29.5,2204900,24.2063694000244
2023-02-22,29.2999992370605,29.3199996948242,28.6399993896484,29.3099994659424,2907500,24.0504627227783
2023-02-23,29.3299999237061,30.6200008392334,29.25,30.1499996185303,3211100,24.7397308349609
2023-02-24,30.2000007629395,30.75,29.6900005340576,30.0499992370605,1616900,24.6576709747314
2023-02-27,30.2700004577637,30.6100006103516,29.5799999237061,30.1100006103516,1763800,24.7069072723389
2023-02-28,30.1599998474121,30.5699996948242,28.2999992370605,28.2999992370605,3634800,23.2217025756836
2023-03-01,28.2999992370605,28.3199996948242,26.25,26.9799995422363,8896700,22.1385707855225
2023-03-02,27.0100002288818,28.6000003814697,27.0100002288818,28.2999992370605,4629300,23.2217025756836
2023-03-03,28.4300003051758,28.8799991607666,27.9099998474121,28.6499996185303,1926900,23.5088977813721
2023-03-06,28.6499996185303,28.8899993896484,27.7999992370605,28.4300003051758,2438000,23.3283767700195
2023-03-07,28.4200000762939,28.6499996185303,27.75,28.1499996185303,2081100,23.0986213684082
2023-03-08,28.3600006103516,29.8099994659424,28.1399993896484,28.7800006866455,3053900,23.6155700683594
2023-03-09,28.6100006103516,29.2199993133545,28.25,28.3899993896484,1772400,23.2955551147461
2023-03-10,28.4200000762939,28.4899997711182,27.5499992370605,28.2299995422363,3183800,23.1642627716064
2023-03-13,27.5900001525879,27.9799995422363,26.7099990844727,27.0799999237061,3652100,22.2206268310547
2023-03-14,27.0799999237061,27.8999996185303,27.0799999237061,27.5100002288818,2451400,22.57346534729
2023-03-15,26.8299999237061,26.8299999237061,21.7900009155273,22.2099990844727,22857400,18.2245235443115
2023-03-16,22.25,22.3600006103516,20.1200008392334,20.7299995422363,12665300,17.010103225708
2023-03-17,20.6000003814697,21.9500007629395,20.3299999237061,21.2999992370605,7116600,17.4778213500977
2023-03-20,21.2999992370605,21.3700008392334,20.2199993133545,20.3500003814697,3649000,16.6982917785645
2023-03-21,20.6100006103516,21,20.0400009155273,20.6499996185303,4963300,16.9444561004639
2023-03-22,20.6499996185303,21.2199993133545,20.3299999237061,20.8700008392334,3810000,17.1249828338623
2023-03-23,21.6599998474121,21.7999992370605,19.6399993896484,19.8999996185303,3600600,16.3290405273438
2023-03-24,19.7900009155273,20.6499996185303,19.3899993896484,20.4599990844727,3781600,16.788553237915
2023-03-27,20.8500003814697,21.2999992370605,20.6700000762939,21.0900001525879,1956600,17.3055019378662
2023-03-28,21.1599998474121,21.3799991607666,20.75,21,1818500,17.231653213501
2023-03-29,21,21.2999992370605,20.75,21.25,1930800,17.4367904663086
2023-03-30,21.5699996948242,21.9799995422363,21.1599998474121,21.2999992370605,2912500,17.4778213500977
2023-03-31,21.4899997711182,21.4899997711182,20.2700004577637,20.3299999237061,2662200,16.6818790435791
2023-04-03,20.9500007629395,21.5100002288818,20.4200000762939,20.6100006103516,5449500,16.9116363525391
2023-04-04,20.8600006103516,21.25,20.4300003051758,20.7299995422363,2583300,17.010103225708
2023-04-05,20.7000007629395,20.9899997711182,20.1299991607666,20.7099990844727,2079500,16.9936923980713
2023-04-06,20.6000003814697,20.9599990844727,20.3500003814697,20.6299991607666,2144500,16.9280471801758
2023-04-10,20.8199996948242,21.2099990844727,20.4599990844727,21.0100002288818,2112500,17.2398586273193
2023-04-11,21.1200008392334,21.6000003814697,21.0100002288818,21.4799995422363,2245500,17.6255187988281
2023-04-12,21.6499996185303,22.3899993896484,21.5100002288818,21.9899997711182,3594500,18.044002532959
2023-04-13,22.1800003051758,22.4699993133545,21.6299991607666,22.2399997711182,3145300,18.2491416931152
2023-04-14,22.2800006866455,22.4699993133545,21.9400005340576,22.0499992370605,1352500,18.0932350158691
2023-04-17,22.0900001525879,22.1000003814697,21.3500003814697,21.5300006866455,1872400,17.6665477752686
2023-04-18,21.6900005340576,21.7199993133545,20.5699996948242,20.7099990844727,3034400,16.9936923980713
2023-04-19,20.3999996185303,20.6499996185303,20.0499992370605,20.25,3410400,16.6162376403809
2023-04-20,20.1100006103516,20.4799995422363,19.8500003814697,20.2000007629395,1782400,16.5752105712891
2023-04-24,20.0599994659424,20.2199993133545,19.8600006103516,20.1299991607666,1450800,16.5177726745605
2023-04-25,20,20.1599998474121,19.3799991607666,19.7600002288818,1633400,16.2141647338867
2023-04-26,19.7700004577637,19.7999992370605,19.0699996948242,19.1700000762939,2130100,15.730037689209
2023-04-27,18.8500003814697,19.2299995422363,18.5,19.0499992370605,1833100,16.0023193359375
2023-04-28,19.0200004577637,19.6800003051758,18.7600002288818,19.6800003051758,2584300,16.5315284729004
2023-05-02,19.7099990844727,19.7299995422363,18.4200000762939,18.4400005340576,3422200,15.4899082183838
2023-05-03,18.3700008392334,18.6599998474121,18.1100006103516,18.5200004577637,2297000,15.5571126937866
2023-05-04,18.75,19.0499992370605,18.3400001525879,18.4300003051758,1531900,15.4815082550049
2023-05-05,18.8099994659424,19.6599998474121,18.7099990844727,19.4300003051758,2127200,16.3215255737305
2023-05-08,19.7199993133545,20.0599994659424,19.5200004577637,19.7399997711182,2501300,16.5819282531738
2023-05-09,19.7000007629395,20.0300006866455,19.4200000762939,19.5699996948242,1622400,16.4391269683838
2023-05-10,19.5100002288818,19.6499996185303,19.1499996185303,19.5300006866455,1005600,16.4055271148682
2023-05-11,19.3899993896484,19.9099998474121,19.0100002288818,19.2800006866455,2910100,16.1955223083496
2023-05-12,19.1399993896484,19.4599990844727,18.7999992370605,18.9899997711182,3508300,15.9519176483154
2023-05-15,18.8999996185303,19.0599994659424,17.1000003814697,17.2700004577637,9841000,14.5070886611938
2023-05-16,17.1399993896484,17.6299991607666,17.0599994659424,17.25,3769500,14.4902877807617
2023-05-17,17.4500007629395,17.9899997711182,17.4300003051758,17.9899997711182,2299900,15.1118993759155
2023-05-18,17.8500003814697,17.9400005340576,17.3199996948242,17.6900005340576,4009800,14.8598966598511
2023-05-19,17.8500003814697,17.9500007629395,17.3999996185303,17.5499992370605,3669900,14.7422924041748
2023-05-22,17.6100006103516,17.75,17.5200004577637,17.6200008392334,1384600,14.8010959625244
2023-05-23,17.5499992370605,17.9799995422363,17.4400005340576,17.6399993896484,1761700,14.8178949356079
2023-05-24,17.7199993133545,18.25,17.6299991607666,17.7099990844727,2317300,14.8766965866089
2023-05-25,17.8999996185303,18.0699996948242,17.6399993896484,17.6399993896484,1642700,14.8178949356079
2023-05-26,17.9300003051758,17.9300003051758,17.4300003051758,17.6000003814697,2684400,14.7842950820923
2023-05-29,17.6700000762939,17.8400001525879,17.4300003051758,17.7900009155273,796200,14.9439001083374
2023-05-30,17.7199993133545,17.8700008392334,16.8199996948242,17.3199996948242,3596200,14.5490894317627
2023-05-31,17.1100006103516,17.3299999237061,16.9300003051758,17.2299995422363,2875300,14.4734878540039
2023-06-01,17.2800006866455,17.5400009155273,16.6200008392334,17.4099998474121,3565200,14.6246900558472
2023-06-02,17.7000007629395,18.1299991607666,17.6000003814697,17.8400001525879,2413300,14.985897064209
2023-06-05,18.1299991607666,18.1800003051758,17.6900005340576,17.9699993133545,1886600,15.0950994491577
2023-06-06,17.8999996185303,17.9599990844727,17.6200008392334,17.7700004577637,1361800,14.927098274231
2023-06-07,17.8999996185303,18.25,17.7999992370605,18.2399997711182,2079200,15.3219051361084
2023-06-09,18.3500003814697,18.5799999237061,17.9500007629395,18.4599990844727,3190900,15.5067081451416
2023-06-12,18.3899993896484,18.4300003051758,17.9400005340576,18.1100006103516,1974200,15.2127027511597
2023-06-13,18.2299995422363,18.6700000762939,18.0799999237061,18.4899997711182,3257900,15.5319108963013
2023-06-14,18.5900001525879,19.4200000762939,18.4799995422363,19.1700000762939,3674900,16.103120803833
2023-06-15,19.1800003051758,19.4799995422363,19.0799999237061,19.3799991607666,1954700,16.2795238494873
2023-06-16,19.2999992370605,19.3700008392334,18.7600002288818,19.0900001525879,2285000,16.0359191894531
2023-06-19,19.0900001525879,19.5,19.0300006866455,19.4099998474121,1160600,16.304723739624
2023-06-20,19.3299999237061,19.4099998474121,18.9099998474121,19.3400001525879,1340300,16.2459239959717
2023-06-21,19.3700008392334,20.25,19.0799999237061,20.1000003814697,2983400,16.8843383789062
2023-06-22,19.8299999237061,19.9799995422363,19.6000003814697,19.8099994659424,1571500,16.6407318115234
2023-06-23,19.8500003814697,19.8500003814697,19.1200008392334,19.3899993896484,2179100,16.2879219055176
2023-06-26,19.4400005340576,20.1800003051758,19.3899993896484,19.6499996185303,2106500,16.5063285827637
2023-06-27,19.6800003051758,19.9099998474121,18.9500007629395,19.0300006866455,1638600,15.985520362854
2023-06-28,19.0300006866455,19.1700000762939,18.7800006866455,18.7800006866455,1252800,15.7755146026611
2023-06-29,18.9300003051758,19.0900001525879,18.8299999237061,18.9799995422363,877000,15.9435157775879
2023-06-30,19.1900005340576,19.7000007629395,19.1599998474121,19.1700000762939,1921700,16.103120803833
2023-07-03,19.2900009155273,19.8999996185303,19.25,19.5300006866455,1444200,16.4055271148682
2023-07-04,19.5599994659424,19.9500007629395,19.4099998474121,19.6800003051758,905000,16.5315284729004
2023-07-05,19.6900005340576,20.0400009155273,19.5100002288818,19.7600002288818,2063900,16.5987300872803
2023-07-06,19.6700000762939,19.7399997711182,18.9200000762939,19.2600002288818,1944000,16.1787242889404
2023-07-07,19.3700008392334,20.7000007629395,19.3099994659424,20.5200004577637,3946100,17.2371444702148
2023-07-10,20.3999996185303,20.9300003051758,20.0499992370605,20.7099990844727,2124700,17.3967456817627
2023-07-11,20.7099990844727,20.8099994659424,19.9400005340576,20.5699996948242,3947000,17.2791442871094
2023-07-12,20.8400001525879,21.1000003814697,19.4799995422363,19.6100006103516,3035000,16.472728729248
2023-07-13,19.8600006103516,20.8500003814697,19.3899993896484,20.8500003814697,7442100,17.5143508911133
2023-07-14,20.9300003051758,20.9699993133545,20.1900005340576,20.4099998474121,2305600,17.1447410583496
2023-07-17,20.25,20.7600002288818,20.0799999237061,20.5799999237061,2114000,17.2875442504883
2023-07-18,20.6299991607666,20.8199996948242,20.4400005340576,20.6200008392334,851700,17.3211441040039
2023-07-19,20.7600002288818,21.0499992370605,20.5100002288818,20.6000003814697,2333900,17.3043460845947
2023-07-20,20.7800006866455,20.9099998474121,20.2800006866455,20.5499992370605,1553000,17.2623424530029
2023-07-21,20.7600002288818,22.3400001525879,20.7600002288818,22.2900009155273,5227200,18.7239723205566
2023-07-24,22.3500003814697,23.3400001525879,22.3500003814697,23.2399997711182,4903700,19.5219879150391
2023-07-25,23.5,23.9300003051758,23.0300006866455,23.1000003814697,2831300,19.4043865203857
2023-07-26,23.0799999237061,23.2099990844727,22.6000003814697,23.0499992370605,2119700,19.3623847961426
2023-07-27,23.6000003814697,23.9599990844727,22.8999996185303,23.0100002288818,4233700,19.328784942627
2023-07-28,23.1399993896484,23.6800003051758,22.8799991607666,23.1599998474121,3354000,19.4547882080078
2023-07-31,23.4500007629395,23.6000003814697,22.9899997711182,22.9899997711182,2902900,19.3119831085205
2023-08-01,23,23.0799999237061,22.5400009155273,22.9200000762939,1673200,19.2531833648682
2023-08-02,22.7999992370605,22.8700008392334,22.1900005340576,22.6000003814697,2769100,18.9843788146973
2023-08-03,22.7999992370605,23.3999996185303,22.7000007629395,22.8099994659424,2989500,19.1607799530029
2023-08-04,22.7999992370605,23.3299999237061,22.7399997711182,23.0400009155273,1888700,19.3539867401123
2023-08-07,23.1000003814697,23.1499996185303,22.5699996948242,22.7600002288818,1057700,19.1187801361084
2023-08-08,22.5,23.4200000762939,22.0100002288818,23.4099998474121,1645200,19.6647930145264
2023-08-09,23.4799995422363,24.1200008392334,23.1299991607666,24.0799999237061,2701000,20.2276000976562
2023-08-10,24.0499992370605,24.2199993133545,23.5200004577637,23.7800006866455,2779700,19.9755973815918
2023-08-11,23.8400001525879,24.1000003814697,22.7099990844727,23.2000007629395,5235700,19.4883880615234
2023-08-14,23.0499992370605,23.4699993133545,22.7199993133545,23.1800003051758,2221700,19.4715900421143
2023-08-15,23.2099990844727,23.3500003814697,22.3299999237061,22.4400005340576,2774800,18.8499755859375
2023-08-16,22.7000007629395,23.0799999237061,22.2800006866455,22.2800006866455,3363700,18.7155723571777
2023-08-17,22.5,22.9099998474121,22.2800006866455,22.5400009155273,1871600,18.9339790344238
2023-08-18,22.5,23.2999992370605,22.3999996185303,22.8199996948242,2527200,19.1691799163818
2023-08-21,22.8500003814697,23.4799995422363,22.5100002288818,22.7600002288818,3233000,19.1187801361084
2023-08-22,22.8999996185303,23.2399997711182,22.5699996948242,23,1940600,19.3203868865967
2023-08-23,22.9400005340576,23.7800006866455,22.5900001525879,23.7099990844727,2009300,19.9167957305908
2023-08-24,23.6100006103516,23.9099998474121,23.3700008392334,23.3799991607666,1347200,19.639591217041
2023-08-25,23.5400009155273,23.6900005340576,22.9899997711182,23.2600002288818,2200700,19.5387897491455
2023-08-28,23.2299995422363,23.5100002288818,22.7800006866455,22.7800006866455,2201500,19.1355819702148
2023-08-29,22.7399997711182,23.2900009155273,22.7399997711182,23.2600002288818,1829200,19.5387897491455
2023-08-30,23.3799991607666,23.5499992370605,23.1399993896484,23.2000007629395,2775500,19.4883880615234
2023-08-31,23.3999996185303,23.4799995422363,22.9300003051758,23.1599998474121,3370000,19.4547882080078
2023-09-01,23.4500007629395,23.5599994659424,23,23.5599994659424,7409900,19.7907943725586
2023-09-04,23.5799999237061,23.8799991607666,23.2900009155273,23.8799991607666,2300600,20.0595989227295
2023-09-05,23.7000007629395,23.9200000762939,22.5100002288818,22.5699996948242,7881700,18.9591770172119
2023-09-06,22.5599994659424,22.5599994659424,21.7000007629395,21.75,4076900,18.2703628540039
2023-09-08,21.5799999237061,22.2000007629395,21.1499996185303,22.0699996948242,1803600,18.5391693115234
2023-09-11,22.0699996948242,22.3600006103516,21.7099990844727,21.9699993133545,2481400,18.4551658630371
2023-09-12,22.0300006866455,22.4099998474121,21.8899993896484,22.0599994659424,2931000,18.5307674407959
2023-09-13,21.9699993133545,22.1700000762939,21.5799999237061,21.5799999237061,3052200,18.1275615692139
2023-09-14,21.7000007629395,22.2700004577637,21.6700000762939,22.2399997711182,3170600,18.6819725036621
2023-09-15,22.2399997711182,22.7099990844727,22.1900005340576,22.4500007629395,4350100,18.8583755493164
2023-09-18,22.5400009155273,23.0799999237061,22.3099994659424,22.3899993896484,2311000,18.8079738616943
2023-09-19,22.3899993896484,22.7800006866455,22.1800003051758,22.2999992370605,2848500,18.7323722839355
2023-09-20,22.2999992370605,22.3799991607666,21.7399997711182,21.7700004577637,3241900,18.2871646881104
2023-09-21,21.6599998474121,21.7000007629395,20.8199996948242,20.9899997711182,3392600,17.631950378418
2023-09-22,21.2000007629395,21.2199993133545,20.3299999237061,20.4500007629395,3974100,17.1783428192139
2023-09-25,20.3500003814697,20.4699993133545,19.9599990844727,19.9699993133545,3684300,16.7751312255859
2023-09-26,19.8799991607666,19.9500007629395,19.2199993133545,19.2900009155273,4421500,16.2039241790771
2023-09-27,19.4899997711182,20.2999992370605,19.3700008392334,20.1800003051758,4241700,16.9515361785889
2023-09-28,20.1700000762939,20.6599998474121,20.1499996185303,20.3099994659424,3898300,17.0607414245605
2023-09-29,20.6499996185303,21.4099998474121,20.5200004577637,20.9400005340576,4037800,17.5899505615234
2023-10-02,21,21.25,20.7299995422363,20.7399997711182,2361300,17.421947479248
2023-10-03,20.6200008392334,20.75,19.7900009155273,19.8799991607666,2226200,16.6995315551758
2023-10-04,19.8299999237061,19.9400005340576,19.2399997711182,19.3299999237061,2559300,16.2375221252441
2023-10-05,19.3099994659424,19.5799999237061,18.8899993896484,18.9799995422363,1937500,15.9435157775879
2023-10-06,18.8899993896484,19.3500003814697,18.7299995422363,19.2999992370605,2139600,16.2123222351074
2023-10-09,19.8600006103516,21,19.8299999237061,20.9799995422363,3863100,17.6235504150391
2023-10-10,21,21.6299991607666,20.7600002288818,21.4899997711182,2364100,18.0519599914551
2023-10-11,21.3400001525879,21.9400005340576,21.2299995422363,21.7199993133545,2505000,18.2451629638672
2023-10-13,22.0400009155273,22.2800006866455,21.3500003814697,21.7099990844727,5502700,18.2367630004883
2023-10-16,21.9099998474121,22.4799995422363,21.6599998474121,22.1900005340576,3048500,18.6399707794189
2023-10-17,22.0699996948242,22.3299999237061,21.5799999237061,21.6599998474121,3270500,18.1947631835938
2023-10-18,21.8099994659424,22.2199993133545,21.6499996185303,21.7900009155273,4074800,18.3039646148682
2023-10-19,21.6599998474121,22.0300006866455,21.4699993133545,21.7999992370605,1338900,18.3123664855957
2023-10-20,21.7000007629395,22.0799999237061,21.2700004577637,21.6299991607666,2722900,18.1695613861084
2023-10-23,21.6000003814697,22.1399993896484,21.3600006103516,21.6100006103516,1732000,18.1527614593506
2023-10-24,21.7999992370605,21.8899993896484,21.1000003814697,21.3500003814697,1666200,17.9343566894531
2023-10-25,21.3999996185303,21.6599998474121,21.1399993896484,21.3500003814697,1706900,17.9343566894531
2023-10-26,21.3400001525879,21.5400009155273,21.1399993896484,21.4599990844727,2517300,18.0267581939697
2023-10-27,21.5699996948242,21.8199996948242,20.7999992370605,20.8400001525879,1986900,17.5059490203857
2023-10-30,21.2000007629395,21.2000007629395,20.1299991607666,20.1599998474121,2491100,16.9347381591797
2023-10-31,20.2099990844727,20.9200000762939,20.2099990844727,20.7399997711182,2013500,17.421947479248
2023-11-01,20.8899993896484,21.2999992370605,20.6200008392334,21.1100006103516,3255500,17.7327537536621
2023-11-03,21.6100006103516,21.9400005340576,21.2099990844727,21.5400009155273,3199100,18.0939598083496
2023-11-06,21.6599998474121,21.7399997711182,20.3500003814697,20.3500003814697,2546100,17.0943412780762
2023-11-07,20.2999992370605,21.2399997711182,20.1499996185303,21.1900005340576,2853400,17.799955368042
2023-11-08,21.1499996185303,21.3199996948242,20.1599998474121,20.2800006866455,3478700,17.0355396270752
2023-11-09,20.5,20.5300006866455,19.1200008392334,19.1700000762939,3678000,16.103120803833
2023-11-10,19.3999996185303,19.4799995422363,18.7700004577637,18.9099998474121,4509800,15.8847169876099
2023-11-13,18.9200000762939,19.2600002288818,18.6200008392334,18.6599998474121,3619900,15.674711227417
2023-11-14,18.7600002288818,19.4200000762939,18.6200008392334,19.2399997711182,4098800,16.1619205474854
2023-11-16,19.1700000762939,19.5699996948242,18.8799991607666,19.0200004577637,4944200,15.9771184921265
2023-11-17,19.1599998474121,19.9799995422363,19.0499992370605,19.6599998474121,3789800,16.5147285461426
2023-11-20,19.9799995422363,20.1000003814697,19.7199993133545,19.9099998474121,2451700,16.7247333526611
2023-11-21,19.8999996185303,20.1599998474121,19.6100006103516,19.8099994659424,1509700,16.6407318115234
2023-11-22,19.6299991607666,20.1000003814697,19.5599994659424,19.6599998474121,2887100,16.5147285461426
2023-11-23,19.7099990844727,19.8199996948242,19.4799995422363,19.5200004577637,939200,16.3971271514893
2023-11-24,19.5100002288818,19.6800003051758,19.3500003814697,19.4099998474121,1431500,16.304723739624
2023-11-27,19.4599990844727,19.5799999237061,18.8899993896484,18.9699993133545,2099900,15.9351177215576
2023-11-28,19,19.3600006103516,18.9200000762939,19.2000007629395,3112800,16.1283226013184
2023-11-29,19.3700008392334,19.8199996948242,19.2900009155273,19.6599998474121,3127300,16.5147285461426
2023-11-30,19.7800006866455,20.0300006866455,19.5400009155273,19.7999992370605,2036000,16.6323318481445
2023-12-01,20.1000003814697,20.9099998474121,20.0300006866455,20.9099998474121,4624900,17.5647487640381
2023-12-04,20.9099998474121,20.9099998474121,20.0499992370605,20.0499992370605,3915200,16.8423347473145
2023-12-05,20.0599994659424,20.7999992370605,20,20.6700000762939,4149600,17.3631458282471
2023-12-06,20.4899997711182,20.4899997711182,19.2000007629395,19.3299999237061,3026600,16.678050994873
2023-12-07,19.4899997711182,20.1800003051758,19.3299999237061,20.1800003051758,3764500,17.4114379882812
2023-12-08,20.2999992370605,21.0400009155273,20.0799999237061,20.8400001525879,4714900,17.9808921813965
2023-12-11,20.8099994659424,20.8999996185303,20.2999992370605,20.3999996185303,1702200,17.6012554168701
2023-12-12,20.3500003814697,20.5900001525879,19.8199996948242,19.9400005340576,2240300,17.2043647766113
2023-12-13,20.4099998474121,21.1000003814697,20.0699996948242,20.8999996185303,4347600,18.032657623291
2023-12-14,21.0499992370605,21.4400005340576,20.5499992370605,21.2999992370605,5496900,18.3777809143066
2023-12-15,21.3500003814697,21.4500007629395,20.2700004577637,20.2700004577637,4638900,17.4890937805176
2023-12-18,20.4400005340576,21.2999992370605,20.4300003051758,21.0300006866455,3074500,18.1448249816895
2023-12-19,21.0200004577637,21.7000007629395,21.0100002288818,21.6499996185303,2216800,18.6797637939453
2023-12-20,21.7299995422363,21.7999992370605,20.8999996185303,21.0799999237061,1327300,18.1879634857178
2023-12-21,21.2000007629395,21.2800006866455,20.8899993896484,21.2800006866455,2762100,18.3605270385742
2023-12-22,21.4300003051758,21.6599998474121,21.2800006866455,21.4300003051758,1966700,18.4899482727051
2023-12-26,21.5300006866455,22.1499996185303,21.4400005340576,22.0900001525879,1704900,19.0594005584717
2023-12-27,22.1299991607666,22.2800006866455,21.7600002288818,21.8600006103516,1465600,18.860954284668
2023-12-28,21.7199993133545,21.7999992370605,21.2399997711182,21.7199993133545,2336800,18.7401599884033
2024-01-02,21.7099990844727,21.7099990844727,20.75,20.7700004577637,3219700,17.9204959869385
2024-01-03,20.75,21.3500003814697,20.5699996948242,21.25,2200100,18.3346424102783
2024-01-04,21.3700008392334,21.3999996185303,20.6900005340576,20.6900005340576,5578000,17.8514709472656
2024-01-05,20.6299991607666,21.3400001525879,20.5,21.1000003814697,1586400,18.2052211761475
2024-01-08,20.8400001525879,20.9899997711182,20.4500007629395,20.9500007629395,2600100,18.0758018493652
2024-01-09,21.0900001525879,21.1499996185303,20.6299991607666,20.6800003051758,2501000,17.8428421020508
2024-01-10,20.7900009155273,20.7999992370605,20.25,20.25,2798800,17.4718360900879
2024-01-11,20.3600006103516,20.5799999237061,20.0799999237061,20.2999992370605,3535200,17.5149745941162
2024-01-12,20.6200008392334,21.2900009155273,20.6200008392334,21,2593000,18.1189403533936
2024-01-15,20.7999992370605,21.4899997711182,20.6299991607666,21.2399997711182,1103700,18.3260135650635
2024-01-16,21.2399997711182,21.3099994659424,20.6100006103516,20.75,1828300,17.9032382965088
2024-01-17,20.5,20.8500003814697,20.2999992370605,20.5900001525879,1674000,17.7651901245117
2024-01-18,22.8500003814697,24.2299995422363,22.4799995422363,23,11773400,19.844554901123
2024-01-19,22.7399997711182,23.6800003051758,22.5300006866455,23.4799995422363,5316800,20.2586994171143
2024-01-22,23.4799995422363,24.0200004577637,22.8700008392334,23.5,3576800,20.2759571075439
2024-01-23,23.5300006866455,23.7000007629395,22.9699993133545,23.3999996185303,2854400,20.18967628479
2024-01-24,23.4400005340576,24.3700008392334,23.4400005340576,23.5799999237061,3178000,20.3449802398682
2024-01-25,23.7000007629395,23.9799995422363,23.2299995422363,23.6599998474121,2347400,20.4140071868896
2024-01-26,23.6499996185303,23.9899997711182,23.3600006103516,23.8299999237061,2475700,20.5606822967529
2024-01-29,23.8999996185303,23.9699993133545,23.1100006103516,23.2900009155273,1534800,20.0947666168213
2024-01-30,23.2700004577637,23.3299999237061,22.7199993133545,22.8700008392334,1394900,19.7323875427246
2024-01-31,22.9200000762939,23.4200000762939,22.8199996948242,23.0499992370605,2281700,19.8876914978027
2024-02-01,23.6200008392334,23.6200008392334,22.7199993133545,23.0599994659424,2020400,19.8963222503662
2024-02-02,23.5799999237061,23.5799999237061,21.9599990844727,21.9599990844727,3344500,18.9472351074219
2024-02-05,21.9400005340576,22.3199996948242,21.7900009155273,21.9300003051758,1647500,18.921350479126
2024-02-06,22,23.0400009155273,21.9799995422363,22.7600002288818,2197100,19.6374797821045
2024-02-07,22.7000007629395,23.1700000762939,22.5100002288818,22.7600002288818,2194700,19.6374797821045
2024-02-08,22.7299995422363,22.8400001525879,21.8199996948242,22.6200008392334,2297500,19.5166873931885
2024-02-09,22.5200004577637,22.7600002288818,21.8700008392334,21.9799995422363,1829100,18.9644908905029
2024-02-14,21.9799995422363,22.0599994659424,21.6000003814697,21.7099990844727,1255000,18.7315330505371
2024-02-15,21.7099990844727,22.7399997711182,21.6800003051758,22.5400009155273,1712700,19.4476642608643
2024-02-16,22.5400009155273,23.6299991607666,22.5400009155273,23.3500003814697,2278300,20.1465358734131
2024-02-19,23.3500003814697,23.5200004577637,22.9799995422363,23.0400009155273,1566200,19.8790664672852
2024-02-20,22.8600006103516,23.8299999237061,22.6700000762939,23.6100006103516,2257600,20.3708648681641
2024-02-21,24.2399997711182,24.4099998474121,23.7199993133545,23.8299999237061,2177900,20.5606822967529
2024-02-22,23.8899993896484,24.3899993896484,23.8899993896484,24.1399993896484,2597000,20.8281517028809
2024-02-23,24.1499996185303,24.3299999237061,23.3400001525879,23.4099998474121,2558000,20.1983051300049
2024-02-26,23.2800006866455,23.5400009155273,22.9500007629395,23.4099998474121,2917900,20.1983051300049
2024-02-27,23.5499992370605,23.8099994659424,23.2900009155273,23.4400005340576,1994200,20.2241878509521
2024-02-28,23.25,23.2999992370605,22.7600002288818,23.1499996185303,2059500,19.9739723205566
2024-02-29,23.1399993896484,23.1900005340576,22.7999992370605,23,997900,19.844554901123
2024-03-01,23.0900001525879,23.7800006866455,23.0599994659424,23.3899993896484,1562100,20.1810474395752
2024-03-04,23.3799991607666,23.4699993133545,22.8700008392334,22.9200000762939,1288000,19.7755298614502
2024-03-05,22.9099998474121,23.3400001525879,22.9099998474121,23.0200004577637,1371800,19.8618106842041
2024-03-06,22.4099998474121,22.5400009155273,21.4099998474121,21.4300003051758,7559500,18.4899482727051
2024-03-07,21.3500003814697,21.5900001525879,20.6900005340576,20.7199993133545,4603600,17.8773536682129
2024-03-08,20.7600002288818,21.7199993133545,20.6900005340576,21.3700008392334,5248500,18.4381790161133
2024-03-11,21.2399997711182,22.2199993133545,21.2399997711182,21.6900005340576,3519100,18.7142772674561
2024-03-12,21.9099998474121,22.2600002288818,21.7600002288818,22.2000007629395,2451600,19.1543102264404
2024-03-13,22.2700004577637,23.0400009155273,22.2399997711182,22.5,2815000,19.4131507873535
2024-03-14,22.5799999237061,22.7399997711182,21.3199996948242,21.9400005340576,7621900,18.9299774169922
2024-03-15,21.8600006103516,22.8500003814697,21.8600006103516,22.8500003814697,5271400,19.7151336669922
2024-03-18,22.9400005340576,23.4300003051758,22.4200000762939,23.4300003051758,4081600,20.2155590057373
2024-03-19,23.2700004577637,23.6399993896484,23.1700000762939,23.3999996185303,1795400,20.18967628479
2024-03-20,23.2700004577637,23.3999996185303,22.4500007629395,23.1299991607666,1660300,19.9567184448242
2024-03-21,23.0300006866455,23.1499996185303,22.6000003814697,22.7000007629395,968700,19.58571434021
2024-03-22,22.5599994659424,22.6700000762939,22.1200008392334,22.3299999237061,2123000,19.266471862793
2024-03-25,22.4500007629395,23.1900005340576,22.2399997711182,22.9699993133545,2449000,19.8186683654785
2024-03-26,23.0400009155273,23.1200008392334,22.4599990844727,22.5799999237061,1674400,19.4821739196777
2024-03-27,22.6399993896484,23.1599998474121,22.3899993896484,23.0400009155273,4408200,19.8790664672852
2024-03-28,23.1800003051758,23.6200008392334,22.8899993896484,23.5499992370605,3926800,20.3190956115723
2024-04-01,23.7000007629395,23.7700004577637,23.1000003814697,23.1599998474121,3534600,19.9826030731201
2024-04-02,21.9500007629395,21.9500007629395,21,21.0699996948242,10879400,18.1793365478516
2024-04-03,21.25,22.3199996948242,21.25,22.0400009155273,5909000,19.0162582397461
2024-04-04,22.1100006103516,22.6900005340576,21.8899993896484,21.9899997711182,3534700,18.9731197357178
2024-04-05,22.0100002288818,22.2199993133545,21.0200004577637,21.0499992370605,3862500,18.1620788574219
2024-04-08,21.1000003814697,21.3999996185303,20.6900005340576,21.1700000762939,4477900,18.2656173706055
2024-04-09,21.3600006103516,21.7999992370605,21,21.7999992370605,3023400,18.8091831207275
2024-04-10,21.7999992370605,22.2999992370605,21.3500003814697,22.1700000762939,4931300,19.1284236907959
2024-04-11,21.9799995422363,22.25,21.8999996185303,21.9899997711182,1960600,18.9731197357178
2024-04-12,21.9899997711182,22.75,21.4899997711182,21.5200004577637,3911100,18.5676002502441
2024-04-15,21.6299991607666,21.6399993896484,20.7299995422363,21.1000003814697,4577800,18.2052211761475
2024-04-16,20.9599990844727,21.1299991607666,20.6000003814697,20.7099990844727,3262900,17.8687267303467
2024-04-17,20.7099990844727,20.9300003051758,20.1200008392334,20.3899993896484,6314300,17.5926284790039
2024-04-18,20.3899993896484,20.6000003814697,20.1200008392334,20.2600002288818,1772400,17.4804630279541
2024-04-19,20.2900009155273,21.1499996185303,20.2199993133545,21.1499996185303,4788500,18.2483615875244
2024-04-22,20.9500007629395,20.9599990844727,20.3799991607666,20.5499992370605,4317600,17.730676651001
2024-04-23,20.3500003814697,21.0900001525879,20.25,21.0900001525879,2897800,18.1965942382812
2024-04-24,21.2000007629395,22.1200008392334,21.0900001525879,22.0900001525879,6536400,19.0594005584717
2024-04-25,21.5,22.0699996948242,21.0400009155273,22.0699996948242,3979600,19.0933837890625
2024-04-26,22.0499992370605,22.7000007629395,21.9400005340576,22.6000003814697,2994700,19.5519027709961
2024-04-29,22.4899997711182,22.4899997711182,21.75,22.3899993896484,2399500,19.3702239990234
2024-04-30,22.2700004577637,22.3899993896484,21.4699993133545,21.7900009155273,2815000,18.8511486053467
2024-05-02,22.0100002288818,22.1499996185303,21.5200004577637,21.7999992370605,3051900,18.8597984313965
2024-05-03,21.9200000762939,22.0799999237061,21.4300003051758,21.5499992370605,2709900,18.6435165405273
2024-05-06,21.6000003814697,21.9899997711182,21.4300003051758,21.5200004577637,2596500,18.6175632476807
2024-05-07,21.5400009155273,21.8700008392334,21.3700008392334,21.4799995422363,1290400,18.5829582214355
2024-05-08,21.3199996948242,21.7900009155273,21.0799999237061,21.4799995422363,2277000,18.5829582214355
2024-05-09,21.3500003814697,21.6200008392334,21.1299991607666,21.3500003814697,2173500,18.4704933166504
2024-05-10,21.1700000762939,21.8199996948242,21.1700000762939,21.3099994659424,2042700,18.4358863830566
2024-05-13,21.3500003814697,21.8299999237061,21.3500003814697,21.3999996185303,1196100,18.5137481689453
2024-05-14,21.5,21.5,21.0599994659424,21.2399997711182,1755400,18.3753261566162
2024-05-15,21.1700000762939,21.7900009155273,21.1100006103516,21.4699993133545,2289000,18.5743064880371
2024-05-16,21.5200004577637,21.6499996185303,20.7700004577637,20.8899993896484,1759500,18.0725326538086
2024-05-17,20.8899993896484,21.0499992370605,20.6100006103516,20.9300003051758,1164400,18.1071395874023
2024-05-20,20.8199996948242,21.2600002288818,20.6499996185303,21.2000007629395,1386400,18.3407230377197
2024-05-21,21.1499996185303,21.4799995422363,20.9200000762939,20.9799995422363,2246400,18.1503925323486
2024-05-22,20.8400001525879,20.8500003814697,19.9699993133545,20.0499992370605,3605400,17.3458251953125
2024-05-23,20.1599998474121,20.2299995422363,19.6700000762939,19.8700008392334,1496500,17.1901016235352
2024-05-24,19.9599990844727,19.9899997711182,19.5200004577637,19.6700000762939,1262100,17.0170745849609
2024-05-27,19.75,20.0699996948242,19.5900001525879,19.9799995422363,829400,17.2852649688721
2024-05-28,20.2099990844727,20.5900001525879,19.9300003051758,20.0699996948242,1073600,17.3631286621094
2024-05-29,20.1200008392334,20.1200008392334,19.6700000762939,19.9099998474121,1206500,17.2247066497803
2024-05-31,20.3999996185303,20.9200000762939,20.3099994659424,20.7399997711182,5972100,17.9427623748779
2024-06-03,21.1000003814697,21.2700004577637,20.8999996185303,21.0100002288818,4208000,18.1763496398926
2024-06-04,21.0100002288818,21.1499996185303,20.6700000762939,21.0699996948242,2331300,18.2282562255859
2024-06-05,21.2099990844727,21.4400005340576,20.3600006103516,20.3600006103516,5193400,17.6140155792236
2024-06-06,19.0599994659424,19.2800006866455,18.7999992370605,19.2399997711182,2469000,17.8730316162109
2024-06-07,19.0900001525879,19.3799991607666,19.0499992370605,19.0599994659424,1747000,17.7058200836182
2024-06-10,19.1000003814697,19.3199996948242,18.7199993133545,18.7199993133545,2083600,17.3899765014648
2024-06-11,18.7199993133545,19.0499992370605,18.6599998474121,19.0300006866455,2885500,17.6779518127441
2024-06-12,19.2000007629395,19.4099998474121,18.4099998474121,18.6100006103516,4851500,17.2877922058105
2024-06-13,18.6100006103516,18.8500003814697,18.3500003814697,18.3500003814697,1759600,17.0462646484375
2024-06-14,18.3600006103516,18.4400005340576,18,18.0699996948242,1674200,16.7861576080322
2024-06-17,18.0499992370605,18.3999996185303,17.75,18.1000003814697,2205300,16.8140277862549
2024-06-18,18.0499992370605,18.25,17.4899997711182,17.6000003814697,2951700,16.3495502471924
2024-06-19,17.6000003814697,17.9300003051758,17.5699996948242,17.9300003051758,1341300,16.6561050415039
2024-06-20,18.1800003051758,19,18.0699996948242,18.7999992370605,4517800,17.4642925262451
2024-06-21,18.7299995422363,18.9400005340576,18.25,18.25,1413600,16.953369140625
2024-06-24,18.2900009155273,18.8099994659424,18.2700004577637,18.5900001525879,1082300,17.2692127227783
2024-06-25,18.5499992370605,18.6800003051758,18.4099998474121,18.4899997711182,684100,17.1763172149658
2024-06-26,18.5599994659424,18.6499996185303,18.3099994659424,18.5400009155273,1162500,17.2227668762207
2024-06-27,18.6200008392334,18.7800006866455,18.3199996948242,18.7099990844727,1739500,17.3806858062744
2024-06-28,18.7800006866455,18.8199996948242,18.5,18.5400009155273,1286500,17.2227668762207
2024-07-01,18.7199993133545,19.5499992370605,18.4400005340576,19.3099994659424,4605200,17.9380569458008
2024-07-02,19.3600006103516,20.5,19.3600006103516,20.3700008392334,4838200,18.9227485656738
2024-07-03,20.3700008392334,20.7999992370605,20.2099990844727,20.3500003814697,2110900,18.9041690826416
2024-07-04,20.3500003814697,20.6499996185303,20.1800003051758,20.2099990844727,913600,18.7741146087646
2024-07-05,20.1299991607666,20.8400001525879,20.1299991607666,20.8400001525879,1731300,19.359354019165
2024-07-08,21.1000003814697,21.5,20.5699996948242,20.7000007629395,2551400,19.2293014526367
2024-07-09,20.5100002288818,20.6900005340576,20.2999992370605,20.6599998474121,1128600,19.1921424865723
2024-07-10,20.75,20.7800006866455,20.4599990844727,20.5900001525879,927600,19.1271171569824
2024-07-11,20.6599998474121,21.0300006866455,20.5799999237061,20.9200000762939,1385800,19.4336700439453
2024-07-12,20.9699993133545,21.1000003814697,20.75,21,980600,19.5079860687256
2024-07-15,21,21.4400005340576,20.9699993133545,21.1100006103516,1395500,19.6101722717285
2024-07-16,21,21.2999992370605,20.9500007629395,21.0699996948242,1800800,19.5730133056641
2024-07-17,21.1399993896484,21.4500007629395,21.0400009155273,21.2700004577637,1308600,19.7588043212891
2024-07-18,21.2099990844727,21.2700004577637,20.6599998474121,20.8400001525879,2112000,19.359354019165
2024-07-19,20.8299999237061,21.1299991607666,20.7900009155273,21,2109700,19.5079860687256
2024-07-22,20.9400005340576,21.1299991607666,20.5499992370605,20.9500007629395,2123500,19.461540222168
2024-07-23,20.9799995422363,21.3500003814697,20.4500007629395,20.4699993133545,3894300,19.0156421661377
2024-07-24,20.6499996185303,21.3099994659424,20.5599994659424,21.2399997711182,2045000,19.7309341430664
2024-07-25,20.9500007629395,21.1700000762939,20.6000003814697,20.6399993896484,1290500,19.17356300354
2024-07-26,20.6299991607666,21.0400009155273,20.5,21.0400009155273,1789100,19.54514503479
2024-07-29,21.0400009155273,21.1299991607666,20.3700008392334,20.5,1376900,19.0435104370117
2024-07-30,20.5,20.7000007629395,20.4400005340576,20.5699996948242,995000,19.1085376739502
2024-07-31,20.7999992370605,20.8500003814697,20.5799999237061,20.6599998474121,1745300,19.1921424865723
2024-08-01,20.9899997711182,21.3400001525879,20.1700000762939,20.2999992370605,4030500,18.8577194213867
2024-08-02,20.2999992370605,20.6000003814697,19.7900009155273,19.8700008392334,2862700,18.4582710266113
2024-08-05,19.3199996948242,19.6700000762939,18.9799995422363,19.5599994659424,1973700,18.170295715332
2024-08-06,19.6499996185303,20.0200004577637,19.6000003814697,19.8500003814697,1781100,18.4396915435791
2024-08-07,20.2800006866455,20.2800006866455,19.7399997711182,19.8899993896484,1022700,18.4768486022949
2024-08-08,19.9599990844727,20.6700000762939,19.9200000762939,20.5699996948242,1092000,19.1085376739502
2024-08-09,20.9300003051758,21.6700000762939,20.7800006866455,21.3099994659424,3151000,19.7959613800049
2024-08-12,21.5499992370605,21.8799991607666,21.4500007629395,21.7399997711182,1926900,20.1954097747803
2024-08-13,21.8400001525879,21.9500007629395,21.6100006103516,21.8600006103516,1305100,20.306884765625
2024-08-14,21.8099994659424,22.1900005340576,21.7600002288818,21.7999992370605,2020700,20.2511463165283
2024-08-15,21.9400005340576,22.2900009155273,21.7000007629395,22.1000003814697,1494300,20.5298347473145
2024-08-16,21.8099994659424,22.0599994659424,21.3899993896484,21.6299991607666,1532900,20.093225479126
2024-08-19,21.7000007629395,21.9599990844727,21.5300006866455,21.8500003814697,1444100,20.2975959777832
2024-08-20,21.8700008392334,21.9300003051758,21.4500007629395,21.7199993133545,1293900,20.176830291748
2024-08-21,21.5799999237061,21.9699993133545,21.5400009155273,21.6100006103516,1078800,20.0746479034424
2024-08-22,21.7600002288818,21.7700004577637,21.0300006866455,21.0599994659424,1121400,19.5637226104736
2024-08-23,21.1900005340576,21.7700004577637,21.0400009155273,21.5100002288818,1336700,19.9817523956299
2024-08-26,21.8099994659424,21.9300003051758,21.5300006866455,21.6299991607666,935200,20.093225479126
2024-08-27,21.5,21.6100006103516,21.0400009155273,21.0400009155273,1203400,19.54514503479
2024-08-28,21,21.0300006866455,20.5499992370605,20.7800006866455,2563500,19.303617477417
2024-08-29,20.7800006866455,20.9400005340576,20.3799991607666,20.5400009155273,2351900,19.0806694030762
2024-08-30,20.5100002288818,20.5100002288818,20.0200004577637,20.3999996185303,3234900,18.9506149291992
2024-09-02,20.3999996185303,20.6700000762939,20.2000007629395,20.4500007629395,1325300,18.9970645904541
2024-09-03,20.2000007629395,20.4899997711182,19.9699993133545,20.0200004577637,2174500,18.5976142883301
2024-09-04,20.0599994659424,20.3400001525879,20.0100002288818,20.1100006103516,2121600,18.6812210083008
2024-09-05,20.0499992370605,20.25,19.9799995422363,20.1200008392334,1482400,18.6905097961426
2024-09-06,20.0599994659424,20.1800003051758,19.2800006866455,19.2800006866455,3007500,17.9101905822754
2024-09-09,19.3299999237061,19.3500003814697,18.9099998474121,19.0499992370605,3013900,17.6965293884277
2024-09-10,19.0100002288818,19.0100002288818,18.5200004577637,18.9300003051758,3368200,17.5850563049316
2024-09-11,18.9899997711182,19.2299995422363,18.75,18.8299999237061,2152500,17.4921607971191
2024-09-12,18.9300003051758,18.9599990844727,18.5799999237061,18.6100006103516,1514600,17.2877922058105
2024-09-13,18.7299995422363,19.1200008392334,18.7199993133545,19.0400009155273,2263100,17.6872425079346
2024-09-16,19.1599998474121,19.3099994659424,18.6200008392334,18.7299995422363,1602000,17.3992652893066
2024-09-17,18.7299995422363,18.8799991607666,18.4599990844727,18.8400001525879,1380500,17.5014514923096
2024-09-18,18.7800006866455,19.1499996185303,18.6900005340576,18.7700004577637,1718000,17.4364242553711
2024-09-19,19.0200004577637,19.0300006866455,18.5,18.5200004577637,1730800,17.2041873931885
2024-09-20,18.5100002288818,18.5699996948242,18.25,18.3400001525879,2819600,17.0369758605957
2024-09-23,18.3899993896484,18.5499992370605,18.25,18.3500003814697,1663400,17.0462646484375
2024-09-24,18.7199993133545,18.9200000762939,18.4599990844727,18.5499992370605,1474800,17.2320537567139
2024-09-25,18.5599994659424,18.75,18.1399993896484,18.1399993896484,1308800,16.8511848449707
2024-09-26,17.8500003814697,18.1399993896484,17.7199993133545,17.8099994659424,2879800,16.5446300506592
2024-09-27,17.7199993133545,18.0799999237061,17.6399993896484,17.8500003814697,1924900,16.5817890167236
2024-09-30,17.9500007629395,18.0200004577637,17.5799999237061,17.7199993133545,1534000,16.4610233306885
2024-10-01,17.5,18.1399993896484,17.5,17.7099990844727,3408300,16.4517345428467
2024-10-02,18.1499996185303,18.4799995422363,17.9099998474121,18.0499992370605,2544600,16.767578125
2024-10-03,18.0100002288818,18.5,17.9300003051758,18.3799991607666,1897700,17.0741329193115
2024-10-04,18.5,18.5499992370605,18.2000007629395,18.3700008392334,1452200,17.0648441314697
2024-10-07,18.5200004577637,18.7399997711182,18.2199993133545,18.5499992370605,1830800,17.2320537567139
2024-10-08,18.1399993896484,18.25,18.1100006103516,18.1700000762939,1898700,16.8790531158447
2024-10-09,18.0400009155273,18.0799999237061,17.6299991607666,17.6700000762939,2125700,16.4145774841309
2024-10-10,17.7700004577637,18.3600006103516,17.7700004577637,18.1000003814697,3075000,16.8140277862549
2024-10-11,18.1000003814697,18.1900005340576,17.8700008392334,18.1900005340576,1119000,16.897632598877
2024-10-14,17.9799995422363,18.1800003051758,17.8299999237061,17.8999996185303,1413600,16.6282348632812
2024-10-15,17.5900001525879,17.7399997711182,17.4599990844727,17.5300006866455,2073000,16.2845249176025
2024-10-16,17.6399993896484,17.8700008392334,17.4200000762939,17.6499996185303,3689800,16.3959980010986
2024-10-17,17.5599994659424,17.5699996948242,17.2700004577637,17.5,1274900,16.2566547393799
2024-10-18,17.5499992370605,17.6800003051758,17.0799999237061,17.1000003814697,2073500,15.8850755691528
2024-10-21,17.2999992370605,17.3400001525879,17.0799999237061,17.2000007629395,2e+06,15.9779710769653
2024-10-22,17.1599998474121,17.1900005340576,16.8700008392334,17,2295000,15.792179107666
2024-10-23,16.8500003814697,16.9899997711182,16.7800006866455,16.8899993896484,1782200,15.6899938583374
2024-10-24,16.9200000762939,17.1700000762939,16.7900009155273,17.0699996948242,1430200,15.8572063446045
2024-10-25,17.0499992370605,17.2299995422363,16.8799991607666,16.9599990844727,1358800,15.7550210952759
2024-10-28,16.7099990844727,16.9400005340576,16.6499996185303,16.8500003814697,1236000,15.6528367996216
2024-10-29,16.8700008392334,17.0100002288818,16.6800003051758,16.6900005340576,1115300,15.504204750061
