"SIMH3.SA.Open","SIMH3.SA.High","SIMH3.SA.Low","SIMH3.SA.Close","SIMH3.SA.Volume","SIMH3.SA.Adjusted"
7.55000019073486,7.75,7.12750005722046,7.34999990463257,1078800,6.70629024505615
7.03249979019165,7.22499990463257,7.02500009536743,7.10500001907349,2647600,6.48274707794189
7.01999998092651,7.20499992370605,7.01249980926514,7.09999990463257,3396000,6.47818565368652
7.00250005722046,7.32999992370605,6.90999984741211,7.13749980926514,3934800,6.51240110397339
7.13749980926514,7.24499988555908,7,7.02500009536743,1142800,6.40975379943848
7.02500009536743,7.0475001335144,6.94999980926514,6.97499990463257,2136400,6.36413288116455
7.01249980926514,7.05749988555908,6.53249979019165,6.53249979019165,3048000,5.96038627624512
6.67500019073486,6.67500019073486,6.25,6.37249994277954,1795200,5.81439971923828
6.36499977111816,6.4850001335144,6.31500005722046,6.35249996185303,1528400,5.79615116119385
6.33249998092651,6.59000015258789,6.16499996185303,6.59000015258789,3453200,6.01285123825073
6.49499988555908,6.51749992370605,6.31750011444092,6.37249994277954,1757200,5.81439971923828
6.44999980926514,6.57499980926514,6.27750015258789,6.57499980926514,1190800,5.99916410446167
6.53749990463257,6.80000019073486,6.42000007629395,6.4524998664856,945600,5.88739347457886
6.55999994277954,6.67000007629395,6.40500020980835,6.59000015258789,874400,6.01285123825073
6.59000015258789,6.71500015258789,6.42500019073486,6.5,1190400,5.93073320388794
6.50750017166138,6.93499994277954,6.50500011444092,6.8274998664856,1344800,6.22955083847046
6.97749996185303,7.02250003814697,6.875,6.875,881600,6.2728910446167
6.875,7.125,6.77250003814697,6.84250020980835,883600,6.24323749542236
6.78499984741211,6.99249982833862,6.64499998092651,6.75750017166138,966800,6.16568088531494
6.80499982833862,7.0475001335144,6.75750017166138,7.02500009536743,1170400,6.40975379943848
7,7.21250009536743,6.94250011444092,7.07250022888184,1042400,6.45309400558472
7.07250022888184,7.26000022888184,7.00250005722046,7.25,1458400,6.6150484085083
7.25,7.30249977111816,7.05749988555908,7.25,1002400,6.6150484085083
7.19250011444092,7.4524998664856,7.16249990463257,7.37249994277954,1927200,6.72681999206543
7.38250017166138,7.43499994277954,7.25500011444092,7.30000019073486,1087200,6.66066980361938
7.24749994277954,7.26249980926514,7.00500011444092,7.10750007629395,615200,6.48502826690674
7.15000009536743,7.20749998092651,6.87750005722046,6.89750003814697,1304800,6.29342031478882
6.72749996185303,6.72749996185303,6.375,6.4524998664856,1720800,5.88739347457886
6.42749977111816,6.69999980926514,6.21000003814697,6.60249996185303,1366800,6.02425622940063
6.66249990463257,6.66249990463257,6.21000003814697,6.4225001335144,1814400,5.86002063751221
6.59999990463257,6.75,6.49749994277954,6.6875,2076400,6.10181188583374
6.75,7.21000003814697,6.71500015258789,7.09499979019165,1240800,6.47362375259399
7.21250009536743,7.34999990463257,7.13000011444092,7.21750020980835,1365200,6.58539485931396
7.1875,7.72499990463257,7.1399998664856,7.64750003814697,1896400,6.97773551940918
7.75,7.88000011444092,7.40250015258789,7.5,1301600,6.84315395355225
7.37750005722046,7.65999984741211,7.37750005722046,7.4225001335144,979200,6.77244091033936
7.47499990463257,7.57000017166138,7.27500009536743,7.5,1172800,6.84315395355225
7.40250015258789,7.53249979019165,7.19250011444092,7.30000019073486,1313200,6.66066980361938
7.5,7.63250017166138,7.24499988555908,7.39499998092651,1440800,6.74734973907471
7.44999980926514,7.54250001907349,7.13749980926514,7.34499979019165,1263600,6.70172834396362
7.29500007629395,7.38500022888184,7.16249990463257,7.34499979019165,1569600,6.70172834396362
7.39750003814697,7.44000005722046,7.14249992370605,7.1875,1064800,6.55802154541016
7.1875,7.375,7.03999996185303,7.32999992370605,1422800,6.68804168701172
7.40999984741211,7.59999990463257,7.37249994277954,7.53249979019165,1462800,6.87280654907227
7.59999990463257,7.80000019073486,7.48750019073486,7.75,1597600,7.07125854492188
7.67999982833862,7.76999998092651,7.52500009536743,7.69999980926514,1448400,7.02563762664795
7.69999980926514,7.75,7.58500003814697,7.63250017166138,419600,6.96404933929443
7.63250017166138,7.73750019073486,7.55249977111816,7.55499982833862,1020000,6.8933367729187
7.55249977111816,7.74499988555908,7.40999984741211,7.40999984741211,2186400,6.76103544235229
7.74749994277954,8.125,7.60249996185303,8,4702000,7.29936456680298
8,8.10750007629395,7.8600001335144,8,1535600,7.29936456680298
8.07499980926514,8.14750003814697,7.92999982833862,8.10000038146973,2066400,7.39060640335083
8.14999961853027,8.14999961853027,7.86749982833862,7.9375,1503200,7.24233770370483
7.93249988555908,8.10499954223633,7.80000019073486,8.03999996185303,1565200,7.33586120605469
7.94999980926514,8.19999980926514,7.84000015258789,7.94999980926514,1534400,7.25374221801758
7.98000001907349,8.03750038146973,7.70499992370605,7.83500003814697,1141600,7.14881420135498
7.83249998092651,7.95499992370605,7.625,7.90000009536743,1079200,7.20812225341797
7.85249996185303,7.875,7.55999994277954,7.7975001335144,1047200,7.11459922790527
7.75250005722046,7.92999982833862,7.67999982833862,7.76000022888184,1050000,7.08038330078125
7.76000022888184,7.96750020980835,7.65500020980835,7.94500017166138,1465600,7.24918079376221
7.97499990463257,7.99749994277954,7.73750019073486,7.84999990463257,1129200,7.16250085830688
7.84999990463257,7.97249984741211,7.71250009536743,7.75,1266000,7.07125854492188
7.68249988555908,7.80499982833862,7.49499988555908,7.5625,1840000,6.90017986297607
7.41750001907349,7.52500009536743,7.2024998664856,7.41750001907349,1744000,6.76787900924683
7.46000003814697,7.67500019073486,7.30249977111816,7.33750009536743,1823200,6.69488525390625
7.59000015258789,7.98250007629395,7.55999994277954,7.9225001335144,4080000,7.2286524772644
7.97249984741211,8.53499984741211,7.94000005722046,8.52499961853027,3343600,7.77838373184204
8.53750038146973,8.65750026702881,8.31999969482422,8.57250022888184,3073200,7.82172536849976
8.67500019073486,8.97749996185303,8.60249996185303,8.86750030517578,5892000,8.09088897705078
8.97500038146973,8.99250030517578,8.31999969482422,8.45499992370605,5671600,7.714515209198
8.375,8.72000026702881,8.10249996185303,8.53999996185303,3756400,7.79207134246826
8.53999996185303,8.61999988555908,8.22999954223633,8.22999954223633,3417200,7.50922012329102
8.25500011444092,8.41499996185303,8.09249973297119,8.09749984741211,2430000,7.41458940505981
8.08749961853027,8.58500003814697,8.08749961853027,8.46749973297119,2155200,7.75338411331177
8.40499973297119,8.89999961853027,8.32250022888184,8.89999961853027,3516400,8.1494083404541
8.9399995803833,9.17000007629395,8.625,8.98999977111816,4386400,8.23181915283203
8.97500038146973,9.39750003814697,8.66499996185303,8.83749961853027,2476400,8.0921802520752
8.96500015258789,9.13749980926514,8.80249977111816,9.04249954223633,2434000,8.2798900604248
9.04249954223633,9.04500007629395,8.77499961853027,8.92749977111816,1456000,8.17458915710449
8.95750045776367,9.25,8.94999980926514,9.21000003814697,1766000,8.43326473236084
9.60000038146973,9.60000038146973,9.04749965667725,9.35000038146973,3836800,8.56145763397217
9.38749980926514,9.44999980926514,9,9.13749980926514,2146000,8.36687850952148
9.14000034332275,9.19999980926514,8.72999954223633,8.91250038146973,1856400,8.16085433959961
8.77250003814697,8.90499973297119,8.52999973297119,8.65750026702881,2058400,7.92736053466797
8.64750003814697,8.72749996185303,8.22749996185303,8.2475004196167,2312000,7.55193853378296
8.28750038146973,8.7524995803833,8.17000007629395,8.4350004196167,3818000,7.72362613677979
8.50749969482422,8.98750019073486,8.40499973297119,8.80249977111816,7883200,8.06013202667236
9,9.30500030517578,8.64999961853027,8.85000038146973,7872800,8.1036262512207
9,9.57250022888184,8.80249977111816,9.42500019073486,6144400,8.63013172149658
9.42500019073486,9.73750019073486,9.42500019073486,9.60249996185303,5241600,8.79266262054443
9.60249996185303,10,9.52250003814697,9.89999961853027,2256400,9.06507205963135
10.0024995803833,10.3225002288818,9.90250015258789,10.0550003051758,3881200,9.20700073242188
10.1175003051758,11,10,10.5725002288818,28684400,9.68085670471191
10.5749998092651,10.8874998092651,10.3800001144409,10.8100004196167,3516800,9.89832782745361
10.9350004196167,10.9350004196167,10.5825004577637,10.5950002670288,2403600,9.70145988464355
10.6075000762939,10.6700000762939,10.2550001144409,10.4324998855591,1958000,9.55266380310059
10.4324998855591,10.7624998092651,10.3625001907349,10.4750003814697,1824800,9.59157943725586
10.4449996948242,10.5249996185303,10.210000038147,10.4099998474121,1699200,9.53206157684326
10.4099998474121,10.5050001144409,10.2349996566772,10.414999961853,1486400,9.53663921356201
10.5074996948242,10.6999998092651,10.0649995803833,10.2550001144409,2015200,9.39013481140137
10.25,10.4399995803833,10.0749998092651,10.2749996185303,1763600,9.408447265625
9.75,10.3774995803833,9.53250026702881,10.0150003433228,4046400,9.17037391662598
10.039999961853,10.1750001907349,9.84749984741211,9.94999980926514,2302800,9.11085605621338
9.95250034332275,10.1724996566772,9.86250019073486,9.94250011444092,2822000,9.10398769378662
9.94250011444092,10.0024995803833,9.35249996185303,9.52499961853027,2415200,8.72169876098633
9.63249969482422,9.67249965667725,9.22000026702881,9.38749980926514,3173200,8.59579563140869
9.38749980926514,9.56999969482422,9.14999961853027,9.24499988555908,3081600,8.46531295776367
9.09500026702881,9.5024995803833,8.85499954223633,9.36250019073486,2487200,8.57290363311768
9.44499969482422,9.44499969482422,8.77999973297119,9.10249996185303,2737600,8.33483123779297
9.125,9.42000007629395,8.8774995803833,9.02250003814697,2600800,8.26157760620117
9.125,9.19250011444092,8.67000007629395,9.14249992370605,4610800,8.37145805358887
9,9.02750015258789,8.30000019073486,8.38249969482422,6473600,7.67555284500122
8.4975004196167,8.67000007629395,8.18249988555908,8.30000019073486,3257600,7.60001039505005
8.46249961853027,8.46249961853027,8.02999973297119,8.23250007629395,6705200,7.53820323944092
8.52000045776367,8.98999977111816,8.52000045776367,8.89249992370605,4590800,8.14254188537598
8.97249984741211,8.97249984741211,8.66749954223633,8.77499961853027,2069600,8.03495025634766
8.77750015258789,8.9975004196167,8.71000003814697,8.8125,2300800,8.06928825378418
8.81750011444092,9.46500015258789,8.8149995803833,9.25749969482422,3926800,8.47675895690918
9.10249996185303,9.42000007629395,9.03750038146973,9.32499980926514,2923200,8.53856658935547
9.32499980926514,9.72000026702881,9.03750038146973,9.11750030517578,3137600,8.34856605529785
9.09249973297119,9.30000019073486,8.93249988555908,9.17500019073486,2118400,8.40121555328369
9.14249992370605,9.32250022888184,8.94999980926514,9.30000019073486,1876000,8.51567459106445
9.25,9.27499961853027,8.92249965667725,9.05000019073486,1710400,8.28675842285156
9.02250003814697,9.11250019073486,8.55249977111816,8.66250038146973,2020800,7.93194007873535
8.64999961853027,9.11999988555908,8.47249984741211,9.03250026702881,2641200,8.2707347869873
9.05249977111816,9.22749996185303,8.8100004196167,8.91250038146973,2156400,8.16085433959961
8.85000038146973,8.99499988555908,8.65250015258789,8.76000022888184,1293600,8.02121734619141
8.76249980926514,9.1274995803833,8.70499992370605,9.04749965667725,1980400,8.28446865081787
9.05500030517578,9.39750003814697,8.96249961853027,9.34000015258789,2982800,8.55230140686035
9.57750034332275,9.57999992370605,9.26749992370605,9.32750034332275,2450800,8.54085540771484
9.5,9.5625,9.33250045776367,9.47999954223633,1677200,8.68049335479736
9.49499988555908,9.875,9.46000003814697,9.85000038146973,3369200,9.01929092407227
9.82499980926514,9.91499996185303,9.61999988555908,9.76500034332275,1738800,8.9414587020874
9.77000045776367,10.0675001144409,9.71000003814697,9.89750003814697,1420000,9.06278419494629
9.91749954223633,10.2624998092651,9.78750038146973,10.1374998092651,2047200,9.28254318237305
10.1499996185303,10.1499996185303,9.88749980926514,9.97500038146973,1621200,9.13374900817871
9.97249984741211,9.97249984741211,9.67000007629395,9.78499984741211,1399600,8.95977115631104
9.76500034332275,9.95750045776367,9.60000038146973,9.64750003814697,1722400,8.8338680267334
9.65250015258789,9.89500045776367,9.65250015258789,9.77000045776367,1849600,8.94603729248047
9.77250003814697,9.97500038146973,9.625,9.97500038146973,1549200,9.13374900817871
9.94999980926514,10.2174997329712,9.94999980926514,10.125,1904800,9.27109718322754
10.1274995803833,10.3474998474121,9.90999984741211,10.0124998092651,2100800,9.16808605194092
10.0900001525879,10.1049995422363,9.70750045776367,9.73999977111816,2168000,8.9185676574707
9.85000038146973,9.8774995803833,9.48999977111816,9.67500019073486,1806000,8.85904884338379
9.73499965667725,9.73499965667725,9.5,9.60499954223633,1672800,8.79495239257812
9.58250045776367,9.99499988555908,9.5625,9.74499988555908,2745200,8.92314529418945
9.74499988555908,10.477499961853,9.73999977111816,10.4375,4391200,9.55724239349365
10.4399995803833,10.7200002670288,10.1925001144409,10.6450004577637,4602400,9.74724292755127
10.5500001907349,10.8149995803833,10.2799997329712,10.8149995803833,4710800,9.95570182800293
10.9750003814697,11,10.5349998474121,10.875,4450400,10.0109338760376
10.8774995803833,11.1875,10.7700004577637,11.0699996948242,3270400,10.1904411315918
11.2349996566772,11.7475004196167,11.125,11.4425001144409,3988000,10.5333442687988
11.4425001144409,11.5500001907349,11.2749996185303,11.4250001907349,2060400,10.5172357559204
11.6700000762939,11.6750001907349,11.3874998092651,11.6499996185303,2219200,10.7243566513062
11.6499996185303,11.7124996185303,11.3249998092651,11.3874998092651,1959600,10.4827146530151
11.3249998092651,11.5249996185303,11.0625,11.5200004577637,2025600,10.6046867370605
11.5174999237061,11.5174999237061,10.9449996948242,11.272500038147,2688800,10.3768510818481
11.3275003433228,11.727499961853,11.272500038147,11.6899995803833,2938400,10.7611808776855
11.7524995803833,11.875,11.3125,11.3500003814697,2019600,10.4481935501099
11.2749996185303,11.8175001144409,11.2049999237061,11.7349996566772,2193600,10.802604675293
11.8275003433228,12.1575002670288,11.6774997711182,11.8125,2385200,10.8739452362061
11.8575000762939,12.0174999237061,11.6800003051758,11.9499998092651,2270400,11.0005207061768
12.0174999237061,12.2674999237061,11.9549999237061,12.2250003814697,1834800,11.2536716461182
12.3249998092651,12.3249998092651,12.0249996185303,12.272500038147,1306800,11.2973976135254
12.1225004196167,12.3699998855591,12.0249996185303,12.2299995422363,1801200,11.2582740783691
12.2924995422363,12.5050001144409,12.1750001907349,12.4025001525879,1546000,11.417067527771
12.3999996185303,12.539999961853,12.0424995422363,12.3999996185303,1674000,11.4147663116455
12.4549999237061,12.4949998855591,12.1925001144409,12.4949998855591,2684800,11.50221824646
12.4674997329712,12.6075000762939,12.2700004577637,12.4224996566772,1681200,11.4354791641235
12.4375,12.9899997711182,12.4375,12.9899997711182,2622800,11.9578886032104
13.0424995422363,13.4724998474121,12.9200000762939,13.25,3541200,12.1972303390503
13.4425001144409,13.4425001144409,13.125,13.25,1647600,12.1972303390503
13.25,13.375,13.085000038147,13.25,1805600,12.1972303390503
13.1774997711182,13.3950004577637,13,13.1499996185303,2120000,12.1051759719849
13.125,13.2425003051758,12.835000038147,13.0874996185303,2013600,12.0476417541504
13.1099996566772,13.1975002288818,12.9624996185303,13.1499996185303,1243200,12.1051759719849
13.25,13.3599996566772,13.1125001907349,13.25,1893200,12.1972303390503
13.1774997711182,13.1774997711182,12.6149997711182,13.0325002670288,1710800,11.9970121383667
13.1175003051758,13.8500003814697,13.0074996948242,13.75,3549200,12.6575040817261
13.7600002288818,13.9674997329712,13.3424997329712,13.6000003814697,3258400,12.5194215774536
13.625,13.7475004196167,13.3649997711182,13.6999998092651,1562800,12.6114768981934
13.7749996185303,13.8199996948242,13.4025001525879,13.75,1794800,12.6575040817261
13.8000001907349,14.0874996185303,13.5649995803833,13.9224996566772,3475200,12.8162965774536
14.1199998855591,14.3424997329712,13.8100004196167,14.1125001907349,1496800,12.9912014007568
14.1099996566772,14.1300001144409,13.7250003814697,13.75,1742000,12.6575040817261
13.8199996948242,13.9125003814697,13.5775003433228,13.8249998092651,2529200,12.726544380188
14.0100002288818,14.0124998092651,13.4099998474121,13.7475004196167,2900400,12.6552028656006
13.5725002288818,13.75,13.4224996566772,13.6175003051758,1852800,12.5355319976807
13.4549999237061,13.9875001907349,13.4549999237061,13.6925001144409,2703600,12.6045713424683
13.6824998855591,13.8149995803833,13.1374998092651,13.6999998092651,2652400,12.6114768981934
13.5150003433228,13.9049997329712,13.4925003051758,13.9049997329712,2860800,12.8001880645752
14.125,14.5200004577637,13.9300003051758,13.9399995803833,3982400,12.832407951355
14.2124996185303,14.9700002670288,14.2124996185303,14.7775001525879,4537200,13.6033639907837
14.7524995803833,14.9750003814697,14.6350002288818,14.8374996185303,1163200,13.6585969924927
14.8374996185303,14.8374996185303,14.3500003814697,14.6499996185303,1810000,13.4859943389893
14.6499996185303,15.0625,14.6000003814697,14.8325004577637,1831600,13.653995513916
14.6724996566772,14.8325004577637,14.4399995803833,14.8325004577637,2083600,13.653995513916
14.9949998855591,15.4200000762939,14.8575000762939,15.4025001525879,1772800,14.1787061691284
15.2875003814697,15.4925003051758,15.1925001144409,15.4700002670288,1592400,14.2408428192139
15.4750003814697,15.8450002670288,15.3450002670288,15.7550001144409,1761200,14.5031967163086
15.7775001525879,16.0849990844727,15.5524997711182,15.9250001907349,2031600,14.6596908569336
16.0650005340576,16.2350006103516,15.7425003051758,16.1000003814697,2097200,14.8207874298096
15.8725004196167,16.2849998474121,15.6700000762939,16.0900001525879,1733600,14.811580657959
16.1275005340576,16.5550003051758,16.0275001525879,16.4400005340576,1331600,15.1337728500366
16.5125007629395,16.6550006866455,16.25,16.5550003051758,2100400,15.2396354675293
16.6049995422363,17.1399993896484,16.5650005340576,16.875,2336400,15.5342092514038
16.9099998474121,17.125,16.7600002288818,16.9500007629395,1638000,15.6032514572144
17.0499992370605,17.0499992370605,16.5324993133545,16.8250007629395,2481600,15.4881830215454
16.7700004577637,16.8875007629395,16.3850002288818,16.4449996948242,2064800,15.138373374939
16.5125007629395,17.0949993133545,16.0674991607666,16.4624996185303,2514800,15.1544847488403
16.5324993133545,17.6224994659424,16.5324993133545,17.25,2772000,15.8794136047363
17.2250003814697,17.6599998474121,17.0074996948242,17.4125003814697,3096400,16.0290031433105
17.6599998474121,17.8875007629395,17.3575000762939,17.4750003814697,2371200,16.0865383148193
17.4125003814697,17.4150009155273,16.8899993896484,17.125,2934400,15.7643442153931
17.125,17.25,16.6399993896484,16.6574993133545,2526800,15.3339881896973
16.6774997711182,16.9925003051758,16.2950000762939,16.4874992370605,2394400,15.1774969100952
16.7625007629395,16.7749996185303,16.2749996185303,16.4750003814697,1368800,15.1659908294678
16.6975002288818,17.0025005340576,16.5200004577637,16.9099998474121,2046000,15.5664281845093
17.0499992370605,17.2150001525879,16.5499992370605,16.5499992370605,2372400,15.235032081604
16.6000003814697,16.9899997711182,15.7399997711182,16.2800006866455,2475500,14.9864854812622
15.9300003051758,17.4400005340576,15.9200000762939,16.3999996185303,3135500,15.0969495773315
16.5,16.5499992370605,15.1999998092651,15.8500003814697,3924100,14.5906505584717
15.7399997711182,15.7399997711182,13.5699996948242,14.3400001525879,13348800,13.200626373291
13.8000001907349,14.3500003814697,13.1000003814697,14.3500003814697,8565600,13.2098321914673
14.1999998092651,14.7799997329712,13.9200000762939,14.3999996185303,4097800,13.2558584213257
13.8999996185303,14.9499998092651,13.5900001525879,14.8000001907349,3476900,13.6240768432617
14.7299995422363,15.0299997329712,14.3900003433228,14.8999996185303,2372100,13.7161312103271
14.9399995803833,15.3299999237061,14.6999998092651,15.0200004577637,2188300,13.8265972137451
15.460000038147,15.5699996948242,15.1000003814697,15.3699998855591,1671100,14.1487874984741
15.3699998855591,15.8900003433228,15.25,15.6000003814697,2197600,14.3605136871338
15.5500001907349,15.7799997329712,15.0600004196167,15.210000038147,2719800,14.0015020370483
15.3500003814697,16.2800006866455,15.1000003814697,16.2000007629395,3268000,14.9128427505493
16.2000007629395,16.6000003814697,15.4099998474121,15.4799995422363,2805400,14.2500476837158
15.4799995422363,15.5799999237061,14.4700002670288,14.8500003814697,3411000,13.6701049804688
14.8500003814697,15.2399997711182,14.3800001144409,14.8699998855591,3503600,13.6885147094727
14.8699998855591,14.9099998474121,14.039999961853,14.1800003051758,3412000,13.0533380508423
14.3000001907349,14.4499998092651,13.8699998855591,14,4738000,12.8876399993896
13.9099998474121,14.4799995422363,13.9099998474121,14.4099998474121,1056500,13.265064239502
14.3100004196167,14.6000003814697,13.6000003814697,13.6899995803833,2519000,12.6022701263428
13.4200000762939,14.3999996185303,13.3100004196167,14,3080700,12.8876399993896
14.539999961853,14.6499996185303,13.7799997329712,14.0900001525879,3029300,12.9704885482788
14.1899995803833,15,14.0699996948242,14.8100004196167,2477700,13.633282661438
14.8800001144409,15.1099996566772,14.4499998092651,14.7299995422363,1874400,13.5596380233765
14.710000038147,14.8400001525879,14.3500003814697,14.7200002670288,1104000,13.5504331588745
14.6300001144409,14.9099998474121,14.3900003433228,14.3999996185303,1231300,13.2558584213257
14.3400001525879,14.539999961853,13.9700002670288,13.9700002670288,5612200,12.8600244522095
13.6300001144409,13.75,13.2600002288818,13.5200004577637,2297900,12.4457788467407
13.7399997711182,14.0900001525879,13.4499998092651,14.0200004577637,1324000,12.9060506820679
14.5,14.75,14.1099996566772,14.25,1800000,13.1177768707275
14.1599998474121,14.9300003051758,14.1599998474121,14.6999998092651,2788500,13.532021522522
14.6499996185303,14.6499996185303,14.1999998092651,14.4799995422363,2194800,13.3295021057129
14.6599998474121,14.7299995422363,14.3000001907349,14.5500001907349,1327000,13.3939409255981
14.3999996185303,14.4300003051758,13.6700000762939,13.8900003433228,2040500,12.7863798141479
14.039999961853,14.1999998092651,13.6800003051758,13.8000001907349,1160600,12.7035312652588
13.8999996185303,13.9200000762939,13.460000038147,13.6700000762939,1978500,12.5838603973389
13.8400001525879,14.039999961853,13.5500001907349,14,1808800,12.8876399993896
13.9899997711182,14.039999961853,13.3500003814697,13.3500003814697,1153000,12.2892866134644
13.3699998855591,13.4099998474121,12.9099998474121,13.0900001525879,2474400,12.0499439239502
12.8500003814697,13.1999998092651,12.5100002288818,13.1999998092651,2399700,12.1512031555176
13.5100002288818,13.5699996948242,13.1000003814697,13.210000038147,1399700,12.1604089736938
13.3199996948242,13.7200002670288,13.25,13.4499998092651,1965900,12.3813400268555
13.4399995803833,13.7600002288818,13.2700004577637,13.4700002670288,1541000,12.399751663208
13.539999961853,13.9799995422363,13.4200000762939,13.6199998855591,1340300,12.5378332138062
13.710000038147,13.9300003051758,13.3800001144409,13.6300001144409,1271000,12.5470390319824
13.8500003814697,14.8699998855591,13.6700000762939,14.6300001144409,4151600,13.467583656311
14.8800001144409,15.3100004196167,14.3699998855591,14.6999998092651,3431800,13.532021522522
14.7799997329712,14.8000001907349,13.4899997711182,13.7600002288818,2998900,12.666708946228
13.8999996185303,13.9499998092651,12.9700002670288,13.3599996566772,2655300,12.298490524292
12.8000001907349,13.1199998855591,12.1199998855591,12.5500001907349,3816000,11.5528497695923
12.3000001907349,12.3000001907349,11.0799999237061,11.789999961853,6371900,10.8532333374023
11.6499996185303,12.460000038147,11.6300001144409,12.0900001525879,3667200,11.1293983459473
12,12.039999961853,11.2799997329712,11.3500003814697,3064000,10.4481935501099
11.4200000762939,11.8000001907349,11.3599996566772,11.460000038147,2027300,10.5494537353516
11.6000003814697,11.6099996566772,10.789999961853,10.789999961853,2561400,9.93268871307373
11.3199996948242,11.4799995422363,10.1199998855591,10.25,7154000,9.43559455871582
10.5,10.8500003814697,10.4499998092651,10.5,3686600,9.66572952270508
10.3299999237061,11.3900003433228,10.3000001907349,11.25,3703200,10.3561382293701
11.210000038147,11.9200000762939,10.9499998092651,11.1700000762939,3906700,10.2824964523315
11.3000001907349,11.710000038147,11.1800003051758,11.4200000762939,1803900,10.5126323699951
11.6700000762939,11.6700000762939,11.1099996566772,11.2600002288818,1839400,10.3653450012207
11.3500003814697,11.9499998092651,11.3500003814697,11.5600004196167,1824300,10.6415090560913
11.6800003051758,12.1099996566772,11.460000038147,11.789999961853,2619600,10.8532333374023
12.2799997329712,12.8599996566772,12.1800003051758,12.2700004577637,4062700,11.2950954437256
12.1700000762939,12.3699998855591,11.789999961853,11.789999961853,2614300,10.8532333374023
12.1700000762939,12.2299995422363,11.0600004196167,11.539999961853,3419100,10.6230974197388
11.4099998474121,11.6999998092651,10.960000038147,11.1800003051758,2359300,10.2917022705078
11.0100002288818,11.5799999237061,11.0100002288818,11.3699998855591,1533700,10.4666051864624
11.3599996566772,11.8800001144409,11.25,11.7399997711182,1535500,10.8072071075439
11.6700000762939,11.9899997711182,11.1700000762939,11.289999961853,1704200,10.3929615020752
11.3000001907349,11.4399995803833,10.6400003433228,10.7600002288818,3793500,9.90507221221924
10.6499996185303,11.3699998855591,10.6400003433228,10.9499998092651,3189800,10.0799751281738
10.9899997711182,11.4300003051758,10.9899997711182,11.3500003814697,1575800,10.4481935501099
10.9899997711182,11.1300001144409,10.7299995422363,11.0500001907349,2066800,10.1720304489136
11.3699998855591,11.3699998855591,10.6599998474121,10.7399997711182,1661500,9.8866605758667
10.6499996185303,10.7700004577637,10.1000003814697,10.5299997329712,2655600,9.69334602355957
10.6199998855591,11,10.0299997329712,10.039999961853,2204400,9.24227809906006
10.1899995803833,10.5500001907349,10.1300001144409,10.3999996185303,1922700,9.57367515563965
10.5,11.3000001907349,10.5,11.0500001907349,2992200,10.1720304489136
11.2299995422363,11.3999996185303,10.9399995803833,11.1700000762939,1927500,10.2824964523315
11.3800001144409,11.5900001525879,11.1300001144409,11.1499996185303,1763000,10.264084815979
11.289999961853,12.0299997329712,11.1099996566772,11.9799995422363,1968900,11.0281372070312
11.8800001144409,11.9499998092651,11.5900001525879,11.6899995803833,1339100,10.7611808776855
12.3800001144409,12.4099998474121,11.7799997329712,12.1999998092651,1799000,11.2306575775146
12.3800001144409,12.5900001525879,11.9700002670288,12.1800003051758,2801000,11.2122468948364
12.2799997329712,12.3400001525879,11.8699998855591,12.0200004577637,1959400,11.0649614334106
12,12.5100002288818,11.8100004196167,12.3199996948242,2057600,11.3411226272583
12.6000003814697,12.8500003814697,12.039999961853,12.2700004577637,1777100,11.2950954437256
12.0600004196167,12.710000038147,11.9799995422363,12.5100002288818,4388200,11.5160274505615
12.5,12.539999961853,11.8199996948242,12.3100004196167,3131400,11.3319177627563
12.3199996948242,12.4099998474121,11.960000038147,11.960000038147,1570500,11.009726524353
11.9799995422363,12.1800003051758,11.5500001907349,12,2308400,11.0465478897095
12.0299997329712,12.0299997329712,11.5299997329712,11.7399997711182,1210500,10.9027061462402
11.6899995803833,11.8400001525879,11.4099998474121,11.6000003814697,1859600,10.7726926803589
11.5900001525879,11.7799997329712,11.4099998474121,11.5100002288818,1586200,10.6891107559204
11.4799995422363,11.5900001525879,11.1199998855591,11.25,1082700,10.4476537704468
11.25,11.7299995422363,11.0500001907349,11.6800003051758,2799400,10.8469867706299
11.789999961853,11.8199996948242,11.0200004577637,11.1199998855591,1810400,10.3269262313843
11.1300001144409,11.2200002670288,10.4499998092651,10.5299997329712,2796300,9.77900409698486
10.4099998474121,10.4700002670288,9.72999954223633,9.85999965667725,4674000,9.15678882598877
10,10,9.35000038146973,9.75,4155700,9.05463314056396
9.6899995803833,9.72000026702881,9.36999988555908,9.57999992370605,1865100,8.89675712585449
9.48999977111816,9.5,8.93000030517578,9.06999969482422,3640300,8.42313003540039
8.97999954223633,9.44999980926514,8.97000026702881,9.30000019073486,1258800,8.63672828674316
9.35000038146973,9.8100004196167,9.26000022888184,9.72000026702881,2345000,9.02677249908447
9.75,9.77000045776367,9.1899995803833,9.22999954223633,1842400,8.5717191696167
9.18000030517578,9.4399995803833,8.97000026702881,9.43000030517578,1578400,8.75745582580566
9.35000038146973,9.48999977111816,9.22000026702881,9.35999965667725,992100,8.69244766235352
9.27999973297119,9.3100004196167,8.90999984741211,9.03999996185303,1341700,8.39527130126953
9.10000038146973,9.27000045776367,8.97999954223633,9.10000038146973,1694500,8.45099067687988
9.14000034332275,10.0500001907349,9.14000034332275,9.65999984741211,4438600,8.97105121612549
9.60999965667725,10.1700000762939,9.5600004196167,10.0600004196167,2632100,9.34252452850342
10.0299997329712,10.0299997329712,9.6899995803833,9.89999961853027,1384300,9.19393444061279
9.81999969482422,10.3999996185303,9.78999996185303,10.3800001144409,2245000,9.63970184326172
10.4899997711182,10.9799995422363,10.4499998092651,10.7299995422363,2988500,9.9647388458252
10.8900003433228,11.039999961853,10.5799999237061,10.7200002670288,1630000,9.95545387268066
10.6999998092651,10.9099998474121,10.4499998092651,10.9099998474121,1291300,10.1319026947021
10.9200000762939,11.2399997711182,10.7799997329712,11.0699996948242,2541000,10.2804918289185
11.25,11.3000001907349,10.9499998092651,11.1199998855591,1258700,10.3269262313843
11.2299995422363,11.5699996948242,11.0100002288818,11.210000038147,2541800,10.4105072021484
11.3299999237061,11.460000038147,11.0500001907349,11.1599998474121,1494900,10.3640727996826
11.1899995803833,11.1899995803833,10.6800003051758,10.7600002288818,1548000,9.992600440979
10.710000038147,11.0600004196167,10.5699996948242,10.9399995803833,1416000,10.1597623825073
10.8999996185303,11.1099996566772,10.7600002288818,10.789999961853,1395400,10.0204610824585
10.8000001907349,11.1899995803833,10.7700004577637,11.039999961853,855000,10.252631187439
11.1899995803833,11.4200000762939,10.9899997711182,11.0799999237061,1126200,10.289776802063
11.1400003433228,11.3500003814697,10.6099996566772,10.7799997329712,2087200,10.011173248291
10.6800003051758,11.1700000762939,10.6800003051758,11.0900001525879,1366600,10.2990655899048
11.1999998092651,11.4799995422363,11.1499996185303,11.3800001144409,1121900,10.5683822631836
11.5,11.5100002288818,11.2399997711182,11.5,1153800,10.6798238754272
11.4899997711182,11.4899997711182,11.1199998855591,11.1199998855591,1088500,10.3269262313843
11.3500003814697,11.3699998855591,10.8900003433228,11.0500001907349,1808600,10.2619171142578
11.0100002288818,11.0600004196167,10.3500003814697,10.3500003814697,1457900,9.61184215545654
10.5799999237061,10.9799995422363,10.5299997329712,10.9200000762939,2584900,10.1411895751953
11.0100002288818,11.3599996566772,10.8400001525879,10.8999996185303,2655500,10.122615814209
10.2700004577637,10.7700004577637,10.1300001144409,10.7200002670288,3663500,9.95545387268066
10.6899995803833,10.8800001144409,10.3400001525879,10.5500001907349,2525700,9.79757785797119
10.3900003433228,10.4799995422363,10.1099996566772,10.4399995803833,2089300,9.69542217254639
10.3800001144409,10.789999961853,10.2799997329712,10.3000001907349,1860900,9.56540775299072
10.3000001907349,10.3999996185303,9.72999954223633,9.93000030517578,3338400,9.22179508209229
9.76000022888184,9.97999954223633,9.30000019073486,9.30000019073486,2347700,8.63672828674316
9.34000015258789,9.75,9.17000007629395,9.64000034332275,2081600,8.95247840881348
9.72000026702881,10.1800003051758,9.71000003814697,10.1099996566772,1427600,9.38895797729492
10.039999961853,10.2299995422363,9.84000015258789,10.0600004196167,1185600,9.34252452850342
10.1499996185303,10.2299995422363,9.4399995803833,9.55000019073486,1674800,8.86889743804932
9.61999988555908,9.80000019073486,9.35999965667725,9.60000038146973,1979200,8.91533279418945
9.44999980926514,9.73999977111816,9.39000034332275,9.68000030517578,1527700,8.98962593078613
9.75,10.039999961853,9.51000022888184,9.72000026702881,2425400,9.02677249908447
9.73999977111816,10.1499996185303,9.52000045776367,10.0699996948242,1871300,9.35181045532227
10.0699996948242,10.4799995422363,9.98999977111816,10.2200002670288,4000300,9.49111270904541
10.3400001525879,10.460000038147,10.1099996566772,10.289999961853,1379800,9.55612087249756
10.3699998855591,10.789999961853,10.3599996566772,10.7600002288818,1736000,9.992600440979
10.8000001907349,10.9799995422363,10.4899997711182,10.8699998855591,1647200,10.0947561264038
10.9300003051758,11.5299997329712,10.8100004196167,11.5299997329712,3248000,10.7076835632324
11.6000003814697,11.8900003433228,11.539999961853,11.75,1823100,10.9119939804077
11.9499998092651,12.2600002288818,11.6899995803833,11.8299999237061,1960900,10.9862880706787
12.0100002288818,12.3999996185303,12.0100002288818,12.1499996185303,2207000,11.283465385437
12.1599998474121,12.210000038147,11.8000001907349,11.8699998855591,1702300,11.0234365463257
11.9799995422363,12.0699996948242,11.6700000762939,11.7399997711182,1698300,10.9027061462402
11.8800001144409,12.1099996566772,11.7399997711182,12.0799999237061,1492500,11.2184591293335
12.0799999237061,12.1499996185303,11.8199996948242,12.1400003433228,1007000,11.2741794586182
12.0799999237061,12.1300001144409,11.4200000762939,11.4799995422363,2236800,10.6612491607666
11.4099998474121,11.4099998474121,10.8599996566772,11.1000003814697,2475400,10.3083515167236
11.0100002288818,11.0900001525879,10.8400001525879,10.8999996185303,1957200,10.122615814209
10.8500003814697,10.8699998855591,10.539999961853,10.75,1828100,9.98331451416016
10.6700000762939,10.7399997711182,10.460000038147,10.5,2066000,9.75114440917969
10.7200002670288,11,10.5299997329712,10.6099996566772,2310500,9.85329818725586
10.6000003814697,10.9399995803833,10.5100002288818,10.6300001144409,2327800,9.87187194824219
10.6300001144409,10.9099998474121,10.539999961853,10.8500003814697,1521100,10.0761823654175
10.9099998474121,11.0900001525879,10.8100004196167,10.8400001525879,2047500,10.0668954849243
10.8400001525879,11.2799997329712,10.539999961853,11.2700004577637,2919900,10.4662275314331
11.2799997329712,11.5299997329712,11.1499996185303,11.4300003051758,2460800,10.6148166656494
11.1400003433228,11.3599996566772,10.7299995422363,10.8400001525879,1863500,10.0668954849243
10.6899995803833,10.8500003814697,10.3199996948242,10.6999998092651,2757600,9.93687915802002
10.6400003433228,10.75,10.3599996566772,10.5699996948242,1944300,9.8161506652832
10.789999961853,10.8400001525879,10.5900001525879,10.8100004196167,1238600,10.0390348434448
11,11.6999998092651,10.6999998092651,11.6700000762939,3002700,10.8376998901367
11.9799995422363,11.9799995422363,11.5900001525879,11.6700000762939,3302000,10.8376998901367
11.8000001907349,11.8699998855591,11.1000003814697,11.3000001907349,3307100,10.4940872192383
11.3500003814697,11.4399995803833,10.9499998092651,11,2748200,10.2154836654663
11,11.3999996185303,10.6300001144409,11.3500003814697,2826200,10.5405216217041
11.3199996948242,11.3500003814697,10.9399995803833,11.1400003433228,2269200,10.3454990386963
10.4099998474121,10.5500001907349,9.96000003814697,10.3299999237061,4665700,10.058837890625
10.1899995803833,10.3400001525879,9.72999954223633,9.9399995803833,4734700,9.67907619476318
10.0799999237061,10.2600002288818,9.85000038146973,10.1400003433228,2486100,9.8738260269165
10.1300001144409,10.3599996566772,10.0200004577637,10.1099996566772,2096400,9.84461307525635
10.0200004577637,10.4300003051758,9.96000003814697,10.2299995422363,2824500,9.96146297454834
10.3599996566772,10.8500003814697,10.3000001907349,10.6999998092651,2826900,10.4191255569458
10.6999998092651,10.7700004577637,10.5200004577637,10.6999998092651,2501700,10.4191255569458
10.8299999237061,10.9799995422363,10.710000038147,10.8900003433228,2296400,10.6041383743286
10.8199996948242,10.9899997711182,10.6400003433228,10.7799997329712,2676300,10.4970254898071
10.7799997329712,11.0699996948242,10.5900001525879,11,2777700,10.7112512588501
11.1300001144409,11.1599998474121,10.7200002670288,10.9300003051758,3513600,10.6430883407593
11,11.1999998092651,10.9099998474121,11.0200004577637,3310400,10.7307262420654
10.8999996185303,11,10.5500001907349,10.789999961853,2763800,10.506763458252
10.7200002670288,11.0100002288818,10.6300001144409,11,2233600,10.7112512588501
11.0200004577637,11.2600002288818,10.9399995803833,11.210000038147,2747100,10.9157390594482
11.4300003051758,12.1000003814697,11.3000001907349,12.0600004196167,5946600,11.743426322937
12.1599998474121,12.289999961853,11.7200002670288,11.7200002670288,2469400,11.4123516082764
11.7700004577637,12.0500001907349,11.6400003433228,11.9200000762939,3939800,11.6071014404297
12.0600004196167,12.5,11.8100004196167,12.3999996185303,5206700,12.0745010375977
12.3999996185303,12.8699998855591,12.3000001907349,12.3699998855591,3936700,12.0452890396118
12.3100004196167,12.3100004196167,11.8000001907349,11.8599996566772,3021800,11.5486755371094
11.9200000762939,11.9799995422363,11.3900003433228,11.6599998474121,3070500,11.3539257049561
11.5,11.6099996566772,11.25,11.4300003051758,2824700,11.1299638748169
11.3699998855591,11.5500001907349,11.1300001144409,11.2200002670288,1727300,10.9254770278931
11.2200002670288,11.5,11.0600004196167,11.3999996185303,2235500,11.1007509231567
11.3500003814697,11.3900003433228,10.7600002288818,10.9200000762939,3155700,10.6333513259888
10.5600004196167,10.5900001525879,10.0500001907349,10.1899995803833,5293200,9.92251300811768
10.3299999237061,10.3299999237061,10,10.1199998855591,2054300,9.85435009002686
10.289999961853,10.4899997711182,10.1499996185303,10.3999996185303,1980100,10.1270008087158
10.1499996185303,10.3299999237061,9.89000034332275,10.1599998474121,5034800,9.89330196380615
10.1300001144409,10.3100004196167,9.80000019073486,9.85000038146973,1657900,9.59143924713135
10,10.0699996948242,9.73999977111816,9.85999965667725,1762200,9.60117626190186
9.72999954223633,9.97000026702881,9.60999965667725,9.85000038146973,2287700,9.59143924713135
9.90999984741211,10,9.78999996185303,9.96000003814697,2561000,9.69855117797852
10.0299997329712,10.0299997329712,9.64999961853027,9.77999973297119,2510000,9.52327537536621
9.82999992370605,9.89999961853027,9.72999954223633,9.81999969482422,1598000,9.56222534179688
9.89999961853027,9.90999984741211,9.46000003814697,9.55000019073486,3066000,9.29931354522705
9.60000038146973,9.60000038146973,9.27000045776367,9.43000030517578,1879300,9.18246364593506
9.28999996185303,9.39000034332275,9.15999984741211,9.27999973297119,2305500,9.03640079498291
9.13000011444092,9.38000011444092,9.02999973297119,9.3100004196167,4033200,9.06561279296875
9.22999954223633,9.34000015258789,9.13000011444092,9.14999961853027,1806900,8.90981292724609
9.07999992370605,9.13000011444092,8.77000045776367,9.05000019073486,4155400,8.81243896484375
9.10000038146973,9.25,8.90999984741211,9.11999988555908,3279800,8.88060092926025
9.27000045776367,9.60000038146973,9.26000022888184,9.35000038146973,3031000,9.10456466674805
9.43000030517578,9.59000015258789,9.34000015258789,9.38000011444092,1403400,9.13377666473389
9.31999969482422,9.31999969482422,8.80000019073486,8.86999988555908,3174700,8.63716316223145
8.89000034332275,8.93000030517578,8.56999969482422,8.78999996185303,3685700,8.55926322937012
8.73999977111816,9.01000022888184,8.64999961853027,8.93000030517578,1839500,8.69558906555176
8.84000015258789,9.06999969482422,8.75,9.01000022888184,1500500,8.77348899841309
9.02999973297119,9.07999992370605,8.77999973297119,8.77999973297119,2197100,8.54952526092529
8.85999965667725,9.18000030517578,8.85999965667725,8.97000026702881,1619300,8.73453807830811
9.05000019073486,9.27000045776367,9.05000019073486,9.14999961853027,1632200,8.90981292724609
9.13000011444092,9.53999996185303,9.11999988555908,9.51000022888184,1625300,9.26036357879639
9.55000019073486,9.64999961853027,9.35000038146973,9.53999996185303,1690600,9.28957653045654
9.59000015258789,9.64999961853027,9.39999961853027,9.55000019073486,1087500,9.29931354522705
9.61999988555908,9.6899995803833,9.46000003814697,9.5,1231800,9.25062561035156
9.55000019073486,9.60999965667725,9.13000011444092,9.21000003814697,1156100,8.96823787689209
9.22999954223633,9.72999954223633,9.18000030517578,9.64999961853027,1409600,9.39668846130371
9.67000007629395,10.0799999237061,9.60999965667725,9.98999977111816,1670100,9.72776317596436
9.98999977111816,10.3999996185303,9.92000007629395,10.3299999237061,2415300,10.058837890625
10.3199996948242,10.4499998092651,10.0799999237061,10.1199998855591,1623200,9.85435009002686
10.1199998855591,10.2600002288818,10,10.1000003814697,1735000,9.83487701416016
10.1000003814697,10.4499998092651,10.0699996948242,10.4200000762939,2190100,10.1464757919312
10.5299997329712,11.3599996566772,10.4700002670288,11.2799997329712,3395000,10.9839010238647
11.0799999237061,11.3199996948242,10.8000001907349,11.1499996185303,2487000,10.8573141098022
11.2299995422363,11.5600004196167,11.1199998855591,11.3999996185303,3573900,11.1007509231567
11.5100002288818,11.5600004196167,10.9700002670288,11.0500001907349,2813800,10.7599382400513
11.1999998092651,11.710000038147,11.1599998474121,11.5500001907349,3702600,11.2468137741089
11.5500001907349,11.6899995803833,11.3999996185303,11.6499996185303,2485500,11.3441886901855
11.5100002288818,12.1700000762939,11.5100002288818,12.1300001144409,2379900,11.8115892410278
12.0299997329712,12.3199996948242,11.6499996185303,12.2200002670288,2601800,11.8992261886597
12.2200002670288,12.2399997711182,11.9200000762939,12.039999961853,1406800,11.7239503860474
11.8999996185303,12.2200002670288,11.7700004577637,12.0699996948242,1563600,11.7531633377075
12.1700000762939,12.25,11.5600004196167,11.7799997329712,3093500,11.470775604248
11.7299995422363,11.7299995422363,11.1000003814697,11.1999998092651,2502100,10.9060010910034
11.0100002288818,11.039999961853,10.8299999237061,10.9399995803833,2493900,10.6528253555298
11.0100002288818,11.1000003814697,10.7399997711182,10.9899997711182,3537800,10.7015132904053
10.9899997711182,11.1999998092651,10.8400001525879,11.0100002288818,2100900,10.7209892272949
11.0699996948242,11.2299995422363,10.8900003433228,11.0500001907349,2729600,10.7599382400513
11.1000003814697,11.1700000762939,10.7299995422363,10.8299999237061,1129500,10.5457134246826
10.8000001907349,11.1800003051758,10.6400003433228,11.0699996948242,2097700,10.7794141769409
11.0900001525879,11.2200002670288,10.789999961853,10.8699998855591,1505600,10.5846643447876
10.8999996185303,10.9700002670288,10.6400003433228,10.6999998092651,1803500,10.4191255569458
10.6700000762939,11.0299997329712,10.6700000762939,11,1218100,10.7112512588501
11.0500001907349,11.2200002670288,10.8800001144409,11.1000003814697,2002600,10.8086261749268
11.1199998855591,11.5600004196167,11.0500001907349,11.5,1757200,11.1981258392334
11.4099998474121,11.4700002670288,10.7700004577637,10.8800001144409,3129900,10.5944013595581
10.9700002670288,10.9700002670288,10.3900003433228,10.460000038147,3403400,10.1854257583618
10.539999961853,10.7399997711182,10.2799997329712,10.7200002670288,2584000,10.4386014938354
10.8199996948242,11.1800003051758,10.8100004196167,10.9300003051758,2598100,10.6430883407593
10.6499996185303,10.7299995422363,10.3599996566772,10.4499998092651,2070200,10.1756887435913
10.4300003051758,10.8599996566772,10.3299999237061,10.8100004196167,2307000,10.5262393951416
10.8199996948242,10.9099998474121,10.5799999237061,10.8000001907349,1507000,10.5165014266968
10.7299995422363,10.7299995422363,10.3500003814697,10.6000003814697,3259600,10.3217515945435
10.5500001907349,10.8599996566772,10.5100002288818,10.7799997329712,1437700,10.4970254898071
10.7799997329712,10.9200000762939,10.4499998092651,10.5,2082100,10.2243766784668
10.5,10.6300001144409,10.0799999237061,10.1199998855591,2491800,9.85435009002686
10.2399997711182,10.5699996948242,9.96000003814697,10.5500001907349,2071000,10.273063659668
10.2399997711182,10.4200000762939,10.1700000762939,10.3599996566772,1347100,10.0880508422852
10.2399997711182,10.3100004196167,9.85999965667725,9.89999961853027,2397000,9.6401252746582
10.039999961853,10.0600004196167,9.65999984741211,9.6899995803833,1988900,9.43563842773438
9.78999996185303,9.88000011444092,9.60999965667725,9.76000022888184,1569500,9.50380229949951
9.68000030517578,9.6899995803833,9.44999980926514,9.64000034332275,2365500,9.3869514465332
9.64000034332275,9.80000019073486,9.5,9.65999984741211,1962400,9.40642547607422
10,10.1999998092651,9.93000030517578,10.1999998092651,3163100,9.9322509765625
10.3900003433228,10.6300001144409,10.3000001907349,10.4399995803833,2640500,10.1659507751465
10.4399995803833,10.5,10.2600002288818,10.3900003433228,1442300,10.1172637939453
10.4700002670288,10.789999961853,10.4200000762939,10.6999998092651,2363700,10.4191255569458
10.789999961853,10.789999961853,10.3500003814697,10.3900003433228,1347900,10.1172637939453
10.4200000762939,10.4499998092651,10.210000038147,10.3500003814697,1110500,10.0783138275146
10.3199996948242,10.4700002670288,10.1400003433228,10.3699998855591,2260500,10.0977878570557
10.2399997711182,10.5799999237061,10.1099996566772,10.4499998092651,2865600,10.1756887435913
10.5,10.5,10.039999961853,10.1400003433228,1839300,9.8738260269165
10.1800003051758,10.4300003051758,10.0900001525879,10.1499996185303,1561100,9.88356304168701
10.3500003814697,10.4700002670288,10.1800003051758,10.3400001525879,1331800,10.0685758590698
10.3000001907349,10.460000038147,10.1999998092651,10.4499998092651,1199600,10.1756887435913
10.5,10.5,10.1599998474121,10.3100004196167,2548200,10.039363861084
10.2299995422363,10.5500001907349,10.1499996185303,10.4499998092651,4073900,10.1756887435913
10.4499998092651,10.5100002288818,10.2299995422363,10.3500003814697,1894200,10.0783138275146
10.3299999237061,10.4700002670288,10.0900001525879,10.1499996185303,1935600,9.88356304168701
10.0500001907349,10.2200002670288,9.5600004196167,9.72999954223633,2917700,9.47458839416504
9.78999996185303,10.4499998092651,9.73999977111816,10.3199996948242,2301800,10.0491008758545
10.210000038147,10.4499998092651,9.98999977111816,10.2700004577637,2381200,10.000412940979
9.9399995803833,10.8500003814697,9.93000030517578,10.8299999237061,4598100,10.5457134246826
10.7299995422363,11.0299997329712,10.5600004196167,10.8400001525879,2925600,10.5554513931274
10.6800003051758,11.2200002670288,10.5699996948242,11.1499996185303,3463900,10.8573141098022
11.3299999237061,11.5100002288818,11.1199998855591,11.3199996948242,3306900,11.0228509902954
11.2700004577637,11.3900003433228,10.710000038147,10.8199996948242,2328300,10.5359764099121
10.7700004577637,10.7700004577637,10.1899995803833,10.5600004196167,5205400,10.2828025817871
10.5100002288818,10.6199998855591,9.85000038146973,9.9399995803833,3429800,9.67907619476318
9.80000019073486,9.80000019073486,8.60000038146973,8.97000026702881,12494700,8.73453807830811
8.97000026702881,8.97999954223633,7.96999979019165,8.21000003814697,12853600,7.99448871612549
8.44999980926514,8.60999965667725,7.88000011444092,8.18000030517578,6657100,7.96527624130249
8.19999980926514,8.27999973297119,7.63000011444092,7.65999984741211,6864000,7.45892524719238
7.55000019073486,7.55000019073486,6.92000007629395,7.34999990463257,10440800,7.15706348419189
7.55000019073486,7.88000011444092,7.26999998092651,7.32000017166138,6533600,7.1278510093689
7.48000001907349,7.73000001907349,7.30000019073486,7.67999982833862,3893800,7.47840070724487
7.73000001907349,7.78999996185303,7.34999990463257,7.46000003814697,4225600,7.26417541503906
7.44000005722046,7.44999980926514,7.21000003814697,7.42000007629395,3590600,7.22522592544556
7.57000017166138,8,7.53000020980835,7.90999984741211,3216000,7.70236301422119
7.8899998664856,7.8899998664856,7.38000011444092,7.46999979019165,2985800,7.27391338348389
7.48000001907349,7.55999994277954,7.3600001335144,7.40000009536743,3427100,7.20575094223022
7.44999980926514,7.76999998092651,7.38000011444092,7.61999988555908,3461400,7.41997528076172
7.63000011444092,7.73000001907349,7.32000017166138,7.63000011444092,3852800,7.42971324920654
7.57000017166138,7.67999982833862,7.42999982833862,7.48999977111816,2290700,7.29338788986206
7.5,7.71999979019165,7.44000005722046,7.55999994277954,2439200,7.36155080795288
7.53000020980835,7.53000020980835,7.03999996185303,7.09999990463257,3029900,6.91362571716309
7.17000007629395,7.23000001907349,6.71000003814697,6.96000003814697,8627900,6.77730083465576
6.92999982833862,7.1100001335144,6.8600001335144,6.92000007629395,4214700,6.7383508682251
6.90000009536743,6.92999982833862,6.44000005722046,6.55000019073486,6062200,6.3780632019043
6.6399998664856,6.65000009536743,6.40000009536743,6.44999980926514,3363700,6.28068780899048
6.44999980926514,6.53999996185303,6.13000011444092,6.30000019073486,5863100,6.13462543487549
6.34000015258789,6.46999979019165,6.07999992370605,6.13000011444092,4164000,5.96908807754517
6.09000015258789,6.15000009536743,5.8600001335144,6.09000015258789,8898600,5.93013858795166
6.03999996185303,6.30000019073486,5.96000003814697,6.11999988555908,6334800,5.9593505859375
6.15999984741211,6.19999980926514,5.86999988555908,5.98999977111816,8503200,5.83276271820068
6,6.26999998092651,6,6.23999977111816,3989400,6.07620048522949
6.23999977111816,6.80999994277954,6.17999982833862,6.65000009536743,5207900,6.47543811798096
6.67999982833862,6.78000020980835,6.46999979019165,6.69999980926514,2860800,6.52412509918213
6.71999979019165,6.84999990463257,6.61999988555908,6.80000019073486,2761400,6.62150096893311
6.82999992370605,7.23000001907349,6.82000017166138,7.09000015258789,2885700,6.90388822555542
7.09999990463257,7.1399998664856,6.78999996185303,6.96999979019165,2188400,6.78703832626343
7.01000022888184,7.01000022888184,6.46999979019165,6.53999996185303,4982600,6.36832571029663
6.46000003814697,6.80000019073486,6.36999988555908,6.78999996185303,4258100,6.75410032272339
6.80999994277954,7.05000019073486,6.65000009536743,6.76000022888184,3323000,6.72425889968872
6.65000009536743,6.65000009536743,6.21000003814697,6.32999992370605,2999600,6.29653215408325
6.32999992370605,6.32999992370605,6.01000022888184,6.03999996185303,4030200,6.00806570053101
6.05999994277954,6.28000020980835,5.96999979019165,6.25,4039600,6.21695518493652
6.30000019073486,6.5,6.26000022888184,6.5,3035900,6.46563339233398
6.59999990463257,6.80999994277954,6.44999980926514,6.78000020980835,2764000,6.74415302276611
6.69000005722046,6.8899998664856,6.59000015258789,6.84999990463257,2646700,6.81378316879272
6.82999992370605,7.26000022888184,6.76000022888184,7.17999982833862,5878000,7.14203786849976
7.26999998092651,7.34999990463257,7.1100001335144,7.26000022888184,3560900,7.22161531448364
7.23000001907349,7.30000019073486,6.96000003814697,7.03999996185303,3421700,7.00277853012085
6.96000003814697,6.98999977111816,6.80999994277954,6.90999984741211,2747700,6.87346601486206
6.8899998664856,6.98999977111816,6.57999992370605,6.67999982833862,3235600,6.64468193054199
6.73999977111816,6.8899998664856,6.67000007629395,6.76999998092651,2797600,6.734206199646
6.88000011444092,7.09999990463257,6.8600001335144,7,4281300,6.96299028396606
6.90999984741211,7.23999977111816,6.84999990463257,7.11999988555908,4328300,7.08235549926758
7.11999988555908,7.32000017166138,7,7.28999996185303,4908400,7.25145673751831
7.30000019073486,7.42999982833862,7.1100001335144,7.1399998664856,3671900,7.10225009918213
7.23000001907349,7.57000017166138,7.05999994277954,7.51000022888184,4173600,7.4702935218811
7.5,7.57999992370605,7.32000017166138,7.5,4336100,7.46034669876099
7.51000022888184,7.6100001335144,7.3600001335144,7.55000019073486,3431700,7.51008224487305
7.55000019073486,7.59000015258789,7.40999984741211,7.44000005722046,3132900,7.40066385269165
7.44999980926514,7.59999990463257,7.42000007629395,7.46000003814697,2320600,7.42055797576904
7.46999979019165,7.80000019073486,7.46000003814697,7.76999998092651,3518100,7.72891855239868
7.76000022888184,7.8600001335144,7.6399998664856,7.76999998092651,3663100,7.72891855239868
7.69999980926514,7.94000005722046,7.57000017166138,7.59999990463257,4310900,7.55981731414795
7.55000019073486,7.55999994277954,7.32000017166138,7.40000009536743,3126700,7.36087512969971
7.34999990463257,7.44000005722046,7.21000003814697,7.40000009536743,2611700,7.36087512969971
7.48000001907349,7.48000001907349,7.28000020980835,7.3899998664856,3454200,7.35092782974243
7.44000005722046,7.67999982833862,7.3899998664856,7.6399998664856,3291200,7.59960603713989
7.6399998664856,7.6399998664856,7.07000017166138,7.07000017166138,5416500,7.03261995315552
7.05000019073486,7.30000019073486,6.86999988555908,7.28000020980835,4181400,7.24150991439819
7.28000020980835,7.57999992370605,7.23999977111816,7.32000017166138,3167600,7.28129816055298
7.44000005722046,7.51999998092651,7.09999990463257,7.23999977111816,5592000,7.20172071456909
7.26000022888184,7.80000019073486,7.11999988555908,7.69000005722046,5616100,7.64934206008911
7.67999982833862,7.76999998092651,7.55999994277954,7.67000007629395,2787900,7.62944793701172
7.65999984741211,7.67000007629395,7.5,7.53999996185303,2004900,7.50013494491577
7.48999977111816,7.6100001335144,7.38000011444092,7.6100001335144,3111000,7.56976509094238
7.59999990463257,7.73000001907349,7.40000009536743,7.46999979019165,3081600,7.43050479888916
7.48999977111816,7.53000020980835,7.07999992370605,7.09999990463257,3527200,7.06246137619019
7.15000009536743,7.15999984741211,6.86999988555908,7.07000017166138,4331200,7.03261995315552
7.1100001335144,7.26000022888184,6.98999977111816,7.17999982833862,3484600,7.14203786849976
7.17999982833862,7.17999982833862,6.84999990463257,6.98999977111816,4717500,6.95304250717163
6.98999977111816,7.09999990463257,6.8600001335144,6.8899998664856,5148300,6.85357141494751
6.90999984741211,7.09999990463257,6.8899998664856,6.92000007629395,3707900,6.88341283798218
6.92000007629395,7.3899998664856,6.92000007629395,7.32000017166138,4125800,7.28129816055298
7.15000009536743,7.59000015258789,7,7.53999996185303,7507100,7.50013494491577
7.6100001335144,8.22000026702881,7.34000015258789,8.22000026702881,10451300,8.17653942108154
8.22000026702881,8.63000011444092,8.18000030517578,8.35000038146973,7986600,8.30585289001465
8.27999973297119,8.27999973297119,7.94999980926514,8,3960600,7.95770263671875
7.94999980926514,8.18000030517578,7.76000022888184,8.06999969482422,3572400,8.0273323059082
8.05000019073486,8.23999977111816,7.65999984741211,7.76000022888184,4200300,7.71897220611572
7.59000015258789,8.02000045776367,7.48999977111816,7.94000005722046,4136800,7.89802026748657
7.92000007629395,8.25,7.88000011444092,8.17000007629395,5626700,8.12680339813232
8.1899995803833,8.1899995803833,7.84999990463257,7.90000009536743,8025700,7.85823202133179
7.8600001335144,7.94999980926514,7.23000001907349,7.23999977111816,5562800,7.20172071456909
7.28000020980835,7.38000011444092,7.13000011444092,7.1399998664856,2559300,7.10225009918213
7.17999982833862,7.69999980926514,7.17000007629395,7.44999980926514,5676800,7.41061067581177
7.40000009536743,7.46999979019165,6.71000003814697,6.84999990463257,6171000,6.81378316879272
6.90999984741211,7.17000007629395,6.86999988555908,7.09000015258789,2511300,7.05251407623291
7.17000007629395,7.32000017166138,7.03000020980835,7.25,2284000,7.21166849136353
7.25,7.42999982833862,7.15000009536743,7.3899998664856,2162300,7.35092782974243
7.46999979019165,7.46999979019165,7.13000011444092,7.32999992370605,2797600,7.29124546051025
7.55999994277954,7.78999996185303,7.42999982833862,7.53999996185303,5247800,7.50013494491577
7.57999992370605,7.59999990463257,7.38000011444092,7.48000001907349,3502300,7.44045209884644
7.46000003814697,7.51000022888184,7.05999994277954,7.17000007629395,3532600,7.13209104537964
7.21999979019165,7.5,7.1399998664856,7.34999990463257,3720300,7.31113958358765
7.34999990463257,7.40999984741211,7.07999992370605,7.17999982833862,5269900,7.14203786849976
7.17999982833862,7.40999984741211,7.1399998664856,7.32999992370605,3479700,7.29124546051025
7.23000001907349,7.3600001335144,7.19999980926514,7.23999977111816,2902400,7.20172071456909
7.3899998664856,7.88000011444092,7.34999990463257,7.82999992370605,6317400,7.78860139846802
7.94000005722046,8.18000030517578,7.84999990463257,8.01000022888184,7334800,7.96765041351318
8.02999973297119,8.26000022888184,7.82999992370605,8.14000034332275,4347000,8.09696388244629
8.13000011444092,8.25,7.84000015258789,8.09000015258789,3160100,8.04722690582275
8.09000015258789,8.17000007629395,8.02999973297119,8.05000019073486,2425100,8.00743865966797
8.10000038146973,8.15999984741211,7.71000003814697,7.80999994277954,3391200,7.76870727539062
7.69999980926514,7.69999980926514,7.40000009536743,7.48000001907349,3586800,7.44045209884644
7.48000001907349,7.73999977111816,7.40999984741211,7.73999977111816,2917800,7.69907712936401
7.73999977111816,7.82000017166138,7.57999992370605,7.6399998664856,1795100,7.59960603713989
7.61999988555908,7.65999984741211,7.40000009536743,7.53999996185303,2166600,7.50013494491577
7.57999992370605,7.84999990463257,7.55000019073486,7.75,3938900,7.70902490615845
7.78999996185303,7.82000017166138,7.53000020980835,7.63000011444092,5918900,7.58965921401978
7.69000005722046,7.69999980926514,7.42999982833862,7.67000007629395,6980000,7.64902353286743
7.57999992370605,7.6100001335144,7.32999992370605,7.42000007629395,4668800,7.39970731735229
7.48000001907349,7.67999982833862,7.36999988555908,7.6399998664856,5033100,7.61910533905029
7.65999984741211,7.80999994277954,7.09999990463257,7.1399998664856,11051400,7.12047290802002
7.17999982833862,7.57999992370605,7.13000011444092,7.55000019073486,7294400,7.55000019073486
7.65000009536743,7.8600001335144,7.63000011444092,7.73999977111816,4728200,7.73999977111816
7.69000005722046,8,7.6100001335144,7.98000001907349,3307000,7.98000001907349
8.01000022888184,8.10000038146973,7.94000005722046,8.01000022888184,3528100,8.01000022888184
7.98000001907349,8.38000011444092,7.90000009536743,8.23999977111816,4154200,8.23999977111816
8.22999954223633,8.22999954223633,7.98999977111816,8.03999996185303,2862200,8.03999996185303
8.10999965667725,8.34000015258789,7.98999977111816,8.26000022888184,1991300,8.26000022888184
8.26000022888184,8.35000038146973,7.94999980926514,7.94999980926514,2727500,7.94999980926514
7.96999979019165,8.38000011444092,7.96999979019165,8.38000011444092,2722700,8.38000011444092
8.39000034332275,8.77000045776367,8.36999988555908,8.6899995803833,3927600,8.6899995803833
8.78999996185303,9.07999992370605,8.60999965667725,8.88000011444092,3248300,8.88000011444092
8.97000026702881,9.18000030517578,8.85999965667725,9.02999973297119,2358500,9.02999973297119
9.02000045776367,9.22999954223633,8.85999965667725,8.85999965667725,2017000,8.85999965667725
8.85000038146973,8.98999977111816,8.56999969482422,8.59000015258789,2624000,8.59000015258789
8.82999992370605,9.10999965667725,8.65999984741211,8.86999988555908,3792800,8.86999988555908
9,9.27999973297119,8.89999961853027,9.18000030517578,3117500,9.18000030517578
9.22999954223633,9.28999996185303,8.94999980926514,9.14000034332275,2069100,9.14000034332275
9.25,9.30000019073486,8.85000038146973,8.93000030517578,2805000,8.93000030517578
8.84000015258789,9.28999996185303,8.75,9.23999977111816,6090900,9.23999977111816
9.30000019073486,9.59000015258789,9.18000030517578,9.57999992370605,2875900,9.57999992370605
9.64999961853027,9.92000007629395,9.60999965667725,9.69999980926514,2965400,9.69999980926514
9.73999977111816,9.85000038146973,9.40999984741211,9.8100004196167,2626400,9.8100004196167
9.81999969482422,10.2200002670288,9.77999973297119,10.1700000762939,3249600,10.1700000762939
10.2700004577637,10.4399995803833,9.96000003814697,10.0600004196167,3240600,10.0600004196167
10.1400003433228,10.3900003433228,10.0100002288818,10.0799999237061,2251600,10.0799999237061
10.0799999237061,10.2700004577637,10,10.1499996185303,1964600,10.1499996185303
10.1999998092651,10.1999998092651,9.60999965667725,9.6899995803833,3675500,9.6899995803833
9.8100004196167,10.0200004577637,9.71000003814697,10.0200004577637,2744200,10.0200004577637
10.0100002288818,10.1300001144409,9.93000030517578,9.93000030517578,1905000,9.93000030517578
9.80000019073486,10.0200004577637,9.35000038146973,9.55000019073486,8002400,9.55000019073486
9.55000019073486,9.90999984741211,9.35999965667725,9.81999969482422,2473500,9.81999969482422
9.85000038146973,9.97999954223633,9.68000030517578,9.77000045776367,2847700,9.77000045776367
9.67000007629395,9.77999973297119,9.30000019073486,9.77999973297119,5988800,9.77999973297119
9.60999965667725,9.65999984741211,9.34000015258789,9.60999965667725,3661600,9.60999965667725
9.67000007629395,9.73999977111816,9.21000003814697,9.38000011444092,6243200,9.38000011444092
9.38000011444092,9.39999961853027,8.96000003814697,9.09000015258789,5218300,9.09000015258789
9.15999984741211,9.3100004196167,8.8100004196167,8.89999961853027,4577100,8.89999961853027
8.89999961853027,8.94999980926514,8.68000030517578,8.71000003814697,7124100,8.71000003814697
8.72999954223633,9,8.63000011444092,8.96000003814697,5889900,8.96000003814697
9.10000038146973,9.18000030517578,8.92000007629395,8.98999977111816,3387300,8.98999977111816
9.01000022888184,9.30000019073486,8.98999977111816,9.17000007629395,4789300,9.17000007629395
9.15999984741211,9.15999984741211,8.86999988555908,8.96000003814697,2724000,8.96000003814697
8.86999988555908,9.10000038146973,8.81999969482422,9.0600004196167,3299200,9.0600004196167
9.03999996185303,9.13000011444092,8.89000034332275,8.94999980926514,1980800,8.94999980926514
9.05000019073486,9.57999992370605,9.03999996185303,9.47999954223633,3843200,9.47999954223633
9.53999996185303,9.64999961853027,9.39999961853027,9.42000007629395,2201500,9.42000007629395
9.4399995803833,9.44999980926514,9.05000019073486,9.25,2220000,9.25
9.39000034332275,9.5600004196167,9.35000038146973,9.40999984741211,2464500,9.40999984741211
9.51000022888184,9.61999988555908,9.31999969482422,9.42000007629395,2120300,9.42000007629395
9.46000003814697,9.55000019073486,8.96000003814697,9.01000022888184,2719800,9.01000022888184
8.89999961853027,9.06999969482422,8.84000015258789,9.02000045776367,4221100,9.02000045776367
9.02000045776367,9.23999977111816,8.92000007629395,9.10999965667725,1174300,9.10999965667725
9.17000007629395,9.17000007629395,8.84000015258789,8.98999977111816,2148600,8.98999977111816
9.06999969482422,9.06999969482422,8.85000038146973,9.02000045776367,1770200,9.02000045776367
9.05000019073486,9.48999977111816,8.97999954223633,9.26000022888184,2467200,9.26000022888184
9.38000011444092,9.44999980926514,9.22999954223633,9.28999996185303,1546100,9.28999996185303
9.36999988555908,9.68000030517578,9.30000019073486,9.35000038146973,1960500,9.35000038146973
9.35000038146973,9.42000007629395,9.13000011444092,9.35999965667725,2188400,9.35999965667725
9.39000034332275,9.65999984741211,9.22000026702881,9.30000019073486,2248300,9.30000019073486
9.40999984741211,9.52000045776367,9.27000045776367,9.44999980926514,1590800,9.44999980926514
9.46000003814697,9.84000015258789,9.46000003814697,9.77999973297119,2938700,9.77999973297119
9.69999980926514,10.2700004577637,9.65999984741211,10.1700000762939,3935200,10.1700000762939
10.1700000762939,10.25,9.92000007629395,10.1400003433228,1877300,10.1400003433228
10.4399995803833,10.8299999237061,10.3299999237061,10.6000003814697,7470500,10.6000003814697
10.539999961853,11.1199998855591,10.5200004577637,10.9700002670288,3605100,10.9700002670288
10.9200000762939,11,10.4799995422363,10.6899995803833,3123000,10.6899995803833
10.6000003814697,10.9099998474121,10.460000038147,10.75,2058700,10.75
10.7399997711182,10.8500003814697,10.5200004577637,10.6899995803833,2249200,10.6899995803833
10.8000001907349,10.9700002670288,10.75,10.9700002670288,2278900,10.9700002670288
10.8800001144409,11.0799999237061,10.5699996948242,10.6099996566772,3620300,10.6099996566772
10.539999961853,10.8100004196167,10.3500003814697,10.5,2252300,10.5
10.5100002288818,10.6000003814697,10.2200002670288,10.4099998474121,2532900,10.4099998474121
10.3800001144409,10.5699996948242,10.25,10.3199996948242,2186600,10.3199996948242
10.3299999237061,10.4300003051758,9.90999984741211,10.0299997329712,3019800,10.0299997329712
9.89999961853027,10.289999961853,9.81999969482422,10.2399997711182,3072800,10.2399997711182
10.3000001907349,10.4099998474121,10.039999961853,10.039999961853,1795100,10.039999961853
10.1700000762939,10.5299997329712,10.1599998474121,10.4799995422363,2226600,10.4799995422363
10.5600004196167,10.7700004577637,10.3800001144409,10.6800003051758,2316200,10.6800003051758
10.6099996566772,10.75,10.539999961853,10.5699996948242,1699700,10.5699996948242
10.5799999237061,10.5900001525879,9.92000007629395,9.97000026702881,4401200,9.97000026702881
9.97000026702881,10.0699996948242,9.77999973297119,9.89999961853027,2782200,9.89999961853027
9.96000003814697,10.1499996185303,9.81999969482422,10.0900001525879,2425200,10.0900001525879
10.1700000762939,10.3500003814697,10.1000003814697,10.1000003814697,2198400,10.1000003814697
10.1599998474121,10.1899995803833,9.72000026702881,9.75,3334500,9.75
9.85000038146973,10.1599998474121,9.85000038146973,10.1000003814697,2576200,10.1000003814697
10.1300001144409,10.3400001525879,10.0600004196167,10.1000003814697,1825200,10.1000003814697
10.0600004196167,10.0900001525879,9.75,9.89000034332275,2812300,9.89000034332275
9.93000030517578,9.9399995803833,9.47000026702881,9.52000045776367,3884000,9.52000045776367
9.52999973297119,9.60999965667725,9.40999984741211,9.43000030517578,1911400,9.43000030517578
9.5,9.60999965667725,9.35000038146973,9.56999969482422,2262800,9.56999969482422
9.64000034332275,9.78999996185303,9.53999996185303,9.68000030517578,2241500,9.68000030517578
9.71000003814697,10.0299997329712,9.69999980926514,9.85999965667725,3012700,9.85999965667725
9.90999984741211,10.0100002288818,9.85999965667725,9.86999988555908,2004100,9.86999988555908
9.89000034332275,9.9399995803833,9.5,9.67000007629395,3444500,9.67000007629395
9.64000034332275,9.64000034332275,9.25,9.25,4466100,9.25
9.25,9.35999965667725,9.15999984741211,9.21000003814697,2685200,9.21000003814697
9.27999973297119,9.52000045776367,9.27000045776367,9.31999969482422,3541400,9.31999969482422
9.1899995803833,9.1899995803833,8.90999984741211,9.09000015258789,3909600,9.09000015258789
9.19999980926514,9.19999980926514,8.84000015258789,8.88000011444092,3464700,8.88000011444092
8.82999992370605,8.82999992370605,8.5600004196167,8.72999954223633,4150400,8.72999954223633
8.6899995803833,8.72000026702881,8.5,8.55000019073486,3148400,8.55000019073486
8.63000011444092,8.72000026702881,8.25,8.39000034332275,4097600,8.39000034332275
8.38000011444092,8.69999980926514,8.34000015258789,8.61999988555908,3507800,8.61999988555908
8.80000019073486,8.88000011444092,8.76000022888184,8.84000015258789,3091000,8.84000015258789
8.85999965667725,8.85999965667725,8.46000003814697,8.51000022888184,4300600,8.51000022888184
8.40999984741211,8.47999954223633,8.01000022888184,8.11999988555908,5395800,8.11999988555908
8.22000026702881,8.26000022888184,8.03999996185303,8.09000015258789,2925500,8.09000015258789
8.09000015258789,8.19999980926514,7.96000003814697,8.14999961853027,3052700,8.14999961853027
7.94999980926514,8.07999992370605,7.78000020980835,8.02000045776367,4664900,8.02000045776367
7.94000005722046,8.22000026702881,7.84000015258789,8.14999961853027,2826900,8.14999961853027
8.14999961853027,8.47999954223633,8.14999961853027,8.27000045776367,4575300,8.27000045776367
8.39999961853027,8.39999961853027,8.05000019073486,8.07999992370605,3548000,8.07999992370605
8.05000019073486,8.10000038146973,7.69999980926514,7.69999980926514,3613900,7.69999980926514
7.76000022888184,7.88000011444092,7.6100001335144,7.75,2785100,7.75
7.67999982833862,7.76000022888184,7.57999992370605,7.57999992370605,2345400,7.57999992370605
7.55000019073486,7.55999994277954,7.1399998664856,7.1399998664856,7097400,7.1399998664856
7.1399998664856,7.28000020980835,7.03999996185303,7.07999992370605,5428300,7.07999992370605
7.07999992370605,7.15000009536743,6.92000007629395,7.09000015258789,4241200,7.09000015258789
7.03000020980835,7.28999996185303,6.98999977111816,7.1399998664856,4111500,7.1399998664856
7.19999980926514,7.30000019073486,7,7.15999984741211,3412600,7.15999984741211
7.17000007629395,7.17000007629395,6.82000017166138,6.90000009536743,4668600,6.90000009536743
6.94000005722046,7.26999998092651,6.92000007629395,7.21000003814697,3884200,7.21000003814697
7.23999977111816,7.32000017166138,6.90000009536743,6.90000009536743,3473500,6.90000009536743
6.94999980926514,7.07000017166138,6.78999996185303,6.82000017166138,3212400,6.82000017166138
6.8600001335144,7.07000017166138,6.76999998092651,6.92000007629395,3115300,6.92000007629395
6.96000003814697,7.23999977111816,6.94000005722046,7.05000019073486,3288700,7.05000019073486
7.34999990463257,7.80999994277954,7.32000017166138,7.80999994277954,6900000,7.80999994277954
7.78000020980835,7.86999988555908,7.46999979019165,7.51000022888184,5289200,7.51000022888184
7.51000022888184,8,7.46999979019165,7.90999984741211,6032100,7.90999984741211
7.96000003814697,8.10000038146973,7.75,7.82000017166138,4856900,7.82000017166138
7.78999996185303,7.78999996185303,7.46000003814697,7.46000003814697,5827900,7.46000003814697
7.5,7.78999996185303,7.48999977111816,7.73000001907349,3251600,7.73000001907349
7.73000001907349,7.76999998092651,7.59999990463257,7.61999988555908,1721200,7.61999988555908
7.63000011444092,8.22999954223633,7.63000011444092,8.07999992370605,5458900,8.07999992370605
8.14000034332275,8.23999977111816,8.02999973297119,8.07999992370605,4170300,8.07999992370605
8.13000011444092,8.22999954223633,8.01000022888184,8.02999973297119,4513200,8.02999973297119
8.09000015258789,8.43000030517578,8.06999969482422,8.31999969482422,4008100,8.31999969482422
8.31999969482422,8.35000038146973,8.02999973297119,8.11999988555908,3384600,8.11999988555908
8.1899995803833,8.53999996185303,8.18000030517578,8.27000045776367,3526200,8.27000045776367
8.3100004196167,8.61999988555908,8.15999984741211,8.39999961853027,4684400,8.39999961853027
8.40999984741211,8.44999980926514,8.23999977111816,8.28999996185303,3383100,8.28999996185303
8.35000038146973,8.43000030517578,8.18000030517578,8.26000022888184,2599200,8.26000022888184
8.19999980926514,8.36999988555908,8.11999988555908,8.19999980926514,2224600,8.19999980926514
8.36999988555908,8.52999973297119,8.3100004196167,8.38000011444092,3046100,8.38000011444092
8.46000003814697,8.60999965667725,8.35000038146973,8.47999954223633,4211600,8.47999954223633
8.55000019073486,8.5600004196167,8.3100004196167,8.5600004196167,3180700,8.5600004196167
8.55000019073486,8.60000038146973,8.39000034332275,8.55000019073486,2458800,8.55000019073486
8.5600004196167,8.81999969482422,8.55000019073486,8.6899995803833,3346800,8.6899995803833
8.72000026702881,8.85999965667725,8.68000030517578,8.72000026702881,2321900,8.72000026702881
8.69999980926514,8.89000034332275,8.64000034332275,8.86999988555908,3005500,8.86999988555908
8.85999965667725,8.89999961853027,8.60999965667725,8.8100004196167,2629800,8.8100004196167
8.81999969482422,8.84000015258789,8.69999980926514,8.77000045776367,2258900,8.77000045776367
8.77000045776367,9.01000022888184,8.42000007629395,8.69999980926514,6258700,8.69999980926514
8.73999977111816,9.36999988555908,8.69999980926514,9.35000038146973,4399200,9.35000038146973
9.55000019073486,9.88000011444092,9.30000019073486,9.39999961853027,6529100,9.39999961853027
9.47000026702881,9.52000045776367,9.32999992370605,9.39999961853027,2498100,9.39999961853027
9.40999984741211,9.61999988555908,9.39999961853027,9.51000022888184,2514200,9.51000022888184
9.57999992370605,9.60000038146973,9.38000011444092,9.40999984741211,1602700,9.40999984741211
9.39000034332275,9.47999954223633,9.15999984741211,9.17000007629395,2880700,9.17000007629395
9.28999996185303,9.46000003814697,9.1899995803833,9.46000003814697,2407600,9.46000003814697
9.47999954223633,9.60000038146973,9.36999988555908,9.60000038146973,2346500,9.60000038146973
9.60000038146973,9.69999980926514,9.52999973297119,9.64000034332275,2646200,9.64000034332275
9.60999965667725,9.88000011444092,9.59000015258789,9.81999969482422,3171800,9.81999969482422
9.77999973297119,9.85000038146973,9.61999988555908,9.63000011444092,4496000,9.63000011444092
9.63000011444092,9.63000011444092,9,9.02000045776367,4583500,9.02000045776367
9.02000045776367,9.27999973297119,8.92000007629395,9.15999984741211,2242900,9.15999984741211
9.10999965667725,9.14999961853027,8.96000003814697,9,3490900,9
8.98999977111816,9.35000038146973,8.97000026702881,9.15999984741211,2171100,9.15999984741211
9.15999984741211,9.42000007629395,9.02000045776367,9.38000011444092,1653400,9.38000011444092
9.30000019073486,9.32999992370605,9.13000011444092,9.17000007629395,1660000,9.17000007629395
9.17000007629395,9.38000011444092,9.14999961853027,9.19999980926514,2942500,9.19999980926514
9.26000022888184,9.31999969482422,9,9,2684900,9
8.98999977111816,9.22999954223633,8.96000003814697,9.03999996185303,2128400,9.03999996185303
9.03999996185303,9.17000007629395,9,9.11999988555908,1917200,9.11999988555908
9.05000019073486,9.05000019073486,8.80000019073486,8.85000038146973,3127600,8.85000038146973
8.80000019073486,8.93000030517578,8.60999965667725,8.67000007629395,2315900,8.67000007629395
8.77000045776367,8.77999973297119,8.14000034332275,8.14000034332275,4839400,8.14000034332275
8.15999984741211,8.27999973297119,7.96000003814697,8.25,2925700,8.25
8.25,8.27999973297119,7.82999992370605,7.8899998664856,3838700,7.8899998664856
8,8.11999988555908,7.92000007629395,7.94999980926514,2363900,7.94999980926514
8.03999996185303,8.10000038146973,7.82999992370605,7.84000015258789,2285400,7.84000015258789
7.84999990463257,7.98000001907349,7.80999994277954,7.82999992370605,2148200,7.82999992370605
7.90000009536743,7.96999979019165,7.75,7.84999990463257,2499700,7.84999990463257
7.84999990463257,7.8899998664856,7.67000007629395,7.69999980926514,2380400,7.69999980926514
7.71999979019165,7.71999979019165,7.57000017166138,7.59999990463257,2310000,7.59999990463257
7.6100001335144,8.0600004196167,7.59999990463257,7.80999994277954,3798900,7.80999994277954
7.80999994277954,7.92000007629395,7.57000017166138,7.59999990463257,3820100,7.59999990463257
7.6100001335144,7.75,7.42999982833862,7.51999998092651,3353900,7.51999998092651
7.51000022888184,7.57999992370605,7.23999977111816,7.40000009536743,4071200,7.40000009536743
7.46000003814697,7.67999982833862,7.42000007629395,7.5,2847900,7.5
7.44999980926514,7.80000019073486,7.3899998664856,7.76000022888184,3258400,7.76000022888184
7.76000022888184,7.76000022888184,7.3600001335144,7.51999998092651,3036500,7.51999998092651
7.51999998092651,7.6399998664856,7.36999988555908,7.36999988555908,2269600,7.36999988555908
7.30000019073486,7.32000017166138,7.19000005722046,7.25,1651200,7.25
7.26999998092651,7.3899998664856,7.25,7.34999990463257,2511500,7.34999990463257
7.3899998664856,7.44999980926514,7.17999982833862,7.42999982833862,4543900,7.42999982833862
7.42999982833862,7.44000005722046,7.21999979019165,7.26000022888184,2104500,7.26000022888184
7.25,7.67999982833862,7.15999984741211,7.67999982833862,3161500,7.67999982833862
7.67999982833862,7.67999982833862,7.48000001907349,7.55000019073486,2115100,7.55000019073486
7.61999988555908,7.76000022888184,7.57000017166138,7.71000003814697,2647200,7.71000003814697
7.69999980926514,7.73999977111816,7.55999994277954,7.6100001335144,1796000,7.6100001335144
7.6100001335144,7.80000019073486,7.53000020980835,7.67000007629395,2274400,7.67000007629395
7.71000003814697,8.09000015258789,7.71000003814697,8.09000015258789,3292900,8.09000015258789
8.0600004196167,8.0600004196167,7.80999994277954,7.80999994277954,2655600,7.80999994277954
7.78999996185303,7.88000011444092,7.63000011444092,7.69000005722046,2961900,7.69000005722046
7.69999980926514,7.8899998664856,7.67999982833862,7.76000022888184,2240200,7.76000022888184
7.76000022888184,7.94000005722046,7.55999994277954,7.55999994277954,2708500,7.55999994277954
7.59999990463257,7.88000011444092,7.59000015258789,7.65000009536743,1882600,7.65000009536743
7.71000003814697,7.80999994277954,7.63000011444092,7.6399998664856,2322500,7.6399998664856
7.65000009536743,7.69999980926514,7.55000019073486,7.65999984741211,1930400,7.65999984741211
7.6100001335144,7.84999990463257,7.48000001907349,7.55999994277954,2727000,7.55999994277954
7.53999996185303,7.69999980926514,7.48000001907349,7.6100001335144,2333000,7.6100001335144
7.69000005722046,7.90999984741211,7.65000009536743,7.78000020980835,2011300,7.78000020980835
7.76999998092651,7.94999980926514,7.67000007629395,7.92000007629395,1673600,7.92000007629395
7.90000009536743,7.94000005722046,7.65999984741211,7.69999980926514,1705300,7.69999980926514
7.69999980926514,7.76999998092651,7.59999990463257,7.69999980926514,3218100,7.69999980926514
7.71000003814697,7.82999992370605,7.6100001335144,7.61999988555908,3920400,7.61999988555908
7.59000015258789,7.76999998092651,7.3899998664856,7.69999980926514,5188900,7.69999980926514
7.71999979019165,8.10000038146973,7.67999982833862,8.02999973297119,3755000,8.02999973297119
8.03999996185303,8.09000015258789,7.98000001907349,8.01000022888184,1708400,8.01000022888184
8,8.02999973297119,7.69999980926514,7.78000020980835,2392100,7.78000020980835
7.80000019073486,7.82999992370605,7.6399998664856,7.69999980926514,1647700,7.69999980926514
7.69000005722046,7.92000007629395,7.6399998664856,7.69000005722046,2878900,7.69000005722046
7.61999988555908,7.82999992370605,7.03000020980835,7.19999980926514,11024400,7.19999980926514
7.15999984741211,7.57000017166138,7.05999994277954,7.42999982833862,7255000,7.42999982833862
7.42999982833862,7.53999996185303,7.19000005722046,7.19999980926514,3440900,7.19999980926514
7.19000005722046,7.19999980926514,7,7.05000019073486,4173300,7.05000019073486
7.03999996185303,7.13000011444092,6.80999994277954,6.96000003814697,5563800,6.96000003814697
7.03999996185303,7.32999992370605,7.01000022888184,7.1100001335144,3877000,7.1100001335144
7.07000017166138,7.19000005722046,7,7.01000022888184,2541700,7.01000022888184
7.01999998092651,7.28000020980835,7.01000022888184,7.21999979019165,2525000,7.21999979019165
7.28000020980835,7.59999990463257,7.28000020980835,7.51999998092651,3766600,7.51999998092651
7.5,7.5,7.1399998664856,7.17000007629395,4074400,7.17000007629395
7.17999982833862,7.32999992370605,7.11999988555908,7.1399998664856,3768500,7.1399998664856
7.15000009536743,7.21999979019165,6.94000005722046,7,3989700,7
7.03000020980835,7.03000020980835,6.44999980926514,6.44999980926514,5894500,6.44999980926514
6.3899998664856,6.46999979019165,6.19000005722046,6.34000015258789,6080000,6.34000015258789
6.40999984741211,6.63000011444092,6.38000011444092,6.3899998664856,6265200,6.3899998664856
6.3899998664856,6.55000019073486,6.21999979019165,6.26000022888184,6145300,6.26000022888184
6.26000022888184,6.44999980926514,6.23999977111816,6.26999998092651,6634000,6.26999998092651
6.30999994277954,6.34999990463257,6.17999982833862,6.19000005722046,4844800,6.19000005722046
6.11999988555908,6.23000001907349,6.07000017166138,6.13000011444092,4913600,6.13000011444092
6.11999988555908,6.15000009536743,5.84999990463257,5.8600001335144,9311300,5.8600001335144
5.86999988555908,5.88000011444092,5.63000011444092,5.67999982833862,9837400,5.67999982833862
5.75,6.05999994277954,5.75,5.96000003814697,8999000,5.96000003814697
5.96000003814697,6.13000011444092,5.96000003814697,6.03999996185303,4627000,6.03999996185303
6.01999998092651,6.01999998092651,5.78000020980835,5.78000020980835,6277200,5.78000020980835
5.92999982833862,5.96999979019165,5.71999979019165,5.76999998092651,6336200,5.76999998092651
5.92999982833862,6.19000005722046,5.92999982833862,6.05000019073486,7844800,6.05000019073486
6.01000022888184,6.11999988555908,5.84999990463257,5.84999990463257,4373900,5.84999990463257
6.01000022888184,6.42000007629395,6.01000022888184,6.3899998664856,10679300,6.3899998664856
6.26000022888184,6.48000001907349,6.21000003814697,6.36999988555908,6506400,6.36999988555908
6.19999980926514,6.30000019073486,6.13000011444092,6.23000001907349,4825900,6.23000001907349
6.30000019073486,6.46999979019165,6.13000011444092,6.15999984741211,5720000,6.15999984741211
6.15999984741211,6.30000019073486,6.11999988555908,6.13000011444092,2384000,6.13000011444092
6.09999990463257,6.19000005722046,6.01000022888184,6.05999994277954,3548500,6.05999994277954
6.05999994277954,6.34000015258789,6.03999996185303,6.30000019073486,3369300,6.30000019073486
6.40000009536743,6.46999979019165,6.25,6.46000003814697,2735200,6.46000003814697
6.46999979019165,6.5,6.34000015258789,6.42000007629395,2979000,6.42000007629395
6.42000007629395,6.46999979019165,6.26999998092651,6.40999984741211,2056900,6.40999984741211
6.46999979019165,6.53999996185303,6.30000019073486,6.30000019073486,2373300,6.30000019073486
6.28999996185303,6.34000015258789,6.17000007629395,6.17999982833862,3117600,6.17999982833862
6.19000005722046,6.26000022888184,6.03999996185303,6.13000011444092,2367300,6.13000011444092
6.15999984741211,6.21999979019165,6.05999994277954,6.13000011444092,2373100,6.13000011444092
6.1100001335144,6.1399998664856,6.01999998092651,6.09999990463257,1764600,6.09999990463257
6.21999979019165,6.40000009536743,6.01999998092651,6.05000019073486,2690500,6.05000019073486
6,6.1100001335144,5.96000003814697,6.01999998092651,4219300,6.01999998092651
6.01999998092651,6.09000015258789,6,6.03000020980835,4267100,6.03000020980835
6.03000020980835,6.34000015258789,6.03000020980835,6.26999998092651,4167100,6.26999998092651
6.26999998092651,6.28000020980835,6.07000017166138,6.07000017166138,4424600,6.07000017166138
6.07000017166138,6.17000007629395,5.92000007629395,5.98999977111816,5872700,5.98999977111816
6.03000020980835,6.19000005722046,6,6.1100001335144,3764900,6.1100001335144
6,6.03999996185303,5.80000019073486,5.80000019073486,4654800,5.80000019073486
5.76999998092651,5.78999996185303,5.51000022888184,5.53000020980835,4657500,5.53000020980835
5.55999994277954,5.76999998092651,5.55999994277954,5.76999998092651,2823800,5.76999998092651
5.8899998664856,5.94000005722046,5.53999996185303,5.53999996185303,3843500,5.53999996185303
5.53000020980835,5.53999996185303,5.26999998092651,5.28000020980835,4189500,5.28000020980835
5.26000022888184,5.40999984741211,5.19999980926514,5.3899998664856,2865400,5.3899998664856
5.32999992370605,5.34999990463257,5.15999984741211,5.15999984741211,2722900,5.15999984741211
5.15999984741211,5.30000019073486,5.13000011444092,5.23000001907349,3316400,5.23000001907349
5.21000003814697,5.30000019073486,5.13000011444092,5.30000019073486,1478100,5.30000019073486
5.44999980926514,5.57999992370605,5.36999988555908,5.40999984741211,3459200,5.40999984741211
5.3600001335144,5.53999996185303,5.32999992370605,5.48999977111816,2494100,5.48999977111816
5.46000003814697,5.63000011444092,5.46000003814697,5.61999988555908,2648900,5.61999988555908
5.57999992370605,5.69999980926514,5.53000020980835,5.55000019073486,1703400,5.55000019073486
5.46000003814697,5.53999996185303,5.3899998664856,5.51999998092651,1747500,5.51999998092651
5.5,5.57999992370605,5.26000022888184,5.57999992370605,5874300,5.57999992370605
5.57000017166138,5.6100001335144,5.30000019073486,5.32999992370605,3882700,5.32999992370605
5.32999992370605,5.44999980926514,5.30000019073486,5.38000011444092,3051200,5.38000011444092
5.38000011444092,5.44999980926514,5.28000020980835,5.32999992370605,3759600,5.32999992370605
5.3899998664856,5.8600001335144,5.3899998664856,5.8600001335144,5362300,5.8600001335144
5.98999977111816,6.65000009536743,5.96999979019165,6.59999990463257,7490600,6.59999990463257
6.59999990463257,6.98000001907349,6.42999982833862,6.88000011444092,6906800,6.88000011444092
6.88000011444092,6.96000003814697,6.6399998664856,6.71000003814697,4354100,6.71000003814697
6.6399998664856,6.94000005722046,6.6100001335144,6.86999988555908,2349100,6.86999988555908
7,7.03999996185303,6.80999994277954,6.8899998664856,3694800,6.8899998664856
7.01999998092651,7.1100001335144,6.92000007629395,7,2378100,7
7.03000020980835,7.03000020980835,6.76999998092651,6.76999998092651,2154100,6.76999998092651
6.75,6.78999996185303,6.67000007629395,6.75,1583100,6.75
6.75,6.90999984741211,6.71999979019165,6.78000020980835,1757900,6.78000020980835
6.82000017166138,6.86999988555908,6.73999977111816,6.78000020980835,2192300,6.78000020980835
6.67999982833862,6.73000001907349,6.30000019073486,6.3600001335144,3688700,6.3600001335144
6.3600001335144,6.57999992370605,6.30000019073486,6.36999988555908,2560200,6.36999988555908
6.40000009536743,6.48999977111816,6.23999977111816,6.32000017166138,3019500,6.32000017166138
6.30000019073486,6.3899998664856,6.09999990463257,6.11999988555908,2503900,6.11999988555908
6.1100001335144,6.17000007629395,5.98999977111816,6.05000019073486,3094800,6.05000019073486
6.01000022888184,6.13000011444092,5.92999982833862,5.96999979019165,2958300,5.96999979019165
6.03000020980835,6.40000009536743,6.01000022888184,6.3899998664856,3162700,6.3899998664856
6.40000009536743,6.63000011444092,6.15999984741211,6.15999984741211,2682200,6.15999984741211
6.15000009536743,6.15000009536743,5.94999980926514,5.96000003814697,2741600,5.96000003814697
5.98000001907349,6.46000003814697,5.98000001907349,6.32999992370605,3992500,6.32999992370605
6.48999977111816,6.59999990463257,6.21999979019165,6.21999979019165,3173900,6.21999979019165
6.21999979019165,6.57000017166138,6.15999984741211,6.53999996185303,3764900,6.53999996185303
6.30000019073486,6.48999977111816,6.21000003814697,6.38000011444092,3545200,6.38000011444092
6.40999984741211,6.51999998092651,6.01999998092651,6.01999998092651,4596600,6.01999998092651
6.28999996185303,6.82000017166138,6.21999979019165,6.71000003814697,5926500,6.71000003814697
6.65999984741211,6.75,6.38000011444092,6.42999982833862,4100800,6.42999982833862
6.69999980926514,6.80000019073486,6.32000017166138,6.65999984741211,4227600,6.65999984741211
6.69999980926514,7.15000009536743,6.69999980926514,6.8600001335144,5474500,6.8600001335144
6.94000005722046,7.05999994277954,6.63000011444092,6.73000001907349,5205400,6.73000001907349
6.73000001907349,6.76000022888184,6.44999980926514,6.53999996185303,3525400,6.53999996185303
6.51000022888184,6.76999998092651,6.46000003814697,6.59999990463257,3586000,6.59999990463257
6.59999990463257,6.76000022888184,6.44999980926514,6.44999980926514,4009300,6.44999980926514
6.46000003814697,7.09000015258789,6.46000003814697,7.09000015258789,4351700,7.09000015258789
7,7.07999992370605,6.82999992370605,7.03000020980835,3030200,7.03000020980835
7.03999996185303,7.1399998664856,6.78000020980835,6.84000015258789,3076700,6.84000015258789
6.84000015258789,6.90000009536743,6.48000001907349,6.48000001907349,3317000,6.48000001907349
6.51000022888184,6.94999980926514,6.48999977111816,6.92999982833862,3789400,6.92999982833862
6.92000007629395,6.96000003814697,6.73999977111816,6.82999992370605,2564300,6.82999992370605
6.73999977111816,6.8899998664856,6.63000011444092,6.6399998664856,3538100,6.6399998664856
6.57000017166138,6.57000017166138,6.30999994277954,6.36999988555908,4783500,6.36999988555908
6.26000022888184,6.34000015258789,6.15000009536743,6.15999984741211,4620900,6.15999984741211
6.1399998664856,6.26999998092651,6.07000017166138,6.17000007629395,4322800,6.17000007629395
6.09999990463257,6.17999982833862,6.07999992370605,6.1100001335144,1909600,6.1100001335144
6.1399998664856,6.26999998092651,5.98000001907349,6,3563500,6
6.01999998092651,6.26000022888184,6.01999998092651,6.1100001335144,2049900,6.1100001335144
6.1100001335144,6.23000001907349,6.03999996185303,6.15000009536743,1906500,6.15000009536743
6.15000009536743,6.26999998092651,5.94000005722046,5.94000005722046,2915300,5.94000005722046
6,6.01000022888184,5.78000020980835,5.84999990463257,3133800,5.84999990463257
5.84999990463257,5.96999979019165,5.71000003814697,5.92000007629395,3325900,5.92000007629395
5.94999980926514,6.03999996185303,5.8600001335144,5.94999980926514,1970300,5.94999980926514
5.94999980926514,5.98999977111816,5.75,5.75,2509100,5.75
5.80999994277954,6.09999990463257,5.80999994277954,5.96000003814697,3749300,5.96000003814697
5.98999977111816,6.01000022888184,5.90000009536743,5.94999980926514,1536900,5.94999980926514
5.94999980926514,6,5.8600001335144,6,1762100,6
5.98999977111816,6.17999982833862,5.84999990463257,5.86999988555908,3022100,5.86999988555908
5.90000009536743,5.98000001907349,5.65999984741211,5.67000007629395,3141700,5.67000007629395
5.67000007629395,5.67000007629395,5.30999994277954,5.30999994277954,6580200,5.30999994277954
5.30000019073486,5.38000011444092,5.23000001907349,5.23999977111816,3439600,5.23999977111816
5.34999990463257,5.44000005722046,5.26999998092651,5.30000019073486,3284400,5.30000019073486
5.30999994277954,5.48999977111816,5.17999982833862,5.17999982833862,3884500,5.17999982833862
5.23000001907349,5.34000015258789,5.15000009536743,5.23999977111816,3476500,5.23999977111816
5.25,5.40999984741211,5.21999979019165,5.26000022888184,3200100,5.26000022888184
5.73000001907349,5.73999977111816,5.40000009536743,5.59000015258789,8964600,5.59000015258789
5.65000009536743,5.90999984741211,5.59999990463257,5.71999979019165,8364400,5.71999979019165
5.8600001335144,5.92000007629395,5.42999982833862,5.42999982833862,6011600,5.42999982833862
5.38000011444092,5.38000011444092,5.17000007629395,5.23999977111816,8030600,5.23999977111816
5.23000001907349,5.28999996185303,5.17999982833862,5.23999977111816,3059300,5.23999977111816
5.32000017166138,5.34999990463257,5.13000011444092,5.17999982833862,5445900,5.17999982833862
5.05999994277954,5.17000007629395,5.05999994277954,5.17000007629395,6987900,5.17000007629395
5.11999988555908,5.15000009536743,5,5,5171400,5
5.01000022888184,5.07999992370605,4.92000007629395,4.96000003814697,5080500,4.96000003814697
4.96999979019165,4.98999977111816,4.84000015258789,4.98999977111816,4602900,4.98999977111816
4.98000001907349,5.30999994277954,4.8899998664856,5.19999980926514,4951600,5.19999980926514
5.19999980926514,5.30000019073486,5.07999992370605,5.15000009536743,2635900,5.15000009536743
5.11999988555908,5.25,5.03999996185303,5.13000011444092,2852100,5.13000011444092
5.09999990463257,5.11999988555908,5.01000022888184,5.07999992370605,2805800,5.07999992370605
5.07999992370605,5.17000007629395,5.03000020980835,5.1100001335144,2334100,5.1100001335144
5.1100001335144,5.19000005722046,5.07999992370605,5.15000009536743,2632600,5.15000009536743
5.09999990463257,5.26999998092651,5.01999998092651,5.15000009536743,3260100,5.15000009536743
5.1100001335144,5.38000011444092,5.1100001335144,5.25,2516800,5.25
5.21999979019165,5.42999982833862,5.15000009536743,5.40999984741211,2683700,5.40999984741211
5.46000003814697,5.53999996185303,5.26000022888184,5.30000019073486,2415000,5.30000019073486
5.34999990463257,5.55000019073486,5.34000015258789,5.44000005722046,3216800,5.44000005722046
5.44000005722046,5.53000020980835,5.34999990463257,5.36999988555908,1733300,5.36999988555908
