"Date","SMFT3.SA.Open","SMFT3.SA.High","SMFT3.SA.Low","SMFT3.SA.Close","SMFT3.SA.Volume","SMFT3.SA.Adjusted"
2021-07-14,29.0200004577637,31.8600006103516,28.6000003814697,31,31978100,30.1642417907715
2021-07-15,30.7900009155273,33.189998626709,29.3600006103516,31.9500007629395,9410000,31.0886306762695
2021-07-16,32,32.2400016784668,30.3500003814697,32.2000007629395,2654500,31.3318920135498
2021-07-19,31.2199993133545,32.1399993896484,30.2800006866455,30.7000007629395,1528300,29.8723297119141
2021-07-20,30.8099994659424,30.8700008392334,29.5300006866455,30.5699996948242,1404000,29.7458324432373
2021-07-21,30.8899993896484,31.3999996185303,29.7199993133545,29.9899997711182,1305200,29.1814708709717
2021-07-22,30,30.3099994659424,29.1499996185303,30,885100,29.1912021636963
2021-07-23,29.9899997711182,30.4200000762939,29.4200000762939,29.5,1799300,28.7046813964844
2021-07-26,29.5,29.75,28.7700004577637,28.7700004577637,2070200,27.99436378479
2021-07-27,28.4899997711182,28.6499996185303,27.7800006866455,28.3999996185303,2151100,27.6343364715576
2021-07-28,28.6399993896484,28.6399993896484,27.8400001525879,27.8400001525879,1086300,27.0894355773926
2021-07-29,27.7199993133545,28.2000007629395,27.0100002288818,28,3683000,27.2451229095459
2021-07-30,28,28,26.5100002288818,27.4899997711182,1461600,26.7488708496094
2021-08-02,27.5400009155273,28.7299995422363,27.5,27.7999992370605,581700,27.0505123138428
2021-08-03,27.8899993896484,28.5699996948242,27,28.0400009155273,591600,27.2840442657471
2021-08-04,28.0400009155273,28.8700008392334,27.7999992370605,28.3999996185303,636700,27.6343364715576
2021-08-05,28.2999992370605,29.5,27.6800003051758,27.7999992370605,750700,27.0505123138428
2021-08-06,27.9500007629395,28.25,27.8400001525879,28.2000007629395,738200,27.4397296905518
2021-08-09,28.25,28.4899997711182,27.6499996185303,28,421000,27.2451229095459
2021-08-10,27.8199996948242,28.5900001525879,27.8199996948242,27.8999996185303,198600,27.1478176116943
2021-08-11,27.9200000762939,28,27.4899997711182,28,563900,27.2451229095459
2021-08-12,27.8500003814697,27.8500003814697,27,27,882100,26.2720794677734
2021-08-13,26.9799995422363,27.5900001525879,26.1800003051758,27.1499996185303,1034800,26.4180355072021
2021-08-16,26.5300006866455,27.0900001525879,25.3899993896484,25.6499996185303,1278000,24.9584770202637
2021-08-17,25.5799999237061,27.2399997711182,24.6599998474121,26.6599998474121,2939000,25.9412479400635
2021-08-18,26.6499996185303,27.1399993896484,25.8199996948242,26.5200004577637,607500,25.8050231933594
2021-08-19,25.9300003051758,28,25.2199993133545,27.6499996185303,1678300,26.9045562744141
2021-08-20,27.2099990844727,29.8500003814697,27.0200004577637,28.1000003814697,1118400,27.3424243927002
2021-08-23,28.8999996185303,29.0300006866455,27.0300006866455,27.7399997711182,546500,26.992130279541
2021-08-24,28.0799999237061,28.4899997711182,27.6000003814697,28,537000,27.2451229095459
2021-08-25,27.8700008392334,28.1700000762939,27.1299991607666,27.3999996185303,18195500,26.6612968444824
2021-08-26,27.3500003814697,27.3899993896484,26.5,27.0900001525879,723700,26.3596534729004
2021-08-27,27.1800003051758,27.5300006866455,26.5100002288818,27.1000003814697,1333300,26.369384765625
2021-08-30,26.8600006103516,27.5,26.3700008392334,27,1228700,26.2720794677734
2021-08-31,26.9799995422363,27.0599994659424,26.5599994659424,27,1044800,26.2720794677734
2021-09-01,27.2399997711182,27.3999996185303,26.5599994659424,27,628600,26.2720794677734
2021-09-02,26.8299999237061,26.9899997711182,26.1100006103516,26.1499996185303,548100,25.444995880127
2021-09-03,26.2999992370605,26.4899997711182,25.3199996948242,25.9500007629395,1040800,25.2503890991211
2021-09-06,25.6700000762939,26.5300006866455,25.6700000762939,26.0900001525879,272400,25.3866138458252
2021-09-08,25.9099998474121,26,24.8799991607666,25,1110700,24.326000213623
2021-09-09,25,25.2299995422363,24.7000007629395,25,1292700,24.326000213623
2021-09-10,24.9599990844727,26.0900001525879,24.9500007629395,26.0699996948242,726600,25.3671531677246
2021-09-13,26.3099994659424,27.4300003051758,26.1000003814697,27.2900009155273,927800,26.5542640686035
2021-09-14,27.2600002288818,27.2600002288818,26.3999996185303,26.9099998474121,798500,26.1845073699951
2021-09-15,26.7600002288818,26.7600002288818,26,26.5300006866455,460100,25.8147525787354
2021-09-16,26.25,26.5,25.3099994659424,26.5,1307500,25.7855606079102
2021-09-17,26.2600002288818,26.6399993896484,25.5300006866455,26.5,857100,25.7855606079102
2021-09-20,26,26.25,25.1200008392334,25.5,905000,24.812520980835
2021-09-21,25.5100002288818,26.2600002288818,25.3099994659424,25.8999996185303,1262400,25.2017383575439
2021-09-22,26.2399997711182,26.4099998474121,25.9599990844727,26.25,637700,25.5423011779785
2021-09-23,26.0100002288818,26.6000003814697,26.0100002288818,26.5,752900,25.7855606079102
2021-09-24,26.1900005340576,26.4400005340576,25.8500003814697,26.2999992370605,1022700,25.5909519195557
2021-09-27,26.0200004577637,26.1599998474121,25.2700004577637,25.4699993133545,768100,24.7833290100098
2021-09-28,25.2099990844727,25.3099994659424,24.5300006866455,25.2199993133545,2480100,24.5400676727295
2021-09-29,25.0400009155273,25.5,24.5,25,629800,24.326000213623
2021-09-30,25.1900005340576,25.6000003814697,25.0100002288818,25.6000003814697,844000,24.9098243713379
2021-10-01,25.5699996948242,25.7900009155273,25.0599994659424,25.7900009155273,663500,25.0947036743164
2021-10-04,25.6399993896484,25.6399993896484,24.6599998474121,24.6599998474121,1127000,23.9951686859131
2021-10-05,24.7000007629395,24.9500007629395,23.6499996185303,24.9500007629395,1206900,24.2773494720459
2021-10-06,24.6700000762939,24.6700000762939,23.3999996185303,24.1100006103516,1901800,23.459997177124
2021-10-07,24.2000007629395,24.9799995422363,24.0300006866455,24.4799995422363,758600,23.8200206756592
2021-10-08,24.7000007629395,25.2000007629395,24.6000003814697,24.6000003814697,583200,23.9367847442627
2021-10-11,24.6000003814697,24.7000007629395,23.9699993133545,24.3999996185303,418400,23.7421760559082
2021-10-13,24.2999992370605,24.7000007629395,24.2099990844727,24.2999992370605,563100,23.6448726654053
2021-10-14,24.2999992370605,24.5699996948242,24.2199993133545,24.25,332200,23.5962219238281
2021-10-15,24.1299991607666,24.5400009155273,23.7800006866455,24.4899997711182,724000,23.8297500610352
2021-10-18,24.1599998474121,24.3700008392334,23.7399997711182,23.7399997711182,438800,23.0999698638916
2021-10-19,23.5100002288818,23.6599998474121,23.0599994659424,23.5,1775100,22.8664398193359
2021-10-20,23.5100002288818,23.5300006866455,23.1800003051758,23.3999996185303,622200,22.769136428833
2021-10-21,23.0499992370605,23.0499992370605,21.7700004577637,22.1700000762939,889800,21.5722980499268
2021-10-22,22.0100002288818,22.2099990844727,19.9300003051758,20.9099998474121,2655700,20.3462677001953
2021-10-25,20.9200000762939,23.2399997711182,20.9200000762939,23.2399997711182,1243600,22.6134510040283
2021-10-26,22.9099998474121,22.9200000762939,21.3099994659424,21.7000007629395,914200,21.1149711608887
2021-10-27,21.7800006866455,22.5,21.4400005340576,21.6900005340576,774700,21.1052398681641
2021-10-28,21.4799995422363,21.6299991607666,20.7399997711182,20.8999996185303,675300,20.3365364074707
2021-10-29,20.5200004577637,21,20.0599994659424,20.1700000762939,980800,19.6262168884277
2021-11-01,20.5,21.1499996185303,20.3700008392334,20.8099994659424,641100,20.2489624023438
2021-11-03,20.5300006866455,21.5400009155273,20.5300006866455,21.0100002288818,1659100,20.4435710906982
2021-11-04,21.1499996185303,21.3500003814697,20.5900001525879,20.9799995422363,653600,20.414379119873
2021-11-05,21.2999992370605,21.2999992370605,20.1499996185303,20.7199993133545,1890800,20.1613883972168
2021-11-08,20.7800006866455,20.7900009155273,20.1900005340576,20.3099994659424,427500,19.7624435424805
2021-11-09,20.3500003814697,21.1399993896484,20.3500003814697,20.4500007629395,1448700,19.8986701965332
2021-11-10,20.4799995422363,22.3500003814697,20.4699993133545,21.8600006103516,1473200,21.2706565856934
2021-11-11,22.2999992370605,23.2399997711182,22.0100002288818,23.1700000762939,3378200,22.545337677002
2021-11-12,22.9899997711182,24.5300006866455,22.6200008392334,22.9500007629395,902300,22.3312702178955
2021-11-16,23.4200000762939,23.4400005340576,21.7999992370605,22.1499996185303,712100,21.5528373718262
2021-11-17,22.4200000762939,22.4200000762939,21.5,21.5900001525879,1612100,21.0079345703125
2021-11-18,21.5699996948242,22.2099990844727,21.1000003814697,21.6000003814697,1695800,21.0176658630371
2021-11-19,21.7600002288818,23.4400005340576,21.6100006103516,22.7199993133545,3704600,22.1074676513672
2021-11-22,22.7399997711182,23.4099998474121,21.6100006103516,21.9099998474121,764600,21.3193073272705
2021-11-23,22.0100002288818,22.2099990844727,20.4500007629395,21.0599994659424,1820400,20.492223739624
2021-11-24,20.9200000762939,21.4099998474121,19.9500007629395,20.6299991607666,1428800,20.0738143920898
2021-11-25,20.6100006103516,21.5300006866455,20.4099998474121,21.2800006866455,500100,20.7062931060791
2021-11-26,20.7299995422363,20.7999992370605,19.4500007629395,19.4500007629395,944400,18.925630569458
2021-11-29,20,20.2000007629395,18.7900009155273,18.8700008392334,1620000,18.3612670898438
2021-11-30,18.8700008392334,19.1700000762939,17.5400009155273,18.0900001525879,7708300,17.602294921875
2021-12-01,18.3400001525879,18.5300006866455,16.9099998474121,17,1612700,16.5416812896729
2021-12-02,17.1900005340576,17.7800006866455,16.8999996185303,17.4200000762939,2257400,16.9503574371338
2021-12-03,17.4799995422363,18.9300003051758,17.4799995422363,18.2399997711182,945700,17.7482490539551
2021-12-06,18.4099998474121,19.4200000762939,18.1399993896484,18.6900005340576,912300,18.1861190795898
2021-12-07,18.8799991607666,19.0400009155273,18.4799995422363,18.4899997711182,413400,17.9915103912354
2021-12-08,18.5200004577637,19.6299991607666,18.25,19.4099998474121,837300,18.8867073059082
2021-12-09,19.2700004577637,19.7399997711182,18.6399993896484,19.3500003814697,996000,18.8283252716064
2021-12-10,19.5799999237061,19.7199993133545,19.1700000762939,19.3600006103516,647700,18.8380565643311
2021-12-13,19.5499992370605,19.5699996948242,18.9099998474121,19.0300006866455,749900,18.5169525146484
2021-12-14,18.8299999237061,19.2099990844727,17.7800006866455,17.7800006866455,768500,17.300651550293
2021-12-15,17.7800006866455,17.8199996948242,16.8500003814697,17.3299999237061,1502400,16.8627834320068
2021-12-16,17.8400001525879,17.8600006103516,16.9200000762939,17.6499996185303,1675300,17.1741561889648
2021-12-17,17.3400001525879,18.3600006103516,16.8999996185303,17.4200000762939,6209900,16.9503574371338
2021-12-20,16.9200000762939,17.3400001525879,16.7600002288818,17.1000003814697,1167800,16.6389846801758
2021-12-21,16.8899993896484,17.5699996948242,16.3899993896484,17.5699996948242,1755200,17.0963134765625
2021-12-22,17.2000007629395,17.4300003051758,16.6000003814697,17,511300,16.5416812896729
2021-12-23,17.0799999237061,17.1000003814697,16.3500003814697,16.6200008392334,718700,16.1719264984131
2021-12-27,16.6200008392334,16.9200000762939,16.4500007629395,16.6000003814697,259900,16.1524639129639
2021-12-28,16.6000003814697,17.0400009155273,16.3299999237061,17,586200,16.5416812896729
2021-12-29,16.9799995422363,17.2299995422363,16.3700008392334,16.3700008392334,407000,15.9286661148071
2021-12-30,16.5,16.6900005340576,16,16,1390100,15.5686407089233
2022-01-03,16,16.3299999237061,15.3500003814697,15.8400001525879,690000,15.4129543304443
2022-01-04,15.8199996948242,15.8199996948242,15.0699996948242,15.1099996566772,980100,14.7026348114014
2022-01-05,15.0600004196167,15.4300003051758,13.6999998092651,14.25,2624500,13.8658208847046
2022-01-06,14.3999996185303,15.1099996566772,14.0100002288818,14.960000038147,1157800,14.5566787719727
2022-01-07,14.5299997329712,15.2700004577637,14.3699998855591,15.1000003814697,1693100,14.6929044723511
2022-01-10,14.9700002670288,15.2299995422363,14.4899997711182,14.75,975000,14.3523406982422
2022-01-11,14.75,15.4499998092651,14.5299997329712,15.3599996566772,746100,14.945894241333
2022-01-12,15.2799997329712,15.9200000762939,14.9899997711182,15.8000001907349,1284100,15.3740329742432
2022-01-13,15.5,15.7799997329712,14.8900003433228,14.8999996185303,840800,14.4982957839966
2022-01-14,15.25,15.25,14.4300003051758,15.1000003814697,1023900,14.6929044723511
2022-01-17,14.9899997711182,15.0699996948242,14.75,14.75,575400,14.3523406982422
2022-01-18,14.6300001144409,14.6999998092651,14.1300001144409,14.5100002288818,1172500,14.1188106536865
2022-01-19,14.5200004577637,15.5,14.5200004577637,15.0299997329712,6008800,14.6247911453247
2022-01-20,15.0299997329712,16.4699993133545,15.0299997329712,15.7600002288818,1075600,15.3351106643677
2022-01-21,15.6300001144409,17.0300006866455,15.6099996566772,16.3799991607666,2263900,15.9383945465088
2022-01-24,16.0799999237061,16.3199996948242,15.7200002670288,16.2099990844727,994400,15.7729778289795
2022-01-25,15.8900003433228,16.8199996948242,15.8900003433228,16.6900005340576,414500,16.2400379180908
2022-01-26,16.75,18.1900005340576,16.75,17.2299995422363,1379800,16.7654800415039
2022-01-27,17.3600006103516,17.7099990844727,17.0699996948242,17.0699996948242,499900,16.6097927093506
2022-01-28,17.0100002288818,17.1900005340576,16.5699996948242,16.6700000762939,949800,16.2205772399902
2022-01-31,16.6499996185303,17.6399993896484,16.6499996185303,17.3099994659424,2382600,16.8433227539062
2022-02-01,17.2999992370605,17.7600002288818,17,17.2000007629395,2667000,16.7362899780273
2022-02-02,17.1700000762939,18.0699996948242,17.0499992370605,17.0499992370605,2379000,16.5903301239014
2022-02-03,17.3600006103516,17.3799991607666,16.6000003814697,16.6000003814697,1310300,16.1524639129639
2022-02-04,16.6100006103516,16.8099994659424,15.7299995422363,16.5200004577637,1223700,16.0746212005615
2022-02-07,16.4300003051758,16.7399997711182,15.960000038147,16.1900005340576,1181300,15.7535200119019
2022-02-08,16.1900005340576,16.6900005340576,15.960000038147,16.4099998474121,1736100,15.9675874710083
2022-02-09,16.3799991607666,17.6000003814697,16.3799991607666,17.1299991607666,1909400,16.6681747436523
2022-02-10,17.1800003051758,18.0100002288818,16.9899997711182,17.7000007629395,1253000,17.2228088378906
2022-02-11,17.7900009155273,18,16.9599990844727,16.9799995422363,1071500,16.5222187042236
2022-02-14,17.0300006866455,18.1399993896484,16.7700004577637,18.0100002288818,1201900,17.524450302124
2022-02-15,18.0900001525879,18.6000003814697,18.0400009155273,18.3799991607666,1216600,17.8844738006592
2022-02-16,18.4899997711182,18.4899997711182,17.7299995422363,18.2000007629395,1102400,17.7093296051025
2022-02-17,18.2999992370605,18.5,17.9699993133545,18.0499992370605,672600,17.5633735656738
2022-02-18,18.2000007629395,18.3600006103516,17.7299995422363,17.7299995422363,732000,17.2520008087158
2022-02-21,17.6800003051758,17.8799991607666,16.8999996185303,16.8999996185303,616400,16.4443759918213
2022-02-22,17.0499992370605,18,16.9699993133545,17.2999992370605,880100,16.8335914611816
2022-02-23,17.2800006866455,18.3500003814697,17.2600002288818,17.9400005340576,1320500,17.4563388824463
2022-02-24,17.5300006866455,18.9599990844727,17.1000003814697,18.6499996185303,1469700,18.14719581604
2022-02-25,18.8400001525879,19.0200004577637,18.2299995422363,18.5,2512500,18.00124168396
2022-03-02,18.6299991607666,18.6399993896484,18.0900001525879,18.25,571600,17.7579803466797
2022-03-03,18.2399997711182,18.7999992370605,18.1100006103516,18.6299991607666,867400,18.1277351379395
2022-03-04,18.8299999237061,18.8299999237061,17.6599998474121,17.9699993133545,1435300,17.4855289459229
2022-03-07,17.9699993133545,18.1800003051758,16.8400001525879,17.1000003814697,2426300,16.6389846801758
2022-03-08,17.3600006103516,18.9899997711182,16.8899993896484,18.7800006866455,1951300,18.2736930847168
2022-03-09,18.6399993896484,20.3899993896484,18.6299991607666,19.5900001525879,1718600,19.0618553161621
2022-03-10,19.3400001525879,19.7000007629395,18.8299999237061,18.8299999237061,955400,18.3223438262939
2022-03-11,18.8799991607666,19.2800006866455,17.9500007629395,17.9500007629395,558200,17.4660701751709
2022-03-14,18.0799999237061,18.6599998474121,17.5,17.5900001525879,1769000,17.1157760620117
2022-03-15,17.2199993133545,18.6299991607666,17.2199993133545,18,1433600,17.514720916748
2022-03-16,17.5,19.3600006103516,17.5,18.8500003814697,1776800,18.3418045043945
2022-03-17,18.8400001525879,19.3199996948242,18.6399993896484,19.2999992370605,531100,18.7796726226807
2022-03-18,19.2000007629395,21.3600006103516,19.2000007629395,21.0699996948242,3432600,20.501953125
2022-03-21,21.1399993896484,21.4799995422363,20.4400005340576,20.9899997711182,1117100,20.4241104125977
2022-03-22,20.8799991607666,22.1800003051758,20.8799991607666,21.7199993133545,1058300,21.134428024292
2022-03-23,21.75,22,21.3400001525879,21.4400005340576,693100,20.8619785308838
2022-03-24,21.8299999237061,22.0200004577637,21.3600006103516,21.7000007629395,837500,21.1149711608887
2022-03-25,21.8299999237061,22.3299999237061,21.6200008392334,21.9500007629395,1086100,21.3582286834717
2022-03-28,21.9500007629395,22.2299995422363,21.5699996948242,21.6900005340576,555500,21.1052398681641
2022-03-29,22.4799995422363,22.6299991607666,21.9200000762939,22.2000007629395,663500,21.601490020752
2022-03-30,22.2299995422363,22.4500007629395,21.7900009155273,22.0900001525879,550400,21.4944553375244
2022-03-31,22.1599998474121,22.6000003814697,21.5,21.5,1032300,20.9203605651855
2022-04-01,21.7199993133545,23.4200000762939,21.6200008392334,23.0300006866455,1300700,22.4091110229492
2022-04-04,23.0200004577637,23.5100002288818,22.1499996185303,22.3500003814697,1361600,21.747444152832
2022-04-05,22.2399997711182,22.2399997711182,20.9699993133545,21.1700000762939,1320100,20.5992565155029
2022-04-06,20.9099998474121,21.1200008392334,19.75,19.7999992370605,3451100,19.2661914825439
2022-04-07,19.75,20.0599994659424,19.4500007629395,19.7600002288818,805900,19.2272720336914
2022-04-08,19.7600002288818,20.4899997711182,19.1100006103516,19.8500003814697,1014900,19.3148441314697
2022-04-11,19.5,19.9400005340576,19.25,19.3600006103516,562900,18.8380565643311
2022-04-12,19.5599994659424,20.0400009155273,19.1599998474121,19.3299999237061,489600,18.8088645935059
2022-04-13,19.4099998474121,19.7399997711182,19.2099990844727,19.2999992370605,287100,18.7796726226807
2022-04-14,19.1900005340576,20.3299999237061,19.1000003814697,19.5,666700,18.9742813110352
2022-04-18,19.4099998474121,19.5799999237061,18.9300003051758,19.1499996185303,989000,18.6337146759033
2022-04-19,19,19.7999992370605,18.8299999237061,19.7000007629395,547400,19.168888092041
2022-04-20,19.6900005340576,20.2299995422363,19.5799999237061,19.6399993896484,519500,19.1105060577393
2022-04-22,19.2099990844727,19.5400009155273,18.6499996185303,18.8999996185303,627500,18.3904571533203
2022-04-25,18.6700000762939,19.2000007629395,18.3400001525879,18.7600002288818,378300,18.2542304992676
2022-04-26,18.6100006103516,18.8999996185303,18.3199996948242,18.4500007629395,540000,17.9525890350342
2022-04-27,18.7900009155273,18.8299999237061,18.1399993896484,18.2299995422363,665700,17.7385196685791
2022-04-28,18.2800006866455,18.4799995422363,17.8600006103516,18.0699996948242,553100,17.5828323364258
2022-04-29,18.3700008392334,18.7800006866455,17.9500007629395,17.9500007629395,1029000,17.4660701751709
2022-05-02,17.9500007629395,18.0799999237061,17.2999992370605,17.6499996185303,703100,17.1741561889648
2022-05-03,17.5599994659424,18.0599994659424,17.4699993133545,17.6299991607666,542800,17.1546955108643
2022-05-04,17.5300006866455,17.8199996948242,16.8700008392334,17.7399997711182,1217900,17.2617301940918
2022-05-05,17.5300006866455,17.6200008392334,16.7700004577637,17.4200000762939,1003000,16.9503574371338
2022-05-06,17.3099994659424,17.7600002288818,16.9200000762939,17.1200008392334,865600,16.658447265625
2022-05-09,16.8400001525879,17.0300006866455,15.9899997711182,16.1000003814697,1591700,15.6659460067749
2022-05-10,16.3999996185303,16.8500003814697,15.7700004577637,16.3999996185303,828800,15.9578561782837
2022-05-11,16.5,16.5,15.8299999237061,15.9099998474121,1029200,15.4810667037964
2022-05-12,15.1899995803833,16.1200008392334,15.1899995803833,15.75,1553400,15.3253803253174
2022-05-13,15.6499996185303,17.7199993133545,15.6499996185303,16.75,3580000,16.2984199523926
2022-05-16,16.6100006103516,17.1399993896484,16.2999992370605,16.4099998474121,957900,15.9675874710083
2022-05-17,16.7600002288818,17.0699996948242,16.2199993133545,16.4300003051758,630600,15.9870471954346
2022-05-18,16.3500003814697,16.6299991607666,15.9300003051758,16.0300006866455,956500,15.5978326797485
2022-05-19,16.1200008392334,16.4699993133545,15.7700004577637,16.0400009155273,652100,15.6075630187988
2022-05-20,16.1499996185303,16.2399997711182,15.4799995422363,15.6599998474121,922100,15.2378072738647
2022-05-23,15.6800003051758,15.9099998474121,15.3900003433228,15.6999998092651,1960000,15.2767286300659
2022-05-24,15.3900003433228,15.7600002288818,15.2600002288818,15.6000003814697,2680300,15.1794242858887
2022-05-25,15.7299995422363,15.7299995422363,15.1400003433228,15.2799997329712,1099500,14.8680515289307
2022-05-26,15.3800001144409,15.8999996185303,15.1499996185303,15.8500003814697,973700,15.4226846694946
2022-05-27,15.8699998855591,16.1599998474121,15.3900003433228,15.4399995803833,614000,15.0237369537354
2022-05-30,15.6000003814697,15.710000038147,14.8100004196167,14.8800001144409,431300,14.4788360595703
2022-05-31,15,15.0799999237061,14.3800001144409,14.5500001907349,1565900,14.1577320098877
2022-06-01,14.6300001144409,14.7799997329712,13.960000038147,14.1400003433228,1911000,13.758786201477
2022-06-02,14.2399997711182,14.6000003814697,14.1300001144409,14.1999998092651,1330200,13.8171682357788
2022-06-03,14.1400003433228,14.3199996948242,13.8000001907349,14.0900001525879,820800,13.7101345062256
2022-06-06,14.210000038147,14.210000038147,13.3500003814697,13.3500003814697,1172000,12.9900846481323
2022-06-07,13.289999961853,13.5299997329712,13.0500001907349,13.3699998855591,1464100,13.0095453262329
2022-06-08,13.289999961853,13.7399997711182,13.0799999237061,13.5,1346900,13.1360397338867
2022-06-09,13.5,13.8199996948242,13.2399997711182,13.6000003814697,1380000,13.2333450317383
2022-06-10,13.460000038147,13.5699996948242,12.5799999237061,12.710000038147,2086500,12.3673391342163
2022-06-13,12.4399995803833,12.4399995803833,11.75,11.7600002288818,3827100,11.4429512023926
2022-06-14,11.789999961853,12,11.5,11.7200002670288,1254300,11.4040288925171
2022-06-15,11.9099998474121,12.1499996185303,11.75,11.8999996185303,2539300,11.579176902771
2022-06-17,11.7200002670288,12.1700000762939,10.9799995422363,12,3785300,11.6764802932739
2022-06-20,12,12.0900001525879,11.3199996948242,11.9700002670288,970200,11.647289276123
2022-06-21,12.1199998855591,12.2799997329712,11.6000003814697,11.9300003051758,1061700,11.6083679199219
2022-06-22,11.8699998855591,12.2299995422363,11.4200000762939,11.5100002288818,2747000,11.1996917724609
2022-06-23,11.5299997329712,12.0500001907349,11.3400001525879,11.6400003433228,1040800,11.3261861801147
2022-06-24,11.8000001907349,11.8000001907349,11.1000003814697,11.3400001525879,906100,11.0342741012573
2022-06-27,11.3400001525879,11.4499998092651,10.8000001907349,11.0299997329712,1714400,10.7326316833496
2022-06-28,11.1099996566772,11.1499996185303,10.3000001907349,10.6400003433228,3192100,10.3531465530396
2022-06-29,10.6400003433228,10.7200002670288,9.98999977111816,10.3100004196167,2363400,10.0320434570312
2022-06-30,10,10.3800001144409,9.89000034332275,10.0900001525879,1552600,9.81797409057617
2022-07-01,10.0100002288818,10.4799995422363,9.71000003814697,10.3500003814697,2748300,10.0709638595581
2022-07-04,10.2600002288818,10.4099998474121,10.0200004577637,10.0600004196167,599300,9.78878307342529
2022-07-05,10,10.0100002288818,9.63000011444092,9.97000026702881,1275200,9.70120906829834
2022-07-06,9.96000003814697,10.3400001525879,9.69999980926514,10.0500001907349,2750200,9.779052734375
2022-07-07,10.1499996185303,10.710000038147,10,10.6000003814697,5378100,10.3142251968384
2022-07-08,10.5600004196167,10.9200000762939,10.3400001525879,10.5299997329712,5665800,10.246111869812
2022-07-11,10.3299999237061,10.4200000762939,9.90999984741211,10.2299995422363,1919600,9.95419979095459
2022-07-12,10.2299995422363,10.8900003433228,10.0600004196167,10.6000003814697,1823000,10.3142251968384
2022-07-13,10.5,10.7600002288818,10.2600002288818,10.539999961853,1892600,10.2558422088623
2022-07-14,10.4399995803833,10.8900003433228,10.0699996948242,10.7299995422363,1892100,10.4407196044922
2022-07-15,10.7200002670288,10.8599996566772,10.5,10.6000003814697,996300,10.3142251968384
2022-07-18,10.8500003814697,10.8999996185303,10.3500003814697,10.4499998092651,1264900,10.1682682037354
2022-07-19,10.4799995422363,10.8100004196167,10.4300003051758,10.710000038147,734000,10.4212589263916
2022-07-20,10.7299995422363,11.5,10.6499996185303,11.1899995803833,1273500,10.8883180618286
2022-07-21,11.1999998092651,11.25,10.960000038147,11.0799999237061,2096000,10.7812833786011
2022-07-22,11.0799999237061,11.1599998474121,10.5100002288818,10.6599998474121,725600,10.3726072311401
2022-07-25,10.7600002288818,11.0600004196167,10.4399995803833,10.7399997711182,1415100,10.4504489898682
2022-07-26,10.789999961853,10.8500003814697,10.460000038147,10.7299995422363,532900,10.4407196044922
2022-07-27,10.75,11.3800001144409,10.75,11.289999961853,711000,10.9856214523315
2022-07-28,11.3199996948242,11.8599996566772,11.1700000762939,11.7600002288818,1139800,11.4429512023926
2022-07-29,11.7700004577637,11.8699998855591,11.4700002670288,11.539999961853,466000,11.2288818359375
2022-08-01,11.5500001907349,11.6700000762939,11.2799997329712,11.4700002670288,1183500,11.1607694625854
2022-08-02,11.5200004577637,11.6000003814697,11.1999998092651,11.1999998092651,440000,10.8980484008789
2022-08-03,11.25,12.1099996566772,11.210000038147,11.9399995803833,1344800,11.6180982589722
2022-08-04,12.0200004577637,13.7799997329712,12.0200004577637,13.460000038147,3410400,13.0971183776855
2022-08-05,13.4700002670288,13.5699996948242,12.6599998474121,13.4700002670288,1794100,13.1068496704102
2022-08-08,13.5600004196167,14.1599998474121,13.4399995803833,13.6300001144409,1474500,13.2625360488892
2022-08-09,13.7200002670288,13.7600002288818,12.6700000762939,12.7299995422363,1422100,12.3867988586426
2022-08-10,12.9300003051758,14.1899995803833,12.8699998855591,13.8100004196167,2845300,13.4376831054688
2022-08-11,13.8500003814697,14.039999961853,13.5,13.75,1149900,13.379301071167
2022-08-12,13.8900003433228,14.5,13.7200002670288,14.5,1526900,14.1090812683105
2022-08-15,14.3900003433228,15.6199998855591,14.2799997329712,15.3999996185303,1910200,14.9848155975342
2022-08-16,15.539999961853,15.6800003051758,14.7799997329712,15.1499996185303,1432300,14.7415561676025
2022-08-17,15,15.8000001907349,15,15.6999998092651,2331700,15.2767286300659
2022-08-18,15.8000001907349,16.5799999237061,15.3999996185303,16.0300006866455,2388500,15.5978326797485
2022-08-19,15.8000001907349,15.8100004196167,15.1400003433228,15.25,1522700,14.8388605117798
2022-08-22,15.0600004196167,15.2399997711182,14.8100004196167,14.8999996185303,1392400,14.4982957839966
2022-08-23,14.8500003814697,15.6300001144409,14.6199998855591,15.5200004577637,913200,15.1015815734863
2022-08-24,15.5799999237061,16.7000007629395,15.3100004196167,16.2900009155273,1614700,15.8508224487305
2022-08-25,16.4400005340576,16.7999992370605,16.0200004577637,16.3700008392334,1350600,15.9286661148071
2022-08-26,16.3799991607666,16.5300006866455,15.8599996566772,15.9399995803833,922400,15.5102586746216
2022-08-29,15.8199996948242,16.5699996948242,15.75,16.1499996185303,1350200,15.7145957946777
2022-08-30,16.2099990844727,16.5599994659424,15.3400001525879,15.4099998474121,1423200,14.9945468902588
2022-08-31,15.4200000762939,16.7399997711182,15.4099998474121,16.6399993896484,3604900,16.191385269165
2022-09-01,16.6499996185303,16.6800003051758,15.8900003433228,16.2999992370605,2299500,15.8605518341064
2022-09-02,16.4500007629395,16.8899993896484,16.0799999237061,16.5599994659424,5444400,16.1135425567627
2022-09-05,16.6700000762939,17.0200004577637,16.5300006866455,16.7999992370605,950800,16.3470726013184
2022-09-06,16.6499996185303,16.7999992370605,15.4899997711182,15.710000038147,2348100,15.2864589691162
2022-09-08,15.7600002288818,16.1399993896484,15.3999996185303,15.8199996948242,535700,15.3934936523438
2022-09-09,15.9399995803833,16.5900001525879,15.5900001525879,15.8999996185303,1423400,15.4713363647461
2022-09-12,16.0599994659424,16.4500007629395,15.8999996185303,15.9799995422363,1307200,15.5491800308228
2022-09-13,15.75,15.9799995422363,15.1800003051758,15.3199996948242,933000,14.9069738388062
2022-09-14,15.2700004577637,15.7299995422363,15.1099996566772,15.5,561400,15.0821208953857
2022-09-15,15.5,15.6800003051758,15.1000003814697,15.25,703700,14.8388605117798
2022-09-16,15.0799999237061,15.4099998474121,14.3699998855591,15.4099998474121,4287800,14.9945468902588
2022-09-19,15.2700004577637,15.8500003814697,15.1899995803833,15.6499996185303,613500,15.2280759811401
2022-09-20,15.5799999237061,15.8500003814697,15.0600004196167,15.1099996566772,1214300,14.7026348114014
2022-09-21,15.1199998855591,15.2399997711182,14.3999996185303,14.8000001907349,1693900,14.4009923934937
2022-09-22,15.0100002288818,15.6400003433228,14.710000038147,15.6000003814697,1374900,15.1794242858887
2022-09-23,15.3400001525879,15.5200004577637,15.1499996185303,15.3800001144409,995900,14.9653558731079
2022-09-26,15.2700004577637,15.4399995803833,14.6800003051758,14.8000001907349,952500,14.4009923934937
2022-09-27,15.0100002288818,15.1999998092651,14.5500001907349,14.6300001144409,630100,14.2355756759644
2022-09-28,14.6999998092651,15.1000003814697,14.5500001907349,14.8999996185303,705600,14.4982957839966
2022-09-29,14.710000038147,14.8000001907349,14.3500003814697,14.6599998474121,1125400,14.2647676467896
2022-09-30,14.5600004196167,15.3800001144409,14.3400001525879,15.1999998092651,1739700,14.7902088165283
2022-10-03,15.6800003051758,16.6000003814697,15.5799999237061,16.1200008392334,1950600,15.6854057312012
2022-10-04,16.2800006866455,16.4899997711182,15.6199998855591,15.8900003433228,1273000,15.4616069793701
2022-10-05,15.960000038147,16.0400009155273,15.3299999237061,15.3999996185303,560300,14.9848155975342
2022-10-06,15.5100002288818,16.4799995422363,15.3199996948242,16.4799995422363,1446900,16.0356998443604
2022-10-07,16.4899997711182,17.0799999237061,16.3999996185303,16.7999992370605,1360400,16.3470726013184
2022-10-10,16.7999992370605,16.7999992370605,16.0499992370605,16.1800003051758,528000,15.7437887191772
2022-10-11,16.1299991607666,16.2800006866455,15.5,15.6000003814697,894500,15.1794242858887
2022-10-13,15.4200000762939,16.0200004577637,15.0200004577637,15.9499998092651,503100,15.5199880599976
2022-10-14,16.0300006866455,16.0300006866455,15.2399997711182,15.5500001907349,962000,15.1307735443115
2022-10-17,15.6800003051758,15.9899997711182,15.5100002288818,15.6999998092651,238300,15.2767286300659
2022-10-18,15.9399995803833,16.1200008392334,15.6099996566772,16.0799999237061,306400,15.6464834213257
2022-10-19,16.1000003814697,16.1000003814697,15.6800003051758,15.9799995422363,380800,15.5491800308228
2022-10-20,16.0799999237061,16.5300006866455,15.5,16,2997000,15.5686407089233
2022-10-21,15.9399995803833,16.7900009155273,15.8400001525879,16.3500003814697,2014500,15.9092044830322
2022-10-24,16.0799999237061,16.1299991607666,15.4399995803833,15.460000038147,811600,15.0431995391846
2022-10-25,15.3699998855591,16.2900009155273,15.25,15.7600002288818,1951800,15.3351106643677
2022-10-26,15.5100002288818,15.9700002670288,15.2399997711182,15.4200000762939,1249800,15.0042772293091
2022-10-27,15.5299997329712,16.4599990844727,15.3999996185303,16.2900009155273,656100,15.8508224487305
2022-10-28,16.1700000762939,16.6800003051758,15.9899997711182,16.6599998474121,768300,16.2108478546143
2022-10-31,16.2000007629395,17.8600006103516,16.2000007629395,17.3299999237061,1911500,16.8627834320068
2022-11-01,17.5699996948242,18.0699996948242,17.0499992370605,17.7999992370605,1563700,17.3201122283936
2022-11-03,17.5499992370605,18.5599994659424,17.2600002288818,18,2103600,17.514720916748
2022-11-04,18.2299995422363,18.5200004577637,17.6599998474121,17.8799991607666,1069200,17.3979549407959
2022-11-07,18,18,16.5799999237061,16.9099998474121,1409300,16.4541072845459
2022-11-08,16.7600002288818,17.3199996948242,16.3999996185303,17.2700004577637,1434900,16.8044033050537
2022-11-09,17.2199993133545,17.75,17.0799999237061,17.4500007629395,981700,16.979549407959
2022-11-10,17.3400001525879,17.3400001525879,15.4499998092651,15.8999996185303,2918700,15.4713363647461
2022-11-11,15.789999961853,16,15.1499996185303,15.5900001525879,1742600,15.1696949005127
2022-11-14,15.6300001144409,16.2000007629395,15.5799999237061,15.8699998855591,2619600,15.4421453475952
2022-11-16,15.6499996185303,15.8999996185303,14.6499996185303,15.1300001144409,1643300,14.722095489502
2022-11-17,14.5699996948242,15.3599996566772,13.8400001525879,15.3100004196167,3940000,14.8972434997559
2022-11-18,15.5500001907349,16.2199993133545,15.3800001144409,15.7799997329712,2289200,15.3545722961426
2022-11-21,15.9700002670288,16.4599990844727,15.6499996185303,16.2600002288818,1081900,15.8216314315796
2022-11-22,16,16.1900005340576,15.5200004577637,15.8199996948242,1145400,15.3934936523438
2022-11-23,15.8199996948242,16.0400009155273,15.3299999237061,15.5,1488100,15.0821208953857
2022-11-24,15.6000003814697,16.5,15.539999961853,16.2999992370605,387800,15.8605518341064
2022-11-25,16.3199996948242,16.4699993133545,15.1499996185303,15.2299995422363,1243200,14.8193998336792
2022-11-28,15.2399997711182,15.3599996566772,15.0100002288818,15.0100002288818,627300,14.6053304672241
2022-11-29,15.0600004196167,15.789999961853,15.0200004577637,15.6499996185303,775300,15.2280759811401
2022-11-30,15.7200002670288,15.9499998092651,14.9899997711182,15.1800003051758,2897900,14.7707481384277
2022-12-01,15.1300001144409,15.6400003433228,14.8199996948242,15.3199996948242,1130000,14.9069738388062
2022-12-02,15.3999996185303,15.8400001525879,15.1599998474121,15.4499998092651,443300,15.03346824646
2022-12-05,15.4099998474121,15.4899997711182,14.8500003814697,15.1000003814697,730500,14.6929044723511
2022-12-06,15.1599998474121,15.2799997329712,14.8900003433228,14.8999996185303,611000,14.4982957839966
2022-12-07,14.8599996566772,15.1899995803833,14.4499998092651,14.4499998092651,1921800,14.0604286193848
2022-12-08,14.3999996185303,14.4200000762939,13.3900003433228,13.6800003051758,2049800,13.3111886978149
2022-12-09,13.6400003433228,13.9300003051758,13.4399995803833,13.5,1765000,13.1360397338867
2022-12-12,13.5,13.6000003814697,13.0900001525879,13.4499998092651,888200,13.0873889923096
2022-12-13,13.4799995422363,13.8199996948242,12.8999996185303,13.0100002288818,797600,12.6592512130737
2022-12-14,12.9300003051758,13.3199996948242,12.7299995422363,13.1000003814697,1319800,12.7468252182007
2022-12-15,12.9300003051758,13.4399995803833,12.8000001907349,13,1275800,12.6495199203491
2022-12-16,12.9799995422363,13.1400003433228,12.1400003433228,12.1499996185303,7845800,11.8224363327026
2022-12-19,12.2200002670288,13,12.1700000762939,12.75,1286100,12.4062604904175
2022-12-20,12.7299995422363,14.1000003814697,12.460000038147,13.4499998092651,2211400,13.0873889923096
2022-12-21,13.4499998092651,13.6199998855591,13.039999961853,13.3100004196167,995100,12.9511632919312
2022-12-22,13.6000003814697,13.6000003814697,12.9499998092651,13.1700000762939,607400,12.8149375915527
2022-12-23,13.1800003051758,14.4899997711182,13.0900001525879,14.1700000762939,2055400,13.7879772186279
2022-12-26,14.1700000762939,14.3400001525879,13.6800003051758,13.6800003051758,214200,13.3111886978149
2022-12-27,13.7399997711182,13.8699998855591,13.1099996566772,13.1499996185303,571200,12.7954759597778
2022-12-28,13.1800003051758,13.8500003814697,13.1000003814697,13.6899995803833,1310400,13.3209171295166
2022-12-29,13.7399997711182,14.1499996185303,13.3999996185303,13.5900001525879,886000,13.223614692688
2023-01-02,13.4099998474121,13.4099998474121,12.4799995422363,12.7299995422363,624400,12.3867988586426
2023-01-03,12.710000038147,13.0200004577637,12.25,12.2600002288818,1311100,11.9294710159302
2023-01-04,12.3000001907349,12.7399997711182,12.1700000762939,12.5,994200,12.1630001068115
2023-01-05,12.4399995803833,12.8100004196167,12.3100004196167,12.5600004196167,1266300,12.2213840484619
2023-01-06,12.4399995803833,12.9499998092651,12.3500003814697,12.7700004577637,1218500,12.4257211685181
2023-01-09,12.6499996185303,13.25,12.1099996566772,13.0699996948242,980800,12.7176322937012
2023-01-10,13,14.8000001907349,12.8599996566772,14.7399997711182,1405500,14.3426094055176
2023-01-11,14.7700004577637,15.0299997329712,14.1000003814697,14.8400001525879,1350300,14.4399147033691
2023-01-12,14.7600002288818,15.5299997329712,14.5100002288818,14.8999996185303,882000,14.4982957839966
2023-01-13,14.6899995803833,15.1400003433228,14.2200002670288,14.8900003433228,926900,14.4885673522949
2023-01-16,14.75,15.4099998474121,14.3500003814697,15.0799999237061,1408000,14.6734437942505
2023-01-17,15.1000003814697,15.6899995803833,14.8500003814697,15.0200004577637,1541300,14.6150617599487
2023-01-18,15.1800003051758,16.1000003814697,15.0699996948242,15.3999996185303,2138800,14.9848155975342
2023-01-19,15.2299995422363,15.75,14.8199996948242,15.6400003433228,1015300,15.2183465957642
2023-01-20,15.6300001144409,15.9399995803833,15.4399995803833,15.6199998855591,640600,15.1988859176636
2023-01-23,15.6300001144409,16.1800003051758,14.8400001525879,15,1826200,14.5956010818481
2023-01-24,15.0299997329712,15.3699998855591,15,15.1000003814697,424500,14.6929044723511
2023-01-25,15.039999961853,15.710000038147,14.7700004577637,15.2700004577637,691800,14.8583221435547
2023-01-26,15.3199996948242,15.6400003433228,15.0600004196167,15.4899997711182,458700,15.0723896026611
2023-01-27,15.4700002670288,15.8199996948242,15.3400001525879,15.6700000762939,461800,15.2475366592407
2023-01-30,15.7600002288818,16.0300006866455,15.5699996948242,15.6899995803833,618300,15.2669982910156
2023-01-31,15.8199996948242,16.3400001525879,15.8000001907349,15.8699998855591,1215600,15.4421453475952
2023-02-01,16.2099990844727,16.9699993133545,15.9499998092651,16.6000003814697,3023600,16.1524639129639
2023-02-02,16.5900001525879,17.2700004577637,16.3400001525879,16.5799999237061,1682200,16.1330051422119
2023-02-03,16.5300006866455,16.7099990844727,15.9399995803833,16.0599994659424,1143600,15.6270217895508
2023-02-06,16.1200008392334,16.5599994659424,15.9700002670288,16.0499992370605,1038900,15.6172924041748
2023-02-07,15.9799995422363,16.1399993896484,15.4399995803833,15.75,697700,15.3253803253174
2023-02-08,15.8699998855591,16.1499996185303,15.6800003051758,16.1100006103516,994800,15.6756763458252
2023-02-09,16.1200008392334,16.5599994659424,15.8900003433228,16.0799999237061,2204800,15.6464834213257
2023-02-10,16.0300006866455,16.4200000762939,15.9399995803833,16.0599994659424,261100,15.6270217895508
2023-02-13,16.0300006866455,16.2700004577637,15.710000038147,15.8699998855591,716400,15.4421453475952
2023-02-14,16.0100002288818,16.5200004577637,15.7299995422363,16.0300006866455,2596900,15.5978326797485
2023-02-15,16.0599994659424,16.7700004577637,15.8900003433228,16.25,1495700,15.8119010925293
2023-02-16,16.25,17.0900001525879,15.8900003433228,16.6900005340576,1795100,16.2400379180908
2023-02-17,16.6000003814697,17.0900001525879,16.3500003814697,16.7299995422363,727900,16.278959274292
2023-02-22,16.6299991607666,16.6900005340576,15.8699998855591,16.2000007629395,1003700,15.7632484436035
2023-02-23,16.25,16.5200004577637,15.9499998092651,16.1299991607666,498000,15.6951341629028
2023-02-24,16.0599994659424,16.3099994659424,15.8500003814697,15.8999996185303,465000,15.4713363647461
2023-02-27,15.8299999237061,16.2999992370605,15.5699996948242,15.9899997711182,988400,15.5589094161987
2023-02-28,16.0100002288818,16.2000007629395,15.4499998092651,15.5299997329712,783300,15.1113119125366
2023-03-01,15.6999998092651,15.6999998092651,14.5200004577637,14.8800001144409,3143500,14.4788360595703
2023-03-02,14.9099998474121,15.1999998092651,14.6999998092651,14.8800001144409,990800,14.4788360595703
2023-03-03,14.8699998855591,15.3400001525879,14.5900001525879,14.6800003051758,744900,14.2842283248901
2023-03-06,14.7299995422363,15.4700002670288,14.6899995803833,15.0500001907349,1980000,14.6442527770996
2023-03-07,15.1599998474121,15.1599998474121,14.6999998092651,14.9200000762939,923700,14.5177574157715
2023-03-08,14.9399995803833,16.1000003814697,14.9399995803833,15.8100004196167,1998000,15.3837633132935
2023-03-09,15.8100004196167,16.5200004577637,15.789999961853,15.9899997711182,875300,15.5589094161987
2023-03-10,15.9300003051758,15.9300003051758,15.3800001144409,15.5600004196167,921200,15.1405029296875
2023-03-13,15.3299999237061,15.8900003433228,15.3000001907349,15.4700002670288,860400,15.0529298782349
2023-03-14,15.5600004196167,15.6599998474121,14.9899997711182,15.1000003814697,780600,14.6929044723511
2023-03-15,14.8000001907349,15.6199998855591,14.460000038147,15.4700002670288,1390500,15.0529298782349
2023-03-16,15.9099998474121,16.8400001525879,15.2700004577637,16.75,2184700,16.2984199523926
2023-03-17,16.6800003051758,16.7199993133545,16.1700000762939,16.4699993133545,1689200,16.0259685516357
2023-03-20,16.5799999237061,16.5900001525879,15.8599996566772,15.9300003051758,1493700,15.5005283355713
2023-03-21,15.9200000762939,16.4300003051758,15.8500003814697,15.9899997711182,708000,15.5589094161987
2023-03-22,15.9899997711182,16.1299991607666,15.0100002288818,15.2399997711182,3559600,14.8291301727295
2023-03-23,15.3000001907349,15.5,13.2200002670288,13.8100004196167,23304800,13.4376831054688
2023-03-24,13.75,13.9899997711182,13.3699998855591,13.4300003051758,2865800,13.067928314209
2023-03-27,13.5,13.5600004196167,13.1000003814697,13.3999996185303,1276000,13.0387363433838
2023-03-28,13.3199996948242,13.7299995422363,13.1300001144409,13.6099996566772,1313100,13.2430753707886
2023-03-29,13.9899997711182,13.9899997711182,13.0100002288818,13.3000001907349,1445500,12.9414329528809
2023-03-30,13.9099998474121,14.0200004577637,13.4899997711182,13.6499996185303,3255600,13.2819967269897
2023-03-31,13.6400003433228,13.8800001144409,13.25,13.3400001525879,1004600,12.9803533554077
2023-04-03,13.5200004577637,13.5200004577637,12.9499998092651,13.1800003051758,1590000,12.824667930603
2023-04-04,13.1199998855591,13.789999961853,13.039999961853,13.75,1934100,13.379301071167
2023-04-05,13.5799999237061,13.8199996948242,13.4200000762939,13.75,1846200,13.379301071167
2023-04-06,13.7299995422363,13.9499998092651,13.3599996566772,13.5200004577637,3031800,13.1555023193359
2023-04-10,13.3999996185303,13.460000038147,13.1700000762939,13.1700000762939,1052900,12.8149375915527
2023-04-11,13.3900003433228,14.5299997329712,13.3900003433228,14.0799999237061,3335100,13.700403213501
2023-04-12,14.2700004577637,14.7799997329712,14.0799999237061,14.2700004577637,2322400,13.8852825164795
2023-04-13,14.2399997711182,15,13.9899997711182,14.7200002670288,1477400,14.3231496810913
2023-04-14,14.6000003814697,15.039999961853,14.3100004196167,14.6599998474121,2426700,14.2647676467896
2023-04-17,14.6400003433228,14.9499998092651,14.460000038147,14.6800003051758,706900,14.2842283248901
2023-04-18,14.8000001907349,15.1400003433228,14.4700002670288,14.6499996185303,2217600,14.2550363540649
2023-04-19,14.4399995803833,14.5100002288818,13.539999961853,13.7399997711182,2561200,13.3695697784424
2023-04-20,13.6899995803833,14.4200000762939,13.5500001907349,14.210000038147,664900,13.8268985748291
2023-04-24,13.8100004196167,14.6000003814697,13.8100004196167,14.460000038147,1362100,14.0701589584351
2023-04-25,14.3100004196167,14.5100002288818,14.0699996948242,14.1999998092651,913700,13.8171682357788
2023-04-26,14.1800003051758,14.6999998092651,14.0100002288818,14.3000001907349,1719300,13.9144725799561
2023-04-27,14.2600002288818,14.9300003051758,14.1800003051758,14.7299995422363,636200,14.3328800201416
2023-04-28,14.8199996948242,15.4499998092651,14.6499996185303,15.25,2284400,14.8388605117798
2023-05-02,15.3699998855591,15.75,15.1099996566772,15.5299997329712,2255400,15.1113119125366
2023-05-03,15.4799995422363,15.8999996185303,15.2299995422363,15.8500003814697,1347100,15.4226846694946
2023-05-04,15.8500003814697,16.2099990844727,15.6599998474121,15.8400001525879,4761000,15.4129543304443
2023-05-05,16,16.5699996948242,15.7700004577637,16.2000007629395,2455800,15.7632484436035
2023-05-08,16.3600006103516,16.6299991607666,15.5699996948242,15.6099996566772,1643300,15.189154624939
2023-05-09,15.5,16.0100002288818,15.2799997329712,15.7299995422363,3361600,15.3059196472168
2023-05-10,15.6300001144409,16.1000003814697,15.5200004577637,15.8500003814697,1926800,15.4226846694946
2023-05-11,16,16.7099990844727,15.6400003433228,16.6499996185303,7612800,16.2011165618896
2023-05-12,16.8799991607666,17.1399993896484,16.4500007629395,16.7000007629395,2348900,16.2497692108154
2023-05-15,16.7199993133545,17.4799995422363,16.6200008392334,17.2900009155273,2723900,16.8238620758057
2023-05-16,17.3999996185303,17.5100002288818,16.7000007629395,16.7399997711182,6044700,16.288688659668
2023-05-17,16.9099998474121,17.1399993896484,16.6700000762939,17.0799999237061,3263000,16.6195240020752
2023-05-18,17,17.4500007629395,16.8700008392334,17.3099994659424,2931600,16.8433227539062
2023-05-19,17.3999996185303,17.7099990844727,16.4599990844727,16.7700004577637,5012300,16.3178825378418
2023-05-22,16.8500003814697,16.9699993133545,16.3099994659424,16.5300006866455,4265200,16.0843524932861
2023-05-23,16.3500003814697,17.0499992370605,16.2299995422363,16.6299991607666,2802800,16.1816558837891
2023-05-24,16.7000007629395,17.0100002288818,16.2900009155273,16.8700008392334,8720300,16.4151859283447
2023-05-25,17.2299995422363,18.3799991607666,16.9899997711182,17.9500007629395,6121100,17.4660701751709
2023-05-26,18.25,18.7999992370605,17.5100002288818,18.3600006103516,5694700,17.8650169372559
2023-05-29,18.5300006866455,18.6200008392334,17.8199996948242,18.4200000762939,4850100,17.923397064209
2023-05-30,18.4300003051758,18.5,17.6399993896484,17.9599990844727,8208900,17.4757995605469
2023-05-31,17.7900009155273,19.0599994659424,17.5699996948242,19.0499992370605,7258700,18.536413192749
2023-06-01,19.25,19.8500003814697,18.8299999237061,19.5699996948242,5628500,19.0423927307129
2023-06-02,19.8999996185303,20.0799999237061,18.75,18.8999996185303,6178600,18.3904571533203
2023-06-05,19.0300006866455,19.1399993896484,18.5499992370605,18.9599990844727,2138100,18.4488391876221
2023-06-06,19.1299991607666,19.7999992370605,19.0300006866455,19.3600006103516,2009700,18.8380565643311
2023-06-07,19.6900005340576,20.7700004577637,19.6000003814697,20.5,7867000,19.9473209381104
2023-06-09,20.5,21.1000003814697,20.4400005340576,20.7399997711182,3600100,20.180850982666
2023-06-12,20.7199993133545,21.0499992370605,20.5599994659424,20.8500003814697,1632600,20.2878856658936
2023-06-13,20.8999996185303,21.0400009155273,20.1100006103516,20.2900009155273,2606500,19.7429828643799
2023-06-14,20.4699993133545,20.9099998474121,20.25,20.7600002288818,2373000,20.2003116607666
2023-06-15,20.7700004577637,21.2000007629395,20.4699993133545,20.9099998474121,1309500,20.3462677001953
2023-06-16,20.7999992370605,21.2600002288818,20.5699996948242,21.2000007629395,2468700,20.6284503936768
2023-06-19,21.1900005340576,21.3199996948242,20.9099998474121,20.9500007629395,1789800,20.3851890563965
2023-06-20,20.8299999237061,21.2099990844727,20.6299991607666,21.0300006866455,3073700,20.4630317687988
2023-06-21,20.8199996948242,21.0400009155273,19.7800006866455,20.6100006103516,9136200,20.0543556213379
2023-06-22,20.4599990844727,20.6200008392334,19.6299991607666,20.5499992370605,2233700,19.9959716796875
2023-06-23,20.5499992370605,21.1700000762939,20.3400001525879,21.0400009155273,3249600,20.4727630615234
2023-06-26,21.1000003814697,21.1299991607666,20.1599998474121,20.3600006103516,1741000,19.8110961914062
2023-06-27,20.5499992370605,20.75,19.2800006866455,20,2497700,19.4608001708984
2023-06-28,19.8700008392334,20.3600006103516,19.6800003051758,19.9799995422363,759500,19.4413394927979
2023-06-29,20.1000003814697,20.9699993133545,19.8799991607666,20.8299999237061,1400800,20.268424987793
2023-06-30,20.9799995422363,21.8299999237061,20.8299999237061,21.5,3298100,20.9203605651855
2023-07-03,21.1900005340576,22.1000003814697,20.9599990844727,21.8199996948242,2396200,21.2317333221436
2023-07-04,21.8099994659424,22.3199996948242,21.6399993896484,21.7900009155273,1853100,21.202543258667
2023-07-05,21.7999992370605,22.3199996948242,21.5,22.0200004577637,1051100,21.426342010498
2023-07-06,21.7399997711182,22.0799999237061,21.4599990844727,21.6499996185303,1695700,21.0663166046143
2023-07-07,21.6900005340576,22.75,21.6900005340576,22.3999996185303,2270800,21.7960968017578
2023-07-10,22.3999996185303,22.5499992370605,21.7800006866455,21.9500007629395,1812200,21.3582286834717
2023-07-11,21.9099998474121,22,21.0400009155273,21.9599990844727,2592600,21.3679580688477
2023-07-12,22.0400009155273,22.3600006103516,21.7399997711182,21.9300003051758,870900,21.3387699127197
2023-07-13,22.1399993896484,22.1499996185303,21.5599994659424,21.8899993896484,1284500,21.2998447418213
2023-07-14,21.75,21.7800006866455,20.7600002288818,21.0499992370605,1803600,20.4824924468994
2023-07-17,21.1299991607666,21.8799991607666,20.6800003051758,21.8799991607666,1381800,21.2901153564453
2023-07-18,21.8899993896484,22.0799999237061,21.7000007629395,22.0200004577637,1742300,21.426342010498
2023-07-19,22.0900001525879,22.1000003814697,21.5900001525879,21.8999996185303,915300,21.3095760345459
2023-07-20,22,22.1499996185303,21.7399997711182,21.7399997711182,891900,21.1538906097412
2023-07-21,21.8199996948242,22.1399993896484,21.6399993896484,21.8600006103516,1244600,21.2706565856934
2023-07-24,21.9200000762939,22.0499992370605,21.4799995422363,21.8899993896484,2096900,21.2998447418213
2023-07-25,22.1499996185303,22.7800006866455,22.1499996185303,22.3600006103516,2912600,21.7571754455566
2023-07-26,22.3600006103516,22.4699993133545,21.6499996185303,22.3999996185303,3768700,21.7960968017578
2023-07-27,22.4699993133545,22.6200008392334,22.1299991607666,22.3400001525879,1513600,21.7377147674561
2023-07-28,22.5100002288818,22.9500007629395,22.2000007629395,22.75,1920800,22.136661529541
2023-07-31,22.8400001525879,23.2700004577637,22.6299991607666,22.8600006103516,1631500,22.2436962127686
2023-08-01,22.7600002288818,23.3400001525879,22.6200008392334,23.1000003814697,2304900,22.4772262573242
2023-08-02,22.9599990844727,23.7000007629395,22.9599990844727,23.4699993133545,1712400,22.8372497558594
2023-08-03,23.7700004577637,24.1700000762939,23.2299995422363,23.7099990844727,2699500,23.070779800415
2023-08-04,23.5599994659424,24.1700000762939,23.5,24.1299991607666,1899900,23.4794540405273
2023-08-07,24.2199993133545,24.2600002288818,23.1900005340576,23.2999992370605,3102700,22.6718330383301
2023-08-08,23.0699996948242,24.0100002288818,22.2900009155273,23.5400009155273,4160000,22.9053630828857
2023-08-09,23.6200008392334,23.7999992370605,22.5599994659424,23.2000007629395,2199300,22.5745296478271
2023-08-10,23.3199996948242,23.7299995422363,22.4599990844727,22.5,1642800,21.8934001922607
2023-08-11,22.4200000762939,22.9400005340576,22.1000003814697,22.2000007629395,1466900,21.601490020752
2023-08-14,22.25,22.3299999237061,21.6499996185303,21.7999992370605,1894900,21.2122707366943
2023-08-15,21.9699993133545,22.0400009155273,21.3600006103516,21.9099998474121,1549400,21.3193073272705
2023-08-16,21.9500007629395,22.3899993896484,21.7800006866455,21.8999996185303,1028900,21.3095760345459
2023-08-17,22.1200008392334,22.1499996185303,21.0400009155273,21.1700000762939,2433800,20.5992565155029
2023-08-18,21.1800003051758,21.5400009155273,20.9200000762939,21.5,2505000,20.9203605651855
2023-08-21,21.5499992370605,21.9799995422363,21.3700008392334,21.9500007629395,2693700,21.3582286834717
2023-08-22,22.0799999237061,23.3199996948242,22.0699996948242,23.1299991607666,1986500,22.5064144134521
2023-08-23,23.3999996185303,23.8500003814697,23.0900001525879,23.6399993896484,2268300,23.0026664733887
2023-08-24,23.7000007629395,23.8799991607666,23.4899997711182,23.5499992370605,1879800,22.9150924682617
2023-08-25,23.6900005340576,23.6900005340576,21.8999996185303,22.3500003814697,7009800,21.747444152832
2023-08-28,22.3199996948242,22.3299999237061,21.4400005340576,21.8999996185303,3137000,21.3095760345459
2023-08-29,21.8600006103516,22.1399993896484,21.5599994659424,22.0699996948242,2151800,21.4749927520752
2023-08-30,21.9799995422363,22.2299995422363,20.9899997711182,21.1100006103516,3272800,20.5408744812012
2023-08-31,20.9699993133545,21.1900005340576,20.2199993133545,20.6000003814697,5597500,20.0446262359619
2023-09-01,20.6399993896484,21.8799991607666,20.6399993896484,21.8799991607666,3421400,21.2901153564453
2023-09-04,21.7199993133545,21.8400001525879,21.3299999237061,21.8099994659424,2573400,21.2220020294189
2023-09-05,22.2900009155273,22.2999992370605,21.0799999237061,21.2999992370605,5014200,20.7257518768311
2023-09-06,21.2199993133545,21.4099998474121,20.2399997711182,20.3700008392334,2189800,19.8208274841309
2023-09-08,20.2099990844727,20.6499996185303,20.0200004577637,20.6499996185303,1495200,20.0932769775391
2023-09-11,20.8600006103516,20.9799995422363,20.4300003051758,20.9400005340576,1253400,20.3754577636719
2023-09-12,20.9400005340576,21.8999996185303,20.7000007629395,21.75,2836900,21.1636199951172
2023-09-13,21.8799991607666,22.5699996948242,21.6499996185303,21.8899993896484,2983200,21.2998447418213
2023-09-14,22.0900001525879,22.2000007629395,21.6399993896484,21.7399997711182,1698900,21.1538906097412
2023-09-15,21.8099994659424,21.8099994659424,20.9799995422363,21.0400009155273,3146000,20.4727630615234
2023-09-18,20.9899997711182,21.7000007629395,20.7099990844727,21.4300003051758,2180200,20.8522472381592
2023-09-19,21.5200004577637,21.5699996948242,20.9400005340576,21.1000003814697,3405300,20.5311450958252
2023-09-20,21.2000007629395,21.9099998474121,21.1800003051758,21.1800003051758,1970300,20.6089878082275
2023-09-21,20.7600002288818,20.9599990844727,20.2800006866455,20.6000003814697,2272600,20.0446262359619
2023-09-22,20.7800006866455,20.8400001525879,20.1499996185303,20.3799991607666,1901300,19.8305549621582
2023-09-25,20.2000007629395,20.4500007629395,20.0599994659424,20.4099998474121,1100500,19.8597469329834
2023-09-26,20.2000007629395,20.5200004577637,19.6900005340576,19.7999992370605,4241100,19.2661914825439
2023-09-27,19.8600006103516,20.4400005340576,19.6000003814697,20.0499992370605,4549000,19.5094528198242
2023-09-28,20.0499992370605,21.0599994659424,19.8999996185303,20.8199996948242,2719300,20.2586936950684
2023-09-29,21.2099990844727,21.7099990844727,21.0400009155273,21.5,2679700,20.9203605651855
2023-10-02,21.5599994659424,21.7800006866455,21.2399997711182,21.4899997711182,4747500,20.9106292724609
2023-10-03,21.2700004577637,21.4500007629395,20.4599990844727,20.6000003814697,1813500,20.0446262359619
2023-10-04,20.9899997711182,21.3600006103516,20.4899997711182,21.1499996185303,1411100,20.579797744751
2023-10-05,21.1499996185303,21.3799991607666,20.6499996185303,20.8899993896484,1170000,20.3268051147461
2023-10-06,20.5900001525879,20.7600002288818,19.9400005340576,20.6499996185303,1844700,20.0932769775391
2023-10-09,20.5100002288818,21.3700008392334,20.2999992370605,21.2000007629395,1885100,20.6284503936768
2023-10-10,21.25,22.3999996185303,21.25,22.0300006866455,2162300,21.436071395874
2023-10-11,22.0400009155273,22.2399997711182,21.5900001525879,22.1000003814697,1341600,21.5041847229004
2023-10-13,21.6900005340576,21.6900005340576,20.3500003814697,20.3500003814697,2481600,19.8013648986816
2023-10-16,20.5,20.7399997711182,20.0900001525879,20.2800006866455,1143000,19.7332534790039
2023-10-17,20.1299991607666,20.6399993896484,19.7999992370605,19.8999996185303,2148800,19.3634967803955
2023-10-18,19.75,19.75,19.0900001525879,19.3600006103516,3917200,18.8380565643311
2023-10-19,19.3799991607666,20.0499992370605,19.3099994659424,19.3099994659424,1528200,18.7894020080566
2023-10-20,19.1399993896484,19.4799995422363,18.8999996185303,19.2999992370605,1886500,18.7796726226807
2023-10-23,19.1700000762939,19.9899997711182,19.0200004577637,19.5599994659424,1414900,19.0326614379883
2023-10-24,19.7099990844727,20.1299991607666,19.5599994659424,19.9400005340576,1163100,19.4024181365967
2023-10-25,19.9400005340576,20.0799999237061,19.2800006866455,19.3500003814697,1293200,18.8283252716064
2023-10-26,19.3500003814697,20.3999996185303,19.3500003814697,20.0799999237061,1696600,19.5386428833008
2023-10-27,20.0100002288818,20.0499992370605,18.8600006103516,19.0100002288818,2241700,18.4974918365479
2023-10-30,19.0400009155273,19.1200008392334,18.5300006866455,18.7199993133545,2307800,18.2153091430664
2023-10-31,18.7099990844727,19.5,18.4099998474121,19.3700008392334,1332900,18.8477878570557
2023-11-01,19.3999996185303,19.9400005340576,18.9099998474121,19.7600002288818,2662200,19.2272720336914
2023-11-03,20.0300006866455,21.0400009155273,20.0300006866455,20.9400005340576,2516000,20.3754577636719
2023-11-06,20.8700008392334,21.1299991607666,19.7999992370605,19.8999996185303,1663300,19.3634967803955
2023-11-07,19.9200000762939,20.9200000762939,19.7099990844727,20.8400001525879,2103900,20.2781543731689
2023-11-08,20.2999992370605,21.4699993133545,19.7900009155273,20.7600002288818,2767600,20.2003116607666
2023-11-09,20.9699993133545,21.5200004577637,20.4200000762939,20.8999996185303,2027600,20.3365364074707
2023-11-10,20.8999996185303,22.1599998474121,20.8600006103516,22,3621000,21.4068813323975
2023-11-13,22.0200004577637,22.0699996948242,21.5599994659424,22,1819400,21.4068813323975
2023-11-14,22.0900001525879,23.1800003051758,22,22.7000007629395,4733300,22.0880107879639
2023-11-16,22.7900009155273,23.2999992370605,22.7299995422363,23.1000003814697,2338300,22.4772262573242
2023-11-17,23.0599994659424,23.3500003814697,22.5499992370605,22.9099998474121,2436900,22.2923469543457
2023-11-20,22.8899993896484,22.9899997711182,22.4699993133545,22.5900001525879,1960800,21.9809741973877
2023-11-21,22.3999996185303,22.5499992370605,21.6599998474121,22.3400001525879,1962400,21.7377147674561
2023-11-22,22.4200000762939,23.1000003814697,21.9899997711182,22.3500003814697,1660400,21.747444152832
2023-11-23,22.3299999237061,22.3600006103516,21.8999996185303,22.2600002288818,1091800,21.6598701477051
2023-11-24,22.1000003814697,22.1000003814697,21.4599990844727,21.8299999237061,1760200,21.2414646148682
2023-11-27,21.8400001525879,22.1100006103516,21.4799995422363,22.0499992370605,1607300,21.4555320739746
2023-11-28,22.0200004577637,22.7099990844727,21.9500007629395,22.3999996185303,1584100,21.7960968017578
2023-11-29,22.6000003814697,22.7299995422363,22.2700004577637,22.4500007629395,1838400,21.8447494506836
2023-11-30,22.6200008392334,23.1499996185303,22.4899997711182,23.1499996185303,1809900,22.5258769989014
2023-12-01,23.0799999237061,24.3600006103516,22.9400005340576,24.3600006103516,4335100,23.703254699707
2023-12-04,24.3299999237061,24.3799991607666,23.3299999237061,23.6900005340576,1633400,23.0513191223145
2023-12-05,23.8199996948242,24.1499996185303,23.4799995422363,23.5499992370605,1299700,22.9150924682617
2023-12-06,23.5499992370605,24.0400009155273,23.4500007629395,23.5400009155273,2220000,22.9053630828857
2023-12-07,23.4899997711182,24.2000007629395,23.4899997711182,24.1100006103516,3081800,23.459997177124
2023-12-08,24.2199993133545,24.8799991607666,23.9099998474121,24.7199993133545,2781300,24.0535488128662
2023-12-11,24.7099990844727,24.7099990844727,24.2299995422363,24.4500007629395,1602400,23.790828704834
2023-12-12,24.5,25.1200008392334,24.1399993896484,24.9200000762939,2319800,24.2481575012207
2023-12-13,24.7600002288818,25.8199996948242,24.7600002288818,25.8199996948242,3157400,25.123893737793
2023-12-14,25.8999996185303,26.5100002288818,25.1299991607666,25.4099998474121,6171600,24.724946975708
2023-12-15,25.3500003814697,25.8700008392334,25.1200008392334,25.4599990844727,1712700,24.7735977172852
2023-12-18,25.4500007629395,25.6299991607666,25.1399993896484,25.2199993133545,1650900,24.5400676727295
2023-12-19,25.4099998474121,25.5900001525879,24.6700000762939,24.9099998474121,2403900,24.2384262084961
2023-12-20,24.7399997711182,25.2900009155273,24.6599998474121,25.1499996185303,1564900,24.4719562530518
2023-12-21,25.2099990844727,25.4500007629395,25.0200004577637,25.3700008392334,655000,24.6860256195068
2023-12-22,25.5400009155273,25.7299995422363,25.1399993896484,25.7299995422363,1108000,25.036319732666
2023-12-26,25.7299995422363,26.0400009155273,25.4699993133545,25.9400005340576,1742200,25.2406597137451
2023-12-27,25.75,26.1800003051758,25.75,26.0300006866455,1296400,25.3282337188721
2023-12-28,26.0900001525879,26.2600002288818,25.6200008392334,26.0300006866455,2771200,25.3282337188721
2024-01-02,25.2700004577637,25.3600006103516,24.6800003051758,24.8299999237061,3244300,24.1605834960938
2024-01-03,24.8500003814697,25.5200004577637,24.5200004577637,25.3400001525879,2843200,24.6568355560303
2024-01-04,25.4500007629395,25.4899997711182,24.2900009155273,24.5799999237061,2643400,23.9173240661621
2024-01-05,24.6200008392334,25.3999996185303,24.4500007629395,25.0100002288818,1838900,24.3357315063477
2024-01-08,24.8299999237061,26.25,24.6399993896484,25.9400005340576,2981000,25.2406597137451
2024-01-09,25.9099998474121,26.0400009155273,25.3199996948242,25.8400001525879,2778200,25.1433544158936
2024-01-10,25.9099998474121,25.9899997711182,25.1599998474121,25.5200004577637,1978700,24.8319816589355
2024-01-11,25.5900001525879,25.7299995422363,25.1800003051758,25.3899993896484,1490100,24.7054862976074
2024-01-12,25.2999992370605,25.9500007629395,24.7700004577637,25.4500007629395,1779100,24.7638683319092
2024-01-15,25.4500007629395,25.6399993896484,24.9899997711182,25.3500003814697,4521200,24.6665668487549
2024-01-16,25.2900009155273,25.4500007629395,25.0300006866455,25.3799991607666,2048500,24.6957550048828
2024-01-17,25.3500003814697,25.5599994659424,25.0400009155273,25.3099994659424,1957100,24.6276416778564
2024-01-18,25.3199996948242,25.6100006103516,25.0400009155273,25.1800003051758,1846500,24.501148223877
2024-01-19,25.3500003814697,25.9099998474121,25.0699996948242,25.7299995422363,1688300,25.036319732666
2024-01-22,26.0499992370605,26.0499992370605,24.4899997711182,24.7000007629395,2199700,24.0340900421143
2024-01-23,24.7900009155273,25.1499996185303,24.3799991607666,24.7700004577637,1953000,24.102201461792
2024-01-24,24.8299999237061,25.0499992370605,24.1000003814697,24.3700008392334,2191700,23.7129859924316
2024-01-25,24.4099998474121,24.8600006103516,24.3199996948242,24.8299999237061,2198800,24.1605834960938
2024-01-26,24.8299999237061,25.1000003814697,24.4799995422363,25.0100002288818,1134200,24.3357315063477
2024-01-29,24.8500003814697,25.1700000762939,24.6700000762939,24.7999992370605,576800,24.1313934326172
2024-01-30,24.6599998474121,24.7700004577637,24.1800003051758,24.4400005340576,910500,23.781099319458
2024-01-31,24.3500003814697,25.1599998474121,24.25,24.25,1885900,23.5962219238281
2024-02-01,24.1599998474121,24.9300003051758,24.1599998474121,24.6700000762939,1717100,24.0048980712891
2024-02-02,24.7900009155273,24.9699993133545,24.2399997711182,24.5,2003400,23.8394813537598
2024-02-05,24.3700008392334,25.2299995422363,24.3700008392334,24.8999996185303,2273500,24.2286949157715
2024-02-06,24.9799995422363,25.1399993896484,24.2800006866455,24.3799991607666,1920100,23.7227153778076
2024-02-07,24.4300003051758,24.8999996185303,24.3500003814697,24.6499996185303,3423500,23.9854373931885
2024-02-08,24.7199993133545,24.7299995422363,23.8999996185303,24.4799995422363,1270600,23.8200206756592
2024-02-09,24.5200004577637,25.25,24.5200004577637,24.9400005340576,1451100,24.2676200866699
2024-02-14,24.8099994659424,25.0599994659424,24.1800003051758,24.3600006103516,1156000,23.703254699707
2024-02-15,24.3099994659424,24.8400001525879,24.2299995422363,24.6000003814697,1025500,23.9367847442627
2024-02-16,24.6800003051758,24.8999996185303,24.2299995422363,24.3999996185303,1155500,23.7421760559082
2024-02-19,24.4500007629395,24.7600002288818,24.1200008392334,24.2600002288818,910900,23.6059513092041
2024-02-20,24.0900001525879,25.0400009155273,23.9799995422363,24.9599990844727,2772000,24.2870788574219
2024-02-21,25,25,24.2999992370605,24.7199993133545,2887100,24.0535488128662
2024-02-22,24.7299995422363,25.4799995422363,24.7299995422363,25.3500003814697,1212700,24.6665668487549
2024-02-23,25.3600006103516,25.4300003051758,24.3600006103516,24.5200004577637,1597500,23.8589420318604
2024-02-26,24.5699996948242,24.6800003051758,24.2099990844727,24.2600002288818,832800,23.6059513092041
2024-02-27,24.3700008392334,25.2800006866455,24.3700008392334,25.0300006866455,2479700,24.3551940917969
2024-02-28,24.9099998474121,24.9099998474121,24.1900005340576,24.4200000762939,2262200,23.7616386413574
2024-02-29,24.4099998474121,24.5699996948242,24.1100006103516,24.4599990844727,1892300,23.80055809021
2024-03-01,24.4599990844727,25.4400005340576,24.3799991607666,25.2999992370605,2216300,24.6179122924805
2024-03-04,25.2999992370605,25.4200000762939,24.6000003814697,24.6200008392334,1371600,23.9562473297119
2024-03-05,24.6200008392334,25.2700004577637,24.5900001525879,24.7999992370605,1135600,24.1313934326172
2024-03-06,24.8600006103516,25.6299991607666,24.8600006103516,25.0599994659424,2039400,24.3843822479248
2024-03-07,24.9699993133545,25.3199996948242,24.6900005340576,24.8199996948242,2022300,24.1508522033691
2024-03-08,24.5100002288818,25.3500003814697,24.5,24.5599994659424,1133500,23.8978633880615
2024-03-11,24.5200004577637,24.9400005340576,24.2099990844727,24.4699993133545,2221600,23.8102893829346
2024-03-12,24.5699996948242,25.1700000762939,24.3999996185303,24.9500007629395,1572700,24.2773494720459
2024-03-13,24.9500007629395,25.5499992370605,24.8799991607666,25.2000007629395,1088700,24.5206108093262
2024-03-14,25.8299999237061,25.8299999237061,24.8899993896484,25.3899993896484,3778800,24.7054862976074
2024-03-15,25.5,25.7600002288818,25.1800003051758,25.2199993133545,1472200,24.5400676727295
2024-03-18,25.2399997711182,25.5499992370605,25.2199993133545,25.3199996948242,2075900,24.6373729705811
2024-03-19,25.2199993133545,25.5499992370605,25.0799999237061,25.3799991607666,1876700,24.6957550048828
2024-03-20,25.1499996185303,26.8299999237061,25.1499996185303,26.6599998474121,3344200,25.9412479400635
2024-03-21,26.8500003814697,27.2399997711182,26.2999992370605,27.0200004577637,4043600,26.2915420532227
2024-03-22,27.0200004577637,27.0799999237061,26.1599998474121,26.5599994659424,1578300,25.8439426422119
2024-03-25,26.5699996948242,26.7600002288818,26.1800003051758,26.4599990844727,788000,25.7466373443604
2024-03-26,26.3700008392334,26.7299995422363,25.9500007629395,26.3400001525879,2296400,25.6298751831055
2024-03-27,26.3099994659424,26.8999996185303,26.1299991607666,26.5400009155273,1660300,25.82448387146
2024-03-28,26.2600002288818,26.4200000762939,25.8299999237061,26,4442900,25.2990398406982
2024-04-01,25.8899993896484,26.1499996185303,25.5400009155273,25.8199996948242,1140800,25.123893737793
2024-04-02,25.6700000762939,26.4599990844727,25.6700000762939,26.25,2456900,25.5423011779785
2024-04-03,26.2999992370605,26.3999996185303,25.7999992370605,26.0499992370605,1548500,25.347692489624
2024-04-04,26.2900009155273,26.8199996948242,25.8999996185303,26.1399993896484,1578200,25.4352645874023
2024-04-05,26.1399993896484,26.3799991607666,25.3799991607666,25.8799991607666,1497400,25.1822757720947
2024-04-08,25.8799991607666,26.3500003814697,25.7600002288818,26.2299995422363,1250400,25.5228385925293
2024-04-09,26.3899993896484,26.6800003051758,26.0699996948242,26.5699996948242,1533500,25.8536739349365
2024-04-10,26.5699996948242,26.5699996948242,25.7999992370605,26.0499992370605,1701000,25.347692489624
2024-04-11,25.8500003814697,26.1200008392334,25.3600006103516,25.8299999237061,1914700,25.1336231231689
2024-04-12,25.7099990844727,26.1100006103516,24.7999992370605,24.8999996185303,3317100,24.2286949157715
2024-04-15,24.9599990844727,24.9599990844727,24.0300006866455,24.2000007629395,3699600,23.5475692749023
2024-04-16,24.0499992370605,24.6100006103516,23.7000007629395,24.0799999237061,2570800,23.4308032989502
2024-04-17,24.8999996185303,24.9300003051758,23.5799999237061,23.7700004577637,3582300,23.1291618347168
2024-04-18,23.7700004577637,24.3500003814697,23.2000007629395,23.4400005340576,2787300,22.8080577850342
2024-04-19,23.3999996185303,24.2299995422363,23.2900009155273,23.8600006103516,2768800,23.2167358398438
2024-04-22,23.7900009155273,24.5,23.7299995422363,24.1599998474121,1673600,23.5086479187012
2024-04-23,23.9500007629395,24.7600002288818,23.6599998474121,24.5799999237061,2007400,23.9173240661621
2024-04-24,24.7000007629395,25.0599994659424,24.2700004577637,24.5599994659424,2381200,23.8978633880615
2024-04-25,24.5,24.5599994659424,24.1100006103516,24.3999996185303,2249300,23.7421760559082
2024-04-26,24.6599998474121,25.2999992370605,24.6000003814697,25.2999992370605,3016900,24.6179122924805
2024-04-29,25.1800003051758,25.4200000762939,25.1200008392334,25.1800003051758,1221600,24.501148223877
2024-04-30,25.0499992370605,25.0599994659424,23.9799995422363,24.1900005340576,1443400,23.5378398895264
2024-05-02,24.2099990844727,25,24.2099990844727,24.4799995422363,1318200,23.8200206756592
2024-05-03,25.2600002288818,25.7099990844727,25.0799999237061,25.4599990844727,2566100,24.7735977172852
2024-05-06,25.1100006103516,25.5400009155273,24.3999996185303,24.4099998474121,1583600,23.7519073486328
2024-05-07,24.1499996185303,24.6700000762939,24.1499996185303,24.5300006866455,1263600,23.868673324585
2024-05-08,24.6000003814697,24.6000003814697,23.8600006103516,24.5400009155273,1442000,23.8784027099609
2024-05-09,24.0300006866455,24.1399993896484,23.0300006866455,23.5300006866455,4256100,22.8956317901611
2024-05-10,23.4400005340576,24.1499996185303,23.1399993896484,23.1499996185303,2806600,22.5258769989014
2024-05-13,23.0400009155273,23.3500003814697,22.7399997711182,22.8500003814697,2296800,22.2339649200439
2024-05-14,22.8099994659424,23.5499992370605,22.7800006866455,23.3400001525879,1797500,22.7107543945312
2024-05-15,23.0799999237061,23.7299995422363,23.0100002288818,23.5300006866455,1746100,22.8956317901611
2024-05-16,23.75,23.8999996185303,23.1399993896484,23.1399993896484,1160300,22.5161457061768
2024-05-17,23.1800003051758,23.3099994659424,22.9899997711182,23.2399997711182,1583800,22.6134510040283
2024-05-20,23.2299995422363,23.5,22.9599990844727,22.9599990844727,1234400,22.3409976959229
2024-05-21,22.9500007629395,23.2700004577637,22.9300003051758,23.2700004577637,2359200,22.6426410675049
2024-05-22,23.2600002288818,23.2900009155273,22.7999992370605,22.9300003051758,1252400,22.3118095397949
2024-05-23,22.6499996185303,23.1100006103516,22.2199993133545,22.3299999237061,2294500,21.7279853820801
2024-05-24,22.3700008392334,22.6700000762939,21.8400001525879,21.8600006103516,2287300,21.2706565856934
2024-05-27,22,22.1000003814697,21.6000003814697,21.6000003814697,1429900,21.0176658630371
2024-05-28,21.7700004577637,22.3099994659424,21.75,22,2706400,21.4068813323975
2024-05-29,21.7800006866455,22.4099998474121,21.7800006866455,22.2600002288818,2364300,21.6598701477051
2024-05-31,22.1700000762939,22.5499992370605,22.1499996185303,22.5,2264900,21.8934001922607
2024-06-03,22.9400005340576,23.2900009155273,22.6599998474121,23,2850500,22.3799209594727
2024-06-04,22.9599990844727,23.3400001525879,22.6000003814697,22.7199993133545,2910000,22.1074676513672
2024-06-05,22.7700004577637,23.0799999237061,22.4200000762939,22.5400009155273,2153500,21.9323234558105
2024-06-06,22.5300006866455,22.9500007629395,22.3500003814697,22.9300003051758,5408700,22.3118095397949
2024-06-07,22.7900009155273,22.8600006103516,22.4799995422363,22.6000003814697,2625100,21.9907054901123
2024-06-10,22.6100006103516,22.6200008392334,21.8099994659424,21.9400005340576,1929300,21.3484992980957
2024-06-11,21.9500007629395,22.5599994659424,21.9500007629395,22.3799991607666,1561100,21.7766361236572
2024-06-12,22.6800003051758,22.8199996948242,21.7900009155273,22.0499992370605,2287500,21.4555320739746
2024-06-13,22.25,22.25,21.75,21.7999992370605,2151900,21.2122707366943
2024-06-14,21.7999992370605,22,21.5200004577637,21.7299995422363,1390400,21.1441593170166
2024-06-17,21.5100002288818,21.8799991607666,21.4400005340576,21.5499992370605,2864800,20.9690132141113
2024-06-18,21.5499992370605,21.7999992370605,21.2600002288818,21.6000003814697,1566000,21.0176658630371
2024-06-19,21.7999992370605,21.7999992370605,21.2000007629395,21.4699993133545,1553900,20.891170501709
2024-06-20,21.6200008392334,22.1800003051758,21.5300006866455,21.5300006866455,2819000,20.9495525360107
2024-06-21,21.6499996185303,22.0300006866455,21.4300003051758,21.8999996185303,3275800,21.3095760345459
2024-06-24,22,22.1499996185303,21.7199993133545,21.7800006866455,1970700,21.192813873291
2024-06-25,21.7800006866455,22.0100002288818,21.4599990844727,21.8999996185303,896100,21.3095760345459
2024-06-26,21.7700004577637,21.9599990844727,21.2800006866455,21.7199993133545,1877600,21.134428024292
2024-06-27,21.8299999237061,22.2399997711182,21.6100006103516,22.2000007629395,1232000,21.601490020752
2024-06-28,22.0300006866455,22.1499996185303,21.4899997711182,21.6000003814697,1595500,21.0176658630371
2024-07-01,21.9099998474121,22.25,21.5300006866455,21.7999992370605,2306200,21.2122707366943
2024-07-02,21.8099994659424,22.0499992370605,21.0100002288818,21.0100002288818,4290900,20.4435710906982
2024-07-03,21.1900005340576,22.3700008392334,21.1200008392334,22.0599994659424,2328500,21.4652633666992
2024-07-04,22.3899993896484,23.0100002288818,22.1700000762939,22.7600002288818,1868500,22.146390914917
2024-07-05,22.8500003814697,23.3600006103516,22.4799995422363,23.0499992370605,1623400,22.4285717010498
2024-07-08,23.1100006103516,23.1499996185303,22.5400009155273,22.7099990844727,1593100,22.0977382659912
2024-07-09,22.8400001525879,23.0300006866455,22.5900001525879,22.8899993896484,863800,22.2728862762451
2024-07-10,22.7199993133545,23.3899993896484,22.7199993133545,23,1361300,22.3799209594727
2024-07-11,23.3500003814697,23.4500007629395,22.9699993133545,23.1200008392334,1052100,22.4966850280762
2024-07-12,23.0599994659424,23.2399997711182,22.8799991607666,22.9699993133545,1388000,22.3507289886475
2024-07-15,22.9500007629395,23.2199993133545,22.7299995422363,23.0200004577637,1123200,22.3993835449219
2024-07-16,23,23.6000003814697,22.75,22.75,17066600,22.136661529541
2024-07-17,22.75,23.1399993896484,22.5799999237061,22.7999992370605,2501400,22.1853103637695
2024-07-18,22.8099994659424,22.8600006103516,22.1499996185303,22.2999992370605,2102700,21.6987915039062
2024-07-19,22.6100006103516,22.6100006103516,22.0499992370605,22.3600006103516,2036400,21.7571754455566
2024-07-22,22.4300003051758,22.7099990844727,22.0599994659424,22.25,3864400,21.6501426696777
2024-07-23,22.2299995422363,22.2800006866455,21.8400001525879,22,2133500,21.4068813323975
2024-07-24,22.2000007629395,22.2000007629395,21.2399997711182,21.2999992370605,3279300,20.7257518768311
2024-07-25,21.1299991607666,21.5599994659424,21.1000003814697,21.2399997711182,5031400,20.6673717498779
2024-07-26,21.1299991607666,21.3799991607666,21.0100002288818,21.1000003814697,2180300,20.5311450958252
2024-07-29,21.25,21.6100006103516,20.9699993133545,21.4500007629395,3001700,20.8717098236084
2024-07-30,21.2099990844727,21.4400005340576,20.7299995422363,20.7900009155273,2114600,20.2295036315918
2024-07-31,20.8099994659424,21.5100002288818,20.7199993133545,21.2000007629395,4048100,20.6284503936768
2024-08-01,21,21.4599990844727,20.6399993896484,20.6700000762939,4248800,20.1127376556396
2024-08-02,20.3600006103516,21.1499996185303,20.3500003814697,20.6800003051758,4224300,20.1224689483643
2024-08-05,19.5799999237061,20.7999992370605,19.5799999237061,20.5300006866455,3544200,19.9765129089355
2024-08-06,20.3199996948242,20.9099998474121,20.3099994659424,20.5900001525879,2144600,20.0348949432373
2024-08-07,20.6000003814697,21.6499996185303,20.6000003814697,21.6499996185303,3026400,21.0663166046143
2024-08-08,21.4400005340576,22.7000007629395,21.4400005340576,22.5900001525879,3706000,21.9809741973877
2024-08-09,22.7800006866455,23.1900005340576,22.6700000762939,22.7900009155273,3321800,22.1755847930908
2024-08-12,22.7900009155273,23.0400009155273,22.5599994659424,22.7000007629395,2018100,22.0880107879639
2024-08-13,22.5499992370605,23.2600002288818,22.5499992370605,23.0499992370605,2540100,22.4285717010498
2024-08-14,23.0499992370605,23.6599998474121,23,23.3500003814697,3520900,22.7204837799072
2024-08-15,23.6200008392334,23.9500007629395,23.1499996185303,23.7000007629395,2901800,23.0610504150391
2024-08-16,24,24.0599994659424,22.6399993896484,22.9599990844727,3800500,22.3409976959229
2024-08-19,22.6399993896484,23.6200008392334,22.6399993896484,23.3899993896484,2588400,22.759407043457
2024-08-20,23.3500003814697,23.7199993133545,23.2299995422363,23.4599990844727,2578800,22.8275184631348
2024-08-21,23.6399993896484,23.6700000762939,23.0599994659424,23.2299995422363,2983700,22.6037197113037
2024-08-22,23.4200000762939,23.4200000762939,22.4300003051758,22.6900005340576,3725600,22.0782794952393
2024-08-23,22.8099994659424,23.5100002288818,22.5100002288818,23.2999992370605,3108500,22.6718330383301
2024-08-26,23.3500003814697,23.5200004577637,23.1100006103516,23.1200008392334,1106900,22.4966850280762
2024-08-27,22.9899997711182,23.3400001525879,22.9200000762939,23.3099994659424,1728100,22.6815624237061
2024-08-28,23.2199993133545,23.2600002288818,22.8299999237061,23.0499992370605,1600800,22.4285717010498
2024-08-29,23.2900009155273,23.2900009155273,22.3500003814697,22.4300003051758,2075200,21.825288772583
2024-08-30,22.2199993133545,22.3299999237061,21.8099994659424,22.0499992370605,2829400,21.4555320739746
2024-09-02,22.3400001525879,22.3500003814697,21.8600006103516,21.8700008392334,1798300,21.2803859710693
2024-09-03,21.8700008392334,21.9400005340576,21.1800003051758,21.3999996185303,3692400,20.823055267334
2024-09-04,21.3899993896484,22.4400005340576,21.3500003814697,22.1499996185303,1652600,21.5528373718262
2024-09-05,22.2600002288818,22.5799999237061,22.0599994659424,22.4099998474121,1788800,21.8058261871338
2024-09-06,22.5,22.6599998474121,22.0400009155273,22.1900005340576,2115600,21.5917587280273
2024-09-09,22.5100002288818,22.5100002288818,22.0100002288818,22.3999996185303,1001100,21.7960968017578
2024-09-10,22.3099994659424,22.7900009155273,22.1700000762939,22.6700000762939,1915800,22.05881690979
2024-09-11,22.8199996948242,23.0799999237061,22.5400009155273,22.7999992370605,2086300,22.1853103637695
2024-09-12,22.7999992370605,22.7999992370605,22.0900001525879,22.3400001525879,1498600,21.7377147674561
2024-09-13,22.3400001525879,23.3400001525879,22.3400001525879,23.1200008392334,2804400,22.4966850280762
2024-09-16,23.1599998474121,23.4799995422363,22.75,22.9899997711182,2535300,22.370189666748
2024-09-17,23.0900001525879,23.0900001525879,22.5200004577637,22.9099998474121,1907200,22.2923469543457
2024-09-18,22.8799991607666,23.6599998474121,22.8799991607666,23.1599998474121,1676000,22.535608291626
2024-09-19,23.5599994659424,23.5599994659424,22.8600006103516,22.9500007629395,1894800,22.3312702178955
2024-09-20,22.9899997711182,23.0900001525879,21.8600006103516,22,2511700,21.4068813323975
2024-09-23,22.0200004577637,22.0599994659424,21.3500003814697,21.3600006103516,3654300,20.7841358184814
2024-09-24,21.7099990844727,21.8400001525879,21.4500007629395,21.7099990844727,1284300,21.1246967315674
2024-09-25,21.7299995422363,21.7900009155273,21.2099990844727,21.2099990844727,1141500,20.6381778717041
2024-09-26,21.4500007629395,21.6800003051758,21.25,21.4300003051758,1383900,20.8522472381592
2024-09-27,21.5300006866455,22.0100002288818,21.3899993896484,21.5300006866455,1716900,20.9495525360107
2024-09-30,21.4099998474121,21.4599990844727,21.1200008392334,21.4400005340576,1858700,20.8619785308838
2024-10-01,21.6000003814697,21.7700004577637,21.2299995422363,21.3899993896484,1120100,20.813325881958
2024-10-02,21.6499996185303,22.0499992370605,21.4899997711182,21.75,2018800,21.1636199951172
2024-10-03,21.5,21.75,21.1700000762939,21.6299991607666,3018100,21.0468559265137
2024-10-04,21.6299991607666,22.1800003051758,21.6100006103516,22.0499992370605,1264000,21.4555320739746
2024-10-07,22.1599998474121,22.2600002288818,21.6100006103516,21.7999992370605,1525700,21.2122707366943
2024-10-08,22.0400009155273,22.3600006103516,22.0200004577637,22.2999992370605,1148800,21.6987915039062
2024-10-09,21.8999996185303,22.3400001525879,21.8999996185303,22.2000007629395,2063200,21.601490020752
2024-10-10,22.2099990844727,22.2800006866455,21.8500003814697,21.8500003814697,1301800,21.2609252929688
2024-10-11,22.0100002288818,22.0200004577637,21.4699993133545,21.8999996185303,1153300,21.3095760345459
2024-10-14,21.8999996185303,22.4899997711182,21.8400001525879,22.2299995422363,1606300,21.6306800842285
2024-10-15,22.1599998474121,22.9200000762939,22.1200008392334,22.7600002288818,1909500,22.146390914917
2024-10-16,22.7999992370605,23.3799991607666,22.5799999237061,23.2900009155273,3154200,22.6621036529541
2024-10-17,23,23.3400001525879,22.7800006866455,23.3099994659424,1446200,22.6815624237061
2024-10-18,23.3799991607666,23.5699996948242,22.3899993896484,22.3999996185303,3068700,21.7960968017578
2024-10-21,22.3999996185303,22.5100002288818,21.3799991607666,21.5,3035200,20.9203605651855
2024-10-22,21.4599990844727,21.6299991607666,21.1499996185303,21.3500003814697,2048000,20.7744045257568
2024-10-23,21.2099990844727,21.4400005340576,21.1000003814697,21.3600006103516,1546500,20.7841358184814
2024-10-24,21.3799991607666,21.8999996185303,21.0200004577637,21.7999992370605,2409100,21.2122707366943
2024-10-25,21.9300003051758,21.9300003051758,21.3199996948242,21.3999996185303,1161900,20.823055267334
2024-10-28,21.6399993896484,21.7999992370605,21.4400005340576,21.5799999237061,1207500,20.9982032775879
2024-10-29,21.7199993133545,21.8799991607666,21.4599990844727,21.4699993133545,1204300,20.891170501709
