"Date","TTEN3.SA.Open","TTEN3.SA.High","TTEN3.SA.Low","TTEN3.SA.Close","TTEN3.SA.Volume","TTEN3.SA.Adjusted"
2021-07-16,12,12.0299997329712,11.6300001144409,11.8500003814697,1860200,11.4280252456665
2021-07-19,11.8000001907349,11.8000001907349,11.4099998474121,11.5,2191600,11.0904893875122
2021-07-20,11.4099998474121,11.8000001907349,11.1999998092651,11.8000001907349,2760600,11.379807472229
2021-07-21,11.6700000762939,11.9799995422363,11.5600004196167,11.8100004196167,1646500,11.3894500732422
2021-07-22,11.789999961853,11.9399995803833,11.7200002670288,11.789999961853,1211100,11.3701629638672
2021-07-23,11.789999961853,12.0799999237061,11.5500001907349,11.6000003814697,1677300,11.1869287490845
2021-07-26,11.6599998474121,11.8999996185303,11.1000003814697,11.3999996185303,1970900,10.9940490722656
2021-07-27,NA,NA,NA,NA,NA,NA
2021-07-28,11.1700000762939,11.5600004196167,11,11.2700004577637,1388600,10.8686800003052
2021-07-29,11.2700004577637,11.4499998092651,11.1499996185303,11.3999996185303,891200,10.9940490722656
2021-07-30,11.1999998092651,11.3999996185303,10.7700004577637,11.3000001907349,2448600,10.897611618042
2021-08-02,11.25,11.3999996185303,11.1000003814697,11.1899995803833,1033700,10.7915267944336
2021-08-03,11.1800003051758,11.1899995803833,10.8500003814697,11,1362900,10.6082935333252
2021-08-04,11.0100002288818,11.2200002670288,10.9499998092651,11,1402100,10.6082935333252
2021-08-05,11.0299997329712,11.1999998092651,10.9200000762939,11,902700,10.6082935333252
2021-08-06,11,11.6000003814697,10.9899997711182,11.3000001907349,982200,10.897611618042
2021-08-09,11.3900003433228,11.9799995422363,11.3900003433228,11.9700002670288,1181100,11.5437526702881
2021-08-10,11.9700002670288,12.2299995422363,11.6999998092651,12.1700000762939,2381600,11.7366313934326
2021-08-11,11.75,12.1000003814697,11.3100004196167,11.5,1091300,11.0904893875122
2021-08-12,11.5799999237061,11.7299995422363,11.1499996185303,11.289999961853,744300,10.8879671096802
2021-08-13,11.3699998855591,11.6999998092651,11.1999998092651,11.6700000762939,901100,11.2544355392456
2021-08-16,11.710000038147,11.9300003051758,10.6099996566772,11,2092100,10.6082935333252
2021-08-17,10.9899997711182,11.1199998855591,9.90999984741211,10.4399995803833,3204800,10.0682353973389
2021-08-18,10.4499998092651,10.4899997711182,10.1099996566772,10.1800003051758,1333200,9.8174934387207
2021-08-19,9.89999961853027,10.3900003433228,9.64000034332275,10.1999998092651,2822900,9.83678150177002
2021-08-20,10.1199998855591,10.6300001144409,10.0500001907349,10.4499998092651,1311100,10.0778789520264
2021-08-23,10.5,10.6599998474121,9.89999961853027,10.1499996185303,1400100,9.78856086730957
2021-08-24,10.2399997711182,10.460000038147,10.1599998474121,10.25,887800,9.88500118255615
2021-08-25,10.2299995422363,10.3400001525879,10.1499996185303,10.289999961853,757900,9.92357730865479
2021-08-26,10.25,10.4899997711182,10.1800003051758,10.4499998092651,945800,10.0778789520264
2021-08-27,10.4499998092651,10.5,10.1000003814697,10.3000001907349,1639500,9.9332218170166
2021-08-30,10.3400001525879,10.3400001525879,10.1499996185303,10.1499996185303,536000,9.78856086730957
2021-08-31,10.1700000762939,10.25,9.76000022888184,9.92000007629395,892400,9.56675243377686
2021-09-01,9.94999980926514,10.210000038147,9.92000007629395,9.94999980926514,458100,9.59568405151367
2021-09-02,9.9399995803833,10.039999961853,9.22000026702881,9.25,2388400,8.92061138153076
2021-09-03,9.35000038146973,9.78999996185303,9.22000026702881,9.6899995803833,735000,9.34494304656982
2021-09-06,9.67000007629395,10.2600002288818,9.55000019073486,10.2600002288818,653000,9.89464569091797
2021-09-08,10.25,10.25,9.5,9.73999977111816,1161500,9.39316177368164
2021-09-09,9.76000022888184,10.0600004196167,9.55000019073486,9.89999961853027,674900,9.54746532440186
2021-09-10,10.25,10.3599996566772,9.72000026702881,9.78999996185303,654000,9.44138050079346
2021-09-13,10,10.0799999237061,9.84000015258789,9.94999980926514,403200,9.59568405151367
2021-09-14,9.98999977111816,10.4899997711182,9.97000026702881,10.4300003051758,979100,10.0585918426514
2021-09-15,10.4099998474121,10.4099998474121,10,10.3900003433228,1271900,10.0200157165527
2021-09-16,10.3400001525879,10.3400001525879,10.0500001907349,10.2600002288818,553400,9.89464569091797
2021-09-17,10.2600002288818,10.2600002288818,9.80000019073486,10.0600004196167,936900,9.70176696777344
2021-09-20,9.64999961853027,9.72999954223633,9.27000045776367,9.69999980926514,998800,9.35458660125732
2021-09-21,9.80000019073486,9.82999992370605,9.53999996185303,9.72000026702881,799400,9.37387466430664
2021-09-22,9.93000030517578,9.93000030517578,9.52999973297119,9.59000015258789,1450600,9.24850463867188
2021-09-23,9.63000011444092,9.86999988555908,9.55000019073486,9.80000019073486,796600,9.45102500915527
2021-09-24,9.69999980926514,9.94999980926514,9.61999988555908,9.6899995803833,523600,9.34494304656982
2021-09-27,9.6899995803833,10.1800003051758,9.56999969482422,10.1499996185303,935300,9.78856086730957
2021-09-28,9.96000003814697,10.0900001525879,9.72000026702881,9.92000007629395,724900,9.56675243377686
2021-09-29,9.85999965667725,10,9.67000007629395,9.72000026702881,845200,9.37387466430664
2021-09-30,9.71000003814697,9.80000019073486,8.96000003814697,9.5,2536900,9.16170883178711
2021-10-01,9.85000038146973,10.6599998474121,9.8100004196167,9.97000026702881,4637100,9.61497211456299
2021-10-04,9.94999980926514,10.0600004196167,9.1899995803833,9.1899995803833,1235100,8.86274719238281
2021-10-05,9.1899995803833,9.28999996185303,8.57999992370605,8.80000019073486,2264100,8.48663520812988
2021-10-06,8.75,9.25,8.46000003814697,9.25,1307900,8.92061138153076
2021-10-07,9.34000015258789,9.34000015258789,8.72999954223633,9,975000,8.67951393127441
2021-10-08,9.07999992370605,9.30000019073486,8.97000026702881,8.97000026702881,816500,8.6505823135376
2021-10-11,9.05000019073486,9.28999996185303,8.68000030517578,8.68000030517578,879100,8.37090873718262
2021-10-13,8.80000019073486,9.05000019073486,8.63000011444092,9.05000019073486,786000,8.72773361206055
2021-10-14,9.05000019073486,9.05000019073486,8.59000015258789,8.88000011444092,1240300,8.56378650665283
2021-10-15,8.86999988555908,9.10000038146973,8.72000026702881,9.10000038146973,795100,8.77595233917236
2021-10-18,9,9.94999980926514,8.81999969482422,9.94999980926514,1939500,9.59568405151367
2021-10-19,9.84000015258789,9.84000015258789,9.3100004196167,9.71000003814697,1103800,9.36423110961914
2021-10-20,9.64000034332275,9.6899995803833,9.31999969482422,9.52000045776367,835700,9.18099689483643
2021-10-21,9.38000011444092,9.39999961853027,8.88000011444092,9.1899995803833,1035800,8.86274719238281
2021-10-22,9,9.0600004196167,8.39999961853027,8.75,1615200,8.43841552734375
2021-10-25,8.92000007629395,9.5,8.81999969482422,9.47999954223633,1026600,9.14242076873779
2021-10-26,9.34000015258789,9.34000015258789,8.97000026702881,9.13000011444092,604300,8.80488395690918
2021-10-27,9,9.18000030517578,8.75,8.75,688100,8.43841552734375
2021-10-28,8.77999973297119,9.02999973297119,8.47999954223633,8.75,1430400,8.43841552734375
2021-10-29,8.60000038146973,8.73999977111816,8.4399995803833,8.73999977111816,838700,8.42877197265625
2021-11-01,9.17000007629395,9.17000007629395,8.39999961853027,9,1183500,8.67951393127441
2021-11-03,8.81999969482422,9.56999969482422,8.71000003814697,9.30000019073486,1113300,8.96883106231689
2021-11-04,9.32999992370605,9.52999973297119,9.05000019073486,9.52999973297119,776400,9.19063949584961
2021-11-05,9.52000045776367,9.57999992370605,9.07999992370605,9.32999992370605,1745400,8.99776268005371
2021-11-08,9.27000045776367,9.5600004196167,9.13000011444092,9.5600004196167,594200,9.21957206726074
2021-11-09,9.5600004196167,9.77000045776367,9.32999992370605,9.60000038146973,1329500,9.25814819335938
2021-11-10,9.5,9.71000003814697,9.39999961853027,9.5600004196167,8e+05,9.21957206726074
2021-11-11,9.64999961853027,10.1999998092651,9.59000015258789,9.89000034332275,1061200,9.53782176971436
2021-11-12,9.97999954223633,10.0699996948242,9.64999961853027,9.85999965667725,1359500,9.50888824462891
2021-11-16,9.85999965667725,9.85999965667725,9.42000007629395,9.56999969482422,888000,9.22921562194824
2021-11-17,9.60999965667725,9.6899995803833,8.84000015258789,8.89999961853027,1548800,8.58307361602783
2021-11-18,8.86999988555908,9.14999961853027,8.77000045776367,8.85000038146973,1142900,8.53485584259033
2021-11-19,8.84000015258789,9.0600004196167,8.69999980926514,8.85999965667725,879600,8.54449844360352
2021-11-22,8.85999965667725,8.98999977111816,8.43000030517578,8.4399995803833,1024000,8.13945388793945
2021-11-23,8.5,8.56999969482422,8.02000045776367,8.10000038146973,1128100,7.81156206130981
2021-11-24,8.10999965667725,8.5600004196167,7.82000017166138,8.4399995803833,856400,8.13945388793945
2021-11-25,8.59000015258789,8.67000007629395,8.35000038146973,8.60000038146973,631800,8.29375839233398
2021-11-26,8.39000034332275,8.56999969482422,8.13000011444092,8.34000015258789,1250900,8.04301643371582
2021-11-29,8.60999965667725,8.60999965667725,8.19999980926514,8.19999980926514,1108600,7.90800142288208
2021-11-30,8.17000007629395,8.17000007629395,7.40000009536743,7.40000009536743,4389700,7.13648843765259
2021-12-01,7.51999998092651,7.6399998664856,6.69999980926514,6.90000009536743,2446200,6.65429353713989
2021-12-02,6.98000001907349,7.44999980926514,6.8899998664856,7.3899998664856,1990000,7.12684488296509
2021-12-03,7.3899998664856,7.51000022888184,7.17999982833862,7.40000009536743,1227700,7.13648843765259
2021-12-06,7.30000019073486,7.53000020980835,7.19999980926514,7.53000020980835,798800,7.26185941696167
2021-12-07,7.59999990463257,7.84999990463257,7.3899998664856,7.44999980926514,816300,7.18470859527588
2021-12-08,7.65999984741211,8.26000022888184,7.63000011444092,8.19999980926514,983100,7.90800142288208
2021-12-09,8.14000034332275,8.46000003814697,7.94999980926514,8.25,1327600,7.95622110366821
2021-12-10,8.27000045776367,8.38000011444092,8.13000011444092,8.35000038146973,476000,8.05265998840332
2021-12-13,8.30000019073486,8.4399995803833,8.1899995803833,8.39999961853027,391800,8.10087966918945
2021-12-14,8.27999973297119,8.38000011444092,7.98000001907349,8,487100,7.71512269973755
2021-12-15,8.01000022888184,8.4399995803833,7.90000009536743,8.40999984741211,598600,8.11052322387695
2021-12-16,8.27999973297119,8.68000030517578,8.23999977111816,8.5,1058200,8.19731712341309
2021-12-17,8.47000026702881,9.38000011444092,8.1899995803833,9.36999988555908,2285900,9.03633689880371
2021-12-20,9.22999954223633,9.3100004196167,8.81999969482422,9.01000022888184,555900,8.6891565322876
2021-12-21,9,9.18000030517578,8.84000015258789,8.96000003814697,337400,8.64093780517578
2021-12-22,9.18000030517578,9.18000030517578,8.77999973297119,8.93000030517578,615200,8.61200618743896
2021-12-23,8.82999992370605,9.46000003814697,8.82999992370605,9.3100004196167,757800,8.97847461700439
2021-12-27,9.39000034332275,9.60999965667725,9.22000026702881,9.5600004196167,535100,9.21957206726074
2021-12-28,9.60000038146973,9.69999980926514,9.4399995803833,9.69999980926514,355800,9.35458660125732
2021-12-29,9.72000026702881,9.76000022888184,9.44999980926514,9.60000038146973,801900,9.25814819335938
2021-12-30,9.73999977111816,10.0500001907349,9.5600004196167,9.72999954223633,2589300,9.38351726531982
2022-01-03,9.60000038146973,9.76000022888184,8.97000026702881,9.17000007629395,864700,8.84346008300781
2022-01-04,9.36999988555908,9.36999988555908,9,9.14999961853027,402000,8.82417106628418
2022-01-05,8.97999954223633,9.14999961853027,8.4399995803833,8.4399995803833,973600,8.13945388793945
2022-01-06,8.40999984741211,8.92000007629395,8.19999980926514,8.71000003814697,527200,8.39983940124512
2022-01-07,8.51000022888184,8.90999984741211,8.42000007629395,8.80000019073486,247200,8.48663520812988
2022-01-10,8.78999996185303,8.78999996185303,8.27000045776367,8.57999992370605,637600,8.27446937561035
2022-01-11,8.38000011444092,8.65999984741211,8.18000030517578,8.35000038146973,606000,8.05265998840332
2022-01-12,8.5,8.64999961853027,8.26000022888184,8.57999992370605,374600,8.27446937561035
2022-01-13,8.44999980926514,8.48999977111816,8.27000045776367,8.39000034332275,452500,8.09123611450195
2022-01-14,8.22000026702881,8.39999961853027,8.10999965667725,8.25,485300,7.95622110366821
2022-01-17,8.10999965667725,8.52999973297119,8.07999992370605,8.52999973297119,236700,8.22624969482422
2022-01-18,8.30000019073486,8.44999980926514,8.09000015258789,8.09000015258789,618900,7.80191850662231
2022-01-19,8.21000003814697,8.86999988555908,8.10000038146973,8.86999988555908,572800,8.55414295196533
2022-01-20,8.65999984741211,9.21000003814697,8.65999984741211,9.19999980926514,510100,8.87239170074463
2022-01-21,8.92000007629395,9.14000034332275,8.60000038146973,8.93000030517578,513500,8.61200618743896
2022-01-24,8.94999980926514,8.96000003814697,8.61999988555908,8.89999961853027,456600,8.58307361602783
2022-01-25,8.80000019073486,9.25,8.75,9.25,335700,8.92061138153076
2022-01-26,9.32999992370605,9.48999977111816,9.10000038146973,9.10000038146973,458100,8.77595233917236
2022-01-27,9.10999965667725,9.27999973297119,8.9399995803833,9.27000045776367,604500,8.93989944458008
2022-01-28,9.10000038146973,9.5,8.93000030517578,9.5,382100,9.16170883178711
2022-01-31,9.6899995803833,9.9399995803833,9.34000015258789,9.80000019073486,1075300,9.45102500915527
2022-02-01,9.30000019073486,10.0600004196167,9.14999961853027,9.97000026702881,2338300,9.61497211456299
2022-02-02,10.0600004196167,10.4499998092651,10.0200004577637,10.039999961853,1130400,9.68247985839844
2022-02-03,10.1000003814697,10.1999998092651,9.76000022888184,9.76000022888184,502700,9.41244983673096
2022-02-04,10,10,9.47999954223633,9.86999988555908,515900,9.51853275299072
2022-02-07,9.88000011444092,10.1000003814697,9.69999980926514,9.71000003814697,560600,9.36423110961914
2022-02-08,9.82999992370605,9.90999984741211,9.56999969482422,9.60000038146973,328300,9.25814819335938
2022-02-09,9.64999961853027,9.94999980926514,9.64999961853027,9.72999954223633,429600,9.38351726531982
2022-02-10,9.85000038146973,10.2299995422363,9.75,9.80000019073486,564600,9.45102500915527
2022-02-11,9.97000026702881,10.1999998092651,9.60999965667725,9.63000011444092,623400,9.28707981109619
2022-02-14,9.64999961853027,9.89999961853027,9.5600004196167,9.64000034332275,564000,9.29672336578369
2022-02-15,9.75,10.1199998855591,9.72000026702881,10.1199998855591,422700,9.75963020324707
2022-02-16,10.1400003433228,10.1499996185303,9.78999996185303,9.85999965667725,368300,9.50888824462891
2022-02-17,9.89000034332275,10.1199998855591,9.82999992370605,9.85999965667725,419800,9.50888824462891
2022-02-18,10.1199998855591,10.1300001144409,9.75,9.80000019073486,774100,9.45102500915527
2022-02-21,9.97999954223633,9.97999954223633,9.14999961853027,9.47000026702881,441900,9.13277721405029
2022-02-22,9.52999973297119,9.73999977111816,9.39999961853027,9.57999992370605,505300,9.23885917663574
2022-02-23,9.64999961853027,9.76000022888184,9.52000045776367,9.52999973297119,591500,9.19063949584961
2022-02-24,9.5,10.1400003433228,9.14999961853027,9.93000030517578,1088900,9.57639598846436
2022-02-25,9.94999980926514,10.1999998092651,9.77000045776367,10.0200004577637,879400,9.66319274902344
2022-03-02,10.0500001907349,10.8999996185303,10.0500001907349,10.3999996185303,1101300,10.0296592712402
2022-03-03,10.3900003433228,11,10.3900003433228,11,2254200,10.6082935333252
2022-03-04,10.8900003433228,11.3000001907349,10.6400003433228,11,1194000,10.6082935333252
2022-03-07,10.9499998092651,11.6800003051758,10.8500003814697,11.1099996566772,2256300,10.714376449585
2022-03-08,11.1899995803833,11.2299995422363,10.3699998855591,10.3999996185303,1595500,10.0296592712402
2022-03-09,10.4499998092651,10.6700000762939,10.1199998855591,10.1800003051758,1721300,9.8174934387207
2022-03-10,10.1400003433228,10.5500001907349,10.0500001907349,10.25,1033200,9.88500118255615
2022-03-11,10.289999961853,10.4099998474121,9.80000019073486,10,1109100,9.64390277862549
2022-03-14,9.98999977111816,10.0699996948242,9.67000007629395,10,726900,9.64390277862549
2022-03-15,9.94999980926514,9.94999980926514,9.52000045776367,9.69999980926514,1588500,9.35458660125732
2022-03-16,9.77999973297119,10.039999961853,9.23999977111816,9.52000045776367,1074700,9.18099689483643
2022-03-17,9.60000038146973,9.77000045776367,9.30000019073486,9.55000019073486,1370300,9.20992755889893
2022-03-18,9.55000019073486,9.92000007629395,9.43000030517578,9.73999977111816,1880900,9.39316177368164
2022-03-21,9.73999977111816,9.90999984741211,9.05000019073486,9.18000030517578,1726100,8.85310459136963
2022-03-22,9.22999954223633,9.44999980926514,9.05000019073486,9.38000011444092,1100700,9.04598236083984
2022-03-23,9.39000034332275,9.64000034332275,9.31999969482422,9.63000011444092,918600,9.28707981109619
2022-03-24,9.64999961853027,9.80000019073486,9.5,9.75,787300,9.40280628204346
2022-03-25,9.77999973297119,9.93000030517578,9.5600004196167,9.93000030517578,1591400,9.57639598846436
2022-03-28,10,10.0500001907349,9.60999965667725,9.60999965667725,2037800,9.26779079437256
2022-03-29,9.67000007629395,10.25,9.63000011444092,10.1000003814697,2330400,9.74034404754639
2022-03-30,10.1700000762939,10.2700004577637,9.77000045776367,9.86999988555908,842500,9.51853275299072
2022-03-31,9.89999961853027,10.0100002288818,9.71000003814697,9.85000038146973,1085600,9.49924564361572
2022-04-01,9.94999980926514,10.1800003051758,9.92000007629395,10.039999961853,523600,9.68247985839844
2022-04-04,10.0500001907349,10.1400003433228,9.85000038146973,9.98999977111816,369500,9.63425922393799
2022-04-05,10,10.1099996566772,9.63000011444092,9.63000011444092,811400,9.28707981109619
2022-04-06,9.61999988555908,9.61999988555908,8.89999961853027,9.06999969482422,3233100,8.74702072143555
2022-04-07,9.05000019073486,9.19999980926514,8.63000011444092,9.11999988555908,2813000,8.79524040222168
2022-04-08,9.10000038146973,9.15999984741211,8.9399995803833,9.05000019073486,646400,8.72773361206055
2022-04-11,8.98999977111816,9.0600004196167,8.90999984741211,8.97999954223633,886200,8.66022491455078
2022-04-12,9.07999992370605,9.40999984741211,8.98999977111816,9.17000007629395,858400,8.84346008300781
2022-04-13,9.17000007629395,9.25,8.94999980926514,9,636200,8.67951393127441
2022-04-14,9,9.14999961853027,8.85000038146973,8.85999965667725,585000,8.54449844360352
2022-04-18,8.85999965667725,9.17000007629395,8.69999980926514,9.02000045776367,1267900,8.69880104064941
2022-04-19,9,9.1899995803833,8.96000003814697,9.18000030517578,471500,8.85310459136963
2022-04-20,9.19999980926514,9.27000045776367,9.10000038146973,9.25,389100,8.92061138153076
2022-04-22,9.23999977111816,9.23999977111816,8.93000030517578,9.03999996185303,524400,8.71808910369873
2022-04-25,9.02000045776367,9.14000034332275,8.8100004196167,9.06999969482422,796300,8.74702072143555
2022-04-26,9,9.18000030517578,8.80000019073486,8.89999961853027,913700,8.58307361602783
2022-04-27,8.92000007629395,9.09000015258789,8.8100004196167,8.86999988555908,863600,8.55414295196533
2022-04-28,8.90999984741211,8.94999980926514,8.69999980926514,8.82999992370605,569100,8.5302848815918
2022-04-29,8.94999980926514,9.26000022888184,8.77999973297119,9.0600004196167,1623200,8.75247859954834
2022-05-02,9.02999973297119,9.23999977111816,8.69999980926514,8.94999980926514,1415000,8.64621162414551
2022-05-03,8.9399995803833,9.02000045776367,8.72999954223633,8.88000011444092,495500,8.57858753204346
2022-05-04,8.81999969482422,9.31999969482422,8.64000034332275,9.31999969482422,1165300,9.00365257263184
2022-05-05,9.27000045776367,9.27000045776367,8.47999954223633,8.90999984741211,1661900,8.60756969451904
2022-05-06,8.89999961853027,8.89999961853027,8.26000022888184,8.34000015258789,2883100,8.05691719055176
2022-05-09,8.25,8.38000011444092,7.98000001907349,8.13000011444092,1486700,7.85404491424561
2022-05-10,8.25,8.55000019073486,8.25,8.51000022888184,1647200,8.22114658355713
2022-05-11,8.44999980926514,8.60000038146973,8.38000011444092,8.39999961853027,607100,8.1148796081543
2022-05-12,8.30000019073486,8.78999996185303,8.30000019073486,8.73999977111816,593600,8.44333934783936
2022-05-13,8.89999961853027,9.03999996185303,8.75,8.85000038146973,566700,8.54960632324219
2022-05-16,8.85000038146973,8.96000003814697,8.72000026702881,8.96000003814697,606000,8.6558723449707
2022-05-17,8.97000026702881,9.14999961853027,8.89999961853027,9.10000038146973,402200,8.7911205291748
2022-05-18,9.06999969482422,9.09000015258789,8.72999954223633,9,2469900,8.69451522827148
2022-05-19,8.97000026702881,9,8.68000030517578,8.89999961853027,953700,8.59790802001953
2022-05-20,8.90999984741211,9,8.72000026702881,8.80000019073486,843300,8.50130367279053
2022-05-23,8.85999965667725,9,8.73999977111816,8.76000022888184,637000,8.46266078948975
2022-05-24,8.78999996185303,9.23999977111816,8.76000022888184,9.21000003814697,1808700,8.89738655090332
2022-05-25,9.21000003814697,9.30000019073486,9.10000038146973,9.19999980926514,467200,8.88772583007812
2022-05-26,9.11999988555908,9.27999973297119,8.97999954223633,9.07999992370605,520300,8.7717981338501
2022-05-27,9.07999992370605,9.22000026702881,9.05000019073486,9.14999961853027,455700,8.83942317962646
2022-05-30,9.15999984741211,9.48999977111816,9.11999988555908,9.40999984741211,1201000,9.09059810638428
2022-05-31,9.40999984741211,9.60999965667725,9.31999969482422,9.60000038146973,781800,9.27414894104004
2022-06-01,9.5600004196167,9.75,9.47999954223633,9.75,899600,9.41905784606934
2022-06-02,9.75,9.75,9.38000011444092,9.39999961853027,493000,9.08093643188477
2022-06-03,9.39000034332275,9.44999980926514,9.3100004196167,9.35999965667725,360800,9.0422945022583
2022-06-06,9.39000034332275,9.42000007629395,8.96000003814697,8.96000003814697,417700,8.6558723449707
2022-06-07,8.93000030517578,8.97999954223633,8.8100004196167,8.92000007629395,382400,8.61723041534424
2022-06-08,8.86999988555908,8.93000030517578,8.77000045776367,8.8100004196167,446200,8.51096439361572
2022-06-09,8.81999969482422,8.98999977111816,8.69999980926514,8.82999992370605,539200,8.5302848815918
2022-06-10,8.77999973297119,8.80000019073486,8.39999961853027,8.63000011444092,943000,8.33707332611084
2022-06-13,8.51000022888184,8.57999992370605,8.23999977111816,8.47999954223633,691400,8.19216442108154
2022-06-14,8.5,8.5600004196167,8.25,8.36999988555908,417100,8.08589839935303
2022-06-15,8.51000022888184,8.51000022888184,8.11999988555908,8.27000045776367,1106400,7.98929405212402
2022-06-17,8.14999961853027,8.5600004196167,8.05000019073486,8.5600004196167,874400,8.26944923400879
2022-06-20,8.55000019073486,8.6899995803833,8.31999969482422,8.40999984741211,482000,8.12454128265381
2022-06-21,8.46000003814697,8.51000022888184,8.1899995803833,8.34000015258789,525900,8.05691719055176
2022-06-22,8.22000026702881,8.48999977111816,8.22000026702881,8.35000038146973,425200,8.06657791137695
2022-06-23,8.38000011444092,8.57999992370605,8.32999992370605,8.39999961853027,606400,8.1148796081543
2022-06-24,8.4399995803833,8.4399995803833,8.02000045776367,8.10000038146973,768900,7.82506370544434
2022-06-27,8.09000015258789,8.1899995803833,8.05000019073486,8.14000034332275,460100,7.86370611190796
2022-06-28,8.21000003814697,8.21000003814697,8,8,402200,7.7284574508667
2022-06-29,8.02999973297119,8.0600004196167,7.84999990463257,8,343500,7.7284574508667
2022-06-30,8.02000045776367,8.06999969482422,7.84000015258789,8,843800,7.7284574508667
2022-07-01,7.98000001907349,8.35999965667725,7.94999980926514,8.27999973297119,579100,7.99895334243774
2022-07-04,8.3100004196167,8.46000003814697,8.27999973297119,8.28999996185303,359700,8.0086145401001
2022-07-05,8.27999973297119,8.34000015258789,7.78999996185303,7.98000001907349,1218800,7.70913648605347
2022-07-06,8,8.21000003814697,7.88000011444092,8.15999984741211,605500,7.88302707672119
2022-07-07,8.21000003814697,8.35000038146973,8.09000015258789,8.15999984741211,561600,7.88302707672119
2022-07-08,8.22000026702881,8.35000038146973,8.01000022888184,8.10999965667725,872000,7.83472299575806
2022-07-11,8.07999992370605,8.13000011444092,7.92000007629395,7.98000001907349,463200,7.70913648605347
2022-07-12,8,8,7.80999994277954,7.90000009536743,423900,7.63185167312622
2022-07-13,7.90000009536743,8,7.82999992370605,7.84999990463257,356600,7.58354902267456
2022-07-14,7.82999992370605,7.98999977111816,7.71000003814697,7.96999979019165,567500,7.69947576522827
2022-07-15,8.10000038146973,8.27999973297119,7.90000009536743,8.22000026702881,1244500,7.94099092483521
2022-07-18,8.30000019073486,8.46000003814697,8.25,8.3100004196167,436400,8.02793598175049
2022-07-19,8.40999984741211,8.53999996185303,8.22000026702881,8.40999984741211,1332800,8.12454128265381
2022-07-20,8.42000007629395,8.6899995803833,8.39999961853027,8.67000007629395,706800,8.37571620941162
2022-07-21,8.69999980926514,8.73999977111816,8.52000045776367,8.6899995803833,365000,8.3950366973877
2022-07-22,8.69999980926514,8.85999965667725,8.60999965667725,8.82999992370605,477800,8.5302848815918
2022-07-25,8.86999988555908,8.9399995803833,8.77999973297119,8.8100004196167,432200,8.51096439361572
2022-07-26,8.92000007629395,8.92000007629395,8.71000003814697,8.81999969482422,348300,8.52062320709229
2022-07-27,8.85000038146973,9.14000034332275,8.84000015258789,9.14000034332275,386300,8.82976245880127
2022-07-28,9.14000034332275,9.22000026702881,9.0600004196167,9.11999988555908,534800,8.81044101715088
2022-07-29,9.15999984741211,9.22999954223633,9.0600004196167,9.18000030517578,315600,8.86840534210205
2022-08-01,9,9.26000022888184,9,9.15999984741211,460600,8.84908294677734
2022-08-02,9.25,9.25,9.10000038146973,9.21000003814697,388300,8.89738655090332
2022-08-03,9.22000026702881,9.39999961853027,9.18000030517578,9.3100004196167,380000,8.99399280548096
2022-08-04,9.35000038146973,9.60000038146973,9.17000007629395,9.35000038146973,2219200,9.03263473510742
2022-08-05,9.35000038146973,9.47999954223633,9.18000030517578,9.4399995803833,499800,9.11957931518555
2022-08-08,9.51000022888184,9.80000019073486,9.5,9.61999988555908,1051800,9.29346942901611
2022-08-09,9.61999988555908,9.71000003814697,9.1899995803833,9.3100004196167,969700,8.99399280548096
2022-08-10,9.35999965667725,9.64999961853027,9.31999969482422,9.56999969482422,1115400,9.24516773223877
2022-08-11,9.64000034332275,9.88000011444092,9.52999973297119,9.81999969482422,866000,9.48668098449707
2022-08-12,9.85999965667725,10.1800003051758,9.72999954223633,10.039999961853,1062500,9.69921398162842
2022-08-15,9.96000003814697,10.4399995803833,9.77000045776367,10.2600002288818,986400,9.91174697875977
2022-08-16,10.210000038147,10.3599996566772,10.0299997329712,10.3500003814697,795900,9.99869155883789
2022-08-17,10.3500003814697,10.5200004577637,10.1400003433228,10.1499996185303,836200,9.80548000335693
2022-08-18,10.1499996185303,10.2700004577637,9.9399995803833,10,588300,9.66057109832764
2022-08-19,9.97000026702881,10,9.72999954223633,9.89000034332275,599500,9.55430507659912
2022-08-22,10,10.5600004196167,10,10.3199996948242,3562300,9.9697093963623
2022-08-23,10.3900003433228,10.5500001907349,10.2600002288818,10.3599996566772,1469800,10.0083522796631
2022-08-24,10.3599996566772,10.7200002670288,10.289999961853,10.5299997329712,2463100,10.1725816726685
2022-08-25,10.539999961853,10.8999996185303,10.539999961853,10.6999998092651,3143000,10.3368110656738
2022-08-26,10.7600002288818,11,10.6400003433228,10.9399995803833,2236400,10.5686655044556
2022-08-29,10.9099998474121,11.2399997711182,10.8900003433228,11.1099996566772,1478600,10.7328948974609
2022-08-30,11.1599998474121,11.3699998855591,11.0100002288818,11.1499996185303,1487400,10.7715377807617
2022-08-31,11.210000038147,11.2799997329712,10.8299999237061,10.9099998474121,1889200,10.53968334198
2022-09-01,10.9200000762939,11.2299995422363,10.8900003433228,11.1800003051758,1718800,10.8005199432373
2022-09-02,11.289999961853,11.5,11.1999998092651,11.3000001907349,1455600,10.916446685791
2022-09-05,11.3000001907349,11.4700002670288,11.2299995422363,11.3000001907349,1271300,10.916446685791
2022-09-06,11.1599998474121,11.2799997329712,10.8500003814697,11.0100002288818,2145500,10.6362895965576
2022-09-08,11.1000003814697,11.2700004577637,10.9899997711182,11.1499996185303,1747800,10.7715377807617
2022-09-09,11.2200002670288,11.2799997329712,10.8699998855591,11.1000003814697,3203400,10.7232351303101
2022-09-12,11.2200002670288,11.3199996948242,11.0500001907349,11.1599998474121,2300200,10.7811975479126
2022-09-13,11,11.0900001525879,10.6599998474121,10.710000038147,3308200,10.346471786499
2022-09-14,10.6800003051758,10.7600002288818,10.3299999237061,10.3800001144409,2762800,10.0276737213135
2022-09-15,10.3699998855591,10.5,10.0100002288818,10.3400001525879,3220000,9.98903179168701
2022-09-16,10.3199996948242,10.4799995422363,10.1000003814697,10.25,23565900,9.90208530426025
2022-09-19,10.1999998092651,10.8800001144409,10.1999998092651,10.789999961853,1618500,10.4237565994263
2022-09-20,10.7700004577637,11.1000003814697,10.7700004577637,11.0100002288818,898100,10.6362895965576
2022-09-21,11.0200004577637,11.25,10.9899997711182,11.2299995422363,762600,10.8488206863403
2022-09-22,11.3500003814697,11.6199998855591,11.1499996185303,11.3900003433228,1968500,11.0033912658691
2022-09-23,11.210000038147,11.6800003051758,11.210000038147,11.6800003051758,831800,11.2835483551025
2022-09-26,11.539999961853,11.539999961853,10.710000038147,10.8500003814697,1797600,10.4817199707031
2022-09-27,10.9700002670288,10.9700002670288,10.6199998855591,10.6199998855591,933400,10.2595272064209
2022-09-28,10.6000003814697,10.7700004577637,10.5299997329712,10.7399997711182,1057400,10.3754539489746
2022-09-29,10.6300001144409,10.7399997711182,10.4399995803833,10.5699996948242,887800,10.2112236022949
2022-09-30,10.5200004577637,11.0299997329712,10.4700002670288,11,1123800,10.6266288757324
2022-10-03,11.1499996185303,11.5600004196167,11.1499996185303,11.5100002288818,1370100,11.1193180084229
2022-10-04,11.6300001144409,12.3299999237061,11.5699996948242,12.2200002670288,2207300,11.8052196502686
2022-10-05,12.210000038147,12.3900003433228,12.0200004577637,12.1400003433228,844900,11.7279348373413
2022-10-06,12.1700000762939,12.6599998474121,12.1700000762939,12.5699996948242,1119400,12.1433391571045
2022-10-07,12.5,12.8199996948242,12.3999996185303,12.7700004577637,1386800,12.3365507125854
2022-10-10,12.8500003814697,13.6400003433228,12.8000001907349,13.3100004196167,3199300,12.8582210540771
2022-10-11,13.2700004577637,13.4799995422363,13.1800003051758,13.25,1714000,12.8002576828003
2022-10-13,13.0100002288818,13.539999961853,12.960000038147,13.3500003814697,1903500,12.8968639373779
2022-10-14,13.3999996185303,13.5,13.0600004196167,13.1499996185303,1153200,12.7036514282227
2022-10-17,13.0799999237061,13.2299995422363,12.6700000762939,12.6700000762939,1660600,12.2399444580078
2022-10-18,12.8100004196167,12.8900003433228,12.4799995422363,12.8500003814697,734800,12.4138345718384
2022-10-19,12.8599996566772,13.0900001525879,12.7799997329712,12.9099998474121,1459700,12.4717988967896
2022-10-20,12.9200000762939,12.9200000762939,12.4399995803833,12.6099996566772,1105900,12.1819801330566
2022-10-21,12.5100002288818,12.710000038147,12.3900003433228,12.5900001525879,644800,12.1626596450806
2022-10-24,12.5900001525879,12.5900001525879,11.9700002670288,12.1300001144409,1690500,11.7182731628418
2022-10-25,12.1099996566772,12.3100004196167,12,12.1300001144409,867400,11.7182731628418
2022-10-26,12.039999961853,12.2200002670288,11.8599996566772,11.960000038147,2001300,11.5540437698364
2022-10-27,11.9899997711182,12.3599996566772,11.8599996566772,12.2799997329712,1072000,11.8631811141968
2022-10-28,12.1300001144409,12.3199996948242,12,12.2600002288818,843000,11.8438606262207
2022-10-31,12,12.7600002288818,11.8900003433228,12.6800003051758,1250300,12.249605178833
2022-11-01,12.7799997329712,13.1499996185303,12.5299997329712,12.960000038147,1158800,12.5201005935669
2022-11-03,12.789999961853,13.289999961853,12.7299995422363,12.960000038147,2349600,12.5201005935669
2022-11-04,13.1800003051758,14,13.1800003051758,13.5200004577637,2316800,13.0610933303833
2022-11-07,13.6499996185303,13.6499996185303,12.4499998092651,12.7399997711182,1308000,12.3075675964355
2022-11-08,12.4499998092651,12.4499998092651,11.6199998855591,12.1300001144409,3838800,11.7182731628418
2022-11-09,12.039999961853,12.3000001907349,11.8500003814697,12,2060600,11.5926866531372
2022-11-10,11.7299995422363,11.9099998474121,11.2299995422363,11.539999961853,1319500,11.1483001708984
2022-11-11,11.539999961853,12.2299995422363,11.1800003051758,12.0100002288818,1908800,11.6023464202881
2022-11-14,12.1899995803833,12.210000038147,11.8199996948242,11.9899997711182,714700,11.583025932312
2022-11-16,11.9799995422363,12.039999961853,11.4300003051758,11.6099996566772,956000,11.2159242630005
2022-11-17,11.5,11.5,10.7299995422363,11.1300001144409,1566300,10.7522163391113
2022-11-18,11.3100004196167,11.5200004577637,10.9499998092651,11.1400003433228,1685000,10.7618780136108
2022-11-21,11.1999998092651,11.4399995803833,10.9899997711182,11.3000001907349,1320900,10.916446685791
2022-11-22,11.3299999237061,11.4200000762939,10.4499998092651,10.7700004577637,1839100,10.4044351577759
2022-11-23,10.7399997711182,10.8299999237061,10.5100002288818,10.7600002288818,695800,10.3947763442993
2022-11-24,10.9399995803833,11.210000038147,10.8100004196167,11.0799999237061,365600,10.7039136886597
2022-11-25,11.0500001907349,11.1099996566772,10.6800003051758,10.8400001525879,526900,10.4720602035522
2022-11-28,10.9799995422363,11.0200004577637,10.6199998855591,10.8299999237061,1054500,10.4623985290527
2022-11-29,10.8699998855591,11.25,10.789999961853,11.1999998092651,809000,10.8198404312134
2022-11-30,11.2399997711182,11.2700004577637,10.7799997329712,11.0900001525879,1164200,10.7135734558105
2022-12-01,11.0500001907349,11.3500003814697,10.9399995803833,11.0600004196167,803000,10.6845932006836
2022-12-02,11.0799999237061,11.3299999237061,11,11.2600002288818,468000,10.8778047561646
2022-12-05,11.1800003051758,11.1899995803833,10.7600002288818,10.789999961853,492500,10.4237565994263
2022-12-06,10.8599996566772,10.8699998855591,10.5799999237061,10.6700000762939,1407400,10.3078298568726
2022-12-07,10.6400003433228,10.8500003814697,10.5100002288818,10.7299995422363,1000200,10.3657922744751
2022-12-08,10.6999998092651,10.7299995422363,9.52999973297119,9.61999988555908,3127800,9.29346942901611
2022-12-09,9.73999977111816,9.73999977111816,8.77999973297119,8.96000003814697,4545500,8.6558723449707
2022-12-12,8.96000003814697,9.1899995803833,8.56999969482422,8.69999980926514,2046700,8.40469646453857
2022-12-13,8.76000022888184,8.89000034332275,8.46000003814697,8.52999973297119,1864300,8.24046802520752
2022-12-14,8.44999980926514,8.80000019073486,8.22999954223633,8.72999954223633,958200,8.43367958068848
2022-12-15,8.68000030517578,8.89000034332275,8.56999969482422,8.63000011444092,523200,8.33707332611084
2022-12-16,8.61999988555908,8.61999988555908,8.27999973297119,8.35999965667725,1031500,8.07623672485352
2022-12-19,8.48999977111816,8.65999984741211,8.22000026702881,8.59000015258789,938400,8.29843139648438
2022-12-20,8.65999984741211,9.02999973297119,8.40999984741211,8.96000003814697,1271900,8.6558723449707
2022-12-21,9.14999961853027,9.14999961853027,8.86999988555908,8.96000003814697,2305000,8.6558723449707
2022-12-22,9.01000022888184,9.39000034332275,8.94999980926514,9.27000045776367,1177600,8.95535087585449
2022-12-23,9.47999954223633,9.65999984741211,9.25,9.38000011444092,1112700,9.06161689758301
2022-12-26,9.38000011444092,9.47000026702881,9.11999988555908,9.35000038146973,559800,9.03263473510742
2022-12-27,9.38000011444092,9.38000011444092,9.05000019073486,9.14999961853027,714900,8.83942317962646
2022-12-28,9.17000007629395,9.57999992370605,9.17000007629395,9.5,636800,9.17754364013672
2022-12-29,9.51000022888184,9.61999988555908,9.21000003814697,9.31999969482422,943700,9.00365257263184
2023-01-02,9.64999961853027,9.64999961853027,9.06999969482422,9.35999965667725,701700,9.0422945022583
2023-01-03,9.36999988555908,9.4399995803833,8.52999973297119,8.55000019073486,2218600,8.25978946685791
2023-01-04,8.5600004196167,8.75,8.11999988555908,8.61999988555908,1649600,8.32741165161133
2023-01-05,8.51000022888184,8.86999988555908,8.43000030517578,8.61999988555908,1205800,8.32741165161133
2023-01-06,8.53999996185303,8.75,8.46000003814697,8.69999980926514,920300,8.40469646453857
2023-01-09,8.6899995803833,8.6899995803833,8.35000038146973,8.61999988555908,976100,8.32741165161133
2023-01-10,8.61999988555908,8.88000011444092,8.43000030517578,8.85999965667725,1348400,8.55926609039307
2023-01-11,8.85999965667725,9.25,8.77000045776367,9.17000007629395,1151200,8.85874462127686
2023-01-12,9.17000007629395,9.26000022888184,8.93000030517578,9,557900,8.69451522827148
2023-01-13,8.89999961853027,9.15999984741211,8.77000045776367,9.10000038146973,947700,8.7911205291748
2023-01-16,9.10000038146973,9.27000045776367,8.96000003814697,9.10000038146973,350100,8.7911205291748
2023-01-17,9.09000015258789,9.28999996185303,9.06999969482422,9.25,795600,8.9360294342041
2023-01-18,9.35999965667725,9.6899995803833,9.28999996185303,9.60000038146973,1416100,9.27414894104004
2023-01-19,9.5600004196167,9.96000003814697,9.36999988555908,9.81999969482422,1044900,9.48668098449707
2023-01-20,9.80000019073486,9.80000019073486,9.55000019073486,9.57999992370605,471500,9.25482749938965
2023-01-23,9.57999992370605,9.69999980926514,9.39999961853027,9.44999980926514,2588300,9.12924098968506
2023-01-24,9.44999980926514,9.77999973297119,9.39999961853027,9.63000011444092,626900,9.30313110351562
2023-01-25,9.67000007629395,10.1199998855591,9.63000011444092,9.82999992370605,1379500,9.49634170532227
2023-01-26,9.90999984741211,10.0500001907349,9.68000030517578,9.85999965667725,763900,9.52532291412354
2023-01-27,9.86999988555908,9.92000007629395,9.64999961853027,9.76000022888184,1344500,9.42871856689453
2023-01-30,9.88000011444092,9.88000011444092,9.56999969482422,9.64999961853027,487300,9.32245254516602
2023-01-31,9.63000011444092,10.3000001907349,9.57999992370605,10.1199998855591,1097300,9.77649784088135
2023-02-01,10.1800003051758,10.25,9.68000030517578,9.97999954223633,1672300,9.64125061035156
2023-02-02,9.85000038146973,10.5299997329712,9.85000038146973,10.3800001144409,1170500,10.0276737213135
2023-02-03,10.3900003433228,10.789999961853,10.0799999237061,10.1999998092651,1779700,9.85378265380859
2023-02-06,10.2600002288818,10.2799997329712,9.80000019073486,9.90999984741211,934400,9.57362651824951
2023-02-07,9.90999984741211,10.0299997329712,9.77999973297119,9.97999954223633,767300,9.64125061035156
2023-02-08,10.0500001907349,10.7399997711182,9.94999980926514,10.6499996185303,4449800,10.2885084152222
2023-02-09,10.6599998474121,10.7799997329712,10.4499998092651,10.5500001907349,2762200,10.1919031143188
2023-02-10,10.7399997711182,12.6300001144409,10.539999961853,12.3500003814697,6265700,11.9308061599731
2023-02-13,12.3599996566772,12.5500001907349,11.8800001144409,12.25,1853700,11.8342008590698
2023-02-14,12.25,12.4099998474121,12,12.0799999237061,1108100,11.6699705123901
2023-02-15,12.1000003814697,12.8800001144409,11.9300003051758,12.75,1577200,12.4357852935791
2023-02-16,12.75,12.9200000762939,12.3999996185303,12.7700004577637,1075500,12.4552927017212
2023-02-17,12.6599998474121,12.9200000762939,12.460000038147,12.6199998855591,606500,12.308988571167
2023-02-22,12.6199998855591,12.789999961853,12.4899997711182,12.6599998474121,648400,12.3480024337769
2023-02-23,12.6599998474121,12.7399997711182,12.3199996948242,12.4099998474121,836500,12.1041641235352
2023-02-24,12.4099998474121,12.960000038147,12.3999996185303,12.7700004577637,884700,12.4552927017212
2023-02-27,12.8500003814697,12.8999996185303,12.2600002288818,12.5699996948242,596200,12.2602214813232
2023-02-28,12.5699996948242,12.8500003814697,12.4899997711182,12.7399997711182,1495100,12.4260311126709
2023-03-01,12.9099998474121,12.9099998474121,12.3999996185303,12.4899997711182,1002100,12.1821928024292
2023-03-02,12.4700002670288,12.7399997711182,12.3199996948242,12.3400001525879,976300,12.0358896255493
2023-03-03,12.3900003433228,12.6400003433228,12.3299999237061,12.4799995422363,523700,12.172438621521
2023-03-06,12.4799995422363,12.710000038147,12.4700002670288,12.5799999237061,459400,12.2699747085571
2023-03-07,12.6000003814697,12.7600002288818,12.4499998092651,12.7600002288818,539100,12.4455394744873
2023-03-08,12.7600002288818,13.210000038147,12.7200002670288,13.0699996948242,1298300,12.747899055481
2023-03-09,13.1000003814697,13.4799995422363,13.0699996948242,13.2799997329712,751100,12.9527235031128
2023-03-10,13.2799997329712,13.2799997329712,12.5299997329712,13.0600004196167,1250100,12.7381458282471
2023-03-13,12.9899997711182,13.210000038147,12.75,13.0299997329712,842900,12.7088851928711
2023-03-14,13,13.1800003051758,12.8299999237061,12.8599996566772,557800,12.5430736541748
2023-03-15,12.6499996185303,12.8699998855591,12.5799999237061,12.6899995803833,490300,12.3772630691528
2023-03-16,12.6300001144409,12.789999961853,12.460000038147,12.789999961853,673600,12.474799156189
2023-03-17,12.7700004577637,12.8000001907349,12.1199998855591,12.4899997711182,1227800,12.1821928024292
2023-03-20,12.4899997711182,12.5200004577637,12.0900001525879,12.1899995803833,673300,11.8895854949951
2023-03-21,12.1999998092651,12.4499998092651,12.0799999237061,12.3199996948242,825800,12.0163822174072
2023-03-22,12.3100004196167,12.4700002670288,12.0500001907349,12.289999961853,425200,11.9871215820312
2023-03-23,12.289999961853,12.3199996948242,11.6199998855591,12.1199998855591,1469800,11.8213109970093
2023-03-24,12.1199998855591,12.7700004577637,12.1000003814697,12.6199998855591,1148500,12.308988571167
2023-03-27,12.6599998474121,13.0100002288818,12.5799999237061,12.8599996566772,904200,12.5430736541748
2023-03-28,12.8299999237061,13.0900001525879,12.5900001525879,12.6300001144409,533500,12.3187427520752
2023-03-29,12.6400003433228,12.6800003051758,12.3100004196167,12.6700000762939,786400,12.3577566146851
2023-03-30,12.8500003814697,12.8900003433228,12.5900001525879,12.6099996566772,418800,12.2992343902588
2023-03-31,12.6899995803833,12.6899995803833,12.0299997329712,12.210000038147,681400,11.9090929031372
2023-04-03,12.2200002670288,12.2799997329712,12,12.1899995803833,698600,11.8895854949951
2023-04-04,12.1099996566772,12.3800001144409,12,12.3800001144409,658900,12.0749034881592
2023-04-05,12.3900003433228,12.5299997329712,11.8800001144409,11.8900003433228,1050300,11.5969791412354
2023-04-06,11.8500003814697,12,11.1999998092651,11.3500003814697,1498300,11.0702867507935
2023-04-10,11.2799997329712,11.5299997329712,11.0799999237061,11.2799997329712,898500,11.0020122528076
2023-04-11,11.3599996566772,11.9799995422363,11.3400001525879,11.8999996185303,1644800,11.6067323684692
2023-04-12,11.9499998092651,12.1099996566772,11.6999998092651,11.8299999237061,1018600,11.5384578704834
2023-04-13,11.8299999237061,11.9899997711182,11.4799995422363,11.5500001907349,1017000,11.2653579711914
2023-04-14,11.5299997329712,11.8900003433228,11.3599996566772,11.8000001907349,557800,11.5091981887817
2023-04-17,11.8199996948242,11.8199996948242,11.3800001144409,11.5299997329712,743900,11.2458515167236
2023-04-18,11.5600004196167,11.5600004196167,11.1400003433228,11.3800001144409,1002000,11.0995483398438
2023-04-19,11.3000001907349,11.3199996948242,10.8299999237061,10.960000038147,1559600,10.6898975372314
2023-04-20,11.0500001907349,11.0500001907349,10.7799997329712,11.0100002288818,869600,10.7386665344238
2023-04-24,11.0500001907349,11.1400003433228,10.6999998092651,10.8400001525879,936300,10.5728559494019
2023-04-25,10.789999961853,10.8699998855591,10.5,10.8100004196167,957800,10.5435953140259
2023-04-26,10.8199996948242,10.8199996948242,10.5600004196167,10.7700004577637,922200,10.5045804977417
2023-04-27,10.789999961853,10.789999961853,10.3999996185303,10.7700004577637,1013800,10.5045804977417
2023-04-28,10.8199996948242,10.8500003814697,10.3999996185303,10.8500003814697,1373000,10.5826091766357
2023-05-02,10.8100004196167,10.8500003814697,10.5299997329712,10.6700000762939,1380400,10.4070453643799
2023-05-03,10.6999998092651,10.75,10.539999961853,10.6999998092651,746500,10.4363050460815
2023-05-04,10.8199996948242,11.3299999237061,10.75,11.1800003051758,3586100,10.9044771194458
2023-05-05,11.3000001907349,11.4700002670288,10.6499996185303,11.3400001525879,3364500,11.0605344772339
2023-05-08,11.4099998474121,11.4899997711182,11.1000003814697,11.2399997711182,904100,10.9629974365234
2023-05-09,11.1099996566772,11.2399997711182,10.9099998474121,11.1999998092651,1390300,10.9239835739136
2023-05-10,11.2399997711182,11.5,11.0900001525879,11.3699998855591,1956200,11.0897941589355
2023-05-11,11.2600002288818,11.6400003433228,11.1599998474121,11.4499998092651,1633000,11.1678228378296
2023-05-12,11.4399995803833,11.5799999237061,11.2399997711182,11.3400001525879,444200,11.0605344772339
2023-05-15,11.3100004196167,11.7299995422363,11.2600002288818,11.6000003814697,834800,11.3141269683838
2023-05-16,11.6000003814697,11.6400003433228,11.3800001144409,11.4799995422363,1361600,11.1970834732056
2023-05-17,11.6000003814697,11.75,11.4300003051758,11.6999998092651,1060100,11.4116611480713
2023-05-18,11.6899995803833,12,11.5500001907349,11.8999996185303,1431600,11.6067323684692
2023-05-19,11.9099998474121,12.1700000762939,11.8299999237061,11.8299999237061,1223300,11.5384578704834
2023-05-22,11.8299999237061,12.1300001144409,11.8299999237061,11.9700002670288,762900,11.6750078201294
2023-05-23,12,12.3500003814697,11.710000038147,12.1499996185303,1828000,11.8505706787109
2023-05-24,12.1800003051758,12.3999996185303,11.9300003051758,12.0900001525879,1282300,11.7920503616333
2023-05-25,12.210000038147,12.4499998092651,12.1499996185303,12.25,608500,11.9481077194214
2023-05-26,12.3199996948242,12.6099996566772,12.0500001907349,12.2799997329712,950700,11.977367401123
2023-05-29,12.3199996948242,12.3800001144409,12.1000003814697,12.210000038147,528200,11.9090929031372
2023-05-30,12.210000038147,12.3199996948242,11.8900003433228,12.1099996566772,863800,11.8115577697754
2023-05-31,12,12.210000038147,11.8900003433228,11.8999996185303,1262900,11.6067323684692
2023-06-01,12.1999998092651,12.7600002288818,12.1499996185303,12.5,3353500,12.1919460296631
2023-06-02,12.6000003814697,12.7200002670288,12.2600002288818,12.4700002670288,1034800,12.1626853942871
2023-06-05,12.6099996566772,12.9099998474121,12.5699996948242,12.7200002670288,974800,12.4065246582031
2023-06-06,12.6800003051758,12.9200000762939,12.6800003051758,12.7299995422363,960600,12.4162769317627
2023-06-07,12.8400001525879,13.0299997329712,12.6400003433228,12.710000038147,639400,12.3967714309692
2023-06-09,12.710000038147,12.8599996566772,12.5200004577637,12.6099996566772,528000,12.2992343902588
2023-06-12,12.6599998474121,12.6700000762939,12.3999996185303,12.6000003814697,535500,12.2894821166992
2023-06-13,12.6300001144409,12.7399997711182,12.3000001907349,12.5500001907349,916100,12.2407140731812
2023-06-14,12.5600004196167,12.7299995422363,12.3599996566772,12.4700002670288,620000,12.1626853942871
2023-06-15,12.4899997711182,12.5799999237061,12.3500003814697,12.4200000762939,548800,12.113917350769
2023-06-16,12.3699998855591,12.4300003051758,12.1999998092651,12.4300003051758,862500,12.1236715316772
2023-06-19,12.5200004577637,12.5200004577637,12.3400001525879,12.4300003051758,414000,12.1236715316772
2023-06-20,12.3800001144409,12.6700000762939,12.2600002288818,12.6400003433228,606900,12.3284969329834
2023-06-21,12.6800003051758,12.7299995422363,12.4399995803833,12.6800003051758,537800,12.3675107955933
2023-06-22,12.6800003051758,12.6800003051758,12.2600002288818,12.6400003433228,841300,12.3284969329834
2023-06-23,12.8199996948242,12.9300003051758,12.5,12.8599996566772,581800,12.5430736541748
2023-06-26,12.8699998855591,12.9099998474121,12.6400003433228,12.9099998474121,518600,12.5918426513672
2023-06-27,12.9300003051758,13.0299997329712,12.5500001907349,12.8000001907349,792300,12.4845533370972
2023-06-28,12.8100004196167,12.8599996566772,12.460000038147,12.539999961853,788200,12.2309598922729
2023-06-29,12.6700000762939,12.6700000762939,12.460000038147,12.5299997329712,619800,12.2212066650391
2023-06-30,12.5299997329712,12.960000038147,12.5299997329712,12.8500003814697,875400,12.5333204269409
2023-07-03,12.960000038147,13.4700002670288,12.9499998092651,13.1000003814697,988900,12.7771606445312
2023-07-04,13.1000003814697,13.1499996185303,12.6700000762939,12.8400001525879,783600,12.523567199707
2023-07-05,12.8299999237061,13.2299995422363,12.6599998474121,13.0799999237061,872400,12.7576522827148
2023-07-06,13.1000003814697,13.3199996948242,13.0299997329712,13.1400003433228,623200,12.8161745071411
2023-07-07,13.3000001907349,13.710000038147,13.3000001907349,13.5299997329712,1124000,13.1965627670288
2023-07-10,13.6499996185303,13.789999961853,13.0600004196167,13.1700000762939,1350600,12.8454351425171
2023-07-11,13.0500001907349,13.1199998855591,12.5600004196167,12.9799995422363,2870100,12.6601161956787
2023-07-12,13,13.6400003433228,13,13.2799997329712,1360700,12.9527235031128
2023-07-13,13.4200000762939,13.4899997711182,12.9499998092651,13.1000003814697,1168900,12.7771606445312
2023-07-14,13.1199998855591,13.1300001144409,12.8000001907349,12.8699998855591,648500,12.552827835083
2023-07-17,12.8999996185303,13.2299995422363,12.8599996566772,13.1599998474121,918600,12.8356809616089
2023-07-18,13.2299995422363,13.3999996185303,13.0799999237061,13.3699998855591,762600,13.0405054092407
2023-07-19,13.4399995803833,13.5699996948242,13.1800003051758,13.4899997711182,1838300,13.1575489044189
2023-07-20,13.4799995422363,13.6400003433228,13.3699998855591,13.539999961853,505500,13.2063159942627
2023-07-21,13.6000003814697,13.6000003814697,12.9899997711182,12.9899997711182,1863100,12.6698703765869
2023-07-24,13.0500001907349,13.0799999237061,12.3000001907349,12.6999998092651,3198400,12.387017250061
2023-07-25,12.7399997711182,12.9399995803833,12.5600004196167,12.6199998855591,1269100,12.308988571167
2023-07-26,12.6300001144409,12.6300001144409,12.3500003814697,12.4099998474121,874900,12.1041641235352
2023-07-27,12.5299997329712,12.6000003814697,12.3599996566772,12.4799995422363,771100,12.172438621521
2023-07-28,12.4799995422363,12.5100002288818,12.1599998474121,12.2799997329712,1151800,11.977367401123
2023-07-31,12.3199996948242,12.6899995803833,12.2799997329712,12.6499996185303,2053600,12.338249206543
2023-08-01,12.5799999237061,12.6499996185303,12.1599998474121,12.2200002670288,2639700,11.9188470840454
2023-08-02,12.2399997711182,12.5200004577637,12.1999998092651,12.5100002288818,1082900,12.2017002105713
2023-08-03,12.6800003051758,12.7600002288818,12.460000038147,12.460000038147,1189100,12.1529312133789
2023-08-04,12.3400001525879,12.7299995422363,12.3400001525879,12.5200004577637,853700,12.2114534378052
2023-08-07,12.6000003814697,12.6099996566772,12.3599996566772,12.5299997329712,757900,12.2212066650391
2023-08-08,12.5,12.6099996566772,12.3900003433228,12.4200000762939,780300,12.113917350769
2023-08-09,12.4200000762939,12.4899997711182,12.25,12.460000038147,740900,12.1529312133789
2023-08-10,12.460000038147,12.5900001525879,12.3900003433228,12.4799995422363,741700,12.172438621521
2023-08-11,12.5799999237061,12.6000003814697,12.25,12.3999996185303,905700,12.094409942627
2023-08-14,12.460000038147,12.4799995422363,12.25,12.3000001907349,696900,11.9968757629395
2023-08-15,12.3999996185303,13.0100002288818,12.2600002288818,12.9399995803833,1942900,12.6211023330688
2023-08-16,12.9899997711182,13.5200004577637,12.9200000762939,13,2123300,12.6796236038208
2023-08-17,13.0500001907349,13.0900001525879,12.6000003814697,12.710000038147,1167600,12.3967714309692
2023-08-18,12.6400003433228,12.6400003433228,12.2700004577637,12.4300003051758,1913900,12.1236715316772
2023-08-21,12.4399995803833,12.4399995803833,12.039999961853,12.1199998855591,1166800,11.8213109970093
2023-08-22,12.2799997329712,12.960000038147,12.1899995803833,12.7799997329712,2050200,12.4650459289551
2023-08-23,12.8699998855591,13.2200002670288,12.6800003051758,13.2200002670288,1252800,12.8942031860352
2023-08-24,13.2200002670288,14.0500001907349,13.0200004577637,13.6499996185303,2712600,13.3136043548584
2023-08-25,13.6499996185303,13.8500003814697,13.5500001907349,13.7299995422363,895800,13.3916330337524
2023-08-28,13.7200002670288,13.8000001907349,13.4700002670288,13.6099996566772,1516500,13.2745904922485
2023-08-29,13.7600002288818,14.3000001907349,13.6499996185303,14.210000038147,2527000,13.8598051071167
2023-08-30,14.289999961853,14.3599996566772,13.8999996185303,13.9300003051758,1165000,13.5867052078247
2023-08-31,13.8800001144409,13.9799995422363,13.1300001144409,13.3000001907349,1937800,12.9722318649292
2023-09-01,13.3800001144409,13.7799997329712,13.3599996566772,13.5600004196167,2239700,13.2258243560791
2023-09-04,13.5500001907349,13.6300001144409,13.1700000762939,13.3699998855591,1406600,13.0405054092407
2023-09-05,13.3699998855591,13.460000038147,13.2299995422363,13.3699998855591,1355300,13.0405054092407
2023-09-06,13.3900003433228,13.7299995422363,13.3900003433228,13.4099998474121,1001800,13.0795202255249
2023-09-08,13.3800001144409,13.5600004196167,13.2399997711182,13.5500001907349,616600,13.2160701751709
2023-09-11,13.6499996185303,13.8299999237061,13.5699996948242,13.710000038147,1007300,13.3721265792847
2023-09-12,13.6599998474121,14.2799997329712,13.6599998474121,14.2700004577637,782300,13.9183263778687
2023-09-13,14.210000038147,14.6000003814697,14.0600004196167,14.1499996185303,843100,13.8012819290161
2023-09-14,14.1899995803833,14.3400001525879,14.0100002288818,14.1999998092651,570800,13.8500509262085
2023-09-15,14.1599998474121,14.2299995422363,13.8999996185303,14.1199998855591,629700,13.7720222473145
2023-09-18,14.1199998855591,14.1999998092651,13.8000001907349,14.0799999237061,657000,13.7330083847046
2023-09-19,14.1400003433228,14.1800003051758,13.8299999237061,13.9099998474121,497600,13.5671977996826
2023-09-20,13.8999996185303,14.1000003814697,13.8100004196167,13.8699998855591,730900,13.5281839370728
2023-09-21,13.710000038147,13.7600002288818,13.3999996185303,13.4799995422363,877900,13.1477947235107
2023-09-22,13.6300001144409,13.6800003051758,13.4200000762939,13.4700002670288,693200,13.1380414962769
2023-09-25,13.4200000762939,13.4300003051758,12.8699998855591,12.9899997711182,1248700,12.6698703765869
2023-09-26,12.9499998092651,12.9499998092651,12.6899995803833,12.6999998092651,861000,12.387017250061
2023-09-27,12.7799997329712,12.9099998474121,12.3299999237061,12.5500001907349,1268300,12.2407140731812
2023-09-28,12.5500001907349,12.7399997711182,12.3000001907349,12.6899995803833,913700,12.3772630691528
2023-09-29,12.8699998855591,12.9799995422363,12.6599998474121,12.8000001907349,861500,12.4845533370972
2023-10-02,12.8400001525879,13.0699996948242,12.4200000762939,12.7399997711182,1319400,12.4260311126709
2023-10-03,12.6000003814697,12.6800003051758,12.210000038147,12.3699998855591,1108200,12.0651502609253
2023-10-04,12.4499998092651,12.4499998092651,12.039999961853,12.25,3418100,11.9481077194214
2023-10-05,12.2600002288818,12.3900003433228,12,12.3900003433228,1132100,12.0846567153931
2023-10-06,12.3199996948242,12.3400001525879,11.9499998092651,12.2700004577637,934400,11.9676141738892
2023-10-09,12.2299995422363,12.3199996948242,11.9700002670288,12.3199996948242,977000,12.0163822174072
2023-10-10,12.3599996566772,12.7399997711182,12.2799997329712,12.7200002670288,1118200,12.4065246582031
2023-10-11,12.75,12.75,12.3299999237061,12.4700002670288,2057100,12.1626853942871
2023-10-13,12.4399995803833,12.4799995422363,12.1899995803833,12.3000001907349,766400,11.9968757629395
2023-10-16,12.3900003433228,12.3900003433228,12.0200004577637,12.0299997329712,753400,11.7335290908813
2023-10-17,12,12.0299997329712,11.3999996185303,11.3999996185303,1765600,11.1190547943115
2023-10-18,11.3999996185303,11.460000038147,10.8699998855591,10.9499998092651,2265900,10.6801452636719
2023-10-19,10.960000038147,11.3000001907349,10.8999996185303,11.1000003814697,5023500,10.8264484405518
2023-10-20,11.0299997329712,11.6000003814697,11,11.5,1675100,11.2165899276733
2023-10-23,11.4099998474121,11.6000003814697,11.1999998092651,11.5500001907349,1168200,11.2653579711914
2023-10-24,11.6400003433228,11.8999996185303,11.5699996948242,11.789999961853,1124600,11.4994440078735
2023-10-25,11.7600002288818,11.8800001144409,11.460000038147,11.6000003814697,1017700,11.3141269683838
2023-10-26,11.6000003814697,11.8400001525879,11.5799999237061,11.6700000762939,766400,11.3824014663696
2023-10-27,11.6999998092651,11.789999961853,11.1000003814697,11.1499996185303,1349900,10.8752164840698
2023-10-30,11.210000038147,11.3000001907349,10.8800001144409,10.9200000762939,1117000,10.6508846282959
2023-10-31,10.9899997711182,11.1899995803833,10.7600002288818,11.0299997329712,927300,10.7581729888916
2023-11-01,11.0299997329712,11.1300001144409,10.8699998855591,10.9399995803833,862500,10.6703910827637
2023-11-03,11.1300001144409,11.5100002288818,10.960000038147,11.4899997711182,1157200,11.2068367004395
2023-11-06,11.5,11.5900001525879,11.1400003433228,11.3000001907349,890700,11.0215196609497
2023-11-07,11.1499996185303,11.2600002288818,10.4700002670288,10.6300001144409,4121100,10.36803150177
2023-11-08,10.6000003814697,10.9300003051758,10.4099998474121,10.5799999237061,1961900,10.3192625045776
2023-11-09,10.6899995803833,10.8800001144409,10.3500003814697,10.6199998855591,1656700,10.3582773208618
2023-11-10,10.7299995422363,11,10.6499996185303,10.8999996185303,952200,10.6313762664795
2023-11-13,10.8999996185303,11.0299997329712,10.8000001907349,10.960000038147,766800,10.6898975372314
2023-11-14,10.960000038147,11.5799999237061,10.960000038147,11.5500001907349,1393200,11.2653579711914
2023-11-16,11.5100002288818,11.7299995422363,11.3800001144409,11.4700002670288,944600,11.1873302459717
2023-11-17,11.5600004196167,11.6999998092651,11.4399995803833,11.5,851500,11.2165899276733
2023-11-20,11.5,11.9300003051758,11.5,11.8800001144409,1628400,11.5872259140015
2023-11-21,11.7799997329712,11.8000001907349,11.2700004577637,11.3000001907349,880600,11.0215196609497
2023-11-22,11.3000001907349,11.6000003814697,11.1599998474121,11.25,737500,10.9727516174316
2023-11-23,11.3100004196167,11.3800001144409,10.9700002670288,11.1999998092651,555900,10.9239835739136
2023-11-24,11.2200002670288,11.2200002670288,10.8699998855591,10.8900003433228,1037900,10.6216239929199
2023-11-27,10.9700002670288,11.1700000762939,10.7399997711182,11.1099996566772,874300,10.8362016677856
2023-11-28,11.1700000762939,11.4200000762939,11.0699996948242,11.3599996566772,708600,11.0800399780273
2023-11-29,11.4499998092651,11.4799995422363,11.0699996948242,11.1700000762939,667000,10.8947229385376
2023-11-30,11.1700000762939,11.3500003814697,11,11.3000001907349,1171200,11.0215196609497
2023-12-01,11.3699998855591,11.4200000762939,11.0799999237061,11.1999998092651,1857200,10.9239835739136
2023-12-04,11.1899995803833,11.210000038147,10.7600002288818,10.7600002288818,2340400,10.4948282241821
2023-12-05,10.7700004577637,10.9399995803833,10.710000038147,10.8000001907349,1418400,10.533842086792
2023-12-06,10.8000001907349,10.8100004196167,10.5200004577637,10.6300001144409,1205500,10.36803150177
2023-12-07,10.6400003433228,11.039999961853,10.5600004196167,11.039999961853,854900,10.7679262161255
2023-12-08,11,11.1499996185303,10.7399997711182,10.8000001907349,1490700,10.533842086792
2023-12-11,10.8100004196167,10.8100004196167,10.4700002670288,10.6700000762939,1684900,10.4070453643799
2023-12-12,10.7700004577637,10.8500003814697,10.5799999237061,10.6800003051758,959200,10.4167995452881
2023-12-13,10.6999998092651,10.7799997329712,10.460000038147,10.7799997329712,1008700,10.5143337249756
2023-12-14,10.8000001907349,11.0799999237061,10.7399997711182,10.7799997329712,1332800,10.5143337249756
2023-12-15,10.7799997329712,11.1800003051758,10.5699996948242,11.1400003433228,2917200,10.8654632568359
2023-12-18,11.1999998092651,11.3699998855591,11.0100002288818,11.2200002670288,2179800,10.9434909820557
2023-12-19,11.3400001525879,11.4499998092651,11.1000003814697,11.3400001525879,2386500,11.0605344772339
2023-12-20,11.3699998855591,11.4899997711182,11.2200002670288,11.3999996185303,1219300,11.1190547943115
2023-12-21,11.4399995803833,11.5799999237061,11.0699996948242,11.5799999237061,3583600,11.2946186065674
2023-12-22,11.5900001525879,11.75,11.4499998092651,11.75,1434100,11.4604291915894
2023-12-26,11.7600002288818,11.8500003814697,11.6000003814697,11.7700004577637,1222200,11.4799365997314
2023-12-27,11.6599998474121,12.0200004577637,11.5500001907349,11.8400001525879,1526000,11.5482120513916
2023-12-28,11.8699998855591,12.0500001907349,11.75,12.039999961853,1283100,11.7432823181152
2024-01-02,12.0500001907349,12.0799999237061,10.8699998855591,10.9099998474121,2109900,10.6411304473877
2024-01-03,10.9099998474121,11.2200002670288,10.7299995422363,11.1700000762939,1347900,10.8947229385376
2024-01-04,11.1700000762939,11.2600002288818,10.8400001525879,10.9899997711182,1220100,10.7191591262817
2024-01-05,11.0100002288818,11.210000038147,10.8999996185303,11.0500001907349,827000,10.7776803970337
2024-01-08,11.039999961853,11.3000001907349,10.8999996185303,11.3000001907349,698500,11.0215196609497
2024-01-09,11.3000001907349,11.3000001907349,10.960000038147,10.960000038147,1565000,10.6898975372314
2024-01-10,10.9700002670288,11.0500001907349,10.8999996185303,10.960000038147,785000,10.6898975372314
2024-01-11,10.9899997711182,10.9899997711182,10.6599998474121,10.710000038147,1791800,10.4460592269897
2024-01-12,10.7600002288818,10.9700002670288,10.6800003051758,10.9700002670288,688200,10.6996517181396
2024-01-15,10.9799995422363,11.039999961853,10.8199996948242,10.9300003051758,1222400,10.6606378555298
2024-01-16,10.9399995803833,11.9499998092651,10.9399995803833,11.5,3822200,11.2165899276733
2024-01-17,11.5299997329712,11.789999961853,11.4899997711182,11.75,1407900,11.4604291915894
2024-01-18,11.75,11.9300003051758,11.3299999237061,11.460000038147,1491500,11.1775760650635
2024-01-19,11.5200004577637,11.5200004577637,11.1000003814697,11.3900003433228,1761500,11.1093015670776
2024-01-22,11.4399995803833,11.4399995803833,10.960000038147,11.0699996948242,1557500,10.7971878051758
2024-01-23,11.1899995803833,11.3199996948242,11,11.3199996948242,2276100,11.0410261154175
2024-01-24,11.3400001525879,11.5500001907349,11.0900001525879,11.1199998855591,1182900,10.8459548950195
2024-01-25,11.1199998855591,11.1899995803833,10.9200000762939,11.0699996948242,1063300,10.7971878051758
2024-01-26,11.1099996566772,11.2299995422363,11.0200004577637,11.0900001525879,900100,10.8166942596436
2024-01-29,11.1400003433228,11.1400003433228,10.8599996566772,10.9399995803833,1282700,10.6703910827637
2024-01-30,10.9399995803833,10.9499998092651,10.7700004577637,10.9499998092651,849300,10.6801452636719
2024-01-31,10.960000038147,11.2399997711182,10.9200000762939,11.0200004577637,1101100,10.748420715332
2024-02-01,11.0200004577637,11.0699996948242,10.6000003814697,10.6099996566772,2522200,10.3485240936279
2024-02-02,10.6700000762939,10.7299995422363,10.5,10.5699996948242,1346900,10.3095092773438
2024-02-05,10.5699996948242,10.75,10.4499998092651,10.6499996185303,1024800,10.3875379562378
2024-02-06,10.6700000762939,10.8299999237061,10.5,10.5699996948242,1044500,10.3095092773438
2024-02-07,10.5699996948242,10.6199998855591,10.4099998474121,10.5100002288818,1185100,10.2509880065918
2024-02-08,10.5100002288818,10.5200004577637,9.96000003814697,10.0200004577637,1927800,9.77306461334229
2024-02-09,10.0100002288818,10.0699996948242,9.64999961853027,9.68000030517578,2830300,9.44144344329834
2024-02-14,9.68000030517578,9.71000003814697,9.44999980926514,9.64000034332275,1080900,9.40242958068848
2024-02-15,9.65999984741211,9.98999977111816,9.65999984741211,9.77000045776367,1372900,9.52922534942627
2024-02-16,9.76000022888184,9.85999965667725,9.52000045776367,9.63000011444092,1663600,9.39267539978027
2024-02-19,9.60999965667725,9.6899995803833,9.48999977111816,9.56999969482422,1267100,9.33415412902832
2024-02-20,9.5600004196167,10,9.5,9.94999980926514,1323000,9.70478916168213
2024-02-21,9.81999969482422,10.039999961853,9.48999977111816,9.64999961853027,3846700,9.41218280792236
2024-02-22,9.69999980926514,9.82999992370605,9.51000022888184,9.8100004196167,1295100,9.56823921203613
2024-02-23,9.88000011444092,9.9399995803833,9.72000026702881,9.88000011444092,964400,9.63651466369629
2024-02-26,9.77000045776367,9.92000007629395,9.6899995803833,9.81999969482422,1338900,9.69342708587646
2024-02-27,9.85999965667725,10.4499998092651,9.85999965667725,10.4499998092651,2929100,10.3153066635132
2024-02-28,10.6000003814697,10.710000038147,10.3400001525879,10.6599998474121,1774000,10.5226001739502
2024-02-29,10.6599998474121,10.710000038147,10.5100002288818,10.6300001144409,916200,10.4929876327515
2024-03-01,10.6800003051758,10.8400001525879,10.6099996566772,10.7200002670288,1501000,10.5818271636963
2024-03-04,10.7200002670288,10.9499998092651,10.6099996566772,10.8500003814697,1522100,10.7101516723633
2024-03-05,10.9099998474121,11.0299997329712,10.8000001907349,10.8999996185303,846600,10.7595062255859
2024-03-06,10.9899997711182,11.0500001907349,10.5699996948242,10.6499996185303,1315800,10.5127286911011
2024-03-07,10.6499996185303,10.7299995422363,10.460000038147,10.6300001144409,645500,10.4929876327515
2024-03-08,10.5,10.6999998092651,10.3999996185303,10.5699996948242,832400,10.4337596893311
2024-03-11,10.5500001907349,10.7600002288818,10.460000038147,10.5600004196167,416500,10.4238901138306
2024-03-12,10.6000003814697,10.7200002670288,10.5799999237061,10.6199998855591,518600,10.4831161499023
2024-03-13,10.5900001525879,11.0100002288818,10.539999961853,10.8999996185303,846400,10.7595062255859
2024-03-14,10.8999996185303,10.960000038147,10.4200000762939,10.5799999237061,922200,10.4436311721802
2024-03-15,10.5799999237061,10.7299995422363,10.5100002288818,10.6000003814697,333300,10.4633741378784
2024-03-18,10.6099996566772,10.75,10.5299997329712,10.75,514600,10.6114406585693
2024-03-19,10.710000038147,10.8699998855591,10.6199998855591,10.8000001907349,456900,10.6607961654663
2024-03-20,10.7399997711182,11,10.6999998092651,11,715500,10.8582181930542
2024-03-21,11,11.2200002670288,10.8699998855591,11.0299997329712,497000,10.8878307342529
2024-03-22,11.1099996566772,11.1099996566772,10.6499996185303,10.8699998855591,700200,10.7298936843872
2024-03-25,10.8800001144409,11,10.75,10.8800001144409,659000,10.7397651672363
2024-03-26,10.8800001144409,10.9099998474121,10.6000003814697,10.6000003814697,622100,10.4633741378784
2024-03-27,10.6599998474121,10.6599998474121,10.3999996185303,10.5100002288818,686800,10.3745336532593
2024-03-28,10.6099996566772,10.6499996185303,10.3999996185303,10.5200004577637,690500,10.3844051361084
2024-04-01,10.5900001525879,10.6599998474121,10.3599996566772,10.4899997711182,780200,10.3547916412354
2024-04-02,10.4899997711182,10.4899997711182,10.2299995422363,10.3000001907349,715100,10.1672410964966
2024-04-03,10.25,10.3599996566772,10,10.210000038147,1018900,10.0784006118774
2024-04-04,10.210000038147,10.5500001907349,10.1400003433228,10.3599996566772,540200,10.2264671325684
2024-04-05,10.3000001907349,10.4200000762939,10.1800003051758,10.3100004196167,640100,10.1771116256714
2024-04-08,10.3800001144409,10.5,10.289999961853,10.4300003051758,704900,10.2955656051636
2024-04-09,10.4700002670288,10.6999998092651,10.4499998092651,10.6899995803833,864900,10.5522136688232
2024-04-10,10.6800003051758,10.6800003051758,10.3999996185303,10.4899997711182,749700,10.3547916412354
2024-04-11,10.4899997711182,10.5200004577637,10.2799997329712,10.4499998092651,561800,10.3153066635132
2024-04-12,10.4499998092651,10.4499998092651,10.0600004196167,10.210000038147,836200,10.0784006118774
2024-04-15,10.210000038147,10.210000038147,9.89999961853027,9.96000003814697,1294000,9.83162307739258
2024-04-16,9.90999984741211,9.97999954223633,9.69999980926514,9.71000003814697,2032300,9.58484554290771
2024-04-17,9.72999954223633,9.88000011444092,9.6899995803833,9.76000022888184,784200,9.63420104980469
2024-04-18,9.72000026702881,9.89999961853027,9.71000003814697,9.77999973297119,553200,9.65394306182861
2024-04-19,9.80000019073486,9.92000007629395,9.60999965667725,9.75,1118100,9.62432956695557
2024-04-22,9.75,9.82999992370605,9.64999961853027,9.72999954223633,856400,9.60458660125732
2024-04-23,9.72000026702881,9.9399995803833,9.63000011444092,9.89999961853027,603700,9.77239608764648
2024-04-24,9.88000011444092,10.1400003433228,9.85000038146973,9.98999977111816,633400,9.86123561859131
2024-04-25,9.94999980926514,10.0699996948242,9.86999988555908,9.98999977111816,545700,9.86123561859131
2024-04-26,10,10.2600002288818,10,10.0799999237061,718300,9.95007610321045
2024-04-29,10.0799999237061,10.3199996948242,10.0699996948242,10.3000001907349,551800,10.1672410964966
2024-04-30,10.3000001907349,10.3000001907349,10.0299997329712,10.1199998855591,824900,9.9895601272583
2024-05-02,10.1099996566772,10.4499998092651,10.1099996566772,10.1700000762939,840400,10.0389165878296
2024-05-03,10.3000001907349,10.460000038147,9.85000038146973,9.9399995803833,1461800,9.81188011169434
2024-05-06,9.89000034332275,9.89000034332275,9.02999973297119,9.5,4805600,9.3775520324707
2024-05-07,9.47000026702881,9.65999984741211,9.34000015258789,9.38000011444092,1257400,9.25909900665283
2024-05-08,9.39999961853027,9.47999954223633,9.19999980926514,9.19999980926514,1254100,9.08141899108887
2024-05-09,9.43000030517578,10.4700002670288,9.30000019073486,10.3999996185303,5245800,10.2659511566162
2024-05-10,10.3500003814697,10.460000038147,9.93000030517578,10.1000003814697,1371100,9.96981906890869
2024-05-13,10.0600004196167,10.0799999237061,9.85999965667725,9.97999954223633,981000,9.8513650894165
2024-05-14,9.97999954223633,10,9.78999996185303,9.81999969482422,552000,9.69342708587646
2024-05-15,9.85999965667725,10.1499996185303,9.77999973297119,9.98999977111816,1838600,9.86123561859131
2024-05-16,10.1000003814697,10.289999961853,10.0600004196167,10.2200002670288,2219700,10.0882720947266
2024-05-17,10.2399997711182,10.25,10.0500001907349,10.2200002670288,461900,10.0882720947266
2024-05-20,10.2200002670288,10.3800001144409,9.97999954223633,10.3500003814697,580200,10.2165966033936
2024-05-21,10.3299999237061,10.3699998855591,10.1599998474121,10.3100004196167,437100,10.1771116256714
2024-05-22,10.3100004196167,10.3500003814697,10.0100002288818,10.1199998855591,506100,9.9895601272583
2024-05-23,10.1199998855591,10.1899995803833,9.97000026702881,10.039999961853,804800,9.9105920791626
2024-05-24,10.1599998474121,10.1599998474121,9.90999984741211,9.94999980926514,367800,9.82175159454346
2024-05-27,9.94999980926514,10,9.69999980926514,9.97000026702881,809200,9.8414945602417
2024-05-28,10,10.1300001144409,9.75,9.85000038146973,600700,9.72304153442383
2024-05-29,9.85000038146973,9.89999961853027,9.6899995803833,9.72999954223633,596600,9.60458660125732
2024-05-31,9.72999954223633,9.75,9.52999973297119,9.72999954223633,605100,9.60458660125732
2024-06-03,9.73999977111816,10.0600004196167,9.64000034332275,9.88000011444092,1302000,9.75265407562256
2024-06-04,9.88000011444092,9.9399995803833,9.73999977111816,9.78999996185303,508300,9.66381359100342
2024-06-05,9.80000019073486,9.85000038146973,9.48999977111816,9.55000019073486,1302200,9.42690753936768
2024-06-06,9.55000019073486,9.77000045776367,9.46000003814697,9.69999980926514,686200,9.57497406005859
2024-06-07,9.69999980926514,9.81999969482422,9.61999988555908,9.64999961853027,597700,9.52561855316162
2024-06-10,9.77999973297119,9.77999973297119,9.5,9.72999954223633,564300,9.60458660125732
2024-06-11,9.72999954223633,9.89999961853027,9.65999984741211,9.81999969482422,1342000,9.69342708587646
2024-06-12,9.89999961853027,10.0299997329712,9.80000019073486,9.9399995803833,1578000,9.81188011169434
2024-06-13,9.9399995803833,10.0799999237061,9.76000022888184,9.94999980926514,1378000,9.82175159454346
2024-06-14,9.94999980926514,10.1400003433228,9.89999961853027,9.97999954223633,553300,9.8513650894165
2024-06-17,9.97000026702881,10.0500001907349,9.85999965667725,9.86999988555908,970200,9.74278259277344
2024-06-18,9.88000011444092,10.1499996185303,9.75,10.1300001144409,1155000,9.99943161010742
2024-06-19,10.1000003814697,10.1300001144409,9.90999984741211,9.90999984741211,1024400,9.78226757049561
2024-06-20,9.90999984741211,10.0900001525879,9.81999969482422,9.94999980926514,1009900,9.82175159454346
2024-06-21,10,10.1300001144409,9.8100004196167,10.0500001907349,1377300,9.9204626083374
2024-06-24,10.0500001907349,10.0699996948242,9.90999984741211,10.0299997329712,2560900,9.90072059631348
2024-06-25,10.039999961853,10.0500001907349,9.65999984741211,9.75,2223100,9.62432956695557
2024-06-26,9.69999980926514,9.80000019073486,9.63000011444092,9.73999977111816,792700,9.61445808410645
2024-06-27,9.69999980926514,10.0699996948242,9.69999980926514,10.0699996948242,862000,9.94020462036133
2024-06-28,10.0200004577637,10.0799999237061,9.8100004196167,9.88000011444092,877500,9.75265407562256
2024-07-01,9.88000011444092,10.289999961853,9.80000019073486,10.2299995422363,1036300,10.0981426239014
2024-07-02,10.2799997329712,10.5500001907349,10.1400003433228,10.210000038147,910600,10.0784006118774
2024-07-03,10.210000038147,10.4300003051758,10.1999998092651,10.1999998092651,561500,10.0685291290283
2024-07-04,10.3000001907349,10.5799999237061,10.2399997711182,10.4899997711182,636500,10.3547916412354
2024-07-05,10.4099998474121,10.6499996185303,10.3299999237061,10.6499996185303,526200,10.5127286911011
2024-07-08,10.4499998092651,10.6899995803833,10.4499998092651,10.539999961853,568300,10.4041471481323
2024-07-09,10.460000038147,10.6400003433228,10.460000038147,10.6000003814697,399600,10.4633741378784
2024-07-10,10.6599998474121,10.6899995803833,10.5,10.5,670400,10.3646631240845
2024-07-11,10.5,10.6599998474121,10.3800001144409,10.5699996948242,908500,10.4337596893311
2024-07-12,10.5699996948242,10.6999998092651,10.4499998092651,10.6999998092651,710500,10.562084197998
2024-07-15,10.7399997711182,11,10.6199998855591,10.9200000762939,730100,10.7792491912842
2024-07-16,10.960000038147,11.0500001907349,10.8699998855591,10.8800001144409,637500,10.7397651672363
2024-07-17,10.8800001144409,10.960000038147,10.8000001907349,10.8999996185303,316300,10.7595062255859
2024-07-18,10.8999996185303,10.9099998474121,10.7399997711182,10.8000001907349,1844000,10.6607961654663
2024-07-19,10.710000038147,11.0799999237061,10.710000038147,10.8500003814697,755600,10.7101516723633
2024-07-22,11.0600004196167,11.0600004196167,10.7799997329712,10.9899997711182,591400,10.8483467102051
2024-07-23,10.8900003433228,11.1499996185303,10.6199998855591,10.6800003051758,1169100,10.5423431396484
2024-07-24,10.6800003051758,10.789999961853,10.5500001907349,10.7299995422363,525800,10.5916976928711
2024-07-25,10.6899995803833,10.8699998855591,10.6800003051758,10.7600002288818,962200,10.6213121414185
2024-07-26,10.7600002288818,11.039999961853,10.6800003051758,11.039999961853,951800,10.8977022171021
2024-07-29,11.039999961853,11.0900001525879,10.6700000762939,10.6700000762939,525500,10.5324716567993
2024-07-30,10.6499996185303,10.6899995803833,10.5200004577637,10.6000003814697,819500,10.4633741378784
2024-07-31,10.5100002288818,10.789999961853,10.5100002288818,10.6800003051758,601500,10.5423431396484
2024-08-01,10.6800003051758,10.8400001525879,10.3800001144409,10.3999996185303,1107000,10.2659511566162
2024-08-02,10.3999996185303,10.6000003814697,10.2799997329712,10.5200004577637,861500,10.3844051361084
2024-08-05,10.1199998855591,10.3599996566772,10.0900001525879,10.289999961853,553200,10.1573696136475
2024-08-06,10.3000001907349,10.4300003051758,10.1499996185303,10.1499996185303,640600,10.0191736221313
2024-08-07,10.2299995422363,10.3599996566772,10.1999998092651,10.3000001907349,614500,10.1672410964966
2024-08-08,10.3000001907349,10.6800003051758,10.1800003051758,10.539999961853,907900,10.4041471481323
2024-08-09,10.4499998092651,10.8299999237061,10.3000001907349,10.7399997711182,1973000,10.6015691757202
2024-08-12,10.8500003814697,10.8500003814697,10.4200000762939,10.460000038147,1790200,10.3251781463623
2024-08-13,11,11.6300001144409,10.6599998474121,11.6000003814697,4960100,11.4504852294922
2024-08-14,11.5600004196167,11.6499996185303,11.3400001525879,11.5600004196167,1772700,11.41100025177
2024-08-15,11.6400003433228,12.1700000762939,11.460000038147,12.0799999237061,1646000,11.9242973327637
2024-08-16,12.0799999237061,12.4799995422363,12.0799999237061,12.3599996566772,1454100,12.2006883621216
2024-08-19,12.4899997711182,12.8000001907349,12.3999996185303,12.7700004577637,1018400,12.6054048538208
2024-08-20,12.6899995803833,12.8299999237061,12.5799999237061,12.6899995803833,949000,12.5264348983765
2024-08-21,12.75,12.75,12.1099996566772,12.2399997711182,1238200,12.0822353363037
2024-08-22,12.3100004196167,12.4799995422363,12.039999961853,12.0500001907349,1125100,11.8946847915649
2024-08-23,12.0500001907349,12.289999961853,11.960000038147,12.1000003814697,1403900,11.9440402984619
2024-08-26,12.1099996566772,12.2399997711182,12.039999961853,12.1999998092651,968700,12.0427503585815
2024-08-27,12.289999961853,12.3900003433228,12.1999998092651,12.3199996948242,1006200,12.1612043380737
2024-08-28,12.3199996948242,12.3299999237061,12.1300001144409,12.1899995803833,584000,12.0328798294067
2024-08-29,12.2600002288818,12.2600002288818,11.8299999237061,11.9300003051758,995900,11.7762317657471
2024-08-30,11.9700002670288,11.9700002670288,11.7200002670288,11.9700002670288,1175800,11.8157157897949
2024-09-02,11.960000038147,12.2700004577637,11.75,12.0799999237061,1398700,11.9242973327637
2024-09-03,12.0799999237061,12.1199998855591,11.8800001144409,11.9899997711182,974500,11.8354578018188
2024-09-04,11.9499998092651,12.0900001525879,11.8100004196167,11.8100004196167,690000,11.6577777862549
2024-09-05,11.8900003433228,12.0200004577637,11.7399997711182,11.8699998855591,1268400,11.717004776001
2024-09-06,11.9799995422363,12.0900001525879,11.8800001144409,11.9799995422363,1202100,11.8255863189697
2024-09-09,12,12.3199996948242,12,12.2399997711182,1216000,12.0822353363037
2024-09-10,12.3000001907349,12.4700002670288,12.1400003433228,12.4399995803833,1225900,12.2796573638916
2024-09-11,12.4300003051758,12.5,12.2299995422363,12.5,705200,12.3388843536377
2024-09-12,12.5,12.5500001907349,12.1199998855591,12.2700004577637,931600,12.1118488311768
2024-09-13,12.3699998855591,12.6800003051758,12.3000001907349,12.4200000762939,1162200,12.2599153518677
2024-09-16,12.3999996185303,12.4899997711182,12.3199996948242,12.4899997711182,731300,12.3290128707886
2024-09-17,12.5,12.5900001525879,12.3299999237061,12.4499998092651,1042500,12.2895288467407
2024-09-18,12.4300003051758,12.4700002670288,11.9099998474121,11.9399995803833,1444200,11.7861013412476
2024-09-19,12,12.1099996566772,11.8999996185303,11.8999996185303,691400,11.7466173171997
2024-09-20,11.9499998092651,12,11.6099996566772,11.8000001907349,1257500,11.6479072570801
2024-09-23,11.789999961853,11.789999961853,11.3199996948242,11.5500001907349,978900,11.4011287689209
2024-09-24,11.5500001907349,11.6000003814697,11.3900003433228,11.5200004577637,664200,11.3715162277222
2024-09-25,11.6599998474121,11.6599998474121,11.3299999237061,11.3500003814697,459000,11.203706741333
2024-09-26,11.3500003814697,11.5200004577637,11.3199996948242,11.5,1035000,11.3517732620239
2024-09-27,11.6000003814697,11.6499996185303,11.4200000762939,11.4700002670288,978900,11.3221607208252
2024-09-30,11.4700002670288,11.4899997711182,11.2399997711182,11.3199996948242,937800,11.17409324646
2024-10-01,11.2799997329712,11.4099998474121,11,11.039999961853,1093900,10.8977022171021
2024-10-02,11.1000003814697,11.2600002288818,10.8699998855591,10.9099998474121,1351900,10.7693777084351
2024-10-03,11.0500001907349,11.1300001144409,10.8100004196167,10.9700002670288,1068900,10.8286046981812
2024-10-04,11.1199998855591,11.1199998855591,10.9200000762939,10.9799995422363,709900,10.838475227356
2024-10-07,11,11.1499996185303,10.8999996185303,10.9899997711182,490300,10.8483467102051
2024-10-08,10.9700002670288,11.1000003814697,10.9399995803833,11.0699996948242,714100,10.9273157119751
2024-10-09,11.0699996948242,11.0699996948242,10.6599998474121,10.7799997329712,922000,10.6410531997681
2024-10-10,10.710000038147,10.75,10.5699996948242,10.6000003814697,882300,10.4633741378784
2024-10-11,10.6000003814697,10.6499996185303,10.4300003051758,10.6499996185303,8e+05,10.5127286911011
2024-10-14,10.6599998474121,10.7399997711182,10.4700002670288,10.5699996948242,1085400,10.4337596893311
2024-10-15,10.6099996566772,10.6499996185303,10.3599996566772,10.3900003433228,724800,10.2560806274414
2024-10-16,10.3900003433228,10.5799999237061,10.2700004577637,10.4799995422363,654900,10.3449201583862
2024-10-17,10.5,10.5200004577637,10.289999961853,10.5200004577637,621300,10.3844051361084
2024-10-18,10.5600004196167,10.5699996948242,10.2700004577637,10.2799997329712,573900,10.1474981307983
2024-10-21,10.289999961853,10.3100004196167,10.1700000762939,10.1999998092651,564900,10.0685291290283
2024-10-22,10.1899995803833,10.2700004577637,10.1199998855591,10.2200002670288,470600,10.0882720947266
2024-10-23,10.2200002670288,10.6599998474121,10.1999998092651,10.6099996566772,1075100,10.4732446670532
2024-10-24,10.710000038147,11.1000003814697,10.5100002288818,11,1219200,10.8582181930542
2024-10-25,11.1099996566772,11.3100004196167,11.039999961853,11.1800003051758,719700,11.0358982086182
2024-10-28,11.210000038147,11.6099996566772,11.1800003051758,11.2399997711182,658700,11.0951242446899
2024-10-29,11.2200002670288,11.4300003051758,11.1999998092651,11.3900003433228,613700,11.2431917190552
