"VAMO3.SA.Open","VAMO3.SA.High","VAMO3.SA.Low","VAMO3.SA.Close","VAMO3.SA.Volume","VAMO3.SA.Adjusted"
8.33403301239014,8.54861164093018,8.04052925109863,8.04052925109863,4750609,7.36610174179077
8.16878318786621,8.24770927429199,7.82101821899414,8.11452198028564,3966477,7.43388748168945
8.12932014465332,8.23784255981445,7.99613380432129,8.08985805511475,3650229,7.41129302978516
8.07505893707275,8.11698818206787,7.87034606933594,8.01586532592773,4402737,7.343505859375
8.05286121368408,8.95063781738281,8.02079772949219,8.47215270996094,3162478,7.76152038574219
8.53627967834473,8.65466785430908,8.16878318786621,8.3636302947998,1374461,7.66210126876831
8.43515586853027,8.43515586853027,7.92954015731812,8.13918590545654,3511567,7.45648336410522
8.13918590545654,8.29210376739502,8.04792785644531,8.18111515045166,1655030,7.49489498138428
8.16384983062744,8.45242118835449,8.12192058563232,8.2575740814209,649929,7.56494140625
8.36116409301758,8.67933177947998,8.35623073577881,8.54614543914795,2613098,7.8293080329895
8.56094360351562,8.66946601867676,8.38582801818848,8.48448467254639,993747,7.77281856536865
8.41049194335938,8.92350769042969,8.39076137542725,8.75579071044922,1995604,8.0213680267334
8.28717136383057,9.07395935058594,8.2822380065918,8.58314228057861,1355405,7.86320161819458
8.58560752868652,8.78785514831543,8.50914859771729,8.58314228057861,1706116,7.86320161819458
8.75332546234131,8.87664604187012,8.35129833221436,8.60780620574951,1445414,7.88579654693604
8.6472692489624,8.69413089752197,8.15891742706299,8.38582801818848,1264991,7.68243741989136
8.40802574157715,8.78785514831543,8.02819728851318,8.50914859771729,1865862,7.79541301727295
8.51654815673828,8.68179798126221,8.225510597229,8.225510597229,1349729,7.53556728363037
8.22797679901123,8.43268966674805,7.89254379272461,8.43268966674805,1173360,7.7253680229187
8.35129833221436,8.35129833221436,8.1021900177002,8.32416820526123,1419466,7.62594985961914
8.36116409301758,8.48448467254639,8.1835823059082,8.38582801818848,757778,7.68243741989136
8.36116409301758,8.43022441864014,8.24030876159668,8.24277591705322,1309995,7.55138349533081
8.24277591705322,8.24277591705322,7.81608486175537,7.81608486175537,1015642,7.16048288345337
7.93447303771973,8.01093196868896,7.48065185546875,7.54724502563477,2514170,6.91419315338135
7.73716020584106,7.74455881118774,7.19454717636108,7.34499883651733,1291345,6.72891092300415
7.38692808151245,7.83581590652466,7.30060291290283,7.83581590652466,2230763,7.17855882644653
7.80868577957153,8.1021900177002,7.58424091339111,7.86541318893433,3263434,7.20567417144775
7.83335018157959,8.37349605560303,7.83335018157959,8.26250743865967,2428215,7.56946039199829
8.18851375579834,8.72372817993164,8.18851375579834,8.68179798126221,4282725,7.95358228683472
8.68179798126221,8.97776889801025,8.5584774017334,8.87911224365234,5070506,8.13434600830078
8.92844009399414,9.27867221832275,8.76319026947021,8.91610813140869,3661176,8.16823863983154
8.92844009399414,9.13808631896973,8.72865962982178,8.82978439331055,2872989,8.08915424346924
8.827317237854,9.17261600494385,8.45982074737549,8.87911224365234,5377429,8.13434600830078
8.82485103607178,8.87911224365234,8.73606014251709,8.82978439331055,638577,8.08915424346924
8.68426513671875,8.99503421783447,8.41049194335938,8.41049194335938,973070,7.70503187179565
8.41049194335938,9.15041828155518,8.26250743865967,9.05176067352295,2991380,8.29251194000244
9.07149314880371,9.15041828155518,8.75825691223145,8.83224964141846,2604179,8.09141254425049
8.89144420623779,9.00243282318115,8.49681663513184,8.49681663513184,3953908,7.78411531448364
8.5264139175415,8.66946601867676,8.38582801818848,8.38582801818848,1472174,7.68243741989136
8.48941802978516,8.66946601867676,8.22057819366455,8.63247013092041,2544984,7.90839195251465
8.64480209350586,8.83964920043945,8.42529106140137,8.63247013092041,877384,7.90839195251465
8.69413089752197,8.69413089752197,8.52888011932373,8.60780620574951,1080107,7.88579654693604
8.65713405609131,8.66946601867676,8.44748878479004,8.47215270996094,1319726,7.76152038574219
8.47461891174316,8.67933177947998,8.3956937789917,8.50914859771729,1401221,7.79541301727295
8.50914859771729,9.15041828155518,8.47708606719971,8.91610813140869,2111967,8.16823863983154
8.92350769042969,9.24907493591309,8.78045463562012,8.9901008605957,1442171,8.23602485656738
9.03203010559082,9.41679191589355,8.98023509979248,9.15041828155518,2187380,8.38289356231689
9.14795207977295,9.27867221832275,8.97776889801025,9.07642555236816,1044023,8.31510829925537
9.14795207977295,9.25400829315186,8.83224964141846,9.25400829315186,2026013,8.47779560089111
9.27373886108398,9.61657238006592,9.27127265930176,9.53024673461914,2034122,8.73086357116699
9.53024673461914,9.69303131103516,9.50558280944824,9.61903762817383,1067133,8.81220722198486
9.61903762817383,9.68563079833984,9.46858692169189,9.64370155334473,546541,8.83480167388916
9.64123630523682,9.68563079833984,9.49078369140625,9.62890434265137,282595,8.82124614715576
9.70289611816406,9.83361721038818,9.47351932525635,9.61410522460938,608979,8.80768775939941
9.65110206604004,9.65603446960449,9.30826854705811,9.61903762817383,1129166,8.81220722198486
9.61657238006592,9.61903762817383,9.32553386688232,9.37239646911621,1270667,8.58625411987305
9.39706039428711,9.61410522460938,9.32800102233887,9.53518009185791,2786224,8.73538303375244
9.53518009185791,9.949538230896,9.53518009185791,9.86567974090576,4397466,9.03816032409668
9.949538230896,10.3564977645874,9.59437370300293,10.1123218536377,3250459,9.26411533355713
10.0802593231201,10.2603073120117,10.0802593231201,10.2603073120117,3200590,9.39968872070312
10.2603073120117,10.7165946960449,10.1517848968506,10.395959854126,2468354,9.52396202087402
10.395959854126,11.2123460769653,10.2430419921875,10.923773765564,2875017,10.0075035095215
10.923773765564,11.740159034729,10.8941774368286,11.4935169219971,3818084,10.5294570922852
11.4935169219971,11.4935169219971,11.20494556427,11.4713201522827,8042425,10.5091218948364
11.5453119277954,11.8092193603516,11.2246780395508,11.592173576355,7085572,10.6198396682739
11.592173576355,11.614372253418,10.8719797134399,11.019965171814,3466157,10.095627784729
10.9188423156738,11.3307342529297,10.5316143035889,11.2986698150635,2188597,10.3509540557861
11.2345428466797,11.4466552734375,10.9509048461914,11.1975469589233,1563804,10.2583122253418
11.227144241333,11.3948612213135,11.1482191085815,11.3430662155151,2493897,10.3916254043579
11.3430662155151,11.3455324172974,10.8941774368286,11.3085355758667,1271072,10.3599920272827
11.293737411499,11.4811849594116,10.9977674484253,11.3455324172974,1884107,10.3938865661621
11.3430662155151,11.3553981781006,11.1112222671509,11.3455324172974,1385003,10.3938865661621
11.3701963424683,11.8684129714966,10.9657039642334,11.5403785705566,3058684,10.5723886489868
11.5995740890503,12.0163993835449,11.1654844284058,11.9004774093628,2816227,10.9022836685181
11.8980102539062,11.9720029830933,11.5995740890503,11.8733463287354,1597862,10.8774280548096
11.9325399398804,12.2063131332397,11.6908311843872,11.96213722229,3407772,10.9587697982788
12.0237979888916,12.327166557312,11.969536781311,12.2581081390381,2528360,11.2299175262451
12.2457761764526,12.356764793396,12.1224546432495,12.3320999145508,2052367,11.2977018356323
12.3320999145508,12.6280708312988,12.267972946167,12.5170822143555,6818384,11.4671678543091
12.5170822143555,12.7217950820923,12.2975702285767,12.6034069061279,2512953,11.5462522506714
12.6280708312988,13.3877277374268,12.5787420272827,13.0720262527466,1849644,11.975564956665
13.1953468322754,13.2200117111206,12.9610366821289,13.0720262527466,1761257,11.975564956665
13.2175445556641,13.2175445556641,12.6847982406616,12.8229179382324,2442811,11.747350692749
12.8500490188599,13.0892906188965,12.5195484161377,13.0720262527466,2427404,11.975564956665
13.091757774353,13.6417694091797,12.8031873703003,13.0498285293579,2940293,11.9552278518677
13.0646266937256,13.1213550567627,12.8451156616211,12.9462394714355,1135248,11.8603277206421
12.9265079498291,13.0695600509644,12.6083393096924,12.8155193328857,1361892,11.7405729293823
12.8525152206421,12.9117088317871,12.571343421936,12.6773986816406,1040779,11.6140375137329
12.6404027938843,12.73659324646,12.356764793396,12.4554214477539,1174982,11.4106798171997
12.6034069061279,13.2150793075562,12.5072164535522,12.8549814224243,2250630,11.7767248153687
12.8303165435791,13.3359327316284,12.7045297622681,12.8574476242065,1573941,11.7789840698242
12.877179145813,13.2915382385254,12.795786857605,13.0720262527466,2948808,11.975564956665
13.1706829071045,13.5381803512573,13.0128316879272,13.2816715240479,2709189,12.1676244735718
13.2890710830688,13.3186683654785,12.9141750335693,13.3186683654785,1275938,12.2015190124512
13.3285341262817,13.3975944519043,13.1016225814819,13.2076787948608,1065511,12.0998382568359
13.2027473449707,13.419792175293,13.113956451416,13.257007598877,1033076,12.1450290679932
13.4173250198364,13.8020868301392,13.2816715240479,13.5135164260864,4341920,12.3800220489502
13.5653095245361,14.1227207183838,13.3408660888672,13.7576913833618,3545624,12.6037178039551
13.7576913833618,13.767557144165,13.323600769043,13.6417694091797,3580087,12.4975175857544
13.6146392822266,14.0980567932129,13.3975944519043,13.9352731704712,1601511,12.7664031982422
13.932806968689,14.1177892684937,13.6146392822266,14.1177892684937,1352973,12.9336109161377
14.1251878738403,14.295371055603,13.9229412078857,13.9673366546631,3669691,12.7957773208618
14.5543451309204,14.8429155349731,14.4852848052979,14.6505346298218,8890212,13.421669960022
14.7097291946411,15.4225254058838,14.6850652694702,15.2227449417114,2908669,13.9458847045898
15.2301435470581,15.8615484237671,15.2301435470581,15.4151258468628,1748688,14.1221284866333
15.4471893310547,15.6962966918945,15.2720727920532,15.3288011550903,1738957,14.043044090271
15.3411331176758,15.6371030807495,15.3312673568726,15.5384473800659,2057638,14.2351055145264
15.3855276107788,15.9898014068604,15.2794723510742,15.3411331176758,8587750,14.0543413162231
15.4965171813965,16.2068462371826,15.3559312820435,15.6617679595947,8663568,14.3480834960938
15.6617679595947,15.8566150665283,15.4299240112305,15.5927076339722,2696620,14.284815788269
15.5951738357544,16.0144653320312,15.5705099105835,16.0144653320312,1800585,14.6711950302124
15.9059429168701,16.1205215454102,15.738226890564,16.0144653320312,1667599,14.6711950302124
16.026798248291,16.3745632171631,15.8590812683105,16.2783737182617,2056421,14.9129686355591
16.1525840759277,16.7346591949463,15.8590812683105,16.2783737182617,4311511,14.9129686355591
16.3770294189453,16.6360034942627,16.1821823120117,16.5250148773193,2364155,15.1389207839966
16.5274810791016,16.8555145263672,16.4658203125,16.8209857940674,2316312,15.4100656509399
16.8703136444092,17.6349048614502,16.8703136444092,17.6201057434082,3546030,16.1421585083008
17.8815460205078,17.8815460205078,17.5387134552002,17.7014961242676,2488627,16.2167205810547
17.7088966369629,17.8223514556885,17.2057476043701,17.4745864868164,4655330,16.0088443756104
17.4745864868164,17.6916313171387,16.9763698577881,17.0922908782959,2070206,15.658616065979
17.7804222106934,18.0541954040527,16.4904842376709,17.7236957550049,6581198,16.2370586395264
17.7384929656982,18.0023994445801,17.4499225616455,17.9555377960205,6067903,16.4494533538818
17.9506053924561,18.7275276184082,17.5855751037598,18.1553173065186,3070441,16.6324768066406
18.3772964477539,18.6288719177246,17.8198852539062,17.9950008392334,3314925,16.4856052398682
18.0837917327881,18.0837917327881,17.3414001464844,17.8618144989014,3496971,16.3635921478271
17.8420829772949,17.9999332427979,17.3142681121826,17.3142681121826,2159810,15.8619737625122
17.1712169647217,17.4129257202148,16.6483364105225,16.6483364105225,2928535,15.2518997192383
16.6483364105225,16.9393730163574,16.1575183868408,16.3720970153809,4270967,14.9988298416138
16.25124168396,16.6335372924805,16.2290439605713,16.5250148773193,2523089,15.1389207839966
16.5102157592773,16.9615707397461,15.9380073547363,16.0317306518555,2933806,14.68701171875
16.0317306518555,16.2907047271729,16.0169315338135,16.2413768768311,1882485,14.8790740966797
16.2413768768311,16.695198059082,16.0317306518555,16.0711936950684,1819641,14.723165512085
15.9429388046265,16.169849395752,15.0229654312134,15.2202777862549,3730102,13.94362449646
15.2128791809082,15.2128791809082,13.8218183517456,13.9106092453003,7844263,12.7438087463379
13.7034301757812,15.0155649185181,13.4271907806396,14.4236249923706,5635292,13.2137928009033
14.5518779754639,15.4299240112305,14.354564666748,14.7985200881958,3796291,13.5572423934937
14.5814752578735,15.5877752304077,13.999400138855,15.3707304000854,2072031,14.0814552307129
15.0451622009277,16.1007900238037,14.8577146530151,15.8837451934814,3576438,14.5514402389526
16.1205215454102,16.6730003356934,15.5779094696045,15.8541479110718,2675233,14.5243263244629
16.0218658447266,16.3572978973389,15.7160291671753,16.0218658447266,2525015,14.6779756546021
15.7949542999268,15.9528045654297,15.3312673568726,15.8344173431396,2709595,14.5062484741211
15.8344173431396,16.169849395752,15.0648937225342,15.4200582504272,2624147,14.1266469955444
15.656834602356,16.0810585021973,15.2227449417114,16.0810585021973,2006349,14.7322034835815
16.0810585021973,16.5546112060547,15.558177947998,15.6765661239624,1186841,14.3616399765015
15.6075057983398,15.745626449585,14.6801319122314,15.0057001113892,2117441,13.7470445632935
15.3805961608887,15.6075057983398,14.7590579986572,15.350998878479,3411726,14.0633811950684
15.350998878479,15.4891176223755,14.9169092178345,15.0451622009277,2514879,13.7831954956055
15.2128791809082,15.5285806655884,14.9761028289795,15.3904609680176,3315331,14.0995321273804
15.6962966918945,16.2783737182617,15.2720727920532,16.2783737182617,1953438,14.9129686355591
16.2191772460938,17.2452087402344,15.3904609680176,15.5483121871948,4568970,14.2441425323486
15.5285806655884,15.7160291671753,14.7195949554443,15.4200582504272,3739731,14.1266469955444
16.1797161102295,16.1797161102295,15.2819385528564,15.3707304000854,2018917,14.0814552307129
15.558177947998,15.9034767150879,15.2424764633179,15.7357597351074,1856739,14.415867805481
15.7850885391235,16.5052833557129,15.5976409912109,15.9232082366943,1943200,14.5875940322876
15.8245506286621,16.5348796844482,15.5483121871948,15.7949542999268,2602050,14.4700965881348
15.8344173431396,16.1994476318359,15.6667003631592,15.9330739974976,1227183,14.5966310501099
15.745626449585,16.1501197814941,15.6173715591431,15.7949542999268,5378949,14.4700965881348
15.4003267288208,15.4003267288208,14.8379831314087,15.0944910049438,1643373,13.828387260437
15.2523422241211,16.0317306518555,15.0451622009277,15.8837451934814,1911981,14.5514402389526
16.1106567382812,16.9887027740479,15.9626712799072,16.5644779205322,3751489,15.1750726699829
16.6730003356934,17.7582244873047,16.6335372924805,17.1662845611572,3399055,15.7264032363892
16.6434020996094,16.761791229248,16.2487754821777,16.2783737182617,7509973,14.9129686355591
16.2882385253906,16.436222076416,15.8738803863525,16.1797161102295,2647359,14.8225860595703
16.0317306518555,16.317834854126,15.4496545791626,15.4693870544434,3700200,14.171838760376
15.6173715591431,15.864013671875,15.0451622009277,15.2523422241211,4585796,13.9729986190796
15.3411331176758,15.3411331176758,14.5321474075317,14.749192237854,6213762,13.5120515823364
14.8675804138184,15.4101934432983,14.0980567932129,15.0155649185181,6332153,13.7560815811157
14.9465055465698,15.0648937225342,14.2559080123901,14.5025501251221,1681992,13.2860984802246
14.5124158859253,14.749192237854,14.0388631820679,14.2657737731934,4189574,13.0691804885864
14.0289974212646,14.8182516098022,13.7231607437134,14.6998643875122,5058241,13.4668626785278
14.7590579986572,15.3016700744629,14.5222806930542,15.2720727920532,3555051,13.9910736083984
15.4101934432983,15.7258939743042,15.1536846160889,15.3411331176758,3251676,14.0543413162231
15.3411331176758,15.5483121871948,14.9761028289795,15.2424764633179,2493289,13.9639596939087
15.0747604370117,15.6765661239624,15.0747604370117,15.4200582504272,2244954,14.1266469955444
15.4200582504272,15.6173715591431,15.1043567657471,15.4693870544434,1588233,14.171838760376
15.558177947998,15.8442831039429,15.3707304000854,15.7653570175171,1650266,14.4429817199707
15.6272382736206,15.7061634063721,15.3214015960693,15.5088491439819,1423013,14.207989692688
15.3411331176758,15.4003267288208,14.3052358627319,14.5617437362671,2260766,13.3403263092041
14.6308040618896,14.7886552810669,13.9500722885132,14.0783262252808,2144403,12.8974580764771
13.9204750061035,14.0487289428711,12.7267284393311,13.2101459503174,4870723,12.1020994186401
12.73659324646,12.73659324646,11.3060703277588,12.3715629577637,15708900,11.3338537216187
12.5195484161377,12.9536380767822,12.1643838882446,12.4011602401733,10777158,11.360969543457
12.2926378250122,12.2926378250122,11.5428457260132,11.7302942276001,5760068,10.746374130249
11.8388156890869,12.4208908081055,11.7204284667969,12.134786605835,4005501,11.1169385910034
12.0459957122803,12.2630405426025,11.5428457260132,11.6415033340454,4167680,10.6650323867798
11.828950881958,11.828950881958,10.6549348831177,11.1778163909912,8163450,10.2402372360229
10.8325166702271,11.53297996521,10.5760087966919,11.1186218261719,8542036,10.1860094070435
11.3455324172974,12.0953235626221,11.2172775268555,11.9177417755127,6020061,10.918098449707
11.8486824035645,13.1904153823853,11.7796220779419,12.1643838882446,7850142,11.1440544128418
12.4998168945312,12.8845777511597,12.0953235626221,12.4011602401733,3221166,11.360969543457
12.7168617248535,12.7168617248535,11.8782787322998,12.4406232833862,1684830,11.3971214294434
12.4603538513184,13.2200117111206,12.223578453064,12.6280708312988,3973268,11.56884765625
12.6280708312988,13.1213550567627,12.2729063034058,12.5294141769409,2771222,11.4784650802612
12.6675329208374,13.545578956604,12.5590114593506,13.1805486679077,2903296,12.0749835968018
13.1509523391724,13.5159816741943,12.5787420272827,12.6379356384277,1618134,11.5778837203979
12.7563247680664,12.7563247680664,11.8684129714966,11.9473390579224,2296952,10.9452133178711
12.0953235626221,12.1643838882446,11.5132493972778,11.8684129714966,3557179,10.8729085922241
11.9078760147095,12.4208908081055,11.7598905563354,12.1545181274414,2248603,11.1350145339966
12.1446523666382,12.8648471832275,12.1446523666382,12.6971302032471,2187279,11.6321144104004
12.6773986816406,12.8352499008179,11.976936340332,12.0065326690674,1734497,10.9994430541992
12.0854578018188,12.1545181274414,11.1383533477783,11.3652639389038,4258094,10.4119625091553
11.5625772476196,11.8881454467773,11.019965171814,11.3948612213135,3236370,10.439076423645
11.6316366195679,11.9276065826416,11.3455324172974,11.5428457260132,1557621,10.5746488571167
11.3455324172974,11.3751287460327,10.7831878662109,11.1284866333008,2092506,10.1950454711914
11.4441890716553,11.6415033340454,11.1087560653687,11.3159351348877,2527144,10.3667707443237
11.1580839157104,11.3060703277588,10.5168151855469,11.0298299789429,4785579,10.104663848877
11.2074127197266,11.4737863540649,10.5957412719727,10.5957412719727,2660840,9.70698738098145
10.6943969726562,11.1284866333008,10.5168151855469,10.8325166702271,2421323,9.92390155792236
11.3356666564941,11.8486824035645,11.2962036132812,11.6316366195679,1913704,10.6559915542603
11.592173576355,12.0262641906738,11.2468748092651,11.6119060516357,2021553,10.6379165649414
11.7500247955322,12.3715629577637,11.592173576355,11.7302942276001,3095174,10.746374130249
11.7302942276001,12.5294141769409,11.5033826828003,12.4208908081055,3040540,11.5724878311157
12.1051902770996,12.7267284393311,11.8388156890869,12.4702196121216,2489235,11.8022575378418
12.73659324646,13.1016225814819,12.5688772201538,12.9141750335693,3272354,12.22243309021
13.0226984024048,13.3679971694946,12.8747129440308,12.9437732696533,3334589,12.2504453659058
13.0226984024048,13.2298774719238,12.6280708312988,12.8549814224243,1511299,12.1664094924927
12.6083393096924,13.1608171463013,12.5096826553345,13.032564163208,3122034,12.3344802856445
13.1805486679077,13.2890710830688,12.5590114593506,12.8845777511597,2253468,12.1944208145142
12.9437732696533,12.9733695983887,12.6280708312988,12.9240407943726,2659218,12.2317695617676
12.5294141769409,12.8253841400146,12.3123693466187,12.6379356384277,2144606,11.9609899520874
12.5392799377441,12.7859220504761,12.1643838882446,12.4208908081055,1915833,11.7555713653564
12.5294141769409,12.5392799377441,11.9572038650513,12.2334442138672,1137579,11.5781650543213
12.223578453064,12.3222351074219,11.7894878387451,12.0163993835449,1383482,11.372745513916
12.134786605835,12.2433090209961,11.53297996521,11.9374732971191,1768251,11.2980470657349
11.7500247955322,12.1446523666382,11.5527124404907,11.6612339019775,1405681,11.0366048812866
11.8190851211548,11.8190851211548,11.0988903045654,11.2370100021362,1535423,10.6351041793823
11.3258008956909,11.8190851211548,11.1580839157104,11.8190851211548,3325771,11.1860008239746
11.8190851211548,11.8190851211548,10.8127851486206,11.1778163909912,4324384,10.579080581665
11.286337852478,11.3652639389038,10.6056060791016,10.6845321655273,4143150,10.1122198104858
10.7042627334595,10.7042627334595,9.80648612976074,9.86567974090576,5451524,9.33722877502441
9.88541221618652,10.3490982055664,9.70782947540283,10.3490982055664,4969753,9.794753074646
10.3490982055664,10.3490982055664,9.90514278411865,10.0629940032959,1845792,9.52397441864014
10.2109794616699,10.2109794616699,9.61903762817383,9.9248743057251,3048446,9.39325332641602
9.86567974090576,10.3096361160278,9.86567974090576,10.082724571228,1168089,9.54264831542969
10.3096361160278,10.8818454742432,9.99393367767334,10.6647996902466,2757539,10.093544960022
10.4576206207275,10.536545753479,9.89527702331543,10.0925912857056,3017328,9.55198574066162
10.0925912857056,10.1419191360474,9.66836738586426,10.1123218536377,2170250,9.57065963745117
10.2504415512085,10.2504415512085,9.81635189056396,10.0629940032959,1156939,9.52397441864014
9.86567974090576,10.1320543289185,9.49078369140625,9.60917186737061,2291580,9.09446048736572
9.60917186737061,10.0333967208862,9.58944129943848,9.85581398010254,1675201,9.3278923034668
9.9248743057251,11.1679496765137,9.86567974090576,10.8522481918335,5361414,10.2709522247314
10.7930536270142,11.1679496765137,10.7437257766724,11.0298299789429,1959216,10.4390211105347
11.0298299789429,11.0988903045654,10.5760087966919,10.9410390853882,1483323,10.3549871444702
10.8621139526367,11.4836521148682,10.8522481918335,11.3849954605103,2635195,10.7751636505127
11.3455324172974,12.1446523666382,11.2962036132812,11.8092193603516,3425105,11.176664352417
11.8980102539062,12.1446523666382,11.5527124404907,11.7500247955322,2570932,11.1206398010254
11.7894878387451,11.8684129714966,11.1975469589233,11.8190851211548,1431224,11.1860008239746
11.828950881958,12.2137117385864,11.7796220779419,12.1150550842285,3321007,11.4661169052124
12.3222351074219,12.3616971969604,11.9473390579224,12.282772064209,1255057,11.6248502731323
12.282772064209,12.6379356384277,12.0361299514771,12.282772064209,1616614,11.6248502731323
12.282772064209,12.5392799377441,11.8585481643677,12.0953235626221,1397774,11.4474430084229
12.2137117385864,12.2137117385864,11.3751287460327,11.8585481643677,2130212,11.223349571228
11.6217708587646,11.9670696258545,11.4935169219971,11.7204284667969,1517482,11.0926294326782
11.8092193603516,11.8881454467773,11.4639196395874,11.6316366195679,1782745,11.0085926055908
11.8585481643677,11.9473390579224,11.4935169219971,11.8486824035645,1982123,11.2140121459961
11.9868011474609,12.0065326690674,11.4737863540649,11.5625772476196,2000064,10.9432325363159
11.5625772476196,11.9276065826416,11.1580839157104,11.4836521148682,2967053,10.8685350418091
11.3060703277588,12.3222351074219,11.2962036132812,12.2334442138672,2873091,11.5781650543213
12.3123693466187,12.5688772201538,12.0558614730835,12.3222351074219,2656887,11.6621999740601
12.3320999145508,12.3715629577637,12.0163993835449,12.223578453064,4241775,11.5688276290894
12.1939811706543,12.3123693466187,11.828950881958,11.9078760147095,3533562,11.2700357437134
12.0163993835449,12.0163993835449,11.0100994110107,11.5132493972778,12813814,10.8965473175049
11.6415033340454,11.7894878387451,10.714129447937,10.8522481918335,2949517,10.2709522247314
11.0396957397461,11.3849954605103,10.8621139526367,11.2567405700684,6936571,10.6537780761719
11.3060703277588,11.7006969451904,11.1975469589233,11.2962036132812,2319860,10.6911268234253
10.5858745574951,11.4343233108521,10.5858745574951,11.3159351348877,2513764,10.7098016738892
11.079158782959,11.4145917892456,10.8522481918335,10.9015769958496,3597927,10.3176393508911
10.8127851486206,11.1679496765137,10.7239942550659,11.0692930221558,1474809,10.4763708114624
11.4047260284424,11.7500247955322,11.0594282150269,11.1482191085815,3265562,10.5510683059692
11.0002326965332,11.1186218261719,10.32936668396,10.7831878662109,3245493,10.2055912017822
10.7831878662109,10.8917112350464,10.0136651992798,10.023530960083,2527651,9.48662567138672
10.0925912857056,10.3195009231567,9.85581398010254,10.2899036407471,2260563,9.73872852325439
10.3392333984375,10.8621139526367,10.2307100296021,10.7042627334595,2821903,10.1308937072754
10.5760087966919,10.7338600158691,10.3195009231567,10.6352033615112,2148356,10.0655336380005
10.6352033615112,10.6352033615112,9.79662036895752,9.96433734893799,3220051,9.43060207366943
9.97420310974121,10.2701730728149,9.91500854492188,10.1419191360474,3142307,9.59867191314697
10.023530960083,10.3490982055664,9.9248743057251,10.2997703552246,2087539,9.74806690216064
10.3589639663696,10.6746664047241,9.93474006652832,10.3490982055664,2215964,9.794753074646
10.4082927703857,10.7535905838013,9.98406791687012,10.6845321655273,2645230,10.1122198104858
10.6845321655273,11.2468748092651,10.5266809463501,10.9607706069946,3558801,10.3736619949341
10.9311742782593,11.2666072845459,10.8621139526367,11.1186218261719,1800179,10.5230579376221
11.0692930221558,11.7105617523193,11.0692930221558,11.5527124404907,2594043,10.9338970184326
11.5527124404907,11.9276065826416,11.3455324172974,11.9276065826416,2504946,11.2887086868286
11.8881454467773,12.3320999145508,11.7006969451904,12.1841154098511,1712400,11.5314779281616
12.2630405426025,12.5294141769409,11.9966669082642,12.4406232833862,2057131,11.7742462158203
12.4208908081055,12.8648471832275,12.3912935256958,12.5886077880859,1829574,11.9143047332764
12.6971302032471,13.3285341262817,12.549144744873,13.1213550567627,4333811,12.4185152053833
13.1312198638916,13.2594738006592,12.7464590072632,12.9141750335693,2393651,12.22243309021
12.9536380767822,12.9536380767822,12.549144744873,12.6182050704956,1571711,11.9423170089722
12.6773986816406,13.0128316879272,12.4603538513184,13.0029668807983,2500385,12.3064680099487
12.8944444656372,13.1016225814819,12.5392799377441,13.0029668807983,2094330,12.3064680099487
12.9339065551758,12.9832353591919,12.3320999145508,12.4504880905151,1686452,11.7835826873779
12.4110260009766,12.4110260009766,11.8092193603516,12.2334442138672,3552010,11.5781650543213
12.1446523666382,12.341965675354,12.0065326690674,12.1841154098511,1517584,11.5314779281616
12.1841154098511,12.1841154098511,11.769757270813,11.9868011474609,1523665,11.3447322845459
11.8980102539062,12.2729063034058,11.769757270813,12.1841154098511,2558465,11.5314779281616
12.0854578018188,12.6083393096924,12.0361299514771,12.2038459777832,1608302,11.5501518249512
12.282772064209,12.4110260009766,12.0065326690674,12.2630405426025,1276242,11.6061763763428
12.1939811706543,12.549144744873,12.1249208450317,12.4998168945312,1300569,11.8302698135376
12.5096826553345,12.6971302032471,12.3320999145508,12.4406232833862,2677159,11.7742462158203
12.3616971969604,12.8056526184082,12.1249208450317,12.6576681137085,3002225,11.9796657562256
12.6379356384277,12.8747129440308,12.3222351074219,12.6083393096924,2911811,11.9329786300659
12.4011602401733,12.5294141769409,11.9177417755127,11.9966669082642,1699122,11.3540706634521
11.7796220779419,12.0657272338867,11.740159034729,11.9966669082642,3255528,11.3540706634521
11.9374732971191,12.1249208450317,11.7598905563354,12.0163993835449,4697699,11.372745513916
12.0361299514771,12.4800863265991,12.0361299514771,12.2630405426025,2204206,11.6061763763428
12.5096826553345,13.7626237869263,12.0755929946899,13.5159816741943,5881398,12.7920036315918
13.5159816741943,13.7132959365845,13.2594738006592,13.4765186309814,6890958,12.7546548843384
13.2693395614624,13.5949068069458,13.1016225814819,13.2298774719238,3385270,12.5212240219116
13.1706829071045,13.3285341262817,13.0226984024048,13.091757774353,2034324,12.3905029296875
12.8352499008179,13.8218183517456,12.6675329208374,13.6836986541748,3044087,12.9507360458374
13.604772567749,13.604772567749,13.1706829071045,13.4271907806396,3999622,12.7079696655273
13.4271907806396,13.4370565414429,12.9635038375854,13.3285341262817,3256744,12.6145963668823
13.1904153823853,13.2002801895142,12.5590114593506,12.7168617248535,3635836,12.0356893539429
12.8549814224243,13.1904153823853,12.7464590072632,12.9832353591919,2926103,12.2877941131592
12.9832353591919,13.2496089935303,12.7267284393311,13.0226984024048,2884545,12.3251428604126
12.8155193328857,13.5159816741943,12.795786857605,13.2693395614624,2138727,12.5585737228394
13.338399887085,13.9698028564453,13.2496089935303,13.6738328933716,2912723,12.9413995742798
13.6639671325684,13.9303407669067,13.5653095245361,13.8020868301392,3054528,13.062783241272
13.9106092453003,14.2164449691772,13.8218183517456,14.05859375,4223023,13.3055515289307
13.8711462020874,14.1671171188354,13.8020868301392,13.9796686172485,3728683,13.2308530807495
14.05859375,14.5321474075317,13.8218183517456,14.4038934707642,1912285,13.6323556900024
14.4334897994995,14.6406698226929,14.236177444458,14.4630870819092,4482610,13.6883783340454
14.4828186035156,14.7097291946411,14.4038934707642,14.5222806930542,3535792,13.7444000244141
14.4926843643188,14.60120677948,13.9106092453003,14.1868476867676,3539137,13.4269351959229
14.1276540756226,14.4729528427124,13.9796686172485,14.3052358627319,1655537,13.5389814376831
14.3644313812256,14.9465055465698,14.3249683380127,14.6899976730347,2007160,13.903133392334
14.7886552810669,15.4496545791626,14.7590579986572,15.114221572876,4177410,14.3046350479126
15.3411331176758,15.4200582504272,14.7294607162476,14.7294607162476,1851063,13.940484046936
14.749192237854,14.9267740249634,14.4532222747803,14.8675804138184,5032293,14.0712051391602
14.4828186035156,14.6998643875122,14.147385597229,14.6801319122314,4014218,13.8937969207764
14.6801319122314,15.1043567657471,14.3841619491577,14.542013168335,2071017,13.7630758285522
14.3940277099609,14.4729528427124,14.2756385803223,14.3940277099609,1748789,13.6230182647705
14.6406698226929,14.6406698226929,14.1079225540161,14.3052358627319,1740275,13.5389814376831
14.3052358627319,14.3151016235352,13.7330274581909,13.9106092453003,3370370,13.1654930114746
13.8415489196777,14.0487289428711,13.6541023254395,13.9106092453003,2224783,13.1654930114746
13.9599380493164,14.1177892684937,13.693564414978,14.05859375,1444097,13.3055515289307
13.9500722885132,13.9698028564453,13.2101459503174,13.4666538238525,2898634,12.7453184127808
12.9931011199951,13.3088026046753,12.2334442138672,12.4011602401733,3958469,11.7368974685669
12.4800863265991,12.6576681137085,12.2334442138672,12.3715629577637,2253062,11.7088851928711
12.5886077880859,12.8056526184082,12.341965675354,12.5294141769409,3158221,11.8582820892334
12.3715629577637,12.3715629577637,11.9078760147095,12.3320999145508,2862346,11.6715364456177
12.6478023529053,12.6478023529053,11.9473390579224,12.0065326690674,1404768,11.3634080886841
12.0657272338867,12.3222351074219,11.9473390579224,12.1051902770996,1967020,11.4567804336548
12.0558614730835,12.4603538513184,11.9473390579224,12.2137117385864,1465281,11.5594892501831
12.134786605835,12.6182050704956,12.1249208450317,12.4998168945312,2364459,11.8302698135376
12.6280708312988,12.6280708312988,12.1249208450317,12.282772064209,1300163,11.6248502731323
12.489951133728,12.549144744873,12.0953235626221,12.4208908081055,1685945,11.7555713653564
12.3814287185669,12.5096826553345,11.7796220779419,11.8388156890869,2763519,11.2046756744385
11.9374732971191,11.9572038650513,11.6020402908325,11.7598905563354,1480384,11.1299772262573
11.53297996521,11.7105617523193,11.2468748092651,11.5527124404907,3400779,10.9338970184326
11.3356666564941,11.5823087692261,11.2172775268555,11.5132493972778,1955465,10.8965473175049
11.4737863540649,11.592173576355,11.1679496765137,11.1679496765137,1779400,10.5697431564331
11.1975469589233,11.1975469589233,10.6154718399048,11.1284866333008,3899578,10.5323934555054
11.1975469589233,11.4145917892456,10.8719797134399,11.1580839157104,2475348,10.5604057312012
11.1580839157104,11.7006969451904,11.1383533477783,11.4639196395874,2588468,10.8498592376709
11.4145917892456,11.7894878387451,11.2468748092651,11.3159351348877,1378414,10.7098016738892
11.227144241333,11.227144241333,10.4970836639404,10.536545753479,1811329,9.97216033935547
10.6746664047241,10.7437257766724,10.2701730728149,10.6746664047241,1719496,10.1028823852539
10.6450691223145,10.8522481918335,10.4674873352051,10.7042627334595,1870727,10.1308937072754
10.6450691223145,10.9706363677979,10.4872179031372,10.8522481918335,823562,10.2709522247314
10.8423833847046,10.9311742782593,10.714129447937,10.7535905838013,1899514,10.1775789260864
10.6549348831177,11.2172775268555,10.6549348831177,11.0002326965332,1476836,10.4110097885132
11.0594282150269,11.4836521148682,11.0594282150269,11.2962036132812,2310433,10.6911268234253
11.2962036132812,11.7993535995483,11.2468748092651,11.6612339019775,1476532,11.0366048812866
11.592173576355,11.7894878387451,11.5033826828003,11.5231142044067,1242590,10.9058837890625
11.6513681411743,12.0163993835449,11.5132493972778,11.976936340332,1969757,11.3353967666626
11.8782787322998,12.0459957122803,11.7006969451904,11.769757270813,1372535,11.1393156051636
11.828950881958,12.0361299514771,11.5527124404907,11.5527124404907,1502988,10.9338970184326
11.7105617523193,12.2729063034058,11.6513681411743,12.1545181274414,2091898,11.5034656524658
11.8190851211548,12.5392799377441,11.8190851211548,12.4307565689087,1467207,11.7649087905884
12.7069959640503,13.4173250198364,12.5096826553345,13.4173250198364,3378580,12.6986322402954
13.4666538238525,13.6146392822266,12.8352499008179,13.032564163208,4838693,12.3344802856445
13.1805486679077,13.2989368438721,13.0029668807983,13.032564163208,2088249,12.3344802856445
13.1608171463013,13.4074592590332,12.9141750335693,13.4074592590332,1856232,12.6892948150635
13.3679971694946,14.6702671051025,13.3482646942139,14.60120677948,5052363,13.8190994262695
14.2559080123901,14.956371307373,14.1572513580322,14.7985200881958,4419056,14.0058441162109
14.7985200881958,15.3904609680176,14.749192237854,15.2227449417114,3550084,14.4073457717896
15.4299240112305,15.4397897720337,14.9465055465698,15.1438188552856,4116999,14.3326463699341
15.3904609680176,15.9330739974976,15.2424764633179,15.4891176223755,6344215,14.6594495773315
15.6371030807495,15.7752227783203,15.1734161376953,15.4595212936401,2014153,14.6314382553101
15.5877752304077,16.011999130249,15.5877752304077,15.9133424758911,2291478,15.0609512329102
15.7850885391235,15.8541479110718,15.5483121871948,15.6765661239624,3349490,14.8368577957153
15.7160291671753,15.8245506286621,15.3115358352661,15.5483121871948,1788117,14.7154731750488
15.7850885391235,15.7850885391235,15.3115358352661,15.6864318847656,4054357,14.8461952209473
15.7850885391235,16.3474311828613,15.3115358352661,15.7752227783203,3074090,14.930230140686
15.7258939743042,15.7258939743042,14.8478488922119,14.8971767425537,3352328,14.0992164611816
14.7097291946411,14.8182516098022,14.354564666748,14.4828186035156,3082199,13.7070531845093
14.6209383010864,14.6209383010864,14.1769828796387,14.2164449691772,5845922,13.4549474716187
14.2164449691772,14.542013168335,14.0289974212646,14.3742961883545,4991546,13.6043434143066
14.4334897994995,14.5913410186768,14.1769828796387,14.3151016235352,1475823,13.5483198165894
14.4038934707642,14.4532222747803,13.9204750061035,14.0881910324097,1257591,13.3335628509521
14.0881910324097,14.3446989059448,13.9303407669067,14.1769828796387,4196061,13.4175996780396
14.1769828796387,14.4236249923706,13.9500722885132,14.1276540756226,2841466,13.3709125518799
13.999400138855,14.2657737731934,13.7922210693359,13.9204750061035,1958303,13.1748304367065
14.0783262252808,14.5518779754639,14.0191316604614,14.4828186035156,3304080,13.7070531845093
14.4828186035156,14.6899976730347,14.3052358627319,14.3644313812256,3090207,13.595006942749
14.4433555603027,15.5088491439819,14.3249683380127,15.3904609680176,2134165,14.5660772323608
15.3707304000854,15.3707304000854,14.1079225540161,14.1079225540161,5053579,13.352237701416
14.5025501251221,14.5025501251221,13.6442356109619,14.05859375,2311852,13.3055515289307
14.1375198364258,14.4236249923706,13.851414680481,14.2657737731934,2499270,13.501633644104
13.9464063644409,14.5506181716919,13.9464063644409,14.2336540222168,4043263,13.4712333679199
14.0157423019409,14.0157423019409,13.5799169540405,13.6789684295654,3904244,12.9462604522705
13.7185878753662,14.5803327560425,13.570011138916,14.5506181716919,3060135,13.7712202072144
14.5109977722168,14.9567279815674,14.2633695602417,14.7685308456421,3409247,13.9774608612061
14.5407133102417,14.5407133102417,13.9860258102417,14.3426113128662,2796130,13.5743551254272
14.2732753753662,14.5803327560425,14.1048879623413,14.332706451416,1221893,13.5649814605713
14.3921356201172,14.4812822341919,13.7284927368164,13.7483043670654,1700434,13.0118827819824
13.8176393508911,14.0058374404907,13.3025732040405,13.4808645248413,3396829,12.7587671279907
13.0252304077148,14.1643190383911,12.8073167800903,14.0949831008911,10292961,13.3399906158447
13.8077335357666,14.0553617477417,13.6492519378662,13.7681140899658,2822076,13.0306301116943
13.6690626144409,13.6987781524658,13.1242809295654,13.2530479431152,3443068,12.5431547164917
13.3421936035156,13.4610548019409,13.0252304077148,13.0747556686401,2656202,12.3744115829468
13.1242809295654,13.5303907394409,12.965799331665,13.3719091415405,2669428,12.6556482315063
13.243143081665,13.4907703399658,13.0648498535156,13.4313402175903,3327572,12.711895942688
13.4313402175903,13.708683013916,13.1539964675903,13.5402956008911,3986928,12.8150157928467
13.9563112258911,14.6001443862915,13.8968801498413,14.3624210357666,3117277,13.5931034088135
14.5704278945923,14.9666328430176,14.520902633667,14.8576774597168,4425287,14.0618324279785
14.8576774597168,15.1944513320923,14.5308084487915,14.8576774597168,2792192,14.0618324279785
15.0161590576172,15.3430280685425,14.9468231201172,15.0656843185425,6127236,14.2586975097656
14.9468231201172,14.9468231201172,14.5109977722168,14.6001443862915,1382517,13.8180932998657
14.6496686935425,14.8576774597168,14.451566696167,14.7586259841919,2045508,13.9680862426758
14.7190046310425,14.8081512451172,14.5010929107666,14.7487201690674,1848640,13.9587116241455
14.5605230331421,15.3925533294678,14.5407133102417,15.0953998565674,3708082,14.2868204116821
15.1449251174927,15.1746406555176,14.6397638320923,14.7685308456421,2206838,13.9774608612061
14.8873920440674,15.2637872695923,14.5506181716919,14.6298589706421,1088124,13.8462162017822
14.8081512451172,15.2241659164429,14.6397638320923,14.8576774597168,2211886,14.0618324279785
14.8081512451172,15.0656843185425,14.7090997695923,14.986442565918,1282165,14.1837005615234
15.1350202560425,15.1350202560425,14.6397638320923,14.7883405685425,2107193,13.9962100982666
14.7388153076172,15.3430280685425,14.5605230331421,15.1350202560425,1434409,14.3243188858032
15.0458736419678,15.402458190918,14.8279609680176,14.9765377044678,2377861,14.1743259429932
14.8873920440674,15.1251153945923,14.6793851852417,14.7090997695923,1601293,13.9212131500244
14.590238571167,15.0458736419678,14.0850782394409,14.2237491607666,4556230,13.461859703064
14.2930850982666,15.3826484680176,14.1346025466919,15.1944513320923,3242667,14.3805675506592
15.2142610549927,15.5906562805176,14.4020414352417,15.1152095794678,6048388,14.305570602417
14.4614715576172,16.2741088867188,14.4614715576172,15.9670495986938,7903691,15.1117811203003
15.8481893539429,16.2047729492188,15.6500864028931,15.7491369247437,3366744,14.9055404663086
15.4816989898682,16.2443923950195,15.4816989898682,16.1156272888184,2966749,15.2524013519287
16.3533496856689,16.5316429138184,15.9670495986938,16.2047729492188,3663661,15.3367719650269
16.1156272888184,16.2344875335693,15.4519844055176,15.5015087127686,2151917,14.6711769104004
15.4222688674927,15.6698961257935,14.936918258667,15.4519844055176,6245357,14.6243057250977
15.3727426528931,15.679801940918,15.0161590576172,15.1944513320923,3144132,14.3805675506592
14.8477716445923,14.8477716445923,13.5006761550903,14.1643190383911,10581398,13.4056129455566
13.6492519378662,14.1742238998413,13.1242809295654,13.3223829269409,9635321,12.608775138855
13.5303907394409,13.9464063644409,13.3223829269409,13.7681140899658,2658625,13.0306301116943
13.9563112258911,14.0553617477417,12.9063692092896,13.0252304077148,3929079,12.3275394439697
12.4903535842896,12.6587409973145,11.4503164291382,12.6587409973145,12061945,11.9806814193726
12.8766527175903,13.1639022827148,12.6290254592896,12.6389303207397,5719164,11.9619312286377
12.7082662582397,13.104471206665,12.5002593994141,13.0153245925903,4991964,12.3181638717651
13.0450401306152,13.1143760681152,12.5993099212646,12.7082662582397,2547672,12.0275526046753
12.7082662582397,12.8271284103394,12.4705429077148,12.7776021957397,2848931,12.0931758880615
12.8568429946899,13.6690626144409,12.7875070571899,13.3421936035156,3457606,12.6275253295898
13.3124780654907,13.3520994186401,12.5993099212646,12.6686458587646,2880833,11.9900550842285
12.6686458587646,12.9360837936401,12.5398788452148,12.6785507202148,2642270,11.9994297027588
12.7776021957397,13.5006761550903,12.6983613967896,13.1143760681152,3059933,12.4119100570679
13.1242809295654,13.3818140029907,12.7776021957397,13.1341857910156,6904107,12.4306592941284
13.0945663452148,13.1143760681152,12.688455581665,12.896463394165,2224001,12.2056694030762
12.9459886550903,13.2728576660156,12.8073167800903,13.0945663452148,2110020,12.3931617736816
13.0252304077148,13.0252304077148,12.2229146957397,12.321967124939,2438739,11.6619462966919
12.2922506332397,12.5894050598145,12.0842437744141,12.3120613098145,3634787,11.6525716781616
12.252631187439,12.619119644165,11.8465213775635,11.9851932525635,7006882,11.3432121276855
11.8861408233643,12.0050029754639,11.2026882171631,11.2918338775635,6542779,10.6869916915894
11.3908853530884,11.5988931655884,10.9451551437378,11.2125930786133,4631040,10.6119956970215
11.0739221572876,11.5988931655884,10.8956298828125,10.9946813583374,6343387,10.4057569503784
11.024395942688,11.5097465515137,10.8163890838623,10.8461036682129,6881089,10.2651357650757
10.7767677307129,11.163067817688,10.5687608718872,10.9748697280884,7822016,10.3870048522949
10.9055347442627,11.4602212905884,10.8163890838623,11.3710746765137,3938569,10.7619876861572
11.3314552307129,11.8267107009888,11.2819290161133,11.3809795379639,14258386,10.7713623046875
11.3809795379639,11.6087980270386,11.2026882171631,11.5097465515137,3753211,10.8932313919067
11.4800310134888,12.321967124939,11.4007911682129,11.9554767608643,4483944,11.3150863647461
11.9851932525635,12.2427263259888,11.6682291030884,12.0545282363892,3195923,11.4088325500488
12.0743389129639,12.2625360488892,11.9059524536133,12.183295249939,2407341,11.5307025909424
12.2328195571899,13.0252304077148,12.2130098342896,12.5299739837646,4288288,11.858811378479
12.5200691223145,12.5795001983643,12.2328195571899,12.3318719863892,1667319,11.6713209152222
12.1535797119141,12.1733903884888,11.7474699020386,11.9158573150635,2935250,11.519492149353
11.9653816223145,12.4903535842896,11.8168058395386,12.4210176467896,2605824,12.007848739624
12.4606380462646,12.7875070571899,12.1733903884888,12.5200691223145,3691424,12.1036062240601
12.3615865707397,12.3615865707397,11.2819290161133,11.4998416900635,2948980,11.1173152923584
11.4998416900635,11.5295572280884,10.7965784072876,10.8461036682129,3313438,10.4853219985962
10.9253454208374,11.1333522796631,10.7371482849121,11.1135416030884,3712928,10.7438650131226
11.093731880188,11.7078485488892,11.0739221572876,11.3908853530884,3524036,11.0119829177856
11.3908853530884,11.8861408233643,11.3611698150635,11.8168058395386,2102448,11.4237356185913
11.6087980270386,12.0545282363892,11.4305057525635,11.9950981140137,3368460,11.5960969924927
11.9554767608643,12.7875070571899,11.8762359619141,12.5894050598145,3522522,12.1706352233887
12.5795001983643,13.173807144165,12.5596885681152,13.0846605300903,4034277,12.6494159698486
13.1143760681152,13.3917188644409,12.6488351821899,12.7280759811401,3324846,12.3046941757202
12.5993099212646,12.8370332717896,12.3913021087646,12.7379808425903,2088011,12.3142690658569
12.7478866577148,12.7974119186401,12.113959312439,12.2328195571899,2251058,11.8259115219116
12.2823457717896,12.5795001983643,12.1733903884888,12.4606380462646,2581089,12.0461511611938
12.5993099212646,13.3818140029907,12.549783706665,13.1539964675903,4176830,12.7164459228516
13.0153245925903,13.9365005493164,12.8370332717896,13.5105810165405,5394988,13.0611696243286
13.5006761550903,13.6096315383911,13.035135269165,13.4313402175903,2495174,12.984564781189
13.4313402175903,13.6690626144409,13.1936168670654,13.2134265899658,1283174,12.7739000320435
13.2233324050903,13.8770704269409,13.0846605300903,13.7284927368164,5075153,13.2718324661255
13.708683013916,14.0949831008911,13.5502014160156,13.8671646118164,2519909,13.405891418457
13.8968801498413,14.2336540222168,13.7978286743164,14.0751724243164,2815211,13.6069812774658
14.0553617477417,14.3525161743164,13.8770704269409,14.0850782394409,1981500,13.6165571212769
14.1147928237915,14.5109977722168,14.0355520248413,14.1346025466919,2566955,13.6644344329834
14.1445083618164,14.7586259841919,14.1346025466919,14.4812822341919,4284855,13.9995813369751
14.6793851852417,15.2439756393433,14.4911870956421,14.590238571167,8623319,14.1049137115479
14.4614715576172,15.1350202560425,14.4614715576172,14.6199541091919,4085160,14.133641242981
14.5109977722168,14.6100492477417,14.0751724243164,14.243558883667,2892746,13.7697668075562
14.1940336227417,14.5308084487915,13.9662160873413,14.4416618347168,1342942,13.9612789154053
14.5605230331421,14.6496686935425,14.1841287612915,14.451566696167,2203204,13.9708547592163
14.5605230331421,14.6991949081421,14.2336540222168,14.4614715576172,1737889,13.9804306030273
14.451566696167,14.4713773727417,13.6591567993164,13.7383975982666,2590377,13.2814083099365
13.6294422149658,14.1246976852417,13.5601062774658,14.0454568862915,3559170,13.5782537460327
14.0256471633911,14.4614715576172,13.9860258102417,14.1841287612915,2916169,13.7123126983643
14.6595735549927,14.8477716445923,13.778018951416,13.8374500274658,6896737,13.3771657943726
13.8671646118164,14.6595735549927,13.4907703399658,14.4416618347168,3838217,13.9612789154053
14.3227996826172,14.7090997695923,14.2831802368164,14.5704278945923,1907195,14.0857629776001
14.5407133102417,14.5605230331421,14.3029899597168,14.4812822341919,1180399,13.9995813369751
14.382230758667,14.3921356201172,13.9662160873413,14.312894821167,1228758,13.8367948532104
14.243558883667,14.4614715576172,13.8671646118164,13.916690826416,1820271,13.4537706375122
13.9662160873413,14.1346025466919,13.243143081665,13.3719091415405,3419242,12.9271097183228
13.3322887420654,13.4412450790405,13.035135269165,13.1837120056152,3613283,12.7451734542847
13.2629528045654,13.4313402175903,12.9162740707397,13.1539964675903,5639205,12.7164459228516
13.1539964675903,13.3421936035156,12.9063692092896,13.3025732040405,4662539,12.8600807189941
13.3223829269409,13.5601062774658,13.2233324050903,13.3719091415405,2331118,12.9271097183228
13.3620042800903,13.570011138916,13.1440906524658,13.2233324050903,1946973,12.7834758758545
13.2332372665405,13.8572597503662,13.2332372665405,13.7383975982666,3047313,13.2814083099365
13.7284927368164,14.0157423019409,13.4412450790405,13.8869752883911,2615617,13.4250440597534
13.916690826416,14.4416618347168,13.7879238128662,14.3624210357666,2396134,13.8846740722656
14.4020414352417,14.590238571167,14.2138442993164,14.3921356201172,3354932,13.9134006500244
14.3227996826172,14.4812822341919,13.9464063644409,14.2633695602417,1798565,13.7889175415039
14.1742238998413,14.4416618347168,13.8968801498413,14.2930850982666,3283554,13.817645072937
14.2534646987915,14.5010929107666,13.708683013916,13.7879238128662,1444505,13.3292875289917
13.5204858779907,14.0949831008911,13.173807144165,13.9761209487915,3332216,13.5112237930298
13.9860258102417,14.3029899597168,13.916690826416,14.0949831008911,3275478,13.6261320114136
13.8869752883911,14.0751724243164,13.0549449920654,13.2827625274658,9035530,12.8409290313721
13.2827625274658,13.4808645248413,12.6488351821899,12.8667478561401,5506849,12.4387521743774
12.8370332717896,13.1440906524658,12.7280759811401,12.8370332717896,1775142,12.410026550293
12.7577924728394,13.4115295410156,12.7577924728394,13.0153245925903,2476497,12.58238697052
13.0153245925903,13.1143760681152,11.8960456848145,12.1634845733643,4691110,11.758882522583
12.1040544509888,12.7181711196899,12.0941486358643,12.5993099212646,2554134,12.1802110671997
12.6686458587646,13.0549449920654,12.5993099212646,12.8667478561401,2536971,12.4387521743774
12.8073167800903,13.3322887420654,12.8073167800903,13.0945663452148,2291643,12.6589937210083
13.1440906524658,13.3223829269409,12.8667478561401,13.2728576660156,3319697,12.8313541412354
13.2728576660156,13.9067850112915,13.2629528045654,13.7185878753662,2232381,13.2622575759888
13.5997266769409,13.7582092285156,13.2035217285156,13.2233324050903,2337175,12.7834758758545
13.1936168670654,13.1936168670654,12.4309234619141,12.7776021957397,3537161,12.3525724411011
12.7875070571899,13.2035217285156,12.7478866577148,12.7676973342896,2416225,12.3429975509644
12.6587409973145,12.8568429946899,11.9851932525635,12.0842437744141,4730079,11.6822776794434
12.1337690353394,12.5795001983643,11.8465213775635,12.2328195571899,8557394,11.8259115219116
12.1337690353394,12.619119644165,12.0545282363892,12.3417768478394,4871319,11.9312438964844
12.4210176467896,13.4511499404907,12.4210176467896,13.4214353561401,9432295,12.9749898910522
13.5502014160156,13.9662160873413,13.3719091415405,13.7185878753662,6602445,13.2622575759888
13.6987781524658,14.3227996826172,13.5601062774658,14.1048879623413,4483641,13.6357078552246
14.0652666091919,14.4119462966919,13.847354888916,14.1841287612915,2806225,13.7123126983643
14.1643190383911,14.2336540222168,13.847354888916,13.9761209487915,3419242,13.5112237930298
13.9662160873413,14.0652666091919,13.0846605300903,13.1639022827148,3919084,12.7260227203369
12.9459886550903,13.0945663452148,12.5894050598145,12.8073167800903,6310878,12.3812990188599
12.8469381332397,13.1440906524658,12.7280759811401,12.9955148696899,2067718,12.5632362365723
13.0648498535156,13.2134265899658,12.9261789321899,13.0549449920654,1779282,12.6206903457642
13.0549449920654,13.1242809295654,12.6290254592896,12.7776021957397,1986346,12.3525724411011
12.7379808425903,13.0153245925903,12.6983613967896,12.7478866577148,2213905,12.323844909668
12.8766527175903,13.035135269165,11.9653816223145,12.2130098342896,8945577,11.8067598342896
12.2724409103394,12.3021564483643,11.7375650405884,12.1040544509888,8236247,11.7014293670654
11.9950981140137,12.0644330978394,11.3512649536133,11.4998416900635,7078259,11.1173152923584
11.4602212905884,11.6583242416382,11.1828775405884,11.4701261520386,7064832,11.0885877609253
11.4899368286133,11.5394620895386,10.5588550567627,10.6777172088623,16781627,10.3225374221802
10.7470531463623,11.3611698150635,10.7470531463623,11.2918338775635,9369095,10.9162263870239
11.4305057525635,11.4602212905884,11.0343008041382,11.2621192932129,5548545,10.9040451049805
11.2423086166382,11.5691776275635,11.0045862197876,11.5196523666382,5766311,11.1533899307251
11.5889883041382,11.6880388259888,11.2720241546631,11.3116436004639,5572472,10.9519948959351
11.232403755188,11.9158573150635,11.0838270187378,11.7078485488892,12480315,11.3356027603149
11.697943687439,11.697943687439,11.2522144317627,11.4899368286133,6640405,11.1246194839478
11.4899368286133,11.5493669509888,11.2918338775635,11.4800310134888,4041445,11.1150283813477
11.5097465515137,11.7078485488892,11.1531629562378,11.2522144317627,2372207,10.8944549560547
11.2918338775635,11.4701261520386,11.232403755188,11.3908853530884,5003473,11.0287170410156
11.4404106140137,11.975287437439,11.3512649536133,11.9356670379639,6163278,11.5561780929565
11.9950981140137,13.570011138916,11.8861408233643,12.9360837936401,14298668,12.5247869491577
12.9261789321899,13.173807144165,12.688455581665,12.7577924728394,5126642,12.3521642684937
12.6092147827148,12.9757041931152,12.5101642608643,12.6290254592896,4279100,12.2274913787842
12.5299739837646,12.7577924728394,12.3516817092896,12.3615865707397,2685985,11.9685554504395
12.6389303207397,13.2629528045654,12.619119644165,12.9757041931152,5501600,12.5631475448608
13.0549449920654,13.4610548019409,12.9757041931152,13.2035217285156,3617321,12.7837219238281
13.2629528045654,13.3025732040405,12.9558944702148,13.1440906524658,1756970,12.7261800765991
13.1936168670654,13.3719091415405,12.5795001983643,12.6785507202148,4905847,12.2754421234131
12.6686458587646,12.965799331665,12.5200691223145,12.7478866577148,3703640,12.3425731658936
12.8271284103394,13.4214353561401,12.6983613967896,13.3322887420654,6914909,12.9083948135376
13.4511499404907,13.9959316253662,13.3719091415405,13.4907703399658,9117407,13.0618371963501
13.5006761550903,13.5997266769409,12.9558944702148,13.3620042800903,3760883,12.9371652603149
13.4709596633911,14.4020414352417,13.4412450790405,14.1742238998413,8194955,13.7235612869263
14.1841287612915,14.6496686935425,13.916690826416,14.1445083618164,4617107,13.6947898864746
14.3525161743164,14.7190046310425,14.2534646987915,14.4614715576172,3362705,14.0016756057739
14.4713773727417,14.6694803237915,14.382230758667,14.4812822341919,2677201,14.0208568572998
14.5407133102417,14.7487201690674,13.9067850112915,14.1643190383911,6116837,13.7139711380005
14.2336540222168,14.6298589706421,14.0949831008911,14.5704278945923,4237809,14.1071681976318
14.5506181716919,14.7883405685425,14.4416618347168,14.5109977722168,4574806,14.0496273040771
14.4317569732666,14.4317569732666,13.1837120056152,13.4808645248413,19648730,13.05224609375
13.4907703399658,13.4907703399658,13.0945663452148,13.2530479431152,5278584,12.8316736221313
13.1837120056152,13.2134265899658,12.3714923858643,12.549783706665,13930171,12.1507692337036
12.3599996566772,12.4300003051758,11.8999996185303,12.3800001144409,15399400,11.9863834381104
12.3800001144409,12.3800001144409,11.8599996566772,12.3199996948242,5668800,11.9282913208008
12.4499998092651,12.5100002288818,11.3400001525879,12,18355200,11.618465423584
12,12.0900001525879,11.5900001525879,11.8500003814697,6733200,11.4732351303101
11.9700002670288,12.3699998855591,11.7799997329712,11.8999996185303,17154900,11.5216445922852
11.8299999237061,11.8900003433228,11.3599996566772,11.6899995803833,21034100,11.3183212280273
11.3999996185303,12.0799999237061,11.1999998092651,12,18703200,11.618465423584
12.25,12.5799999237061,11.9399995803833,12.1099996566772,11622700,11.724967956543
12.25,12.4399995803833,12.0600004196167,12.1999998092651,4753300,11.8121061325073
12.2399997711182,12.2399997711182,11.6099996566772,11.6899995803833,6667800,11.3183212280273
11.6199998855591,12.1800003051758,11.4499998092651,11.9499998092651,10461800,11.5700550079346
11.8900003433228,11.9499998092651,11.5299997329712,11.6999998092651,6243800,11.3280038833618
11.8999996185303,12.1199998855591,11.7600002288818,11.8999996185303,9448200,11.5216445922852
11.9200000762939,12.0799999237061,11.7799997329712,11.9700002670288,4418500,11.5894193649292
11.9499998092651,12,11.4200000762939,11.7799997329712,8212800,11.405460357666
12,12.1800003051758,11.75,11.7700004577637,7787100,11.3957786560059
11.7799997329712,11.960000038147,11.6800003051758,11.7600002288818,4137100,11.3860960006714
11.8000001907349,11.8199996948242,11.3299999237061,11.3900003433228,5383100,11.0278606414795
11.3500003814697,11.539999961853,11.2399997711182,11.4799995422363,3845600,11.1149978637695
11.5100002288818,11.6199998855591,11.3299999237061,11.5100002288818,2587600,11.1440448760986
11.5799999237061,11.5799999237061,10.9899997711182,11.1999998092651,11108100,10.843900680542
11.3900003433228,11.5600004196167,11.210000038147,11.5299997329712,5709500,11.1634082794189
11.5500001907349,12.0699996948242,11.4799995422363,11.9300003051758,9197300,11.5506916046143
12.0100002288818,12.039999961853,11.7700004577637,11.8999996185303,4297000,11.5216445922852
12,12.2399997711182,11.8299999237061,11.9099998474121,5058400,11.5313272476196
11.9099998474121,11.9300003051758,11.6000003814697,11.7600002288818,5111700,11.3860960006714
11.8000001907349,11.9399995803833,11.6199998855591,11.6800003051758,6940700,11.3086395263672
11.6999998092651,11.75,11.5200004577637,11.710000038147,4029200,11.337685585022
11.789999961853,12,11.789999961853,11.9399995803833,3399100,11.5603723526001
11.9799995422363,12.0699996948242,11.7600002288818,12.0100002288818,5921600,11.6281480789185
12.0600004196167,12.25,11.5900001525879,11.7700004577637,9104400,11.3957786560059
12.0200004577637,12.2600002288818,11.8800001144409,12.039999961853,7397700,11.6571931838989
12.1000003814697,12.6800003051758,11.9799995422363,12.1199998855591,16706200,11.7346496582031
12.1999998092651,12.2200002670288,11.6000003814697,11.6599998474121,9603900,11.2892751693726
11.5799999237061,11.9799995422363,11.3100004196167,11.9099998474121,6465200,11.5313272476196
11.9099998474121,12.0799999237061,11.7200002670288,11.9200000762939,5435200,11.5410089492798
12.0600004196167,12.2799997329712,11.8999996185303,12.0200004577637,4975000,11.6378297805786
11.9499998092651,12.1899995803833,11.75,11.8100004196167,4348800,11.4345064163208
11.789999961853,11.9899997711182,11.6199998855591,11.8100004196167,3064200,11.4345064163208
11.8400001525879,11.9899997711182,11.6300001144409,11.7600002288818,4548400,11.3860960006714
11.8299999237061,11.8500003814697,11.6000003814697,11.7399997711182,5623400,11.3667316436768
11.8000001907349,11.8900003433228,11.4300003051758,11.460000038147,6587600,11.0956344604492
11.3999996185303,11.7700004577637,11.3500003814697,11.6000003814697,7499700,11.2311840057373
11.6000003814697,11.6999998092651,11.4099998474121,11.4700002670288,3931700,11.1053171157837
11.5799999237061,12.1000003814697,11.5200004577637,12.0200004577637,5680500,11.6378297805786
12.1000003814697,12.4300003051758,12.039999961853,12.2299995422363,5827900,11.8411521911621
12.2700004577637,12.4300003051758,12.039999961853,12.1400003433228,5730800,11.7540149688721
12.1300001144409,12.2399997711182,11.5900001525879,11.6400003433228,6496000,11.2699117660522
11.6999998092651,11.7600002288818,11.4399995803833,11.6000003814697,4228400,11.2311840057373
11.7299995422363,11.8999996185303,11.5600004196167,11.8400001525879,4465100,11.4635524749756
11.8999996185303,11.9799995422363,11.7600002288818,11.9099998474121,3749300,11.5313272476196
11.9799995422363,12.1099996566772,11.6199998855591,11.710000038147,8716900,11.337685585022
11.8000001907349,12.039999961853,11.8000001907349,11.960000038147,11645200,11.579737663269
11.960000038147,12.3299999237061,11.9499998092651,12.1899995803833,4629200,11.8024244308472
12.1400003433228,12.1400003433228,11.5500001907349,11.5500001907349,8659200,11.1827735900879
11.3199996948242,11.3299999237061,10.6499996185303,10.7299995422363,30094100,10.3888444900513
10.8000001907349,10.9200000762939,10.5200004577637,10.6499996185303,10263500,10.3113880157471
10.75,10.8699998855591,10.5500001907349,10.75,8744700,10.4082088470459
10.8100004196167,11.1700000762939,10.6899995803833,11.1300001144409,7074900,10.7761268615723
11.1800003051758,11.3800001144409,11.0699996948242,11.0699996948242,8336300,10.7180337905884
11.1300001144409,11.3699998855591,11.0299997329712,11.2200002670288,5226800,10.8632650375366
11.2200002670288,11.3100004196167,10.6000003814697,10.6000003814697,14904000,10.262978553772
10.539999961853,10.539999961853,9.92000007629395,10,19156300,9.68205451965332
10,10.1199998855591,9.80000019073486,9.94999980926514,8872800,9.63364410400391
9.97000026702881,10.4300003051758,9.97000026702881,10.25,8067500,9.92410564422607
10.0100002288818,10.1599998474121,9.88000011444092,10.1000003814697,7093000,9.77887535095215
10.1700000762939,10.1800003051758,9.52999973297119,9.69999980926514,16137800,9.39159297943115
9.60000038146973,9.78999996185303,9.59000015258789,9.72999954223633,6487000,9.42063903808594
9.68000030517578,9.75,9.60999965667725,9.60999965667725,4158300,9.30445384979248
9.69999980926514,9.88000011444092,9.25,9.47999954223633,7653500,9.17858695983887
9.47000026702881,9.8100004196167,9.42000007629395,9.68000030517578,5776700,9.37222862243652
9.84000015258789,9.89999961853027,9.71000003814697,9.75,6662100,9.44000339508057
9.76000022888184,9.76000022888184,8.89999961853027,8.93000030517578,20917200,8.64607524871826
8.90999984741211,8.97000026702881,8.5600004196167,8.65999984741211,18608300,8.38465881347656
8.77000045776367,8.88000011444092,8.63000011444092,8.75,14186500,8.47179794311523
8.75,8.81999969482422,8.56999969482422,8.6899995803833,5277500,8.41370487213135
8.55000019073486,8.60000038146973,8.35000038146973,8.44999980926514,8202400,8.18133544921875
8.35999965667725,8.82999992370605,8.35000038146973,8.72000026702881,4734000,8.44275188446045
8.98999977111816,9.26000022888184,8.9399995803833,9.15999984741211,9907700,8.86876201629639
9.27999973297119,9.30000019073486,8.84000015258789,8.97000026702881,7415900,8.6848030090332
8.93000030517578,8.97000026702881,8.47999954223633,8.55000019073486,6681200,8.27815723419189
8.61999988555908,8.72999954223633,8.44999980926514,8.55000019073486,6364500,8.27815723419189
8.52999973297119,8.67000007629395,8.42000007629395,8.64000034332275,6592700,8.36529541015625
8.60000038146973,8.60000038146973,8.09000015258789,8.10000038146973,12029200,7.84246444702148
8.14000034332275,8.23999977111816,7.98999977111816,7.98999977111816,6424400,7.73596143722534
7.92999982833862,8.10000038146973,7.82000017166138,8.02999973297119,6704900,7.77468967437744
7.96000003814697,8.1899995803833,7.8899998664856,8.13000011444092,6562300,7.87151050567627
8.22000026702881,8.23999977111816,7.90000009536743,8.02000045776367,8443800,7.76500797271729
8,8,7.57999992370605,7.67999982833862,13622500,7.43581771850586
7.75,8.06999969482422,7.67000007629395,8.02999973297119,6790200,7.77468967437744
8.03999996185303,8.18000030517578,7.67999982833862,7.67999982833862,5750900,7.43581771850586
7.76999998092651,7.92999982833862,7.59000015258789,7.59999990463257,5902200,7.35836124420166
7.61999988555908,7.90000009536743,7.51999998092651,7.82999992370605,5082000,7.58104848861694
7.88000011444092,8.36999988555908,7.82000017166138,7.92999982833862,11133300,7.67786884307861
8.26000022888184,9.07999992370605,8.18000030517578,9.07999992370605,15995000,8.79130554199219
9.14999961853027,9.18000030517578,8.8100004196167,8.94999980926514,6975500,8.66543865203857
8.89999961853027,9.47000026702881,8.86999988555908,9.44999980926514,8029000,9.14954090118408
9.44999980926514,9.77999973297119,9.0600004196167,9.15999984741211,19964500,8.86876201629639
9.26000022888184,9.26000022888184,8.78999996185303,9,11094800,8.71384906768799
9.09000015258789,9.19999980926514,8.97000026702881,8.97000026702881,6302800,8.6848030090332
8.94999980926514,8.97000026702881,8.72999954223633,8.88000011444092,4933800,8.59766483306885
8.94999980926514,9.71000003814697,8.93000030517578,9.61999988555908,17983500,9.31413650512695
9.63000011444092,9.98999977111816,9.63000011444092,9.86999988555908,10830700,9.55618762969971
9.89000034332275,9.97999954223633,9.75,9.77000045776367,7834100,9.4593677520752
9.8100004196167,10.1000003814697,9.73999977111816,10.1000003814697,4921500,9.77887535095215
10.1000003814697,10.1099996566772,9.73999977111816,9.75,8608600,9.44000339508057
9.77999973297119,10.210000038147,9.71000003814697,9.72000026702881,12126100,9.41095733642578
9.72000026702881,9.84000015258789,9.56999969482422,9.64999961853027,6112700,9.34318256378174
9.63000011444092,9.64000034332275,9.38000011444092,9.46000003814697,8295700,9.15922355651855
9.51000022888184,9.55000019073486,9.13000011444092,9.14999961853027,5901700,8.85907936096191
9.14999961853027,9.39999961853027,9.06999969482422,9.10999965667725,5106400,8.82035160064697
9.21000003814697,9.4399995803833,9.1899995803833,9.32999992370605,4175000,9.03335666656494
9.46000003814697,9.48999977111816,9.11999988555908,9.22999954223633,6187300,8.93653583526611
9.25,9.39999961853027,9.13000011444092,9.39999961853027,4430100,9.10113048553467
9.38000011444092,9.39000034332275,9.19999980926514,9.26000022888184,4159700,8.96558284759521
9.32999992370605,9.57999992370605,9.32999992370605,9.42000007629395,4182300,9.12049579620361
9.46000003814697,9.56999969482422,9.25,9.26000022888184,2840000,8.96558284759521
9.31999969482422,9.44999980926514,9.22999954223633,9.43000030517578,3161600,9.13017749786377
9.43000030517578,9.44999980926514,9.10000038146973,9.27999973297119,4500000,8.98494625091553
9.27999973297119,9.30000019073486,9.11999988555908,9.22999954223633,2918300,8.93653583526611
9.25,9.44999980926514,9.11999988555908,9.14000034332275,4001400,8.84939861297607
9.17000007629395,9.85000038146973,9.15999984741211,9.78999996185303,4810200,9.47873115539551
9.81999969482422,10.1000003814697,9.72000026702881,9.75,9075200,9.44000339508057
9.85999965667725,9.9399995803833,9.64999961853027,9.9399995803833,7122400,9.62396144866943
9.96000003814697,10.1499996185303,9.94999980926514,9.98999977111816,3928300,9.67237186431885
10.1000003814697,10.1099996566772,9.97000026702881,10.039999961853,3267000,9.72078227996826
9.80000019073486,9.89000034332275,9.4399995803833,9.5,6032100,9.5
9.5600004196167,9.78999996185303,9.52000045776367,9.78999996185303,3351500,9.78999996185303
9.80000019073486,9.85999965667725,9.5600004196167,9.72999954223633,62444400,9.72999954223633
9.72000026702881,9.82999992370605,9.65999984741211,9.80000019073486,3406300,9.80000019073486
9.78999996185303,9.97999954223633,9.72000026702881,9.94999980926514,3289400,9.94999980926514
9.96000003814697,10.2200002670288,9.81999969482422,10.0699996948242,16865200,10.0699996948242
10,10.0299997329712,9.40999984741211,9.40999984741211,7235600,9.40999984741211
9.40999984741211,9.68000030517578,9.32999992370605,9.61999988555908,3652900,9.61999988555908
9.64000034332275,9.67000007629395,9.46000003814697,9.60000038146973,4140400,9.60000038146973
9.59000015258789,9.89000034332275,9.52000045776367,9.81999969482422,4093900,9.81999969482422
9.80000019073486,10.0699996948242,9.61999988555908,10.0200004577637,3868400,10.0200004577637
9.92000007629395,9.94999980926514,9.63000011444092,9.67000007629395,5596100,9.67000007629395
9.67000007629395,9.75,9.38000011444092,9.44999980926514,4601100,9.44999980926514
9.46000003814697,9.68000030517578,9.46000003814697,9.5,4234100,9.5
9.46000003814697,9.81999969482422,9.46000003814697,9.5,4898500,9.5
9.39999961853027,9.59000015258789,9.39999961853027,9.52999973297119,2435000,9.52999973297119
9.47999954223633,9.47999954223633,9.22999954223633,9.30000019073486,5574900,9.30000019073486
9.27999973297119,9.35000038146973,8.9399995803833,8.97000026702881,9250300,8.97000026702881
8.98999977111816,9.02999973297119,8.39000034332275,8.39000034332275,11608200,8.39000034332275
8.42000007629395,8.59000015258789,8.21000003814697,8.5,7953500,8.5
8.53999996185303,8.57999992370605,8.07999992370605,8.14000034332275,6127200,8.14000034332275
8.14999961853027,8.46000003814697,8.14999961853027,8.32999992370605,3836100,8.32999992370605
8.43000030517578,8.46000003814697,8.11999988555908,8.19999980926514,5274600,8.19999980926514
8.21000003814697,8.3100004196167,8.14000034332275,8.17000007629395,3591300,8.17000007629395
8.19999980926514,8.27000045776367,8.10999965667725,8.18000030517578,5075500,8.18000030517578
8.18000030517578,8.26000022888184,8.11999988555908,8.13000011444092,4173900,8.13000011444092
8.13000011444092,8.17000007629395,7.92000007629395,8.03999996185303,6264700,8.03999996185303
8.05000019073486,8.4399995803833,8.03999996185303,8.17000007629395,8966100,8.17000007629395
8.17000007629395,8.30000019073486,7.92000007629395,8.0600004196167,5855400,8.0600004196167
8.44999980926514,8.44999980926514,7.92999982833862,7.92999982833862,6629500,7.92999982833862
7.94999980926514,7.98999977111816,7.57000017166138,7.76000022888184,9821100,7.76000022888184
7.76000022888184,8.18000030517578,7.76000022888184,7.94999980926514,7301900,7.94999980926514
7.94000005722046,8.27999973297119,7.8600001335144,8.1899995803833,5309500,8.1899995803833
8.14999961853027,8.15999984741211,7.71999979019165,8.05000019073486,8552600,8.05000019073486
8.05000019073486,8.18000030517578,7.8899998664856,7.94999980926514,5959300,7.94999980926514
7.90000009536743,7.96000003814697,7.76000022888184,7.8899998664856,4121300,7.8899998664856
7.96000003814697,8.0600004196167,7.80000019073486,7.94999980926514,6551500,7.94999980926514
7.98000001907349,8.27000045776367,7.84000015258789,8.27000045776367,8089300,8.27000045776367
8.22000026702881,8.23999977111816,7.94999980926514,8.10000038146973,5437200,8.10000038146973
8.0600004196167,8.53999996185303,7.90999984741211,8.53999996185303,8149400,8.53999996185303
8.51000022888184,8.56999969482422,8.22000026702881,8.56999969482422,7994000,8.56999969482422
8.56999969482422,8.72999954223633,8.44999980926514,8.72999954223633,9268300,8.72999954223633
8.72999954223633,8.72999954223633,8.56999969482422,8.71000003814697,6039500,8.71000003814697
8.6899995803833,8.82999992370605,8.60999965667725,8.81999969482422,6661000,8.81999969482422
8.86999988555908,9.26000022888184,8.86999988555908,9.18000030517578,7036800,9.18000030517578
9.10000038146973,9.14000034332275,8.75,8.77999973297119,4569100,8.77999973297119
8.72000026702881,8.78999996185303,8.59000015258789,8.72999954223633,3981200,8.72999954223633
8.72999954223633,8.89999961853027,8.69999980926514,8.75,3021100,8.75
8.73999977111816,8.77999973297119,8.35999965667725,8.39999961853027,5848200,8.39999961853027
8.42000007629395,8.85000038146973,8.42000007629395,8.56999969482422,4377500,8.56999969482422
8.63000011444092,8.72999954223633,8.39000034332275,8.44999980926514,4391400,8.44999980926514
8.44999980926514,8.47999954223633,8.25,8.35999965667725,3046600,8.35999965667725
8.3100004196167,8.47999954223633,8.18000030517578,8.19999980926514,5969600,8.19999980926514
8.17000007629395,8.43000030517578,8.14000034332275,8.40999984741211,4043700,8.40999984741211
8.46000003814697,8.73999977111816,8.44999980926514,8.61999988555908,6470300,8.61999988555908
8.5600004196167,8.96000003814697,8.47999954223633,8.81999969482422,5135500,8.81999969482422
8.81999969482422,8.86999988555908,8.52000045776367,8.60000038146973,5804500,8.60000038146973
8.60000038146973,8.69999980926514,8.27000045776367,8.27999973297119,8609000,8.27999973297119
8.35000038146973,8.57999992370605,8.27000045776367,8.38000011444092,6064700,8.38000011444092
8.30000019073486,8.63000011444092,7.98999977111816,8.28999996185303,12953700,8.28999996185303
8.32999992370605,8.96000003814697,8.25,8.88000011444092,10775600,8.88000011444092
8.85000038146973,9.01000022888184,8.77000045776367,8.92000007629395,10797200,8.92000007629395
8.86999988555908,8.97000026702881,8.55000019073486,8.55000019073486,9893900,8.55000019073486
8.55000019073486,8.64999961853027,8.39000034332275,8.46000003814697,6131300,8.46000003814697
8.46000003814697,8.77999973297119,8.39999961853027,8.64000034332275,16047100,8.64000034332275
8.68000030517578,8.68000030517578,8.18000030517578,8.26000022888184,15983300,8.26000022888184
8.22999954223633,8.42000007629395,8.10999965667725,8.35000038146973,4508600,8.35000038146973
8.39999961853027,8.52000045776367,8.15999984741211,8.27999973297119,7283000,8.27999973297119
8.30000019073486,8.31999969482422,8.02999973297119,8.0600004196167,5458200,8.0600004196167
8.05000019073486,8.10000038146973,7.80000019073486,8.02999973297119,13640100,8.02999973297119
8.07999992370605,8.32999992370605,8.05000019073486,8.09000015258789,5937900,8.09000015258789
8.07999992370605,8.14000034332275,7.98000001907349,8,5157200,8
8.03999996185303,8.32999992370605,8.01000022888184,8.22000026702881,6349600,8.22000026702881
8.27000045776367,8.71000003814697,8.27000045776367,8.67000007629395,6264000,8.67000007629395
8.59000015258789,8.59000015258789,8.23999977111816,8.39000034332275,6783100,8.39000034332275
8.39000034332275,8.64000034332275,8.22000026702881,8.25,8149700,8.25
8.22000026702881,8.32999992370605,8.03999996185303,8.10000038146973,9274900,8.10000038146973
8.11999988555908,8.14000034332275,7.5,7.57999992370605,10745000,7.57999992370605
7.40999984741211,7.61999988555908,7.3600001335144,7.46999979019165,9274100,7.46999979019165
7.55000019073486,7.73999977111816,7.51000022888184,7.65999984741211,9737800,7.65999984741211
7.69000005722046,7.73999977111816,7.25,7.42999982833862,10549000,7.42999982833862
7.42000007629395,7.53000020980835,7.34000015258789,7.3899998664856,8757100,7.3899998664856
7.36999988555908,7.36999988555908,7.23000001907349,7.26999998092651,6056900,7.26999998092651
7.23000001907349,7.34999990463257,7.13000011444092,7.30000019073486,5398100,7.30000019073486
7.28000020980835,7.28999996185303,7,7,10401100,7
6.98999977111816,6.98999977111816,6.73000001907349,6.90000009536743,10386900,6.90000009536743
6.96999979019165,7.28000020980835,6.92999982833862,7.25,10311400,7.25
7.25,7.48000001907349,7.25,7.44999980926514,12097900,7.44999980926514
7.3899998664856,7.42999982833862,7.09000015258789,7.1100001335144,8369300,7.1100001335144
7.28999996185303,7.30000019073486,7.07000017166138,7.21000003814697,8682000,7.21000003814697
7.46999979019165,7.59999990463257,7.30999994277954,7.48000001907349,10356900,7.48000001907349
7.46000003814697,7.51000022888184,7.23000001907349,7.28000020980835,8751300,7.28000020980835
7.84000015258789,8.40999984741211,7.59999990463257,8.22999954223633,28613400,8.22999954223633
8.10000038146973,8.30000019073486,8.01000022888184,8.22999954223633,7330000,8.22999954223633
8.01000022888184,8.14000034332275,7.92000007629395,8.10000038146973,6908300,8.10000038146973
8.14000034332275,8.30000019073486,7.92999982833862,8.05000019073486,5730900,8.05000019073486
8.10000038146973,8.15999984741211,7.94000005722046,8.02999973297119,4362500,8.02999973297119
8.01000022888184,8.11999988555908,7.88000011444092,7.92999982833862,5782900,7.92999982833862
7.94000005722046,8.15999984741211,7.90999984741211,8.07999992370605,4894000,8.07999992370605
8.14999961853027,8.43000030517578,8.03999996185303,8.42000007629395,5451600,8.42000007629395
8.40999984741211,8.56999969482422,8.34000015258789,8.52000045776367,5654700,8.52000045776367
8.48999977111816,8.80000019073486,8.43000030517578,8.72000026702881,4716600,8.72000026702881
8.71000003814697,8.77000045776367,8.35000038146973,8.35000038146973,6360300,8.35000038146973
8.25,8.40999984741211,8.18000030517578,8.27999973297119,4965600,8.27999973297119
8.27999973297119,8.36999988555908,8.0600004196167,8.30000019073486,7131000,8.30000019073486
8.35999965667725,8.36999988555908,8.15999984741211,8.15999984741211,5755300,8.15999984741211
8.19999980926514,8.19999980926514,8.03999996185303,8.15999984741211,2664100,8.15999984741211
8.30000019073486,8.59000015258789,8.14000034332275,8.25,5420100,8.25
8.22000026702881,8.43000030517578,8.1899995803833,8.23999977111816,5733900,8.23999977111816
8.25,8.32999992370605,7.98000001907349,8.10999965667725,6572700,8.10999965667725
8.14999961853027,8.36999988555908,8.06999969482422,8.10000038146973,4697400,8.10000038146973
8.09000015258789,8.09000015258789,7.67000007629395,7.80999994277954,9916900,7.80999994277954
7.76999998092651,7.92000007629395,7.5,7.6100001335144,9111500,7.6100001335144
7.6399998664856,7.80999994277954,7.59000015258789,7.73999977111816,8384200,7.73999977111816
7.53999996185303,7.71000003814697,7.5,7.67999982833862,7079300,7.67999982833862
7.59999990463257,7.65000009536743,7.42999982833862,7.57999992370605,7457900,7.57999992370605
7.63000011444092,7.69000005722046,7.5,7.53999996185303,4407500,7.53999996185303
7.71000003814697,7.76999998092651,7.21000003814697,7.21999979019165,5969700,7.21999979019165
7.23000001907349,7.25,6.8899998664856,6.90000009536743,9276400,6.90000009536743
6.90999984741211,7.32000017166138,6.90999984741211,7.30999994277954,6740500,7.30999994277954
7.26999998092651,7.28999996185303,7.05999994277954,7.05999994277954,3992100,7.05999994277954
7.05999994277954,7.17999982833862,7.01000022888184,7.1100001335144,3102800,7.1100001335144
7.05000019073486,7.28000020980835,6.96000003814697,7.28000020980835,2515400,7.28000020980835
7.40000009536743,7.65000009536743,7.26000022888184,7.40000009536743,7552700,7.40000009536743
7.32999992370605,7.59000015258789,7.21000003814697,7.5,6960600,7.5
7.51000022888184,7.82999992370605,7.46000003814697,7.82999992370605,7103000,7.82999992370605
7.76999998092651,7.80999994277954,7.53999996185303,7.57000017166138,5331500,7.57000017166138
7.44999980926514,7.73999977111816,7.36999988555908,7.71000003814697,4179500,7.71000003814697
7.71999979019165,7.80000019073486,7.5,7.73999977111816,6848800,7.73999977111816
7.69000005722046,7.73999977111816,7.38000011444092,7.57000017166138,5550400,7.57000017166138
7.55999994277954,7.67999982833862,7.46999979019165,7.61999988555908,3700100,7.61999988555908
7.6100001335144,7.65000009536743,7.5,7.53999996185303,4181100,7.53999996185303
7.63000011444092,8.07999992370605,7.63000011444092,8.06999969482422,7044000,8.06999969482422
8.30000019073486,8.88000011444092,8.30000019073486,8.75,16897700,8.75
8.75,9.01000022888184,8.59000015258789,9,7882000,9
8.97999954223633,9.01000022888184,8.77999973297119,8.90999984741211,7727900,8.90999984741211
8.90999984741211,9.07999992370605,8.77999973297119,9.0600004196167,6492100,9.0600004196167
9.46000003814697,9.59000015258789,9.15999984741211,9.23999977111816,12452700,9.23999977111816
9.4399995803833,9.55000019073486,9.3100004196167,9.39000034332275,8622700,9.39000034332275
9.39000034332275,9.39000034332275,9.0600004196167,9.14999961853027,9959600,9.14999961853027
9.10999965667725,9.3100004196167,9.09000015258789,9.27999973297119,5495500,9.27999973297119
9.26000022888184,9.43000030517578,9.23999977111816,9.27999973297119,7180700,9.27999973297119
9.27999973297119,9.35000038146973,9.14999961853027,9.27999973297119,6623200,9.27999973297119
9.22000026702881,9.22000026702881,8.64999961853027,8.77000045776367,10123800,8.77000045776367
8.76000022888184,9.07999992370605,8.76000022888184,8.97999954223633,6931700,8.97999954223633
8.93000030517578,9.10000038146973,8.73999977111816,9.01000022888184,5260200,9.01000022888184
8.97000026702881,9,8.76000022888184,8.89999961853027,4913300,8.89999961853027
8.82999992370605,9.13000011444092,8.69999980926514,9.01000022888184,8134200,9.01000022888184
8.94999980926514,9.01000022888184,8.68000030517578,8.6899995803833,5928200,8.6899995803833
8.80000019073486,8.9399995803833,8.64000034332275,8.9399995803833,4118500,8.9399995803833
8.97999954223633,9.03999996185303,8.52999973297119,8.55000019073486,6422500,8.55000019073486
8.5,8.52000045776367,8.26000022888184,8.35999965667725,8186100,8.35999965667725
8.39000034332275,8.67000007629395,8.27000045776367,8.63000011444092,7542900,8.63000011444092
8.60000038146973,8.81999969482422,8.38000011444092,8.47000026702881,9331800,8.47000026702881
8.55000019073486,9.01000022888184,8.55000019073486,9.01000022888184,15710700,9.01000022888184
8.59000015258789,9.05000019073486,8.52000045776367,8.97000026702881,15685200,8.97000026702881
8.73999977111816,8.80000019073486,8.06999969482422,8.06999969482422,31657300,8.06999969482422
8.21000003814697,8.35999965667725,8.10000038146973,8.31999969482422,13715500,8.31999969482422
8.35999965667725,8.5,8.1899995803833,8.31999969482422,7650900,8.31999969482422
8.38000011444092,8.61999988555908,8.22000026702881,8.47999954223633,7501500,8.47999954223633
8.59000015258789,8.67000007629395,8.28999996185303,8.35000038146973,7192100,8.35000038146973
8.44999980926514,8.53999996185303,8.35999965667725,8.43000030517578,7752600,8.43000030517578
8.5,8.5600004196167,8.17000007629395,8.31999969482422,7383100,8.31999969482422
8.35000038146973,8.47000026702881,8.22999954223633,8.25,5124400,8.25
8.34000015258789,8.43000030517578,8.22000026702881,8.26000022888184,4126900,8.26000022888184
8.35999965667725,8.84000015258789,8.28999996185303,8.77999973297119,6676000,8.77999973297119
8.6899995803833,8.77999973297119,8.43000030517578,8.47999954223633,6543300,8.47999954223633
8.47999954223633,8.60000038146973,8.19999980926514,8.32999992370605,7135600,8.32999992370605
8.28999996185303,8.39000034332275,7.94000005722046,7.96999979019165,6992500,7.96999979019165
8.03999996185303,8.35000038146973,7.94000005722046,8.22999954223633,6011500,8.22999954223633
8.30000019073486,8.34000015258789,8.10000038146973,8.30000019073486,4582400,8.30000019073486
8.23999977111816,8.36999988555908,8.10999965667725,8.11999988555908,4226300,8.11999988555908
8.10999965667725,8.10999965667725,7.8600001335144,7.94000005722046,7644500,7.94000005722046
7.90000009536743,7.90000009536743,7.63000011444092,7.65999984741211,8072300,7.65999984741211
7.6100001335144,7.75,7.53000020980835,7.59999990463257,6835900,7.59999990463257
7.55000019073486,7.59999990463257,7.44000005722046,7.51999998092651,5645700,7.51999998092651
7.55000019073486,7.67999982833862,7.53999996185303,7.57000017166138,7067500,7.57000017166138
7.6399998664856,7.90999984741211,7.61999988555908,7.61999988555908,6958500,7.61999988555908
7.61999988555908,7.78000020980835,7.53000020980835,7.67999982833862,4092300,7.67999982833862
7.67999982833862,7.76999998092651,7.3899998664856,7.42000007629395,5509600,7.42000007629395
7.40999984741211,7.53999996185303,7.3899998664856,7.42999982833862,5579000,7.42999982833862
7.42000007629395,7.51999998092651,7.3600001335144,7.3899998664856,6841000,7.3899998664856
7.42999982833862,7.44999980926514,7.23999977111816,7.32000017166138,8957500,7.32000017166138
7.32000017166138,7.36999988555908,7.17000007629395,7.19999980926514,9661400,7.19999980926514
7.21999979019165,7.53999996185303,7.19999980926514,7.32000017166138,10175400,7.32000017166138
7.34000015258789,7.42000007629395,7.26999998092651,7.32999992370605,4229100,7.32999992370605
7.32999992370605,7.40000009536743,7.21999979019165,7.36999988555908,5680500,7.36999988555908
7.30999994277954,7.5,7.1100001335144,7.15999984741211,10313100,7.15999984741211
7.21000003814697,7.25,6.8899998664856,6.8899998664856,9918700,6.8899998664856
6.8899998664856,6.90000009536743,6.46000003814697,6.57000017166138,10374200,6.57000017166138
6.55999994277954,6.6399998664856,6.42000007629395,6.59999990463257,7689600,6.59999990463257
6.73999977111816,6.76000022888184,6.53999996185303,6.57999992370605,6632800,6.57999992370605
6.59000015258789,6.65999984741211,6.42999982833862,6.48000001907349,6204400,6.48000001907349
6.51999998092651,6.59999990463257,6.44000005722046,6.59000015258789,4945700,6.59000015258789
6.6100001335144,6.71999979019165,6.48999977111816,6.5,5348400,6.5
6.80000019073486,6.86999988555908,6.57000017166138,6.6100001335144,18577400,6.6100001335144
6.6100001335144,6.71000003814697,6.40000009536743,6.46000003814697,24850500,6.46000003814697
6.53000020980835,6.6100001335144,6.01999998092651,6.03000020980835,21167000,6.03000020980835
6,6.01000022888184,5.40999984741211,5.76999998092651,48426200,5.76999998092651
5.71999979019165,5.73000001907349,5.55000019073486,5.6399998664856,16914600,5.6399998664856
5.71999979019165,5.8600001335144,5.63000011444092,5.65999984741211,12526200,5.65999984741211
5.65999984741211,5.69000005722046,5.63000011444092,5.67999982833862,10046800,5.67999982833862
5.65000009536743,5.67000007629395,5.51999998092651,5.55000019073486,10710700,5.55000019073486
5.55000019073486,5.6399998664856,5.44000005722046,5.51000022888184,7516300,5.51000022888184
5.51000022888184,5.59999990463257,5.38000011444092,5.59999990463257,11998000,5.59999990463257
5.59999990463257,5.76999998092651,5.46000003814697,5.65999984741211,11109900,5.65999984741211
5.65999984741211,5.78999996185303,5.59999990463257,5.67000007629395,5921300,5.67000007629395
5.71999979019165,5.8899998664856,5.57999992370605,5.8899998664856,10562800,5.8899998664856
5.78999996185303,5.8600001335144,5.67000007629395,5.78000020980835,7297200,5.78000020980835
5.80999994277954,5.8899998664856,5.65999984741211,5.80999994277954,9506300,5.80999994277954
5.80000019073486,6.05000019073486,5.78000020980835,6.05000019073486,8191400,6.05000019073486
5.96000003814697,6.26999998092651,5.94000005722046,6.23000001907349,10902400,6.23000001907349
6.15999984741211,6.48999977111816,6.15999984741211,6.28000020980835,15384500,6.28000020980835
6.26000022888184,6.44999980926514,6.11999988555908,6.3899998664856,10139400,6.3899998664856
6.3899998664856,6.44000005722046,6.19999980926514,6.32000017166138,5566000,6.32000017166138
6.3899998664856,6.3899998664856,6.26000022888184,6.28000020980835,5963100,6.28000020980835
6.28000020980835,6.3600001335144,6.19999980926514,6.25,5974000,6.25
