"Date","VVEO3.SA.Open","VVEO3.SA.High","VVEO3.SA.Low","VVEO3.SA.Close","VVEO3.SA.Volume","VVEO3.SA.Adjusted"
2021-08-09,22.4301776885986,22.9086875915527,21.4332809448242,21.732349395752,5916660,20.2885189056396
2021-08-10,22.1809520721436,22.6195869445801,21.9317283630371,22.2307968139648,674091,20.753849029541
2021-08-11,22.3404560089111,23.4270725250244,22.0314178466797,22.9286251068115,135921,21.4053153991699
2021-08-12,23.0283145904541,23.0283145904541,21.9317283630371,22.2407665252686,183870,20.7631568908691
2021-08-13,22.5198974609375,23.9255218505859,22.0413875579834,23.9255218505859,1149567,22.3359832763672
2021-08-16,24.6333198547363,25.1417350769043,23.7660179138184,23.9653987884521,198917,22.3732089996338
2021-08-17,24.0252113342285,25.1217975616455,22.4301776885986,23.9255218505859,106129,22.3359832763672
2021-08-18,22.8787803649902,23.9255218505859,22.5597724914551,22.7292461395264,156284,21.2191829681396
2021-08-19,22.4600849151611,23.2775382995605,21.9815731048584,23.2775382995605,312670,21.7310485839844
2021-08-20,23.2775382995605,25.0619831085205,22.9385948181152,23.9255218505859,70619,22.3359832763672
2021-08-23,24.33424949646,24.3541870117188,23.3772296905518,24.2146224975586,51259,22.6058769226074
2021-08-24,23.9255218505859,24.4239692687988,23.177848815918,23.4270725250244,246464,21.8706493377686
2021-08-25,23.4270725250244,23.8457698822021,22.9286251068115,23.4270725250244,258301,21.8706493377686
2021-08-26,23.4270725250244,25.1217975616455,23.4270725250244,24.3242816925049,121777,22.7082500457764
2021-08-27,24.4239692687988,26.657018661499,24.4140014648438,25.5803699493408,182566,23.8808860778809
2021-08-30,26.0887870788574,26.3579502105713,25.6900291442871,26.0987567901611,125990,24.3648338317871
2021-08-31,26.4077949523926,27.6040706634521,26.0289745330811,27.055778503418,445081,25.2582740783691
2021-09-01,27.5841331481934,27.813419342041,26.1785087585449,26.1785087585449,189588,24.4392852783203
2021-09-02,26.1186943054199,26.657018661499,24.802791595459,25.4507732391357,108436,23.7598991394043
2021-09-03,25.4108982086182,26.4177646636963,24.2046527862549,26.3180732727051,46544,24.5695781707764
2021-09-06,26.4277324676514,26.6669883728027,25.9292831420898,26.4277324676514,8024,24.6719532012939
2021-09-08,26.4277324676514,26.4277324676514,24.1847152709961,24.6333198547363,107533,22.9967575073242
2021-09-09,24.52366065979,25.9591903686523,24.52366065979,25.9093456268311,21767,24.1880073547363
2021-09-10,25.9193153381348,25.9193153381348,24.3741245269775,25.1217975616455,85665,23.4527816772461
2021-09-13,25.1217975616455,25.5205574035645,24.3242816925049,24.3242816925049,77540,22.7082500457764
2021-09-14,24.2245903015137,24.2245903015137,23.3273849487305,23.9155521392822,285485,22.3266754150391
2021-09-15,24.4339389801025,25.1616744995117,23.4470119476318,23.7759876251221,355503,22.1963806152344
2021-09-16,24.0451488494873,24.7728843688965,23.4868869781494,24.7728843688965,210754,23.1270484924316
2021-09-17,24.7230396270752,25.4009284973145,23.3772296905518,24.7031002044678,261310,23.0619010925293
2021-09-20,23.9255218505859,24.5735054016113,23.4270725250244,24.3541870117188,40224,22.7361679077148
2021-09-21,24.8925113677979,24.8925113677979,24.1348705291748,24.8227291107178,26281,23.1735820770264
2021-09-22,24.8127593994141,25.0420455932617,23.7759876251221,23.9255218505859,188886,22.3359832763672
2021-09-23,24.0252113342285,24.2644672393799,23.646390914917,23.9155521392822,99609,22.3266754150391
2021-09-24,23.9055843353271,24.5834732055664,23.367259979248,24.2744369506836,59083,22.6617183685303
2021-09-27,23.9255218505859,24.2146224975586,22.2008895874023,22.9286251068115,259404,21.4053153991699
2021-09-28,22.9286251068115,22.9286251068115,21.9416961669922,22.5996494293213,1660753,21.0981960296631
2021-09-29,22.7292461395264,23.4270725250244,21.9317283630371,21.9317283630371,144648,20.4746494293213
2021-09-30,22.0513553619385,22.898717880249,21.5329704284668,22.4401454925537,4742717,20.9492893218994
2021-10-01,23.0283145904541,23.0283145904541,21.792163848877,22.3304862976074,36613,20.8469142913818
2021-10-04,21.9317283630371,22.1311073303223,21.1641178131104,21.3236217498779,25880,19.9069423675537
2021-10-05,21.393404006958,22.4301776885986,20.4064750671387,20.4862289428711,67710,19.1251850128174
2021-10-06,20.0376243591309,21.5828132629395,19.8980598449707,20.7952651977539,96298,19.4136905670166
2021-10-07,21.9117908477783,22.2108592987061,20.984676361084,21.5030632019043,58782,20.0744647979736
2021-10-08,22.3304862976074,23.9055843353271,21.1740875244141,21.8121013641357,58682,20.3629703521729
2021-10-11,21.8220691680908,22.2208271026611,21.2339000701904,21.9317283630371,40826,20.4746494293213
2021-10-13,21.7622566223145,21.9317283630371,20.9348316192627,21.802131652832,104624,20.3536643981934
2021-10-14,21.8420085906982,22.4301776885986,21.2837448120117,22.081262588501,54368,20.6142482757568
2021-10-15,21.732349395752,22.0912322998047,21.3236217498779,21.9317283630371,175243,20.4746494293213
2021-10-18,21.8818836212158,22.0513553619385,21.2339000701904,21.2339000701904,109138,19.8231811523438
2021-10-19,21.0644283294678,21.4033737182617,20.4961967468262,20.8750171661377,51259,19.4881439208984
2021-10-20,21.0245513916016,21.3236217498779,20.8251724243164,21.2139625549316,15046,19.8045711517334
2021-10-21,20.9049243927002,21.0544586181641,19.8382453918457,21.0345211029053,37516,19.6370506286621
2021-10-22,20.8052349090576,21.4930934906006,19.200231552124,21.4930934906006,84261,20.0651550292969
2021-10-25,21.5529079437256,22.0015106201172,20.6158256530762,21.0345211029053,315077,19.6370506286621
2021-10-26,20.9448013305664,20.9448013305664,20.2569427490234,20.76535987854,38720,19.3857727050781
2021-10-27,21.1043033599854,21.1043033599854,20.4064750671387,20.4264144897461,78443,19.0693454742432
2021-10-28,20.1871585845947,20.9049243927002,19.8382453918457,20.237003326416,86167,18.8925170898438
2021-10-29,20.4363822937012,20.4363822937012,19.1005420684814,19.9877796173096,139232,18.6598529815674
2021-11-01,19.9379348754883,20.7753276824951,19.4095802307129,19.8681526184082,275254,18.5481719970703
2021-11-03,20.4363822937012,20.6158256530762,19.7983684539795,19.9379348754883,253787,18.613317489624
2021-11-04,20.2170658111572,20.8351421356201,19.0506973266602,19.9379348754883,241048,18.613317489624
2021-11-05,20.1472835540771,20.9248638153076,19.888090133667,19.888090133667,297723,18.5667858123779
2021-11-08,19.549144744873,20.9348316192627,19.549144744873,20.9348316192627,108035,19.5439853668213
2021-11-09,20.9348316192627,20.9348316192627,19.7285861968994,19.7285861968994,105427,18.4178791046143
2021-11-10,19.7485237121582,19.9279651641846,18.9410381317139,18.9410381317139,40826,17.6826515197754
2021-11-11,18.9709453582764,19.3896427154541,18.3428993225098,18.3428993225098,55672,17.1242523193359
2021-11-12,19.2301387786865,20.2669105529785,18.4226512908936,19.9379348754883,360719,18.613317489624
2021-11-16,19.6887111663818,20.4363822937012,18.6918144226074,19.2600440979004,494133,17.9804649353027
2021-11-17,19.3597354888916,20.9348316192627,18.7017822265625,20.237003326416,290300,18.8925170898438
2021-11-18,20.0675315856934,21.4831256866455,19.9977493286133,20.1971282958984,235129,18.8552913665771
2021-11-19,20.4463520050049,21.3036823272705,20.3366947174072,20.5261039733887,235129,19.1624088287354
2021-11-22,21.2339000701904,21.9317283630371,20.3965072631836,20.5859184265137,378875,19.2182521820068
2021-11-23,20.4363822937012,20.635763168335,19.0606651306152,19.7385559082031,292307,18.4271869659424
2021-11-24,20.0475921630859,20.4064750671387,18.9410381317139,18.9410381317139,321196,17.6826515197754
2021-11-25,18.9510078430176,19.6288967132568,18.6020927429199,18.9410381317139,214365,17.6826515197754
2021-11-26,18.4525585174561,19.888090133667,18.3927440643311,18.9410381317139,408367,17.6826515197754
2021-11-29,19.6288967132568,20.2669105529785,19.0008525848389,19.2401065826416,405959,17.9618530273438
2021-11-30,19.5192375183105,20.0276565551758,16.9671821594238,16.9671821594238,2151877,15.8399333953857
2021-12-01,17.166561126709,17.3659400939941,15.0930166244507,16.3092308044434,970912,15.2256946563721
2021-12-02,16.8973999023438,17.1964683532715,16.3590755462646,17.1964683532715,579398,16.0539875030518
2021-12-03,17.4955387115479,18.7416591644287,17.1466236114502,18.6718769073486,336444,17.4313735961914
2021-12-06,18.8413486480713,19.2799835205078,17.694917678833,17.694917678833,156987,16.5193214416504
2021-12-07,17.984016418457,18.5123710632324,17.7846374511719,18.2930545806885,87270,17.0777187347412
2021-12-08,18.8413486480713,19.479362487793,18.3428993225098,18.79150390625,340556,17.5430545806885
2021-12-09,18.5522480010986,18.8911933898926,18.1136131286621,18.8612861633301,122680,17.6082000732422
2021-12-10,19.4394855499268,19.5192375183105,18.5622177124023,19.3597354888916,576188,18.0735340118408
2021-12-13,19.8781204223633,20.3566303253174,19.5092697143555,19.5092697143555,145651,18.2131328582764
2021-12-14,20.1373138427734,20.1971282958984,19.2401065826416,19.6388664245605,217876,18.3341197967529
2021-12-15,19.7186183929443,20.0974388122559,19.2799835205078,19.7884006500244,183369,18.4737186431885
2021-12-16,20.237003326416,20.2868480682373,19.5092697143555,19.9778118133545,246966,18.6505451202393
2021-12-17,20.1273441314697,20.1273441314697,18.9410381317139,19.0806045532227,2915948,17.8129482269287
2021-12-20,18.9609756469727,20.8351421356201,18.5921249389648,19.3896427154541,216170,18.1014518737793
2021-12-21,19.1503868103027,19.6588039398193,18.79150390625,19.2201690673828,99408,17.9432392120361
2021-12-22,19.0506973266602,19.1802921295166,18.3428993225098,18.8911933898926,102618,17.6361198425293
2021-12-23,18.8313789367676,18.8413486480713,18.1534900665283,18.1534900665283,106931,16.9474277496338
2021-12-27,18.5323104858398,19.2401065826416,18.2033348083496,18.9908828735352,226302,17.7291851043701
2021-12-28,19.3298282623291,19.3298282623291,18.8513164520264,18.9410381317139,132511,17.6826515197754
2021-12-29,18.9410381317139,19.3298282623291,18.731689453125,19.0307598114014,105627,18.0019588470459
2021-12-30,19.140417098999,19.4095802307129,18.6020927429199,18.8114414215088,326011,17.7944984436035
2022-01-03,18.5522480010986,18.9310684204102,17.7048854827881,18.043830871582,198616,17.0683841705322
2022-01-04,17.8444519042969,17.8444519042969,17.4257545471191,17.8444519042969,134116,16.8797855377197
2022-01-05,18.3428993225098,18.3428993225098,16.6581439971924,16.7279262542725,207544,15.8236169815063
2022-01-06,16.9771518707275,16.9771518707275,16.2593860626221,16.6980209350586,240446,15.7953281402588
2022-01-07,16.4487953186035,16.7478656768799,15.8705959320068,16.5883617401123,391214,15.6915969848633
2022-01-10,16.7179584503174,16.7179584503174,15.6811857223511,15.96031665802,171231,15.0975046157837
2022-01-11,16.2494163513184,16.2494163513184,15.5017442703247,15.551589012146,119270,14.7108716964722
2022-01-12,15.7409992218018,15.9304103851318,15.2824268341064,15.5017442703247,797173,14.663722038269
2022-01-13,15.3621788024902,15.9304103851318,14.9833583831787,15.4518985748291,126793,14.6165704727173
2022-01-14,15.3821172714233,15.9403791427612,15.1528301239014,15.4419298171997,366838,14.607141494751
2022-01-17,15.5117130279541,15.8008127212524,14.564661026001,14.8537607192993,67710,14.0507688522339
2022-01-18,14.7141962051392,14.8338232040405,13.4082612991333,13.767144203186,152974,13.0228939056396
2022-01-19,13.9565544128418,14.2556228637695,13.5577955245972,13.7571754455566,6231337,13.013463973999
2022-01-20,14.0861511230469,15.0730791091919,13.9166784286499,14.455002784729,703182,13.6735677719116
2022-01-21,14.455002784729,15.0730791091919,14.3254060745239,15.0132646560669,2265329,14.2016506195068
2022-01-24,15.4518985748291,15.4518985748291,14.3652820587158,14.9534511566162,939214,14.1450700759888
2022-01-25,14.9534511566162,16.0001926422119,14.8437919616699,15.8307199478149,363227,14.9749135971069
2022-01-26,16.2494163513184,16.7378959655762,15.6712169647217,16.7378959655762,290902,15.8330478668213
2022-01-27,17.4456920623779,17.7646999359131,16.418888092041,17.2961578369141,970812,16.3611297607422
2022-01-28,18.2432098388672,18.2432098388672,16.4687347412109,16.947244644165,301335,16.031078338623
2022-01-31,16.8076782226562,17.694917678833,16.7977104187012,17.694917678833,443877,16.7383327484131
2022-02-01,17.694917678833,18.1534900665283,16.5086097717285,16.8076782226562,574884,15.89905834198
2022-02-02,17.1964683532715,17.7447624206543,16.3391361236572,17.0967788696289,364430,16.1725292205811
2022-02-03,17.4755992889404,17.9441413879395,16.8575248718262,16.9970893859863,101414,16.0782299041748
2022-02-04,16.947244644165,17.6251335144043,16.3491058349609,17.5154762268066,935503,16.5685920715332
2022-02-07,17.5154762268066,17.8942966461182,16.7279262542725,17.1865005493164,163306,16.2574005126953
2022-02-08,16.9871196746826,17.4755992889404,16.7079887390137,17.1466236114502,244257,16.2196788787842
2022-02-09,17.1466236114502,17.2463130950928,16.7079887390137,16.9970893859863,419903,16.0782299041748
2022-02-10,16.8575248718262,17.1266860961914,16.4288578033447,17.1266860961914,292206,16.2008190155029
2022-02-11,17.1266860961914,17.1366558074951,16.6980209350586,17.1167163848877,204434,16.1913890838623
2022-02-14,17.1167163848877,17.2363452911377,16.7478656768799,17.2064380645752,253486,16.2762584686279
2022-02-15,17.2762203216553,18.2432098388672,17.2562828063965,18.2432098388672,270639,17.2569847106934
2022-02-16,18.5422782897949,18.5422782897949,17.2662506103516,17.3958473205566,291404,16.4554309844971
2022-02-17,17.2562828063965,17.9341716766357,16.3590755462646,16.7478656768799,295617,15.8424787521362
2022-02-18,16.7678031921387,17.0967788696289,16.1098518371582,16.598331451416,250176,15.7010288238525
2022-02-21,16.598331451416,17.166561126709,16.2593860626221,16.6980209350586,137526,15.7953281402588
2022-02-22,16.6980209350586,17.2363452911377,16.189603805542,16.6481742858887,194704,15.748176574707
2022-02-23,16.81764793396,16.9173374176025,16.0500373840332,16.0500373840332,232320,15.1823740005493
2022-02-24,15.9204406738281,16.6980209350586,15.2126436233521,16.4886722564697,208547,15.5972967147827
2022-02-25,16.4986400604248,16.6182689666748,16.1497268676758,16.6182689666748,138931,15.7198867797852
2022-03-02,16.5285472869873,23.9255218505859,16.0998821258545,16.598331451416,264219,15.7010288238525
2022-03-03,17.0170269012451,17.0369644165039,16.3391361236572,16.5783939361572,328218,15.6821689605713
2022-03-04,16.3889827728271,16.7478656768799,15.8705959320068,16.2793235778809,175745,15.3992652893066
2022-03-07,16.0201301574707,16.2494163513184,14.8437919616699,14.8736991882324,414385,14.0696287155151
2022-03-08,14.9036064147949,15.3821172714233,14.2456541061401,14.7540721893311,188685,13.9564695358276
2022-03-09,14.9335126876831,15.6313409805298,14.7540721893311,15.6213722229004,242352,14.7768831253052
2022-03-10,15.7509679794312,16.0201301574707,14.8836679458618,15.3522100448608,501255,14.5222721099854
2022-03-11,15.5316505432129,15.6712169647217,14.1559343338013,14.455002784729,384493,13.6735677719116
2022-03-14,14.4649715423584,15.0830478668213,14.1359958648682,14.803915977478,565354,14.0036182403564
2022-03-15,14.8936367034912,15.0830478668213,14.4649715423584,14.6643514633179,103120,13.8715982437134
2022-03-16,14.504846572876,15.0232343673706,14.0562438964844,14.7042274475098,343164,13.9093179702759
2022-03-17,15.0431718826294,15.5017442703247,14.5148162841797,15.3223028182983,195105,14.4939813613892
2022-03-18,15.6014337539673,15.9702863693237,15.1827373504639,15.9104719161987,316582,15.0503540039062
2022-03-21,16.0201301574707,16.2294788360596,15.7808752059937,15.850658416748,195907,14.9937734603882
2022-03-22,15.9702863693237,16.0899124145508,15.6712169647217,15.8805646896362,203130,15.0220632553101
2022-03-23,15.8705959320068,16.4487953186035,15.7709064483643,16.4487953186035,171933,15.5595750808716
2022-03-24,16.538516998291,16.8475551605225,16.1596965789795,16.8475551605225,221487,15.9367771148682
2022-03-25,16.9871196746826,17.1565933227539,16.3590755462646,16.7678031921387,196610,15.8613386154175
2022-03-28,16.8375854492188,17.1964683532715,16.5285472869873,16.9572124481201,186779,16.040506362915
2022-03-29,17.1167163848877,17.6151657104492,16.877462387085,17.2463130950928,222590,16.3139801025391
2022-03-30,17.5852584838867,17.5852584838867,16.4388275146484,16.5086097717285,386800,15.616156578064
2022-03-31,16.6481742858887,16.7977104187012,15.9503479003906,15.9503479003906,110242,15.0880737304688
2022-04-01,16.0400676727295,16.81764793396,15.8705959320068,16.81764793396,1409072,15.9084892272949
2022-04-04,17.0668716430664,17.2463130950928,16.6481742858887,16.8475551605225,128097,15.9367771148682
2022-04-05,17.0967788696289,17.0967788696289,16.2793235778809,16.4487953186035,147357,15.5595750808716
2022-04-06,16.7977104187012,16.7977104187012,15.5416202545166,16.4487953186035,241950,15.5595750808716
2022-04-07,16.5086097717285,16.5086097717285,15.9503479003906,16.0600051879883,154780,15.1918039321899
2022-04-08,16.0101623535156,16.069974899292,15.6712169647217,15.8307199478149,126191,14.9749135971069
2022-04-11,15.9902238845825,16.0500373840332,15.4718370437622,15.7509679794312,197412,14.8994722366333
2022-04-12,16.4487953186035,16.7977104187012,15.9104719161987,16.4487953186035,334939,15.5595750808716
2022-04-13,16.5783939361572,16.5783939361572,15.9503479003906,15.9503479003906,176848,15.0880737304688
2022-04-14,16.0101623535156,16.2992610931396,15.7310304641724,16.1397571563721,73026,15.2672433853149
2022-04-18,15.8705959320068,16.0500373840332,15.4618682861328,15.8705959320068,147758,15.0126342773438
2022-04-19,15.9104719161987,16.1995716094971,15.4718370437622,15.9503479003906,211556,15.0880737304688
2022-04-20,16.069974899292,16.3889827728271,15.9503479003906,16.0500373840332,91784,15.1823740005493
2022-04-22,16.3192005157471,16.3192005157471,15.2226133346558,15.3522100448608,78644,14.5222721099854
2022-04-25,14.9534511566162,15.6313409805298,14.7640409469604,15.3920860290527,474673,14.5599927902222
2022-04-26,15.4219923019409,15.4718370437622,14.8936367034912,15.0531406402588,209048,14.239369392395
2022-04-27,15.3023653030396,15.3821172714233,14.8836679458618,15.3821172714233,132310,14.5505619049072
2022-04-28,15.2624893188477,15.3821172714233,14.6643514633179,15.1528301239014,147557,14.3336706161499
2022-04-29,15.6014337539673,15.6512794494629,14.6543817520142,14.6543817520142,265223,13.8621683120728
2022-05-02,14.6344442367554,14.6344442367554,13.8070201873779,13.876802444458,119370,13.2687358856201
2022-05-03,13.8369274139404,14.1559343338013,13.707329750061,13.8070201873779,170830,13.2020111083984
2022-05-04,13.6873922348022,14.3453435897827,13.6275777816772,14.2556228637695,211355,13.6309566497803
2022-05-05,14.6743202209473,14.8537607192993,13.3783540725708,14.0562438964844,188585,13.4403142929077
2022-05-06,14.0662126541138,14.2755613327026,13.4481372833252,13.7870817184448,135219,13.1829471588135
2022-05-09,13.5677642822266,13.5677642822266,13.0194711685181,13.2387886047363,232120,12.6586790084839
2022-05-10,13.2587261199951,13.9964303970337,13.2587261199951,13.8967399597168,422009,13.2877998352051
2022-05-11,14.1559343338013,14.6543817520142,13.8568649291992,14.455002784729,992379,13.8215999603271
2022-05-12,14.4450340270996,14.5347537994385,14.0562438964844,14.3553133010864,81753,13.726279258728
2022-05-13,14.5945682525635,15.033203125,14.3852195739746,14.8537607192993,153075,14.2028846740723
2022-05-16,15.1229228973389,15.1727676391602,14.6543817520142,14.9036064147949,204534,14.250545501709
2022-05-17,14.803915977478,15.5017442703247,14.803915977478,15.2525196075439,107032,14.5841703414917
2022-05-18,15.3023653030396,15.551589012146,15.033203125,15.0631103515625,122179,14.4030609130859
2022-05-19,14.7540721893311,15.2226133346558,14.7540721893311,15.0531406402588,111646,14.3935279846191
2022-05-20,15.4120225906372,15.6213722229004,14.9534511566162,15.2026748657227,121276,14.5365104675293
2022-05-23,15.2425508499146,15.8406887054443,15.2425508499146,15.7509679794312,110141,15.0607767105103
2022-05-24,15.5316505432129,15.6911554336548,14.9534511566162,14.9534511566162,210954,14.29820728302
2022-05-25,14.9534511566162,15.1827373504639,14.8836679458618,15.0531406402588,131909,14.3935279846191
2022-05-26,14.7141962051392,16.0400676727295,14.7141962051392,15.6512794494629,131307,14.9654569625854
2022-05-27,15.5814962387085,16.1497268676758,15.5814962387085,16.1497268676758,125890,15.442063331604
2022-05-30,16.0400676727295,16.2095413208008,15.5914649963379,15.7609367370605,208446,15.0703086853027
2022-05-31,15.7409992218018,15.7808752059937,14.7441034317017,14.9036064147949,189287,14.250545501709
2022-06-01,15.3322715759277,15.3322715759277,14.7042274475098,14.8238544464111,154078,14.1742897033691
2022-06-02,14.6743202209473,15.7709064483643,14.6743202209473,15.6512794494629,149363,14.9654569625854
2022-06-03,15.9304103851318,15.9702863693237,14.973388671875,15.3123340606689,216371,14.6413640975952
2022-06-06,15.6612482070923,15.6612482070923,14.7839794158936,14.7839794158936,93490,14.1361608505249
2022-06-07,13.9266471862793,14.8338232040405,13.9266471862793,14.6045370101929,206540,13.964581489563
2022-06-08,14.0562438964844,14.8138847351074,14.0562438964844,14.5546922683716,84361,13.9169216156006
2022-06-09,14.7740097045898,14.9933271408081,14.2954988479614,14.4450340270996,125890,13.8120679855347
2022-06-10,14.5447225570679,14.6743202209473,13.5677642822266,13.9166784286499,198516,13.3068647384644
2022-06-13,13.8070201873779,13.8967399597168,13.1690063476562,13.2587261199951,1059989,12.6777429580688
2022-06-14,13.4082612991333,13.4780435562134,12.9795951843262,13.1690063476562,115658,12.5919542312622
2022-06-15,13.3285093307495,14.046275138855,13.1091918945312,14.0063991546631,195506,13.392653465271
2022-06-17,14.3453435897827,14.3453435897827,13.468074798584,13.5478267669678,130304,12.9541749954224
2022-06-20,13.1590366363525,13.8967399597168,12.9795951843262,12.9795951843262,145651,12.4108428955078
2022-06-21,12.9895639419556,13.7870817184448,12.9895639419556,13.4581060409546,140034,12.8683862686157
2022-06-22,13.3085708618164,13.9465847015381,13.3085708618164,13.6176090240479,82054,13.020899772644
2022-06-23,14.1359958648682,14.1659030914307,13.7571754455566,13.7571754455566,101615,13.1543502807617
2022-06-24,13.9266471862793,14.1659030914307,13.2288198471069,13.4481372833252,119671,12.8588542938232
2022-06-27,13.9565544128418,14.0562438964844,13.3982915878296,13.4082612991333,176748,12.820725440979
2022-06-28,13.4082612991333,14.1260271072388,13.0294399261475,13.9067087173462,255392,13.2973318099976
2022-06-29,13.9565544128418,14.2556228637695,13.7771129608154,13.9565544128418,91885,13.3449926376343
2022-06-30,14.1758708953857,14.5546922683716,13.468074798584,13.6774225234985,264922,13.0780925750732
2022-07-01,13.5577955245972,13.9166784286499,13.4581060409546,13.5577955245972,127997,12.9637069702148
2022-07-04,14.0562438964844,14.0562438964844,13.3783540725708,13.3982915878296,136523,12.8111934661865
2022-07-05,13.767144203186,14.2456541061401,13.2587261199951,13.9665231704712,227506,13.3545255661011
2022-07-06,14.4350652694702,14.4948778152466,13.9366159439087,14.1559343338013,134216,13.5356369018555
2022-07-07,14.4350652694702,14.6643514633179,14.0861511230469,14.4151268005371,104524,13.7834711074829
2022-07-08,14.504846572876,15.3123340606689,14.3652820587158,14.9534511566162,231919,14.29820728302
2022-07-11,14.7441034317017,14.7540721893311,14.3054676055908,14.5247850418091,150667,13.8883237838745
2022-07-12,14.6344442367554,15.3920860290527,14.2954988479614,15.2425508499146,202428,14.5746383666992
2022-07-13,15.5615577697754,15.6712169647217,14.9036064147949,15.3422412872314,99107,14.669960975647
2022-07-14,15.6512794494629,15.6512794494629,14.9534511566162,15.2824268341064,105427,14.6127672195435
2022-07-15,15.6612482070923,15.7011241912842,14.8537607192993,15.3721475601196,216170,14.6985559463501
2022-07-18,15.7509679794312,15.7509679794312,15.0830478668213,15.3023653030396,136724,14.6318321228027
2022-07-19,15.4419298171997,15.4419298171997,14.9135751724243,14.9534511566162,204434,14.29820728302
2022-07-20,14.9534511566162,15.5615577697754,14.7141962051392,15.5615577697754,164911,14.8796663284302
2022-07-21,14.9634199142456,15.8008127212524,14.9634199142456,15.6213722229004,71622,14.9368600845337
2022-07-22,16.0201301574707,16.189603805542,15.5316505432129,15.9005031585693,140435,15.2037601470947
2022-07-25,16.0799446105957,16.757833480835,15.9005031585693,16.3192005157471,308657,15.6041107177734
2022-07-26,16.7179584503174,17.0070571899414,16.3889827728271,16.7678031921387,183469,16.0330562591553
2022-07-27,17.0569038391113,17.0967788696289,16.4587650299072,16.4587650299072,131608,15.7375602722168
2022-07-28,16.2494163513184,16.9273071289062,16.2494163513184,16.7478656768799,150466,16.0139923095703
2022-07-29,17.0569038391113,17.8444519042969,16.478702545166,17.5653190612793,178052,16.7956256866455
2022-08-01,17.9441413879395,18.043830871582,16.9771518707275,16.9771518707275,135119,16.2332324981689
2022-08-02,17.1466236114502,17.4058170318604,16.9073696136475,17.0469341278076,91584,16.299955368042
2022-08-03,17.2662506103516,17.5354137420654,17.1266860961914,17.4855690002441,56675,16.7193698883057
2022-08-04,17.4755992889404,18.0238933563232,17.2562828063965,17.7946071624756,129000,17.0148658752441
2022-08-05,17.8145446777344,18.1435203552246,17.5453834533691,17.9441413879395,110743,17.1578483581543
2022-08-08,18.1235828399658,18.4525585174561,17.8344821929932,17.8344821929932,122781,17.0529937744141
2022-08-09,17.8544216156006,18.0338611602783,17.5055065155029,18.0238933563232,114455,17.2341060638428
2022-08-10,18.2232723236084,18.3628387451172,17.635103225708,17.7946071624756,212760,17.0148658752441
2022-08-11,18.0936756134033,18.1335525512695,17.0369644165039,17.5852584838867,175243,16.8146915435791
2022-08-12,17.6450729370117,18.1435203552246,17.3958473205566,18.1435203552246,214365,17.3484897613525
2022-08-15,17.7048854827881,18.1435203552246,17.6650104522705,17.9441413879395,123984,17.1578483581543
2022-08-16,17.9541091918945,18.0039558410645,17.2363452911377,17.4058170318604,259505,16.6431121826172
2022-08-17,17.3260650634766,17.6849479675293,17.0070571899414,17.1765308380127,684323,16.4238739013672
2022-08-18,17.2363452911377,17.7248249053955,16.7777729034424,17.2762203216553,241449,16.519193649292
2022-08-19,17.2463130950928,17.2463130950928,16.1497268676758,16.1497268676758,144648,15.442063331604
2022-08-22,15.9104719161987,16.2095413208008,15.2525196075439,15.8606271743774,195807,15.1656312942505
2022-08-23,16.2494163513184,16.8375854492188,15.7310304641724,16.0600051879883,530145,15.356273651123
2022-08-24,16.0799446105957,16.6880512237549,15.96031665802,16.6581439971924,270539,15.928201675415
2022-08-25,16.6780815124512,17.6849479675293,16.598331451416,17.6849479675293,351892,16.9100131988525
2022-08-26,17.4855690002441,17.8245143890381,17.0768413543701,17.2861881256104,235932,16.5287265777588
2022-08-29,16.9572124481201,17.7846374511719,16.9173374176025,17.6450729370117,461130,16.8718852996826
2022-08-30,17.6151657104492,17.7946071624756,17.1565933227539,17.5453834533691,177350,16.7765636444092
2022-08-31,17.2861881256104,17.8843269348145,17.2861881256104,17.7447624206543,289197,16.9672050476074
2022-09-01,17.2961578369141,17.6051959991455,16.9771518707275,17.2961578369141,206139,16.538257598877
2022-09-02,17.3360347747803,17.7347927093506,17.3260650634766,17.6849479675293,293711,16.9100131988525
2022-09-05,17.5852584838867,17.9441413879395,17.3260650634766,17.8743572235107,269034,17.091121673584
2022-09-06,17.7447624206543,17.8544216156006,17.226375579834,17.3858795166016,285786,16.6240482330322
2022-09-08,17.4157867431641,17.6650104522705,17.1067485809326,17.4456920623779,256596,16.6812419891357
2022-09-09,17.3460025787354,18.2033348083496,17.3460025787354,17.7946071624756,1114859,17.0148658752441
2022-09-12,17.8544216156006,18.103645324707,17.7347927093506,17.984016418457,198816,17.1959743499756
2022-09-13,17.5852584838867,17.7248249053955,17.1366558074951,17.1466236114502,157889,16.3952770233154
2022-09-14,17.226375579834,17.5553512573242,16.88743019104,17.4556617736816,114053,16.6907730102539
2022-09-15,17.4955387115479,17.6849479675293,17.2164077758789,17.575288772583,125088,16.8051586151123
2022-09-16,17.4556617736816,17.575288772583,17.1466236114502,17.1865005493164,113953,16.433406829834
2022-09-19,17.0868091583252,17.5154762268066,16.947244644165,17.3061275482178,158190,16.5477924346924
2022-09-20,17.2562828063965,17.5254459381104,17.0768413543701,17.226375579834,82054,16.4715328216553
2022-09-21,17.4755992889404,17.6450729370117,17.1865005493164,17.4357242584229,103019,16.6717090606689
2022-09-22,17.4855690002441,18.2033348083496,17.2861881256104,18.2033348083496,198917,17.4056854248047
2022-09-23,18.1534900665283,18.5123710632324,17.7946071624756,18.3030242919922,122881,17.5010051727295
2022-09-26,18.2531795501709,18.2531795501709,17.6251335144043,17.8245143890381,179858,17.0434646606445
2022-09-27,17.4456920623779,17.8245143890381,17.3061275482178,17.3460025787354,201023,16.5859184265137
2022-09-28,17.4955387115479,17.7746696472168,17.1964683532715,17.5254459381104,144347,16.7574996948242
2022-09-29,17.4556617736816,17.4955387115479,17.0070571899414,17.3659400939941,160096,16.6049823760986
2022-09-30,17.4257545471191,17.9242038726807,17.2064380645752,17.6849479675293,306751,16.9100131988525
2022-10-03,17.7646999359131,18.0338611602783,17.4157867431641,17.8942966461182,326011,17.1101875305176
2022-10-04,19.3098907470703,19.5292072296143,18.2531795501709,18.2930545806885,365835,17.4914722442627
2022-10-05,18.2531795501709,18.4027137756348,18.0039558410645,18.103645324707,98405,17.3103637695312
2022-10-06,18.2531795501709,18.442590713501,18.0338611602783,18.4326210021973,219280,17.6249237060547
2022-10-07,18.2332401275635,18.3329315185547,17.914234161377,18.0936756134033,388906,17.3008289337158
2022-10-10,18.2531795501709,18.7217216491699,18.2531795501709,18.5721855163574,209550,17.7583713531494
2022-10-11,18.4126834869385,19.0706348419189,18.382776260376,18.6918144226074,128799,17.8727607727051
2022-10-13,18.9111309051514,18.9111309051514,18.2531795501709,18.5821552276611,195607,17.7679061889648
2022-10-14,18.5921249389648,18.7017822265625,18.0238933563232,18.1534900665283,114655,17.358024597168
2022-10-17,18.1734275817871,18.5921249389648,17.9042644500732,17.9441413879395,118969,17.1578483581543
2022-10-18,18.1435203552246,18.3628387451172,17.8743572235107,18.2830867767334,1123085,17.4819412231445
2022-10-19,17.914234161377,18.4027137756348,17.914234161377,18.0139236450195,97602,17.224573135376
2022-10-20,18.0637683868408,18.3728065490723,17.8544216156006,18.043830871582,1333337,17.2531700134277
2022-10-21,18.4525585174561,18.9908828735352,18.0936756134033,18.9709453582764,151068,18.1396579742432
2022-10-24,18.8114414215088,18.9410381317139,18.6020927429199,18.6319999694824,85565,17.8155651092529
2022-10-25,18.3728065490723,19.1204795837402,18.2432098388672,18.5223407745361,140134,17.7107105255127
2022-10-26,18.1136131286621,18.4625282287598,17.0369644165039,17.1366558074951,90480,16.3857440948486
2022-10-27,17.0868091583252,17.8245143890381,17.0868091583252,17.8245143890381,114053,17.0434646606445
2022-10-28,17.6550407409668,18.6419696807861,17.4257545471191,18.6419696807861,115658,17.8250980377197
2022-10-31,18.2531795501709,19.539176940918,18.0238933563232,19.0307598114014,115057,18.1968517303467
2022-11-01,18.9011611938477,19.3597354888916,18.5223407745361,19.0706348419189,56174,18.2349815368652
2022-11-03,18.8712558746338,19.419548034668,18.6718769073486,19.3397960662842,51860,18.4923458099365
2022-11-04,19.3198585510254,19.7186183929443,18.6419696807861,18.6419696807861,112348,17.8250980377197
2022-11-07,18.4027137756348,18.9011611938477,17.0868091583252,17.7447624206543,255894,16.9672050476074
2022-11-08,17.7148551940918,18.1833953857422,17.3360347747803,17.4556617736816,3334146,16.6907730102539
2022-11-09,17.6550407409668,18.322961807251,17.5952262878418,17.7447624206543,1683724,16.9672050476074
2022-11-10,17.3858795166016,17.6650104522705,16.1995716094971,16.3391361236572,246364,15.6231727600098
2022-11-11,16.2394485473633,16.7478656768799,15.7210607528687,16.5684242248535,209951,15.8424129486084
2022-11-14,16.7378959655762,17.0967788696289,16.5484867095947,16.5484867095947,101615,15.8233509063721
2022-11-16,16.3491058349609,17.0170269012451,15.5117130279541,15.7509679794312,287191,15.0607767105103
2022-11-17,14.8537607192993,15.8606271743774,14.8537607192993,15.8606271743774,165914,15.1656312942505
2022-11-18,15.9503479003906,17.0967788696289,15.8307199478149,16.1497268676758,187883,15.442063331604
2022-11-21,16.1497268676758,16.8575248718262,15.8805646896362,16.6082992553711,245060,15.8805408477783
2022-11-22,16.6481742858887,16.7279262542725,16.0899124145508,16.1995716094971,106129,15.4897232055664
2022-11-23,16.6082992553711,16.6082992553711,15.9403791427612,16.2195091247559,96900,15.5087871551514
2022-11-24,16.3192005157471,16.7079887390137,16.1796340942383,16.5484867095947,50055,15.8233509063721
2022-11-25,16.9173374176025,16.9173374176025,15.850658416748,15.9702863693237,113251,15.2704858779907
2022-11-28,15.8705959320068,16.2693557739258,15.5715265274048,15.5715265274048,114655,14.8891983032227
2022-11-29,15.790843963623,16.538516998291,15.4718370437622,16.538516998291,106430,15.813817024231
2022-11-30,16.2494163513184,16.7678031921387,16.1796340942383,16.6481742858887,451902,15.9186697006226
2022-12-01,16.4986400604248,17.2861881256104,15.9104719161987,17.1466236114502,157689,16.3952770233154
2022-12-02,17.1167163848877,17.4656314849854,16.88743019104,17.1466236114502,78443,16.3952770233154
2022-12-05,16.9771518707275,17.2463130950928,16.4587650299072,16.93727684021,131809,16.1951026916504
2022-12-06,16.8674926757812,16.8674926757812,16.4487953186035,16.4487953186035,100511,15.7280263900757
2022-12-07,16.478702545166,16.8575248718262,16.4487953186035,16.6780815124512,69716,15.947265625
2022-12-08,16.6880512237549,16.6980209350586,16.3491058349609,16.4487953186035,159093,15.7280263900757
2022-12-09,16.2992610931396,16.7478656768799,16.2593860626221,16.7478656768799,115357,16.0139923095703
2022-12-12,16.478702545166,16.7378959655762,15.96031665802,16.1995716094971,281272,15.4897232055664
2022-12-13,16.2195091247559,16.6481742858887,15.9403791427612,16.1995716094971,231618,15.4897232055664
2022-12-14,16.189603805542,16.189603805542,15.4618682861328,15.7210607528687,104223,15.0321807861328
2022-12-15,15.6014337539673,16.0400676727295,15.3322715759277,15.3322715759277,153676,14.6604280471802
2022-12-16,15.1029853820801,15.4219923019409,14.9534511566162,15.1528301239014,96399,14.4888496398926
2022-12-19,14.9036064147949,16.2693557739258,14.8736991882324,16.2693557739258,181563,15.5564498901367
2022-12-20,16.2095413208008,17.1964683532715,15.9005031585693,16.598331451416,277461,15.8710107803345
2022-12-21,17.9441413879395,17.9541091918945,16.4687347412109,17.1466236114502,469256,16.3952770233154
2022-12-22,16.81764793396,17.2363452911377,16.7079887390137,16.7378959655762,138028,16.0044593811035
2022-12-23,16.947244644165,17.3460025787354,16.5285472869873,16.5484867095947,127395,15.8233509063721
2022-12-26,16.3391361236572,16.7179584503174,15.96031665802,16.0500373840332,70117,15.3467416763306
2022-12-27,15.8307199478149,15.9902238845825,15.5216817855835,15.7409992218018,61691,15.3146123886108
2022-12-28,15.6413097381592,16.6681137084961,15.6413097381592,16.6681137084961,68011,16.2166137695312
2022-12-29,16.4288578033447,16.8375854492188,16.0799446105957,16.0799446105957,229612,15.6443758010864
2023-01-02,16.5484867095947,16.5484867095947,15.2325820922852,15.7509679794312,103019,15.3243103027344
2023-01-03,15.6313409805298,15.7808752059937,15.2525196075439,15.2525196075439,108135,14.8393640518188
2023-01-04,15.3522100448608,15.4319610595703,15.0431718826294,15.4319610595703,147758,15.0139446258545
2023-01-05,15.6313409805298,15.6313409805298,15.2923955917358,15.5814962387085,276959,15.1594295501709
2023-01-06,15.7609367370605,15.9204406738281,15.4319610595703,15.5117130279541,79546,15.0915365219116
2023-01-09,15.2525196075439,15.5715265274048,15.1528301239014,15.4020547866821,85264,14.9848489761353
2023-01-10,15.491774559021,16.069974899292,15.0032958984375,16.069974899292,225600,15.6346759796143
2023-01-11,16.2693557739258,16.8375854492188,15.8905344009399,16.8375854492188,156485,16.3814945220947
2023-01-12,16.6980209350586,16.757833480835,16.2494163513184,16.4487953186035,342262,16.0032348632812
2023-01-13,16.3491058349609,16.5684242248535,16.0799446105957,16.418888092041,110743,15.9741382598877
2023-01-16,16.3590755462646,16.6182689666748,15.9503479003906,16.5783939361572,120072,16.1293239593506
2023-01-17,16.5684242248535,16.7977104187012,16.3790130615234,16.6182689666748,232120,16.1681175231934
2023-01-18,16.6182689666748,17.4656314849854,16.6182689666748,17.0469341278076,317786,16.5851726531982
2023-01-19,17.0469341278076,17.166561126709,16.8475551605225,17.1466236114502,53265,16.6821613311768
2023-01-20,16.9671821594238,17.3360347747803,16.9073696136475,17.1167163848877,54268,16.6530647277832
2023-01-23,17.1466236114502,17.3260650634766,16.9273071289062,17.0170269012451,85063,16.5560741424561
2023-01-24,17.1765308380127,17.3360347747803,17.0369644165039,17.1466236114502,108737,16.6821613311768
2023-01-25,17.4755992889404,18.103645324707,17.1167163848877,18.043830871582,95496,17.5550651550293
2023-01-26,18.2531795501709,18.3129920959473,17.7248249053955,17.9441413879395,78142,17.4580764770508
2023-01-27,18.0338611602783,18.1136131286621,17.7248249053955,18.0637683868408,86568,17.574462890625
2023-01-30,18.0637683868408,18.3927440643311,17.694917678833,18.1136131286621,177751,17.6229572296143
2023-01-31,18.1833953857422,18.9410381317139,18.1833953857422,18.9410381317139,109138,18.4279689788818
2023-02-01,18.8114414215088,18.8114414215088,18.3428993225098,18.3428993225098,184673,17.8460330963135
2023-02-02,18.3329315185547,18.6220302581787,17.8942966461182,18.6220302581787,112749,18.117603302002
2023-02-03,18.5223407745361,18.5323104858398,17.8344821929932,17.9441413879395,61791,17.4580764770508
2023-02-06,17.9042644500732,18.3329315185547,17.7746696472168,17.9939861297607,120574,17.50657081604
2023-02-07,18.043830871582,18.2731170654297,17.8843269348145,17.9939861297607,48350,17.50657081604
2023-02-08,18.0238933563232,18.4126834869385,17.9042644500732,18.3329315185547,366437,17.8363342285156
2023-02-09,18.263147354126,18.5422782897949,18.0637683868408,18.0637683868408,236032,17.574462890625
2023-02-10,17.8045768737793,18.8313789367676,17.8045768737793,18.5024032592773,190190,18.0012149810791
2023-02-13,18.6020927429199,19.1204795837402,18.3728065490723,18.7217216491699,155582,18.2145938873291
2023-02-14,19.140417098999,19.5890216827393,18.4326210021973,18.9111309051514,305146,18.3988723754883
2023-02-15,18.8812236785889,19.3198585510254,18.7516288757324,19.0606651306152,549204,18.5443553924561
2023-02-16,18.9510078430176,19.2500762939453,18.6619071960449,19.0506973266602,200823,18.5346584320068
2023-02-17,18.9111309051514,18.9809131622314,18.6718769073486,18.6718769073486,52763,18.1660995483398
2023-02-22,18.9410381317139,18.9510078430176,18.0936756134033,18.6020927429199,183970,18.0982055664062
2023-02-23,18.6519374847412,18.79150390625,17.694917678833,18.0039558410645,64801,17.5162696838379
2023-02-24,17.8245143890381,17.8245143890381,17.1167163848877,17.2164077758789,52663,16.7500553131104
2023-02-27,16.9572124481201,17.3759098052979,16.9273071289062,17.2861881256104,81252,16.8179454803467
2023-02-28,17.3460025787354,17.5852584838867,17.2463130950928,17.5553512573242,113452,17.0798168182373
2023-03-01,17.8245143890381,17.8245143890381,17.0868091583252,17.4357242584229,81352,16.9634304046631
2023-03-02,17.3460025787354,17.5453834533691,17.2064380645752,17.2762203216553,80048,16.8082466125488
2023-03-03,17.3360347747803,17.575288772583,17.226375579834,17.2961578369141,148962,16.8276443481445
2023-03-06,17.2961578369141,17.7946071624756,17.1865005493164,17.3061275482178,154278,16.837345123291
2023-03-07,17.1865005493164,17.2164077758789,16.4487953186035,17.0469341278076,197613,16.5851726531982
2023-03-08,17.0170269012451,17.9341716766357,17.0170269012451,17.9341716766357,100913,17.4483757019043
2023-03-09,17.8344821929932,18.0238933563232,17.7447624206543,17.7447624206543,56575,17.2640972137451
2023-03-10,17.8843269348145,18.5422782897949,16.9073696136475,16.9173374176025,112348,16.4590854644775
2023-03-13,16.5783939361572,16.8674926757812,16.3192005157471,16.538516998291,180058,16.0905265808105
2023-03-14,16.6880512237549,16.7079887390137,15.5814962387085,15.7509679794312,244659,15.3243103027344
2023-03-15,15.4618682861328,16.0101623535156,15.2923955917358,15.790843963623,159194,15.3631067276001
2023-03-16,15.6612482070923,16.2095413208008,15.6612482070923,15.8606271743774,108336,15.4309997558594
2023-03-17,15.5814962387085,15.9503479003906,15.3023653030396,15.7210607528687,98505,15.2952136993408
2023-03-20,15.7011241912842,15.7609367370605,15.0730791091919,15.2425508499146,168322,14.829665184021
2023-03-21,15.2226133346558,15.3821172714233,15.0232343673706,15.2126436233521,180460,14.8005685806274
2023-03-22,15.5715265274048,15.6014337539673,15.0930166244507,15.4120225906372,142040,14.9945468902588
2023-03-23,15.3721475601196,15.4718370437622,14.7241649627686,14.9335126876831,77340,14.528998374939
2023-03-24,15.0930166244507,15.3821172714233,14.8736991882324,15.3023653030396,122379,14.8878593444824
2023-03-27,15.4518985748291,15.5017442703247,15.033203125,15.0730791091919,111947,14.6647844314575
2023-03-28,15.0730791091919,15.5814962387085,14.863730430603,15.3223028182983,108737,14.9072570800781
2023-03-29,15.7808752059937,15.7808752059937,15.0531406402588,15.3023653030396,114455,14.8878593444824
2023-03-30,15.7609367370605,15.8606271743774,15.4419298171997,15.7808752059937,131207,15.3534078598022
2023-03-31,16.0600051879883,16.0600051879883,15.4419298171997,15.5814962387085,205136,15.1594295501709
2023-04-03,15.4718370437622,16.0998821258545,15.3721475601196,15.6512794494629,841310,15.2273225784302
2023-04-04,15.5814962387085,16.2992610931396,15.5416202545166,15.8606271743774,137225,15.4309997558594
2023-04-05,16.1397571563721,16.1596965789795,15.6811857223511,15.7509679794312,58782,15.3243103027344
2023-04-06,16.0899124145508,16.0899124145508,15.7509679794312,16.0400676727295,106329,15.6055793762207
2023-04-10,16.0600051879883,16.1596965789795,15.790843963623,15.9403791427612,135119,15.5085906982422
2023-04-11,15.8606271743774,16.5185794830322,15.8606271743774,15.9503479003906,7672409,15.51828956604
2023-04-12,15.6612482070923,16.947244644165,15.551589012146,16.8276176452637,661853,16.3717956542969
2023-04-13,16.93727684021,17.0768413543701,16.598331451416,16.598331451416,259906,16.1487216949463
2023-04-14,16.6581439971924,16.6581439971924,16.189603805542,16.5086097717285,117263,16.061429977417
2023-04-17,16.4687347412109,16.5783939361572,16.1796340942383,16.3790130615234,60287,15.9353437423706
2023-04-18,16.5185794830322,16.5185794830322,16.0300998687744,16.1397571563721,461532,15.7025680541992
2023-04-19,15.8207511901855,16.0400676727295,15.551589012146,15.6014337539673,572175,15.1788272857666
2023-04-20,15.611403465271,15.9503479003906,15.5316505432129,15.9503479003906,86267,15.51828956604
2023-04-24,16.0600051879883,16.0600051879883,15.5814962387085,15.7609367370605,391615,15.3340091705322
2023-04-25,15.6413097381592,15.7808752059937,15.4319610595703,15.7310304641724,114154,15.304913520813
2023-04-26,15.8107824325562,15.8107824325562,15.3123340606689,15.4120225906372,85966,14.9945468902588
2023-04-27,15.3721475601196,15.5615577697754,15.2026748657227,15.491774559021,48450,15.0721378326416
2023-04-28,15.5914649963379,16.3192005157471,15.3422412872314,15.8307199478149,239944,15.4019021987915
2023-05-02,15.8207511901855,15.9802551269531,15.6811857223511,15.850658416748,118668,15.4213008880615
2023-05-03,16.0500373840332,16.0500373840332,15.5914649963379,15.6014337539673,121978,15.1788272857666
2023-05-04,15.8406887054443,16.0500373840332,15.6213722229004,15.9503479003906,178955,15.51828956604
2023-05-05,16.1596965789795,16.3590755462646,15.9304103851318,16.3491058349609,171331,15.9062461853027
2023-05-08,16.3590755462646,16.5684242248535,16.2195091247559,16.3491058349609,92888,15.9062461853027
2023-05-09,16.4986400604248,16.598331451416,15.9403791427612,16.3391361236572,106630,15.8965463638306
2023-05-10,16.1497268676758,16.6581439971924,16.0201301574707,16.6182689666748,148761,16.1681175231934
2023-05-11,16.418888092041,17.1765308380127,16.3590755462646,17.1366558074951,174842,16.6724624633789
2023-05-12,17.1366558074951,17.1366558074951,16.7279262542725,16.7378959655762,302338,16.2845058441162
2023-05-15,16.947244644165,16.947244644165,16.4089202880859,16.7279262542725,212659,16.2748050689697
2023-05-16,16.93727684021,16.93727684021,16.3291683197021,16.4687347412109,121276,16.0226345062256
2023-05-17,16.5883617401123,17.1366558074951,16.4687347412109,16.947244644165,139533,16.4881820678711
2023-05-18,16.9771518707275,17.1167163848877,16.7279262542725,16.9671821594238,88474,16.5075798034668
2023-05-19,16.9671821594238,17.4257545471191,16.7877407073975,16.81764793396,90079,16.362096786499
2023-05-22,16.9771518707275,16.9871196746826,16.4687347412109,16.6980209350586,139533,16.2457103729248
2023-05-23,16.6581439971924,17.0569038391113,16.6581439971924,16.7378959655762,168422,16.2845058441162
2023-05-24,16.6980209350586,16.8076782226562,16.5285472869873,16.7279262542725,89878,16.2748050689697
2023-05-25,17.0070571899414,17.1964683532715,16.877462387085,17.1964683532715,76637,16.730655670166
2023-05-26,17.4257545471191,17.4456920623779,16.947244644165,17.4456920623779,101515,16.9731292724609
2023-05-29,17.2562828063965,17.4058170318604,16.9970893859863,17.166561126709,93791,16.7015590667725
2023-05-30,17.226375579834,17.3160953521729,16.8575248718262,17.226375579834,133614,16.7597522735596
2023-05-31,17.0668716430664,17.2662506103516,16.9572124481201,17.0967788696289,47447,16.6336669921875
2023-06-01,16.9771518707275,17.9441413879395,16.8973999023438,17.9441413879395,203732,17.4580764770508
2023-06-02,17.8843269348145,17.9441413879395,17.4755992889404,17.7746696472168,240546,17.2931957244873
2023-06-05,17.7048854827881,17.7048854827881,17.3460025787354,17.5852584838867,33102,17.1089153289795
2023-06-06,17.6650104522705,18.2731170654297,17.4755992889404,18.2133026123047,161501,17.7199459075928
2023-06-07,17.9341716766357,19.0407276153564,17.9042644500732,18.9410381317139,132009,18.4279689788818
2023-06-09,19.0407276153564,19.419548034668,18.9211006164551,19.419548034668,101414,18.8935165405273
2023-06-12,19.2999210357666,19.8083381652832,19.0207901000977,19.6388664245605,132912,19.1068954467773
2023-06-13,19.8482131958008,20.9248638153076,19.5591144561768,20.1373138427734,234427,19.5918407440186
2023-06-14,20.1373138427734,20.9448013305664,20.0077171325684,20.6158256530762,220584,20.0573902130127
2023-06-15,21.044490814209,21.0743961334229,20.5061664581299,20.8351421356201,652424,20.2707672119141
2023-06-16,20.5659809112549,20.7952651977539,20.2270355224609,20.3666000366211,454008,19.8149166107178
2023-06-19,20.2070960998535,20.5460414886475,20.0475921630859,20.0475921630859,69315,19.5045490264893
2023-06-20,20.0774993896484,20.6257934570312,20.0774993896484,20.4762592315674,48149,19.9216041564941
2023-06-21,20.4264144897461,20.5659809112549,20.1672210693359,20.2170658111572,44638,19.6694316864014
2023-06-22,20.0874691009521,20.1572513580322,19.7485237121582,19.9279651641846,345873,19.388162612915
2023-06-23,19.7385559082031,20.3067874908447,19.7385559082031,19.9678421020508,191795,19.4269599914551
2023-06-26,20.1373138427734,20.1572513580322,19.7485237121582,19.7485237121582,46343,19.2135810852051
2023-06-27,20.0376243591309,20.0376243591309,19.479362487793,19.6787414550781,82455,19.1456890106201
2023-06-28,19.5890216827393,19.6986808776855,18.9211006164551,18.9211006164551,20162,18.4085712432861
2023-06-29,19.0806045532227,19.6588039398193,18.9908828735352,19.539176940918,175444,19.0099048614502
2023-06-30,19.7983684539795,19.9678421020508,19.3796730041504,19.7983684539795,205136,19.262077331543
2023-07-03,19.888090133667,20.3067874908447,19.6787414550781,19.9379348754883,231719,19.3978614807129
2023-07-04,19.8681526184082,20.3566303253174,19.8681526184082,20.1971282958984,237938,19.6500339508057
2023-07-05,20.1971282958984,20.6457328796387,20.1273441314697,20.6058559417725,86267,20.0476913452148
2023-07-06,20.6656684875488,20.6656684875488,19.9778118133545,20.3366947174072,83458,19.7858200073242
2023-07-07,20.4164447784424,20.7454204559326,20.3067874908447,20.7454204559326,79847,20.1834754943848
2023-07-10,20.7553901672363,21.3834342956543,20.57594871521,20.9448013305664,490522,20.3774547576904
2023-07-11,20.9547691345215,21.4332809448242,20.3366947174072,21.2937145233154,638481,20.7169170379639
2023-07-12,21.3236217498779,21.5927829742432,21.0145835876465,21.1740875244141,308457,20.6005306243896
2023-07-13,21.0544586181641,22.2208271026611,21.0345211029053,22.081262588501,164309,21.4831314086914
2023-07-14,21.7722244262695,21.792163848877,20.9747066497803,21.3036823272705,495537,20.7266139984131
2023-07-17,21.3136520385742,22.2008895874023,21.0345211029053,21.9317283630371,272746,21.3376483917236
2023-07-18,21.7722244262695,21.9516658782959,21.5429382324219,21.7124118804932,137526,21.1242733001709
2023-07-19,21.4432487487793,21.513032913208,21.1043033599854,21.2638072967529,97402,20.6878204345703
2023-07-20,21.2937145233154,21.732349395752,21.1740875244141,21.732349395752,144347,21.1436710357666
2023-07-21,21.8320388793945,21.9117908477783,21.6625652313232,21.732349395752,173137,21.1436710357666
2023-07-24,22.0699996948242,22.4899997711182,21.3600006103516,21.4500007629395,162500,20.868968963623
2023-07-25,21.4899997711182,22.1800003051758,21.4899997711182,21.8999996185303,281800,21.3067798614502
2023-07-26,21.9699993133545,22.6100006103516,21.6299991607666,21.7999992370605,215200,21.2094879150391
2023-07-27,22.4200000762939,22.4200000762939,21.0900001525879,21.2999992370605,80100,20.7230319976807
2023-07-28,21.1800003051758,21.3500003814697,21.0499992370605,21.1100006103516,231500,20.538179397583
2023-07-31,21.25,21.2999992370605,21.0799999237061,21.2000007629395,126600,20.6257419586182
2023-08-01,21.1399993896484,21.6700000762939,21.1000003814697,21.6700000762939,450600,21.0830097198486
2023-08-02,21.0499992370605,21.2399997711182,20.8400001525879,21,1243900,20.4311580657959
2023-08-03,21,21.1900005340576,20.7099990844727,20.8099994659424,2529500,20.2463054656982
2023-08-04,20.9200000762939,21.1599998474121,20.7199993133545,20.7999992370605,631700,20.2365760803223
2023-08-07,20.7600002288818,20.8999996185303,19.8999996185303,19.8999996185303,2790600,19.360954284668
2023-08-08,19.6000003814697,20,19.4599990844727,20,552200,19.4582462310791
2023-08-09,20,20.0200004577637,19.5300006866455,19.7999992370605,444100,19.2636623382568
2023-08-10,19.9699993133545,19.9699993133545,19.6299991607666,19.7999992370605,378400,19.2636623382568
2023-08-11,20.5,20.5,19.8400001525879,20.3999996185303,337500,19.8474102020264
2023-08-14,20.9599990844727,20.9599990844727,19.5900001525879,19.7000007629395,479400,19.166374206543
2023-08-15,19.7000007629395,19.7000007629395,18.8799991607666,18.8799991607666,583300,18.3685836791992
2023-08-16,18.8199996948242,18.8199996948242,18.3899993896484,18.6800003051758,907200,18.1740016937256
2023-08-17,18.6900005340576,19,18.4099998474121,19,1170300,18.4853343963623
2023-08-18,19.0699996948242,19.4500007629395,18.8899993896484,19.4500007629395,374100,18.9231452941895
2023-08-21,19.3500003814697,19.3500003814697,18.6100006103516,18.7399997711182,282000,18.2323760986328
2023-08-22,18.7399997711182,19.1200008392334,18.6399993896484,19.1000003814697,662700,18.5826263427734
2023-08-23,19.1200008392334,19.2600002288818,18.8700008392334,19.1900005340576,402700,18.67018699646
2023-08-24,19.2999992370605,19.2999992370605,18.6499996185303,18.9699993133545,572900,18.4561462402344
2023-08-25,18.8999996185303,18.8999996185303,18.2099990844727,18.5,301900,17.9988784790039
2023-08-28,18.4799995422363,18.5499992370605,18.1700000762939,18.2800006866455,580000,17.7848377227783
2023-08-29,18.4200000762939,18.9599990844727,18.0300006866455,18.9400005340576,764200,18.4269599914551
2023-08-30,18.9599990844727,19.0200004577637,18.7099990844727,18.9599990844727,321600,18.4464168548584
2023-08-31,18.8899993896484,19.0799999237061,18.4400005340576,19.0799999237061,811200,18.5631675720215
2023-09-01,19.0400009155273,19.0400009155273,18.4300003051758,18.6700000762939,371600,18.1642723083496
2023-09-04,18.5300006866455,18.8999996185303,18.4099998474121,18.7000007629395,241600,18.1934604644775
2023-09-05,18.5,18.5400009155273,18.2800006866455,18.3500003814697,327400,17.8529415130615
2023-09-06,18.2600002288818,18.4500007629395,17.9899997711182,18,213400,17.5124206542969
2023-09-08,18.0100002288818,18.0100002288818,17.6399993896484,17.7000007629395,324600,17.2205486297607
2023-09-11,17.9099998474121,17.9699993133545,17.4400005340576,17.5,468500,17.0259647369385
2023-09-12,17.4400005340576,17.9500007629395,17.3600006103516,17.9500007629395,816100,17.4637775421143
2023-09-13,18.0499992370605,18.7700004577637,17.6200008392334,18.0499992370605,725300,17.5610656738281
2023-09-14,18.0400009155273,18.1200008392334,17.7099990844727,18.0699996948242,337900,17.5805244445801
2023-09-15,17.9300003051758,18.0799999237061,17.6000003814697,17.8400001525879,160100,17.3567562103271
2023-09-18,17.8400001525879,17.8700008392334,17.5699996948242,17.8700008392334,261000,17.3859443664551
2023-09-19,17.7600002288818,17.7600002288818,17.4099998474121,17.6900005340576,439700,17.2108192443848
2023-09-20,17.7999992370605,17.7999992370605,17.5499992370605,17.6000003814697,248700,17.1232566833496
2023-09-21,17.4500007629395,17.4599990844727,17.0499992370605,17.4599990844727,209700,16.9870471954346
2023-09-22,17.7000007629395,17.7000007629395,17.1700000762939,17.4599990844727,372600,16.9870471954346
2023-09-25,17.4799995422363,17.4899997711182,17.2700004577637,17.3999996185303,458000,16.928674697876
2023-09-26,16.8999996185303,17.2700004577637,16.7000007629395,16.8500003814697,619300,16.3935737609863
2023-09-27,17.0200004577637,17.0599994659424,16.5900001525879,16.75,829900,16.2962818145752
2023-09-28,16.7099990844727,16.9099998474121,16.6599998474121,16.7999992370605,337100,16.3449268341064
2023-09-29,17.1599998474121,17.2399997711182,16.4899997711182,16.75,473500,16.2962818145752
2023-10-02,16.7999992370605,16.7999992370605,16.1200008392334,16.2000007629395,544700,15.7611799240112
2023-10-03,16.25,16.5499992370605,16.1399993896484,16.2299995422363,478300,15.7903661727905
2023-10-04,16.4500007629395,16.4500007629395,15.9200000762939,16.1499996185303,646000,15.7125329971313
2023-10-05,17.0900001525879,17.0900001525879,15.6199998855591,15.9099998474121,464400,15.4790344238281
2023-10-06,15.6599998474121,15.8500003814697,15.3199996948242,15.8199996948242,833300,15.3914728164673
2023-10-09,15.6099996566772,16.1700000762939,15.3000001907349,16.1700000762939,653700,15.7319917678833
2023-10-10,16.25,16.6299991607666,16.0400009155273,16.6100006103516,489500,16.1600742340088
2023-10-11,16.6499996185303,16.6499996185303,15.9200000762939,16.2700004577637,647600,15.8292837142944
2023-10-13,16.1499996185303,16.1900005340576,15.8000001907349,15.8500003814697,284300,15.4206609725952
2023-10-16,15.9799995422363,16.1299991607666,15.4499998092651,16.0699996948242,552400,15.6347007751465
2023-10-17,15.8800001144409,16.1200008392334,15.7399997711182,15.8199996948242,344400,15.3914728164673
2023-10-18,15.6599998474121,15.6599998474121,15.1199998855591,15.4099998474121,1878300,14.9925785064697
2023-10-19,15.3800001144409,15.7200002670288,15.3800001144409,15.5100002288818,562800,15.0898704528809
2023-10-20,15.460000038147,15.6599998474121,15.3100004196167,15.6599998474121,796000,15.2358064651489
2023-10-23,15.4300003051758,15.8800001144409,15.3900003433228,15.7600002288818,267300,15.3330984115601
2023-10-24,15.8999996185303,16.1200008392334,15.6999998092651,16.1000003814697,209900,15.6638889312744
2023-10-25,16.0900001525879,16.1800003051758,15.539999961853,15.6400003433228,326900,15.2163486480713
2023-10-26,15.6199998855591,16.1299991607666,15.5600004196167,16.1000003814697,359200,15.6638889312744
2023-10-27,16.2700004577637,16.2900009155273,15.4499998092651,15.4499998092651,1573300,15.0314950942993
2023-10-30,15.4799995422363,15.6899995803833,15.1400003433228,15.1400003433228,665600,14.7298927307129
2023-10-31,15.1199998855591,15.3199996948242,14.8000001907349,14.8900003433228,618200,14.4866647720337
2023-11-01,14.8699998855591,14.9799995422363,14.6599998474121,14.6599998474121,338400,14.2628946304321
2023-11-03,15.1099996566772,15.5299997329712,14.9399995803833,15.4399995803833,490700,15.0217657089233
2023-11-06,15.5500001907349,15.5799999237061,14.8999996185303,15,354500,14.5936851501465
2023-11-07,14.8699998855591,15.3299999237061,14.8500003814697,15.25,251600,14.8369131088257
2023-11-08,15.3599996566772,15.5600004196167,14.9700002670288,15.0500001907349,270800,14.6423301696777
2023-11-09,15.0799999237061,15.4499998092651,14.8599996566772,14.960000038147,166100,14.5547685623169
2023-11-10,15.0200004577637,15.289999961853,14.8999996185303,14.9499998092651,186400,14.5450391769409
2023-11-13,15.1000003814697,15.1099996566772,14.5500001907349,14.6999998092651,336900,14.3018112182617
2023-11-14,14.8999996185303,14.8999996185303,13.9799995422363,14.0299997329712,736400,13.649959564209
2023-11-16,14.0299997329712,14.5900001525879,13.9099998474121,14.25,2298000,13.8640003204346
2023-11-17,14.3599996566772,14.4200000762939,14.0699996948242,14.1999998092651,788200,13.815354347229
2023-11-20,14.3100004196167,14.6300001144409,14,14.5299997329712,1020500,14.1364154815674
2023-11-21,14.4700002670288,14.8000001907349,14.1999998092651,14.7399997711182,415300,14.340726852417
2023-11-22,14.8500003814697,14.9099998474121,14.2399997711182,14.6800003051758,401900,14.2823534011841
2023-11-23,14.6300001144409,15.1499996185303,14.3699998855591,15.1499996185303,4837000,14.7396211624146
2023-11-24,15.1700000762939,15.1999998092651,14.6700000762939,14.8000001907349,336600,14.3991022109985
2023-11-27,14.8199996948242,14.8199996948242,14.289999961853,14.4899997711182,392100,14.0974988937378
2023-11-28,14.4799995422363,14.6099996566772,14.1400003433228,14.3299999237061,1130100,13.9418334960938
2023-11-29,14.210000038147,14.3400001525879,14.039999961853,14.1800003051758,311000,13.7958965301514
2023-11-30,14.1099996566772,14.1400003433228,13.6400003433228,14,1362200,13.6207723617554
2023-12-01,13.9399995803833,14.3100004196167,13.7700004577637,14.039999961853,1189400,13.659688949585
2023-12-04,14.1899995803833,14.2200002670288,13.8599996566772,13.8800001144409,498900,13.5040225982666
2023-12-05,13.9499998092651,14.3599996566772,13.8299999237061,14.1099996566772,397700,13.7277927398682
2023-12-06,14.0799999237061,14.3400001525879,14.0799999237061,14.1000003814697,510200,13.7180643081665
2023-12-07,13.8999996185303,14.3100004196167,13.8599996566772,14.0500001907349,598100,13.6694183349609
2023-12-08,14.1499996185303,14.1499996185303,13.7700004577637,13.9499998092651,456600,13.5721263885498
2023-12-11,13.8900003433228,14.210000038147,13.75,14,6014400,13.6207723617554
2023-12-12,14.1300001144409,14.3000001907349,13.9700002670288,14.1499996185303,300800,13.7667083740234
2023-12-13,14.0600004196167,14.960000038147,13.9799995422363,14.960000038147,1045000,14.5547685623169
2023-12-14,15,15.0900001525879,14.4399995803833,14.7299995422363,600400,14.330997467041
2023-12-15,14.6999998092651,14.7299995422363,13.9700002670288,13.9700002670288,2885100,13.5915851593018
2023-12-18,14.1000003814697,14.3599996566772,13.6499996185303,13.6499996185303,714600,13.280252456665
2023-12-19,13.75,13.7600002288818,13.0299997329712,13.0299997329712,1014500,12.6770467758179
2023-12-20,13.0799999237061,13.5100002288818,13.0799999237061,13.1999998092651,640700,12.8424425125122
2023-12-21,13.6999998092651,14.0299997329712,13.460000038147,13.539999961853,2387900,13.1732330322266
2023-12-22,13.5500001907349,14.4700002670288,13.5100002288818,14.0699996948242,3181200,13.6888761520386
2023-12-26,14.1000003814697,14.1899995803833,13.6599998474121,13.75,1203500,13.3775444030762
2023-12-27,13.7200002670288,14.1199998855591,13.6999998092651,13.9700002670288,1181900,13.5915851593018
2023-12-28,14.1499996185303,14.2299995422363,13.7799997329712,13.9499998092651,7392800,13.5721263885498
2024-01-02,14.0799999237061,14.0900001525879,13.3599996566772,13.4099998474121,2131600,13.0467538833618
2024-01-03,13.4099998474121,13.4099998474121,12.8199996948242,12.8199996948242,732700,12.4727354049683
2024-01-04,12.8800001144409,12.8800001144409,12.4300003051758,12.4799995422363,835600,12.1419448852539
2024-01-05,12.4799995422363,13.039999961853,12.4300003051758,12.9099998474121,1247000,12.5602979660034
2024-01-08,12.9200000762939,13.7399997711182,12.75,13.6400003433228,2336600,13.2705240249634
2024-01-09,13.5,13.6700000762939,13.0600004196167,13.1000003814697,500100,12.7451515197754
2024-01-10,13.1899995803833,13.1899995803833,12.7299995422363,12.8699998855591,456500,12.5213813781738
2024-01-11,12.8999996185303,13.0299997329712,12.8000001907349,12.8000001907349,297500,12.4532775878906
2024-01-12,12.8599996566772,13.210000038147,12.7299995422363,12.7299995422363,571600,12.3851728439331
2024-01-15,12.7399997711182,12.8100004196167,12.5299997329712,12.6099996566772,515700,12.2684240341187
2024-01-16,12.5799999237061,12.6700000762939,12.0299997329712,12.1199998855591,732800,11.7916975021362
2024-01-17,12.1199998855591,12.25,11.9700002670288,12.1599998474121,744700,11.8306131362915
2024-01-18,12.1599998474121,12.4700002670288,12.0600004196167,12.2200002670288,697800,11.888988494873
2024-01-19,12.1999998092651,12.4700002670288,12,12.3599996566772,531800,12.0251960754395
2024-01-22,12.3500003814697,12.3599996566772,11.5799999237061,11.5799999237061,504100,11.2663240432739
2024-01-23,11.5900001525879,11.9200000762939,11.3800001144409,11.5299997329712,464800,11.2176790237427
2024-01-24,11.5699996948242,11.5699996948242,11.1800003051758,11.3299999237061,904500,11.0230960845947
2024-01-25,11.3699998855591,11.4700002670288,11.210000038147,11.4200000762939,305100,11.1106586456299
2024-01-26,11.4799995422363,11.4799995422363,11.2200002670288,11.25,251400,10.9452638626099
2024-01-29,11.25,11.25,9.80000019073486,9.85999965667725,1984200,9.59291458129883
2024-01-30,9.90999984741211,10.1499996185303,9.77000045776367,10,1188700,9.72912311553955
2024-01-31,10.0299997329712,10.3000001907349,9.98999977111816,10.1000003814697,860500,9.82641506195068
2024-02-01,10.1700000762939,10.1700000762939,9.80000019073486,9.85000038146973,1227700,9.58318710327148
2024-02-02,9.89000034332275,10,8.98999977111816,9.39000034332275,2622200,9.13564682006836
2024-02-05,9.39000034332275,9.42000007629395,9.03999996185303,9.19999980926514,712200,8.95079326629639
2024-02-06,9.17000007629395,9.34000015258789,9.05000019073486,9.25,1388900,8.99943923950195
2024-02-07,9.1899995803833,9.32999992370605,9.11999988555908,9.22000026702881,1138300,8.97025203704834
2024-02-08,9.25,9.25,8.64000034332275,8.77999973297119,1235100,8.54216957092285
2024-02-09,8.84000015258789,8.96000003814697,8.26000022888184,8.59000015258789,1983000,8.3573169708252
2024-02-14,8.56999969482422,8.56999969482422,8.02999973297119,8.14999961853027,982200,7.92923498153687
2024-02-15,8.17000007629395,8.21000003814697,7.46000003814697,7.90999984741211,3713600,7.69573640823364
2024-02-16,7.98999977111816,8.18000030517578,7.76000022888184,7.94999980926514,1856800,7.73465251922607
2024-02-19,7.90000009536743,7.90000009536743,7.57000017166138,7.67999982833862,1842400,7.47196626663208
2024-02-20,7.82000017166138,7.8600001335144,7.6399998664856,7.80000019073486,1943100,7.58871603012085
2024-02-21,7.82000017166138,7.96999979019165,7.5,7.96000003814697,1316200,7.74438190460205
2024-02-22,7.94999980926514,8.32999992370605,7.78999996185303,8.27999973297119,2585000,8.05571365356445
2024-02-23,8.19999980926514,8.39999961853027,8.06999969482422,8.17000007629395,1358200,7.94869375228882
2024-02-26,8.09000015258789,8.38000011444092,7.98000001907349,8.3100004196167,1638700,8.08490180969238
2024-02-27,8.40999984741211,8.61999988555908,8.32999992370605,8.52999973297119,1223400,8.29894161224365
2024-02-28,8.51000022888184,8.71000003814697,8.39999961853027,8.64999961853027,1150000,8.41569137573242
2024-02-29,8.64999961853027,8.64999961853027,8.28999996185303,8.44999980926514,1306600,8.22110843658447
2024-03-01,8.44999980926514,8.55000019073486,8.3100004196167,8.47000026702881,1006200,8.24056720733643
2024-03-04,8.47000026702881,8.53999996185303,8.14999961853027,8.14999961853027,1133600,7.92923498153687
2024-03-05,8.19999980926514,8.34000015258789,7.78999996185303,7.80000019073486,994600,7.58871603012085
2024-03-06,7.92000007629395,7.92000007629395,7.30999994277954,7.40000009536743,2579700,7.19955110549927
2024-03-07,7.40000009536743,7.71000003814697,7.30000019073486,7.30000019073486,996200,7.10226011276245
2024-03-08,7.25,7.44999980926514,7.1399998664856,7.3600001335144,770700,7.16063451766968
2024-03-11,7.3600001335144,7.61999988555908,7.3600001335144,7.44999980926514,753700,7.24819660186768
2024-03-12,7.51000022888184,7.69000005722046,7.42999982833862,7.44999980926514,617800,7.24819660186768
2024-03-13,7.44999980926514,7.59000015258789,7.40000009536743,7.44999980926514,463000,7.24819660186768
2024-03-14,7.44999980926514,7.51000022888184,7.28000020980835,7.30000019073486,640200,7.10226011276245
2024-03-15,7.34000015258789,7.44999980926514,7.30000019073486,7.38000011444092,717000,7.18009281158447
2024-03-18,7.38000011444092,7.46999979019165,7.21999979019165,7.28000020980835,866300,7.08280181884766
2024-03-19,7.23000001907349,7.36999988555908,7.15999984741211,7.17999982833862,684700,6.98551034927368
2024-03-20,7.15000009536743,7.59999990463257,7.15000009536743,7.59999990463257,881000,7.39413356781006
2024-03-21,7.59999990463257,7.94999980926514,7.48999977111816,7.73999977111816,807000,7.53034114837646
2024-03-22,7.65000009536743,7.80000019073486,6.82999992370605,6.94999980926514,1583100,6.76174020767212
2024-03-25,6.96000003814697,7.01000022888184,6.40999984741211,6.5,1252300,6.32392978668213
2024-03-26,6.51000022888184,6.51000022888184,5.59000015258789,5.94999980926514,3403100,5.78882789611816
2024-03-27,5.94999980926514,6.59000015258789,5.86999988555908,6.44999980926514,2546000,6.27528429031372
2024-03-28,6.40000009536743,6.40000009536743,6.07000017166138,6.15000009536743,1078000,5.98341083526611
2024-04-01,6.15999984741211,6.67000007629395,6.09999990463257,6.51000022888184,4329500,6.33365917205811
2024-04-02,6.42999982833862,6.57999992370605,6.40000009536743,6.5,1191700,6.32392978668213
2024-04-03,6.44000005722046,6.59999990463257,6.34999990463257,6.55999994277954,962400,6.38230466842651
2024-04-04,6.51999998092651,6.80000019073486,6.51999998092651,6.80000019073486,706200,6.61580371856689
2024-04-05,6.76000022888184,6.92000007629395,6.73000001907349,6.8600001335144,3573600,6.67417860031128
2024-04-08,6.92000007629395,7.26999998092651,6.76000022888184,7.15000009536743,5803700,6.95632314682007
2024-04-09,7.21999979019165,7.40000009536743,6.98999977111816,7.01000022888184,513600,6.82011556625366
2024-04-10,7.01000022888184,7.01000022888184,6.65000009536743,6.84999990463257,1263200,6.6644492149353
2024-04-11,6.80999994277954,6.98999977111816,6.75,6.94999980926514,618500,6.76174020767212
2024-04-12,6.90999984741211,6.96999979019165,6.67000007629395,6.80000019073486,1726800,6.61580371856689
2024-04-15,6.84000015258789,6.84000015258789,6.40000009536743,6.5,1320300,6.32392978668213
2024-04-16,6.46000003814697,6.69999980926514,6.26999998092651,6.46999979019165,1477000,6.29474258422852
2024-04-17,6.46000003814697,6.8600001335144,6.46000003814697,6.67999982833862,2618300,6.49905395507812
2024-04-18,6.65000009536743,6.71000003814697,6.32999992370605,6.32999992370605,790900,6.15853500366211
2024-04-19,6.38000011444092,6.57000017166138,6.30000019073486,6.34000015258789,557000,6.16826438903809
2024-04-22,6.38000011444092,6.6399998664856,6.34000015258789,6.55000019073486,551200,6.3725757598877
2024-04-23,6.44000005722046,6.67000007629395,6.40000009536743,6.46999979019165,649700,6.29474258422852
2024-04-24,6.5,6.55000019073486,5.82999992370605,5.82999992370605,1199400,5.67207860946655
2024-04-25,5.88000011444092,5.8899998664856,5.3899998664856,5.44000005722046,1247100,5.29264307022095
2024-04-26,5.48999977111816,5.63000011444092,5.36999988555908,5.46000003814697,1634900,5.31210136413574
2024-04-29,5.51000022888184,5.65000009536743,5.19999980926514,5.30000019073486,2278500,5.15643548965454
2024-04-30,5.32999992370605,5.34999990463257,5.01999998092651,5.03999996185303,2001000,4.90347814559937
2024-05-02,5,5.34000015258789,5,5.03000020980835,2702800,5.03000020980835
2024-05-03,5.09999990463257,5.48000001907349,5.09999990463257,5.42000007629395,1645900,5.42000007629395
2024-05-06,5.32999992370605,5.48000001907349,4.3899998664856,4.67000007629395,4063100,4.67000007629395
2024-05-07,4.76999998092651,4.82999992370605,4.53000020980835,4.61999988555908,1929200,4.61999988555908
2024-05-08,4.63000011444092,4.73999977111816,4.3899998664856,4.46000003814697,2243700,4.46000003814697
2024-05-09,4.44000005722046,4.57999992370605,4.38000011444092,4.40000009536743,2272300,4.40000009536743
2024-05-10,4.07000017166138,4.07000017166138,3.32999992370605,3.52999997138977,12481200,3.52999997138977
2024-05-13,3.52999997138977,3.5699999332428,3.05999994277954,3.10999989509583,5285000,3.10999989509583
2024-05-14,3.0699999332428,3.27999997138977,3.01999998092651,3.25,4129000,3.25
2024-05-15,3.25,3.35999989509583,3.19000005722046,3.30999994277954,2111300,3.30999994277954
2024-05-16,3.33999991416931,3.33999991416931,3.20000004768372,3.21000003814697,1666000,3.21000003814697
2024-05-17,3.21000003814697,3.22000002861023,3.09999990463257,3.09999990463257,1539900,3.09999990463257
2024-05-20,3.10999989509583,3.19000005722046,3.07999992370605,3.14000010490417,1141500,3.14000010490417
2024-05-21,3.14000010490417,3.28999996185303,3.13000011444092,3.17000007629395,2139000,3.17000007629395
2024-05-22,3.20000004768372,3.20000004768372,3.01999998092651,3.01999998092651,1775200,3.01999998092651
2024-05-23,3.0699999332428,3.10999989509583,2.98000001907349,3.08999991416931,2194700,3.08999991416931
2024-05-24,3.13000011444092,3.19000005722046,3.02999997138977,3.03999996185303,1074800,3.03999996185303
2024-05-27,3.10999989509583,3.10999989509583,2.88000011444092,3,1596800,3
2024-05-28,3.02999997138977,3.09999990463257,2.89000010490417,2.89000010490417,1174600,2.89000010490417
2024-05-29,2.9300000667572,2.97000002861023,2.75999999046326,2.75999999046326,1428200,2.75999999046326
2024-05-31,2.77999997138977,2.90000009536743,2.74000000953674,2.90000009536743,1404600,2.90000009536743
2024-06-03,2.92000007629395,2.97000002861023,2.83999991416931,2.83999991416931,1733800,2.83999991416931
2024-06-04,2.84999990463257,2.88000011444092,2.72000002861023,2.72000002861023,2276100,2.72000002861023
2024-06-05,2.77999997138977,2.77999997138977,2.48000001907349,2.48000001907349,2471500,2.48000001907349
2024-06-06,2.46000003814697,2.52999997138977,2.36999988555908,2.42000007629395,3460200,2.42000007629395
2024-06-07,2.36999988555908,2.4300000667572,2.3199999332428,2.36999988555908,1681500,2.36999988555908
2024-06-10,2.41000008583069,2.50999999046326,2.32999992370605,2.5,1171200,2.5
2024-06-11,2.52999997138977,2.61999988555908,2.50999999046326,2.54999995231628,1121400,2.54999995231628
2024-06-12,2.59999990463257,2.65000009536743,2.26999998092651,2.26999998092651,1695700,2.26999998092651
2024-06-13,2.28999996185303,2.28999996185303,2.13000011444092,2.21000003814697,1963100,2.21000003814697
2024-06-14,2.19000005722046,2.28999996185303,2.14000010490417,2.14000010490417,1043000,2.14000010490417
2024-06-17,2.16000008583069,2.19000005722046,2.02999997138977,2.03999996185303,1685100,2.03999996185303
2024-06-18,2.03999996185303,2.14000010490417,2.03999996185303,2.07999992370605,1499000,2.07999992370605
2024-06-19,2.09999990463257,2.14000010490417,2.00999999046326,2.08999991416931,868500,2.08999991416931
2024-06-20,2.10999989509583,2.19000005722046,2.01999998092651,2.01999998092651,1471000,2.01999998092651
2024-06-21,2.00999999046326,2.10999989509583,1.98000001907349,2.02999997138977,1823900,2.02999997138977
2024-06-24,2.03999996185303,2.17000007629395,2.03999996185303,2.0699999332428,1158900,2.0699999332428
2024-06-25,2.05999994277954,2.16000008583069,2.01999998092651,2.10999989509583,1224600,2.10999989509583
2024-06-26,2.05999994277954,2.24000000953674,2.05999994277954,2.11999988555908,1698300,2.11999988555908
2024-06-27,2.13000011444092,2.3199999332428,2.11999988555908,2.3199999332428,1809400,2.3199999332428
2024-06-28,2.32999992370605,2.4300000667572,2.22000002861023,2.24000000953674,1734900,2.24000000953674
2024-07-01,2.22000002861023,2.28999996185303,2.13000011444092,2.13000011444092,1578900,2.13000011444092
2024-07-02,2.17000007629395,2.40000009536743,2.11999988555908,2.40000009536743,2025500,2.40000009536743
2024-07-03,2.45000004768372,2.73000001907349,2.4300000667572,2.48000001907349,4153800,2.48000001907349
2024-07-04,2.54999995231628,2.74000000953674,2.35999989509583,2.66000008583069,3858000,2.66000008583069
2024-07-05,2.67000007629395,2.84999990463257,2.49000000953674,2.84999990463257,3064100,2.84999990463257
2024-07-08,2.80999994277954,3.15000009536743,2.75,3.14000010490417,3080900,3.14000010490417
2024-07-09,3.10999989509583,3.17000007629395,2.98000001907349,3.10999989509583,3830800,3.10999989509583
2024-07-10,3.15000009536743,3.15000009536743,2.63000011444092,2.63000011444092,6149000,2.63000011444092
2024-07-11,2.65000009536743,2.90000009536743,2.54999995231628,2.8199999332428,5180000,2.8199999332428
2024-07-12,2.80999994277954,2.85999989509583,2.63000011444092,2.63000011444092,2879300,2.63000011444092
2024-07-15,2.64000010490417,2.69000005722046,2.54999995231628,2.54999995231628,1750600,2.54999995231628
2024-07-16,2.55999994277954,2.60999989509583,2.42000007629395,2.47000002861023,3094400,2.47000002861023
2024-07-17,2.48000001907349,2.52999997138977,2.38000011444092,2.40000009536743,1644400,2.40000009536743
2024-07-18,2.39000010490417,2.40000009536743,2.27999997138977,2.3199999332428,3038100,2.3199999332428
2024-07-19,2.3199999332428,2.4300000667572,2.3199999332428,2.36999988555908,2041100,2.36999988555908
2024-07-22,2.39000010490417,2.5,2.33999991416931,2.48000001907349,1713900,2.48000001907349
2024-07-23,2.5,2.5,2.3199999332428,2.3199999332428,1439500,2.3199999332428
2024-07-24,2.3199999332428,2.36999988555908,2.23000001907349,2.23000001907349,2184700,2.23000001907349
2024-07-25,2.25999999046326,2.32999992370605,2.19000005722046,2.25999999046326,1396100,2.25999999046326
2024-07-26,2.26999998092651,2.36999988555908,2.20000004768372,2.20000004768372,1158400,2.20000004768372
2024-07-29,2.23000001907349,2.25999999046326,2.15000009536743,2.19000005722046,1696800,2.19000005722046
2024-07-30,2.19000005722046,2.33999991416931,2.15000009536743,2.26999998092651,2406000,2.26999998092651
2024-07-31,2.26999998092651,2.40000009536743,2.25999999046326,2.27999997138977,2460400,2.27999997138977
2024-08-01,2.26999998092651,2.39000010490417,2.13000011444092,2.13000011444092,3222900,2.13000011444092
2024-08-02,2.14000010490417,2.25,2.09999990463257,2.20000004768372,1927900,2.20000004768372
2024-08-05,2.10999989509583,2.29999995231628,2.09999990463257,2.29999995231628,3249500,2.29999995231628
2024-08-06,2.29999995231628,2.51999998092651,2.27999997138977,2.44000005722046,3822000,2.44000005722046
2024-08-07,2.49000000953674,2.66000008583069,2.36999988555908,2.55999994277954,3874800,2.55999994277954
2024-08-08,2.58999991416931,2.72000002861023,2.53999996185303,2.70000004768372,4185400,2.70000004768372
2024-08-09,2.69000005722046,2.77999997138977,2.58999991416931,2.71000003814697,3502200,2.71000003814697
2024-08-12,2.71000003814697,2.8199999332428,2.64000010490417,2.64000010490417,3082800,2.64000010490417
2024-08-13,2.48000001907349,2.48000001907349,1.99000000953674,2.09999990463257,14723600,2.09999990463257
2024-08-14,2.11999988555908,2.27999997138977,2.05999994277954,2.27999997138977,7430700,2.27999997138977
2024-08-15,2.27999997138977,2.27999997138977,2.08999991416931,2.17000007629395,4189200,2.17000007629395
2024-08-16,2.17000007629395,2.19000005722046,1.88999998569489,2.02999997138977,9395900,2.02999997138977
2024-08-19,2.02999997138977,2.09999990463257,1.95000004768372,2.09999990463257,3773900,2.09999990463257
2024-08-20,2.09999990463257,2.15000009536743,1.99000000953674,2.01999998092651,5056100,2.01999998092651
2024-08-21,2.02999997138977,2.11999988555908,2.00999999046326,2.08999991416931,1644300,2.08999991416931
2024-08-22,2.07999992370605,2.08999991416931,2.01999998092651,2.02999997138977,1132100,2.02999997138977
2024-08-23,2.03999996185303,2.08999991416931,2.02999997138977,2.03999996185303,1367700,2.03999996185303
2024-08-26,2.04999995231628,2.07999992370605,1.96000003814697,1.96000003814697,3709800,1.96000003814697
2024-08-27,1.98000001907349,2.03999996185303,1.96000003814697,2.01999998092651,2085800,2.01999998092651
2024-08-28,2.01999998092651,2.07999992370605,1.97000002861023,1.98000001907349,2177600,1.98000001907349
2024-08-29,2.00999999046326,2.01999998092651,1.89999997615814,1.92999994754791,2255900,1.92999994754791
2024-08-30,1.95000004768372,1.96000003814697,1.89999997615814,1.89999997615814,6475700,1.89999997615814
2024-09-02,1.86000001430511,1.9099999666214,1.80999994277954,1.85000002384186,2437300,1.85000002384186
2024-09-03,1.8400000333786,1.91999995708466,1.8400000333786,1.89999997615814,1244900,1.89999997615814
2024-09-04,1.88999998569489,1.99000000953674,1.85000002384186,1.89999997615814,2979900,1.89999997615814
2024-09-05,1.89999997615814,2.0699999332428,1.89999997615814,2.01999998092651,4414900,2.01999998092651
2024-09-06,2.01999998092651,2.11999988555908,2.00999999046326,2.01999998092651,2872100,2.01999998092651
2024-09-09,2.02999997138977,2.02999997138977,1.92999994754791,1.92999994754791,2269900,1.92999994754791
2024-09-10,1.96000003814697,2,1.9099999666214,1.95000004768372,1619900,1.95000004768372
2024-09-11,1.94000005722046,2.16000008583069,1.94000005722046,2.14000010490417,3168200,2.14000010490417
2024-09-12,2.11999988555908,2.25,2.0699999332428,2.11999988555908,3325200,2.11999988555908
2024-09-13,2.13000011444092,2.25999999046326,2.13000011444092,2.24000000953674,3316200,2.24000000953674
2024-09-16,2.20000004768372,2.3199999332428,2.16000008583069,2.28999996185303,3948100,2.28999996185303
2024-09-17,2.25,2.51999998092651,2.25,2.4300000667572,6658500,2.4300000667572
2024-09-18,2.44000005722046,2.48000001907349,2.34999990463257,2.34999990463257,2536600,2.34999990463257
2024-09-19,2.34999990463257,2.4300000667572,2.19000005722046,2.19000005722046,2044800,2.19000005722046
2024-09-20,2.20000004768372,2.20000004768372,1.91999995708466,1.92999994754791,10189000,1.92999994754791
2024-09-23,1.94000005722046,1.96000003814697,1.85000002384186,1.89999997615814,2902300,1.89999997615814
2024-09-24,1.91999995708466,1.97000002861023,1.87999999523163,1.92999994754791,2108400,1.92999994754791
2024-09-25,1.94000005722046,1.95000004768372,1.86000001430511,1.87999999523163,1897800,1.87999999523163
2024-09-26,1.88999998569489,1.89999997615814,1.85000002384186,1.86000001430511,2155500,1.86000001430511
2024-09-27,1.87000000476837,1.95000004768372,1.8400000333786,1.87000000476837,3590000,1.87000000476837
2024-09-30,1.87999999523163,1.89999997615814,1.82000005245209,1.82000005245209,2621800,1.82000005245209
2024-10-01,1.85000002384186,1.86000001430511,1.76999998092651,1.78999996185303,3260900,1.78999996185303
2024-10-02,1.80999994277954,1.87999999523163,1.79999995231628,1.82000005245209,2445300,1.82000005245209
2024-10-03,1.82000005245209,1.8400000333786,1.76999998092651,1.79999995231628,1781300,1.79999995231628
2024-10-04,1.82000005245209,1.8400000333786,1.78999996185303,1.79999995231628,998800,1.79999995231628
2024-10-07,1.79999995231628,1.86000001430511,1.79999995231628,1.82000005245209,1022200,1.82000005245209
2024-10-08,1.8400000333786,1.85000002384186,1.80999994277954,1.80999994277954,1412900,1.80999994277954
2024-10-09,1.83000004291534,1.8400000333786,1.76999998092651,1.77999997138977,2350200,1.77999997138977
2024-10-10,1.78999996185303,1.82000005245209,1.76999998092651,1.79999995231628,987900,1.79999995231628
2024-10-11,1.79999995231628,1.83000004291534,1.75,1.77999997138977,2191900,1.77999997138977
2024-10-14,1.77999997138977,1.85000002384186,1.76999998092651,1.78999996185303,2168600,1.78999996185303
2024-10-15,1.80999994277954,1.9099999666214,1.77999997138977,1.8400000333786,2599400,1.8400000333786
2024-10-16,1.86000001430511,2.01999998092651,1.83000004291534,1.99000000953674,3734400,1.99000000953674
2024-10-17,1.99000000953674,2.02999997138977,1.92999994754791,2,3738400,2
2024-10-18,2.00999999046326,2.02999997138977,1.86000001430511,1.99000000953674,4188500,1.99000000953674
2024-10-21,1.98000001907349,2,1.9099999666214,1.92999994754791,1503100,1.92999994754791
2024-10-22,1.92999994754791,1.97000002861023,1.87000000476837,1.89999997615814,1593400,1.89999997615814
2024-10-23,1.9099999666214,1.9099999666214,1.83000004291534,1.8400000333786,1669600,1.8400000333786
2024-10-24,1.85000002384186,1.98000001907349,1.82000005245209,1.97000002861023,2557400,1.97000002861023
2024-10-25,1.97000002861023,2.05999994277954,1.92999994754791,1.92999994754791,3692700,1.92999994754791
2024-10-28,1.97000002861023,2.11999988555908,1.92999994754791,2.00999999046326,4959600,2.00999999046326
2024-10-29,2.03999996185303,2.05999994277954,1.96000003814697,1.97000002861023,1153300,1.97000002861023
